check,audit_section,issue_type,severity,metric,value,details,source_zip,source_csv,source_url,source_publication_month,source_table_type,row_count,publication_month,distinct_months,change_type,trust_code,trust_name,specialty_code,specialty_name,first_month,last_month,distinct_values,month
configuration.date_filter.explicit_start_month,configuration,date_filter,info,explicit_start_month,2015-10-01,Rows are explicitly filtered after source loading with month >= start_month.,,,,,,,,,,,,,,,,,NaT
source_files.source_files_loaded.source_file_count,source_files,source_files_loaded,info,source_file_count,128,Number of manifest ZIP publications downloaded or reused locally.,,,,,,,,,,,,,,,,,NaT
row_counts.row_count.raw_monthly_rows_after_date_filter,row_counts,row_count,info,raw_monthly_rows_after_date_filter,462476,"Rows after source parsing, identifier harmonisation, and explicit date filter.",,,,,,,,,,,,,,,,,NaT
row_counts.row_count.monthly_rows_after_aggregation,row_counts,row_count,info,monthly_rows_after_aggregation,462476,Rows after trust-specialty-month aggregation with provenance retained.,,,,,,,,,,,,,,,,,NaT
row_counts.row_count.clean_rows_retained,row_counts,row_count,info,clean_rows_retained,489914,Rows retained in the processed modelling panel.,,,,,,,,,,,,,,,,,NaT
invalid_values.negative_invalid_counts.negative_invalid_counts_before_cleaning,invalid_values,negative_invalid_counts,info,negative_invalid_counts_before_cleaning,0,Negative values in source count fields before non-negative cleaning.,,,,,,,,,,,,,,,,,NaT
missing_values.missing_values.source_count_missing_values,missing_values,missing_values,info,source_count_missing_values,313225,Missing values across primary source count fields.,,,,,,,,,,,,,,,,,NaT
source_file_loaded.source_file_loaded.row_count,source_file_loaded,source_file_loaded,info,row_count,3506,Rows parsed from the source publication file after table extraction.,C:\Users\DELL\Documents\Codex\2026-07-15\i-am-building-an-msc-data\outputs\nhs_rtt_msc_project\data\raw\zips\18wksRTT-Monthly-EXTRACTS-Dec15-revised.zip,18wksRTT - Monthly EXTRACTS - Dec15 revised.csv,file:///C:/Users/DELL/Documents/Codex/2026-07-15/i-am-building-an-msc-data/outputs/nhs_rtt_msc_project/data/raw/zips/18wksRTT-Monthly-EXTRACTS-Dec15-revised.zip,2015-12-01,monthly_provider_specialty_full_csv,3506.0,2015-12-01,1.0,,,,,,,,,NaT
source_file_loaded.source_file_loaded.row_count,source_file_loaded,source_file_loaded,info,row_count,3522,Rows parsed from the source publication file after table extraction.,C:\Users\DELL\Documents\Codex\2026-07-15\i-am-building-an-msc-data\outputs\nhs_rtt_msc_project\data\raw\zips\18wksRTT-Monthly-EXTRACTS-Feb16-revised.zip,18wksRTT - Monthly EXTRACTS - Feb16 revised.csv,file:///C:/Users/DELL/Documents/Codex/2026-07-15/i-am-building-an-msc-data/outputs/nhs_rtt_msc_project/data/raw/zips/18wksRTT-Monthly-EXTRACTS-Feb16-revised.zip,2016-02-01,monthly_provider_specialty_full_csv,3522.0,2016-02-01,1.0,,,,,,,,,NaT
source_file_loaded.source_file_loaded.row_count,source_file_loaded,source_file_loaded,info,row_count,3518,Rows parsed from the source publication file after table extraction.,C:\Users\DELL\Documents\Codex\2026-07-15\i-am-building-an-msc-data\outputs\nhs_rtt_msc_project\data\raw\zips\18wksRTT-Monthly-EXTRACTS-Jan16-revised.zip,18wksRTT - Monthly EXTRACTS - Jan16 revised.csv,file:///C:/Users/DELL/Documents/Codex/2026-07-15/i-am-building-an-msc-data/outputs/nhs_rtt_msc_project/data/raw/zips/18wksRTT-Monthly-EXTRACTS-Jan16-revised.zip,2016-01-01,monthly_provider_specialty_full_csv,3518.0,2016-01-01,1.0,,,,,,,,,NaT
source_file_loaded.source_file_loaded.row_count,source_file_loaded,source_file_loaded,info,row_count,3556,Rows parsed from the source publication file after table extraction.,C:\Users\DELL\Documents\Codex\2026-07-15\i-am-building-an-msc-data\outputs\nhs_rtt_msc_project\data\raw\zips\18wksRTT-Monthly-EXTRACTS-Mar16-revised.zip,18wksRTT - Monthly EXTRACTS - Mar16 revised.csv,file:///C:/Users/DELL/Documents/Codex/2026-07-15/i-am-building-an-msc-data/outputs/nhs_rtt_msc_project/data/raw/zips/18wksRTT-Monthly-EXTRACTS-Mar16-revised.zip,2016-03-01,monthly_provider_specialty_full_csv,3556.0,2016-03-01,1.0,,,,,,,,,NaT
source_file_loaded.source_file_loaded.row_count,source_file_loaded,source_file_loaded,info,row_count,3540,Rows parsed from the source publication file after table extraction.,C:\Users\DELL\Documents\Codex\2026-07-15\i-am-building-an-msc-data\outputs\nhs_rtt_msc_project\data\raw\zips\18wksRTT-Monthly-EXTRACTS-Nov15-revised.zip,18wksRTT - Monthly EXTRACTS - Nov15 revised.csv,file:///C:/Users/DELL/Documents/Codex/2026-07-15/i-am-building-an-msc-data/outputs/nhs_rtt_msc_project/data/raw/zips/18wksRTT-Monthly-EXTRACTS-Nov15-revised.zip,2015-11-01,monthly_provider_specialty_full_csv,3540.0,2015-11-01,1.0,,,,,,,,,NaT
source_file_loaded.source_file_loaded.row_count,source_file_loaded,source_file_loaded,info,row_count,3536,Rows parsed from the source publication file after table extraction.,C:\Users\DELL\Documents\Codex\2026-07-15\i-am-building-an-msc-data\outputs\nhs_rtt_msc_project\data\raw\zips\18wksRTT-Monthly-EXTRACTS-Oct15-revised.zip,18wksRTT - Monthly EXTRACTS - Oct15 revised.csv,file:///C:/Users/DELL/Documents/Codex/2026-07-15/i-am-building-an-msc-data/outputs/nhs_rtt_msc_project/data/raw/zips/18wksRTT-Monthly-EXTRACTS-Oct15-revised.zip,2015-10-01,monthly_provider_specialty_full_csv,3536.0,2015-10-01,1.0,,,,,,,,,NaT
source_file_loaded.source_file_loaded.row_count,source_file_loaded,source_file_loaded,info,row_count,3553,Rows parsed from the source publication file after table extraction.,C:\Users\DELL\Documents\Codex\2026-07-15\i-am-building-an-msc-data\outputs\nhs_rtt_msc_project\data\raw\zips\Full-CSV-data-file-Apr16-revised-ZIP-2964K.zip,18wksRTT - Monthly EXTRACTS - Apr16 revised.csv,file:///C:/Users/DELL/Documents/Codex/2026-07-15/i-am-building-an-msc-data/outputs/nhs_rtt_msc_project/data/raw/zips/Full-CSV-data-file-Apr16-revised-ZIP-2964K.zip,2016-04-01,monthly_provider_specialty_full_csv,3553.0,2016-04-01,1.0,,,,,,,,,NaT
source_file_loaded.source_file_loaded.row_count,source_file_loaded,source_file_loaded,info,row_count,3564,Rows parsed from the source publication file after table extraction.,C:\Users\DELL\Documents\Codex\2026-07-15\i-am-building-an-msc-data\outputs\nhs_rtt_msc_project\data\raw\zips\Full-CSV-data-file-Apr17-revised-ZIP-2963K.zip,18wksRTT - Monthly EXTRACTS - Apr17 revised.csv,file:///C:/Users/DELL/Documents/Codex/2026-07-15/i-am-building-an-msc-data/outputs/nhs_rtt_msc_project/data/raw/zips/Full-CSV-data-file-Apr17-revised-ZIP-2963K.zip,2017-04-01,monthly_provider_specialty_full_csv,3564.0,2017-04-01,1.0,,,,,,,,,NaT
source_file_loaded.source_file_loaded.row_count,source_file_loaded,source_file_loaded,info,row_count,3548,Rows parsed from the source publication file after table extraction.,C:\Users\DELL\Documents\Codex\2026-07-15\i-am-building-an-msc-data\outputs\nhs_rtt_msc_project\data\raw\zips\Full-CSV-data-file-Apr18-revised-ZIP-3380K.zip,RTT-April-2018-full-extract-revised.csv,file:///C:/Users/DELL/Documents/Codex/2026-07-15/i-am-building-an-msc-data/outputs/nhs_rtt_msc_project/data/raw/zips/Full-CSV-data-file-Apr18-revised-ZIP-3380K.zip,2018-04-01,monthly_provider_specialty_full_csv,3548.0,2018-04-01,1.0,,,,,,,,,NaT
source_file_loaded.source_file_loaded.row_count,source_file_loaded,source_file_loaded,info,row_count,3492,Rows parsed from the source publication file after table extraction.,C:\Users\DELL\Documents\Codex\2026-07-15\i-am-building-an-msc-data\outputs\nhs_rtt_msc_project\data\raw\zips\Full-CSV-data-file-Apr19-ZIP-3436K-revised.zip,RTT-APRIL-2019-full-extract-revised.csv,file:///C:/Users/DELL/Documents/Codex/2026-07-15/i-am-building-an-msc-data/outputs/nhs_rtt_msc_project/data/raw/zips/Full-CSV-data-file-Apr19-ZIP-3436K-revised.zip,2019-04-01,monthly_provider_specialty_full_csv,3492.0,2019-04-01,1.0,,,,,,,,,NaT
source_file_loaded.source_file_loaded.row_count,source_file_loaded,source_file_loaded,info,row_count,3350,Rows parsed from the source publication file after table extraction.,C:\Users\DELL\Documents\Codex\2026-07-15\i-am-building-an-msc-data\outputs\nhs_rtt_msc_project\data\raw\zips\Full-CSV-data-file-Apr20-revised-ZIP-2295K.zip,20200430-RTT-APRIL-2020-full-extract-revised.csv,file:///C:/Users/DELL/Documents/Codex/2026-07-15/i-am-building-an-msc-data/outputs/nhs_rtt_msc_project/data/raw/zips/Full-CSV-data-file-Apr20-revised-ZIP-2295K.zip,2020-04-01,monthly_provider_specialty_full_csv,3350.0,2020-04-01,1.0,,,,,,,,,NaT
source_file_loaded.source_file_loaded.row_count,source_file_loaded,source_file_loaded,info,row_count,3909,Rows parsed from the source publication file after table extraction.,C:\Users\DELL\Documents\Codex\2026-07-15\i-am-building-an-msc-data\outputs\nhs_rtt_msc_project\data\raw\zips\Full-CSV-data-file-Apr21-revised-ZIP-3587K.zip,20210430-RTT-APRIL-2021-full-extract-revised.csv,file:///C:/Users/DELL/Documents/Codex/2026-07-15/i-am-building-an-msc-data/outputs/nhs_rtt_msc_project/data/raw/zips/Full-CSV-data-file-Apr21-revised-ZIP-3587K.zip,2021-04-01,monthly_provider_specialty_full_csv,3909.0,2021-04-01,1.0,,,,,,,,,NaT
source_file_loaded.source_file_loaded.row_count,source_file_loaded,source_file_loaded,info,row_count,3800,Rows parsed from the source publication file after table extraction.,C:\Users\DELL\Documents\Codex\2026-07-15\i-am-building-an-msc-data\outputs\nhs_rtt_msc_project\data\raw\zips\Full-CSV-data-file-Apr22-revised-ZIP-4253.zip,20220430-RTT-APRIL-2022-full-extract-revised.csv,file:///C:/Users/DELL/Documents/Codex/2026-07-15/i-am-building-an-msc-data/outputs/nhs_rtt_msc_project/data/raw/zips/Full-CSV-data-file-Apr22-revised-ZIP-4253.zip,2022-04-01,monthly_provider_specialty_full_csv,3800.0,2022-04-01,1.0,,,,,,,,,NaT
source_file_loaded.source_file_loaded.row_count,source_file_loaded,source_file_loaded,info,row_count,3755,Rows parsed from the source publication file after table extraction.,C:\Users\DELL\Documents\Codex\2026-07-15\i-am-building-an-msc-data\outputs\nhs_rtt_msc_project\data\raw\zips\Full-CSV-data-file-Apr23-ZIP-3528K-36960.zip,20230430-RTT-April-2023-full-extract.csv,file:///C:/Users/DELL/Documents/Codex/2026-07-15/i-am-building-an-msc-data/outputs/nhs_rtt_msc_project/data/raw/zips/Full-CSV-data-file-Apr23-ZIP-3528K-36960.zip,2023-04-01,monthly_provider_specialty_full_csv,3755.0,2023-04-01,1.0,,,,,,,,,NaT
source_file_loaded.source_file_loaded.row_count,source_file_loaded,source_file_loaded,info,row_count,3635,Rows parsed from the source publication file after table extraction.,C:\Users\DELL\Documents\Codex\2026-07-15\i-am-building-an-msc-data\outputs\nhs_rtt_msc_project\data\raw\zips\Full-CSV-data-file-Apr24-ZIP-4M-revised.zip,20240430-RTT-April-2024-full-extract-revised.csv,file:///C:/Users/DELL/Documents/Codex/2026-07-15/i-am-building-an-msc-data/outputs/nhs_rtt_msc_project/data/raw/zips/Full-CSV-data-file-Apr24-ZIP-4M-revised.zip,2024-04-01,monthly_provider_specialty_full_csv,3635.0,2024-04-01,1.0,,,,,,,,,NaT
source_file_loaded.source_file_loaded.row_count,source_file_loaded,source_file_loaded,info,row_count,3676,Rows parsed from the source publication file after table extraction.,C:\Users\DELL\Documents\Codex\2026-07-15\i-am-building-an-msc-data\outputs\nhs_rtt_msc_project\data\raw\zips\Full-CSV-data-file-Apr25-ZIP-4M-revised.zip,20250430-RTT-April-2025-full-extract-revised.csv,file:///C:/Users/DELL/Documents/Codex/2026-07-15/i-am-building-an-msc-data/outputs/nhs_rtt_msc_project/data/raw/zips/Full-CSV-data-file-Apr25-ZIP-4M-revised.zip,2025-04-01,monthly_provider_specialty_full_csv,3676.0,2025-04-01,1.0,,,,,,,,,NaT
source_file_loaded.source_file_loaded.row_count,source_file_loaded,source_file_loaded,info,row_count,3689,Rows parsed from the source publication file after table extraction.,C:\Users\DELL\Documents\Codex\2026-07-15\i-am-building-an-msc-data\outputs\nhs_rtt_msc_project\data\raw\zips\Full-CSV-data-file-Apr26-ZIP-3M-X7gGnn.zip,20260430-RTT-April-2026-full-extract.csv,file:///C:/Users/DELL/Documents/Codex/2026-07-15/i-am-building-an-msc-data/outputs/nhs_rtt_msc_project/data/raw/zips/Full-CSV-data-file-Apr26-ZIP-3M-X7gGnn.zip,2026-04-01,monthly_provider_specialty_full_csv,3689.0,2026-04-01,1.0,,,,,,,,,NaT
source_file_loaded.source_file_loaded.row_count,source_file_loaded,source_file_loaded,info,row_count,3524,Rows parsed from the source publication file after table extraction.,C:\Users\DELL\Documents\Codex\2026-07-15\i-am-building-an-msc-data\outputs\nhs_rtt_msc_project\data\raw\zips\Full-CSV-data-file-Aug16-revised-ZIP-3009K.zip,18wksRTT - Monthly EXTRACTS - Aug16 revised.csv,file:///C:/Users/DELL/Documents/Codex/2026-07-15/i-am-building-an-msc-data/outputs/nhs_rtt_msc_project/data/raw/zips/Full-CSV-data-file-Aug16-revised-ZIP-3009K.zip,2016-08-01,monthly_provider_specialty_full_csv,3524.0,2016-08-01,1.0,,,,,,,,,NaT
source_file_loaded.source_file_loaded.row_count,source_file_loaded,source_file_loaded,info,row_count,3527,Rows parsed from the source publication file after table extraction.,C:\Users\DELL\Documents\Codex\2026-07-15\i-am-building-an-msc-data\outputs\nhs_rtt_msc_project\data\raw\zips\Full-CSV-data-file-Aug17-revised-ZIP-3103K.zip,18wksRTT - Monthly EXTRACTS - Aug17 revised.csv,file:///C:/Users/DELL/Documents/Codex/2026-07-15/i-am-building-an-msc-data/outputs/nhs_rtt_msc_project/data/raw/zips/Full-CSV-data-file-Aug17-revised-ZIP-3103K.zip,2017-08-01,monthly_provider_specialty_full_csv,3527.0,2017-08-01,1.0,,,,,,,,,NaT
source_file_loaded.source_file_loaded.row_count,source_file_loaded,source_file_loaded,info,row_count,3475,Rows parsed from the source publication file after table extraction.,C:\Users\DELL\Documents\Codex\2026-07-15\i-am-building-an-msc-data\outputs\nhs_rtt_msc_project\data\raw\zips\Full-CSV-data-file-Aug18-revised-ZIP-3464K.zip,RTT-AUGUST-2018-full-extract-revised.csv,file:///C:/Users/DELL/Documents/Codex/2026-07-15/i-am-building-an-msc-data/outputs/nhs_rtt_msc_project/data/raw/zips/Full-CSV-data-file-Aug18-revised-ZIP-3464K.zip,2018-08-01,monthly_provider_specialty_full_csv,3475.0,2018-08-01,1.0,,,,,,,,,NaT
source_file_loaded.source_file_loaded.row_count,source_file_loaded,source_file_loaded,info,row_count,3438,Rows parsed from the source publication file after table extraction.,C:\Users\DELL\Documents\Codex\2026-07-15\i-am-building-an-msc-data\outputs\nhs_rtt_msc_project\data\raw\zips\Full-CSV-data-file-Aug19-ZIP-3493K-revised.zip,RTT-AUGUST-2019-full-extract-revised.csv,file:///C:/Users/DELL/Documents/Codex/2026-07-15/i-am-building-an-msc-data/outputs/nhs_rtt_msc_project/data/raw/zips/Full-CSV-data-file-Aug19-ZIP-3493K-revised.zip,2019-08-01,monthly_provider_specialty_full_csv,3438.0,2019-08-01,1.0,,,,,,,,,NaT
source_file_loaded.source_file_loaded.row_count,source_file_loaded,source_file_loaded,info,row_count,3343,Rows parsed from the source publication file after table extraction.,C:\Users\DELL\Documents\Codex\2026-07-15\i-am-building-an-msc-data\outputs\nhs_rtt_msc_project\data\raw\zips\Full-CSV-data-file-Aug20-ZIP-2594K-09869.zip,RTT-AUGUST-2020-full-extract.csv,file:///C:/Users/DELL/Documents/Codex/2026-07-15/i-am-building-an-msc-data/outputs/nhs_rtt_msc_project/data/raw/zips/Full-CSV-data-file-Aug20-ZIP-2594K-09869.zip,2020-08-01,monthly_provider_specialty_full_csv,3343.0,2020-08-01,1.0,,,,,,,,,NaT
source_file_loaded.source_file_loaded.row_count,source_file_loaded,source_file_loaded,info,row_count,3887,Rows parsed from the source publication file after table extraction.,C:\Users\DELL\Documents\Codex\2026-07-15\i-am-building-an-msc-data\outputs\nhs_rtt_msc_project\data\raw\zips\Full-CSV-data-file-Aug21-revised-ZIP-3682K.zip,20210831-RTT-AUGUST-2021-full-extract-revised.csv,file:///C:/Users/DELL/Documents/Codex/2026-07-15/i-am-building-an-msc-data/outputs/nhs_rtt_msc_project/data/raw/zips/Full-CSV-data-file-Aug21-revised-ZIP-3682K.zip,2021-08-01,monthly_provider_specialty_full_csv,3887.0,2021-08-01,1.0,,,,,,,,,NaT
source_file_loaded.source_file_loaded.row_count,source_file_loaded,source_file_loaded,info,row_count,3806,Rows parsed from the source publication file after table extraction.,C:\Users\DELL\Documents\Codex\2026-07-15\i-am-building-an-msc-data\outputs\nhs_rtt_msc_project\data\raw\zips\Full-CSV-data-file-Aug22-revised-ZIP-3488K.zip,20220831-RTT-AUGUST-2022-full-extract-revised.csv,file:///C:/Users/DELL/Documents/Codex/2026-07-15/i-am-building-an-msc-data/outputs/nhs_rtt_msc_project/data/raw/zips/Full-CSV-data-file-Aug22-revised-ZIP-3488K.zip,2022-08-01,monthly_provider_specialty_full_csv,3806.0,2022-08-01,1.0,,,,,,,,,NaT
source_file_loaded.source_file_loaded.row_count,source_file_loaded,source_file_loaded,info,row_count,3706,Rows parsed from the source publication file after table extraction.,C:\Users\DELL\Documents\Codex\2026-07-15\i-am-building-an-msc-data\outputs\nhs_rtt_msc_project\data\raw\zips\Full-CSV-data-file-Aug23-ZIP-3646K-revised.zip,20230831-RTT-August-2023-full-extract-revised.csv,file:///C:/Users/DELL/Documents/Codex/2026-07-15/i-am-building-an-msc-data/outputs/nhs_rtt_msc_project/data/raw/zips/Full-CSV-data-file-Aug23-ZIP-3646K-revised.zip,2023-08-01,monthly_provider_specialty_full_csv,3706.0,2023-08-01,1.0,,,,,,,,,NaT
source_file_loaded.source_file_loaded.row_count,source_file_loaded,source_file_loaded,info,row_count,3662,Rows parsed from the source publication file after table extraction.,C:\Users\DELL\Documents\Codex\2026-07-15\i-am-building-an-msc-data\outputs\nhs_rtt_msc_project\data\raw\zips\Full-CSV-data-file-Aug24-ZIP-4M-revised.zip,20240831-RTT-August-2024-full-extract-revised.csv,file:///C:/Users/DELL/Documents/Codex/2026-07-15/i-am-building-an-msc-data/outputs/nhs_rtt_msc_project/data/raw/zips/Full-CSV-data-file-Aug24-ZIP-4M-revised.zip,2024-08-01,monthly_provider_specialty_full_csv,3662.0,2024-08-01,1.0,,,,,,,,,NaT
source_file_loaded.source_file_loaded.row_count,source_file_loaded,source_file_loaded,info,row_count,3649,Rows parsed from the source publication file after table extraction.,C:\Users\DELL\Documents\Codex\2026-07-15\i-am-building-an-msc-data\outputs\nhs_rtt_msc_project\data\raw\zips\Full-CSV-data-file-Aug25-ZIP-4M-revised-2.zip,20250831-RTT-August-2025-full-extract-revised.csv,file:///C:/Users/DELL/Documents/Codex/2026-07-15/i-am-building-an-msc-data/outputs/nhs_rtt_msc_project/data/raw/zips/Full-CSV-data-file-Aug25-ZIP-4M-revised-2.zip,2025-08-01,monthly_provider_specialty_full_csv,3649.0,2025-08-01,1.0,,,,,,,,,NaT
source_file_loaded.source_file_loaded.row_count,source_file_loaded,source_file_loaded,info,row_count,3577,Rows parsed from the source publication file after table extraction.,C:\Users\DELL\Documents\Codex\2026-07-15\i-am-building-an-msc-data\outputs\nhs_rtt_msc_project\data\raw\zips\Full-CSV-data-file-Dec16-revised-ZIP-2753K.zip,18wksRTT - Monthly EXTRACTS - DEC16 revised.csv,file:///C:/Users/DELL/Documents/Codex/2026-07-15/i-am-building-an-msc-data/outputs/nhs_rtt_msc_project/data/raw/zips/Full-CSV-data-file-Dec16-revised-ZIP-2753K.zip,2016-12-01,monthly_provider_specialty_full_csv,3577.0,2016-12-01,1.0,,,,,,,,,NaT
source_file_loaded.source_file_loaded.row_count,source_file_loaded,source_file_loaded,info,row_count,3491,Rows parsed from the source publication file after table extraction.,C:\Users\DELL\Documents\Codex\2026-07-15\i-am-building-an-msc-data\outputs\nhs_rtt_msc_project\data\raw\zips\Full-CSV-data-file-Dec17-revised-v2-ZIP-3135K.zip,RTT-DECEMBER-2017-revised-v2.csv,file:///C:/Users/DELL/Documents/Codex/2026-07-15/i-am-building-an-msc-data/outputs/nhs_rtt_msc_project/data/raw/zips/Full-CSV-data-file-Dec17-revised-v2-ZIP-3135K.zip,2017-12-01,monthly_provider_specialty_full_csv,3491.0,2017-12-01,1.0,,,,,,,,,NaT
source_file_loaded.source_file_loaded.row_count,source_file_loaded,source_file_loaded,info,row_count,3490,Rows parsed from the source publication file after table extraction.,C:\Users\DELL\Documents\Codex\2026-07-15\i-am-building-an-msc-data\outputs\nhs_rtt_msc_project\data\raw\zips\Full-CSV-data-file-Dec18-ZIP-3427K.zip,RTT-DECEMBER-2018-full-extract.csv,file:///C:/Users/DELL/Documents/Codex/2026-07-15/i-am-building-an-msc-data/outputs/nhs_rtt_msc_project/data/raw/zips/Full-CSV-data-file-Dec18-ZIP-3427K.zip,2018-12-01,monthly_provider_specialty_full_csv,3490.0,2018-12-01,1.0,,,,,,,,,NaT
source_file_loaded.source_file_loaded.row_count,source_file_loaded,source_file_loaded,info,row_count,3414,Rows parsed from the source publication file after table extraction.,C:\Users\DELL\Documents\Codex\2026-07-15\i-am-building-an-msc-data\outputs\nhs_rtt_msc_project\data\raw\zips\Full-CSV-data-file-Dec19-revised-ZIP-3109K.zip,20191231-RTT-DECEMBER-2019-full-extract-revised.csv,file:///C:/Users/DELL/Documents/Codex/2026-07-15/i-am-building-an-msc-data/outputs/nhs_rtt_msc_project/data/raw/zips/Full-CSV-data-file-Dec19-revised-ZIP-3109K.zip,2019-12-01,monthly_provider_specialty_full_csv,3414.0,2019-12-01,1.0,,,,,,,,,NaT
source_file_loaded.source_file_loaded.row_count,source_file_loaded,source_file_loaded,info,row_count,3379,Rows parsed from the source publication file after table extraction.,C:\Users\DELL\Documents\Codex\2026-07-15\i-am-building-an-msc-data\outputs\nhs_rtt_msc_project\data\raw\zips\Full-CSV-data-file-Dec20-revised-ZIP-2860K.zip,20201231-RTT-DECEMBER-2020-full-extract-revised.csv,file:///C:/Users/DELL/Documents/Codex/2026-07-15/i-am-building-an-msc-data/outputs/nhs_rtt_msc_project/data/raw/zips/Full-CSV-data-file-Dec20-revised-ZIP-2860K.zip,2020-12-01,monthly_provider_specialty_full_csv,3379.0,2020-12-01,1.0,,,,,,,,,NaT
source_file_loaded.source_file_loaded.row_count,source_file_loaded,source_file_loaded,info,row_count,3923,Rows parsed from the source publication file after table extraction.,C:\Users\DELL\Documents\Codex\2026-07-15\i-am-building-an-msc-data\outputs\nhs_rtt_msc_project\data\raw\zips\Full-CSV-data-file-Dec21-revised-ZIP-3744K.zip,20211231-RTT-DECEMBER-2021-full-extract-revised.csv,file:///C:/Users/DELL/Documents/Codex/2026-07-15/i-am-building-an-msc-data/outputs/nhs_rtt_msc_project/data/raw/zips/Full-CSV-data-file-Dec21-revised-ZIP-3744K.zip,2021-12-01,monthly_provider_specialty_full_csv,3923.0,2021-12-01,1.0,,,,,,,,,NaT
source_file_loaded.source_file_loaded.row_count,source_file_loaded,source_file_loaded,info,row_count,3770,Rows parsed from the source publication file after table extraction.,C:\Users\DELL\Documents\Codex\2026-07-15\i-am-building-an-msc-data\outputs\nhs_rtt_msc_project\data\raw\zips\Full-CSV-data-file-Dec22-revised-ZIP-3631K.zip,20221231-RTT-DECEMBER-2022-full-extract-revised.csv,file:///C:/Users/DELL/Documents/Codex/2026-07-15/i-am-building-an-msc-data/outputs/nhs_rtt_msc_project/data/raw/zips/Full-CSV-data-file-Dec22-revised-ZIP-3631K.zip,2022-12-01,monthly_provider_specialty_full_csv,3770.0,2022-12-01,1.0,,,,,,,,,NaT
source_file_loaded.source_file_loaded.row_count,source_file_loaded,source_file_loaded,info,row_count,3711,Rows parsed from the source publication file after table extraction.,C:\Users\DELL\Documents\Codex\2026-07-15\i-am-building-an-msc-data\outputs\nhs_rtt_msc_project\data\raw\zips\Full-CSV-data-file-Dec23-ZIP-3800K-revised.zip,20231231-RTT-December-2023-full-extract-revised.csv,file:///C:/Users/DELL/Documents/Codex/2026-07-15/i-am-building-an-msc-data/outputs/nhs_rtt_msc_project/data/raw/zips/Full-CSV-data-file-Dec23-ZIP-3800K-revised.zip,2023-12-01,monthly_provider_specialty_full_csv,3711.0,2023-12-01,1.0,,,,,,,,,NaT
source_file_loaded.source_file_loaded.row_count,source_file_loaded,source_file_loaded,info,row_count,3674,Rows parsed from the source publication file after table extraction.,C:\Users\DELL\Documents\Codex\2026-07-15\i-am-building-an-msc-data\outputs\nhs_rtt_msc_project\data\raw\zips\Full-CSV-data-file-Dec24-ZIP-4M-revised.zip,20241231-RTT-December-2024-full-extract-revised.csv,file:///C:/Users/DELL/Documents/Codex/2026-07-15/i-am-building-an-msc-data/outputs/nhs_rtt_msc_project/data/raw/zips/Full-CSV-data-file-Dec24-ZIP-4M-revised.zip,2024-12-01,monthly_provider_specialty_full_csv,3674.0,2024-12-01,1.0,,,,,,,,,NaT
source_file_loaded.source_file_loaded.row_count,source_file_loaded,source_file_loaded,info,row_count,3671,Rows parsed from the source publication file after table extraction.,C:\Users\DELL\Documents\Codex\2026-07-15\i-am-building-an-msc-data\outputs\nhs_rtt_msc_project\data\raw\zips\Full-CSV-data-file-Dec25-ZIP-3M-revised.zip,20251231-RTT-December-2025-full-extract-revised.csv,file:///C:/Users/DELL/Documents/Codex/2026-07-15/i-am-building-an-msc-data/outputs/nhs_rtt_msc_project/data/raw/zips/Full-CSV-data-file-Dec25-ZIP-3M-revised.zip,2025-12-01,monthly_provider_specialty_full_csv,3671.0,2025-12-01,1.0,,,,,,,,,NaT
source_file_loaded.source_file_loaded.row_count,source_file_loaded,source_file_loaded,info,row_count,3618,Rows parsed from the source publication file after table extraction.,C:\Users\DELL\Documents\Codex\2026-07-15\i-am-building-an-msc-data\outputs\nhs_rtt_msc_project\data\raw\zips\Full-CSV-data-file-Feb17-revised-ZIP-2815K.zip,18wksRTT - Monthly EXTRACTS - Feb17 revised.csv,file:///C:/Users/DELL/Documents/Codex/2026-07-15/i-am-building-an-msc-data/outputs/nhs_rtt_msc_project/data/raw/zips/Full-CSV-data-file-Feb17-revised-ZIP-2815K.zip,2017-02-01,monthly_provider_specialty_full_csv,3618.0,2017-02-01,1.0,,,,,,,,,NaT
source_file_loaded.source_file_loaded.row_count,source_file_loaded,source_file_loaded,info,row_count,3495,Rows parsed from the source publication file after table extraction.,C:\Users\DELL\Documents\Codex\2026-07-15\i-am-building-an-msc-data\outputs\nhs_rtt_msc_project\data\raw\zips\Full-CSV-data-file-Feb18-revised-ZIP-3032K.zip,RTT-FEBRUARY-2018-revised.csv,file:///C:/Users/DELL/Documents/Codex/2026-07-15/i-am-building-an-msc-data/outputs/nhs_rtt_msc_project/data/raw/zips/Full-CSV-data-file-Feb18-revised-ZIP-3032K.zip,2018-02-01,monthly_provider_specialty_full_csv,3495.0,2018-02-01,1.0,,,,,,,,,NaT
source_file_loaded.source_file_loaded.row_count,source_file_loaded,source_file_loaded,info,row_count,3510,Rows parsed from the source publication file after table extraction.,C:\Users\DELL\Documents\Codex\2026-07-15\i-am-building-an-msc-data\outputs\nhs_rtt_msc_project\data\raw\zips\Full-CSV-data-file-Feb19-revised-ZIP-3485K.zip,RTT-FEBRUARY-2019-full-extract-revised.csv,file:///C:/Users/DELL/Documents/Codex/2026-07-15/i-am-building-an-msc-data/outputs/nhs_rtt_msc_project/data/raw/zips/Full-CSV-data-file-Feb19-revised-ZIP-3485K.zip,2019-02-01,monthly_provider_specialty_full_csv,3510.0,2019-02-01,1.0,,,,,,,,,NaT
source_file_loaded.source_file_loaded.row_count,source_file_loaded,source_file_loaded,info,row_count,3415,Rows parsed from the source publication file after table extraction.,C:\Users\DELL\Documents\Codex\2026-07-15\i-am-building-an-msc-data\outputs\nhs_rtt_msc_project\data\raw\zips\Full-CSV-data-file-Feb20-revised-ZIP-3171K.zip,20200229-RTT-FEBRUARY-2020-full-extract-revised.csv,file:///C:/Users/DELL/Documents/Codex/2026-07-15/i-am-building-an-msc-data/outputs/nhs_rtt_msc_project/data/raw/zips/Full-CSV-data-file-Feb20-revised-ZIP-3171K.zip,2020-02-01,monthly_provider_specialty_full_csv,3415.0,2020-02-01,1.0,,,,,,,,,NaT
source_file_loaded.source_file_loaded.row_count,source_file_loaded,source_file_loaded,info,row_count,3463,Rows parsed from the source publication file after table extraction.,C:\Users\DELL\Documents\Codex\2026-07-15\i-am-building-an-msc-data\outputs\nhs_rtt_msc_project\data\raw\zips\Full-CSV-data-file-Feb21-ZIP-2739K-25692.zip,20210228-RTT-FEBRUARY-2021-full-extract.csv,file:///C:/Users/DELL/Documents/Codex/2026-07-15/i-am-building-an-msc-data/outputs/nhs_rtt_msc_project/data/raw/zips/Full-CSV-data-file-Feb21-ZIP-2739K-25692.zip,2021-02-01,monthly_provider_specialty_full_csv,3463.0,2021-02-01,1.0,,,,,,,,,NaT
source_file_loaded.source_file_loaded.row_count,source_file_loaded,source_file_loaded,info,row_count,3902,Rows parsed from the source publication file after table extraction.,C:\Users\DELL\Documents\Codex\2026-07-15\i-am-building-an-msc-data\outputs\nhs_rtt_msc_project\data\raw\zips\Full-CSV-data-file-Feb22-revised-ZIP-109268K.zip,20220228-RTT-FEBRUARY-2022-full-extract-revised.csv,file:///C:/Users/DELL/Documents/Codex/2026-07-15/i-am-building-an-msc-data/outputs/nhs_rtt_msc_project/data/raw/zips/Full-CSV-data-file-Feb22-revised-ZIP-109268K.zip,2022-02-01,monthly_provider_specialty_full_csv,3902.0,2022-02-01,1.0,,,,,,,,,NaT
source_file_loaded.source_file_loaded.row_count,source_file_loaded,source_file_loaded,info,row_count,3791,Rows parsed from the source publication file after table extraction.,C:\Users\DELL\Documents\Codex\2026-07-15\i-am-building-an-msc-data\outputs\nhs_rtt_msc_project\data\raw\zips\Full-CSV-data-file-Feb23-revised-ZIP-3784K.zip,20230228-RTT-FEBRUARY-2023-full-extract-revised.csv,file:///C:/Users/DELL/Documents/Codex/2026-07-15/i-am-building-an-msc-data/outputs/nhs_rtt_msc_project/data/raw/zips/Full-CSV-data-file-Feb23-revised-ZIP-3784K.zip,2023-02-01,monthly_provider_specialty_full_csv,3791.0,2023-02-01,1.0,,,,,,,,,NaT
source_file_loaded.source_file_loaded.row_count,source_file_loaded,source_file_loaded,info,row_count,3654,Rows parsed from the source publication file after table extraction.,C:\Users\DELL\Documents\Codex\2026-07-15\i-am-building-an-msc-data\outputs\nhs_rtt_msc_project\data\raw\zips\Full-CSV-data-file-Feb24-ZIP-3881K-revised.zip,20240229-RTT-February-2024-full-extract-revised.csv,file:///C:/Users/DELL/Documents/Codex/2026-07-15/i-am-building-an-msc-data/outputs/nhs_rtt_msc_project/data/raw/zips/Full-CSV-data-file-Feb24-ZIP-3881K-revised.zip,2024-02-01,monthly_provider_specialty_full_csv,3654.0,2024-02-01,1.0,,,,,,,,,NaT
source_file_loaded.source_file_loaded.row_count,source_file_loaded,source_file_loaded,info,row_count,3670,Rows parsed from the source publication file after table extraction.,C:\Users\DELL\Documents\Codex\2026-07-15\i-am-building-an-msc-data\outputs\nhs_rtt_msc_project\data\raw\zips\Full-CSV-data-file-Feb25-ZIP-4M-revised.zip,20250228-RTT-February-2025-full-extract-revised.csv,file:///C:/Users/DELL/Documents/Codex/2026-07-15/i-am-building-an-msc-data/outputs/nhs_rtt_msc_project/data/raw/zips/Full-CSV-data-file-Feb25-ZIP-4M-revised.zip,2025-02-01,monthly_provider_specialty_full_csv,3670.0,2025-02-01,1.0,,,,,,,,,NaT
source_file_loaded.source_file_loaded.row_count,source_file_loaded,source_file_loaded,info,row_count,3670,Rows parsed from the source publication file after table extraction.,C:\Users\DELL\Documents\Codex\2026-07-15\i-am-building-an-msc-data\outputs\nhs_rtt_msc_project\data\raw\zips\Full-CSV-data-file-Feb26-ZIP-4M-9j03fJT.zip,20260228-RTT-February-2026-full-extract.csv,file:///C:/Users/DELL/Documents/Codex/2026-07-15/i-am-building-an-msc-data/outputs/nhs_rtt_msc_project/data/raw/zips/Full-CSV-data-file-Feb26-ZIP-4M-9j03fJT.zip,2026-02-01,monthly_provider_specialty_full_csv,3670.0,2026-02-01,1.0,,,,,,,,,NaT
source_file_loaded.source_file_loaded.row_count,source_file_loaded,source_file_loaded,info,row_count,3592,Rows parsed from the source publication file after table extraction.,C:\Users\DELL\Documents\Codex\2026-07-15\i-am-building-an-msc-data\outputs\nhs_rtt_msc_project\data\raw\zips\Full-CSV-data-file-Jan17-revised-ZIP-2839K.zip,18wksRTT - Monthly EXTRACTS - Jan17 revised.csv,file:///C:/Users/DELL/Documents/Codex/2026-07-15/i-am-building-an-msc-data/outputs/nhs_rtt_msc_project/data/raw/zips/Full-CSV-data-file-Jan17-revised-ZIP-2839K.zip,2017-01-01,monthly_provider_specialty_full_csv,3592.0,2017-01-01,1.0,,,,,,,,,NaT
source_file_loaded.source_file_loaded.row_count,source_file_loaded,source_file_loaded,info,row_count,3483,Rows parsed from the source publication file after table extraction.,C:\Users\DELL\Documents\Codex\2026-07-15\i-am-building-an-msc-data\outputs\nhs_rtt_msc_project\data\raw\zips\Full-CSV-data-file-Jan18-revised-v2-ZIP-3086K.zip,RTT-JANUARY-2018-revised-v2.csv,file:///C:/Users/DELL/Documents/Codex/2026-07-15/i-am-building-an-msc-data/outputs/nhs_rtt_msc_project/data/raw/zips/Full-CSV-data-file-Jan18-revised-v2-ZIP-3086K.zip,2018-01-01,monthly_provider_specialty_full_csv,3483.0,2018-01-01,1.0,,,,,,,,,NaT
source_file_loaded.source_file_loaded.row_count,source_file_loaded,source_file_loaded,info,row_count,3526,Rows parsed from the source publication file after table extraction.,C:\Users\DELL\Documents\Codex\2026-07-15\i-am-building-an-msc-data\outputs\nhs_rtt_msc_project\data\raw\zips\Full-CSV-data-file-Jan19-revised-ZIP-3634K.zip,RTT-JANUARY-2019-revised-full-extract.csv,file:///C:/Users/DELL/Documents/Codex/2026-07-15/i-am-building-an-msc-data/outputs/nhs_rtt_msc_project/data/raw/zips/Full-CSV-data-file-Jan19-revised-ZIP-3634K.zip,2019-01-01,monthly_provider_specialty_full_csv,3526.0,2019-01-01,1.0,,,,,,,,,NaT
source_file_loaded.source_file_loaded.row_count,source_file_loaded,source_file_loaded,info,row_count,3419,Rows parsed from the source publication file after table extraction.,C:\Users\DELL\Documents\Codex\2026-07-15\i-am-building-an-msc-data\outputs\nhs_rtt_msc_project\data\raw\zips\Full-CSV-data-file-Jan20-revised-ZIP-3227K.zip,20200131-RTT-JANUARY-2020-full-extract-revised.csv,file:///C:/Users/DELL/Documents/Codex/2026-07-15/i-am-building-an-msc-data/outputs/nhs_rtt_msc_project/data/raw/zips/Full-CSV-data-file-Jan20-revised-ZIP-3227K.zip,2020-01-01,monthly_provider_specialty_full_csv,3419.0,2020-01-01,1.0,,,,,,,,,NaT
source_file_loaded.source_file_loaded.row_count,source_file_loaded,source_file_loaded,info,row_count,3454,Rows parsed from the source publication file after table extraction.,C:\Users\DELL\Documents\Codex\2026-07-15\i-am-building-an-msc-data\outputs\nhs_rtt_msc_project\data\raw\zips\Full-CSV-data-file-Jan21-ZIP-2714K-24158.zip,RTT-JANUARY-2021-full-extract.csv,file:///C:/Users/DELL/Documents/Codex/2026-07-15/i-am-building-an-msc-data/outputs/nhs_rtt_msc_project/data/raw/zips/Full-CSV-data-file-Jan21-ZIP-2714K-24158.zip,2021-01-01,monthly_provider_specialty_full_csv,3454.0,2021-01-01,1.0,,,,,,,,,NaT
source_file_loaded.source_file_loaded.row_count,source_file_loaded,source_file_loaded,info,row_count,3924,Rows parsed from the source publication file after table extraction.,C:\Users\DELL\Documents\Codex\2026-07-15\i-am-building-an-msc-data\outputs\nhs_rtt_msc_project\data\raw\zips\Full-CSV-data-file-Jan22-revised-ZIP-4266K.zip,20220131-RTT-JANUARY-2022-full-extract-revised.csv,file:///C:/Users/DELL/Documents/Codex/2026-07-15/i-am-building-an-msc-data/outputs/nhs_rtt_msc_project/data/raw/zips/Full-CSV-data-file-Jan22-revised-ZIP-4266K.zip,2022-01-01,monthly_provider_specialty_full_csv,3924.0,2022-01-01,1.0,,,,,,,,,NaT
source_file_loaded.source_file_loaded.row_count,source_file_loaded,source_file_loaded,info,row_count,3789,Rows parsed from the source publication file after table extraction.,C:\Users\DELL\Documents\Codex\2026-07-15\i-am-building-an-msc-data\outputs\nhs_rtt_msc_project\data\raw\zips\Full-CSV-data-file-Jan23-revised-ZIP-3609K.zip,20230131-RTT-JANUARY-2023-full-extract-revised.csv,file:///C:/Users/DELL/Documents/Codex/2026-07-15/i-am-building-an-msc-data/outputs/nhs_rtt_msc_project/data/raw/zips/Full-CSV-data-file-Jan23-revised-ZIP-3609K.zip,2023-01-01,monthly_provider_specialty_full_csv,3789.0,2023-01-01,1.0,,,,,,,,,NaT
source_file_loaded.source_file_loaded.row_count,source_file_loaded,source_file_loaded,info,row_count,3692,Rows parsed from the source publication file after table extraction.,C:\Users\DELL\Documents\Codex\2026-07-15\i-am-building-an-msc-data\outputs\nhs_rtt_msc_project\data\raw\zips\Full-CSV-data-file-Jan24-ZIP-3943K-revised.zip,20240131-RTT-January-2024-full-extract-revised.csv,file:///C:/Users/DELL/Documents/Codex/2026-07-15/i-am-building-an-msc-data/outputs/nhs_rtt_msc_project/data/raw/zips/Full-CSV-data-file-Jan24-ZIP-3943K-revised.zip,2024-01-01,monthly_provider_specialty_full_csv,3692.0,2024-01-01,1.0,,,,,,,,,NaT
source_file_loaded.source_file_loaded.row_count,source_file_loaded,source_file_loaded,info,row_count,3667,Rows parsed from the source publication file after table extraction.,C:\Users\DELL\Documents\Codex\2026-07-15\i-am-building-an-msc-data\outputs\nhs_rtt_msc_project\data\raw\zips\Full-CSV-data-file-Jan25-ZIP-4M-revised.zip,20250131-RTT-January-2025-full-extract-revised.csv,file:///C:/Users/DELL/Documents/Codex/2026-07-15/i-am-building-an-msc-data/outputs/nhs_rtt_msc_project/data/raw/zips/Full-CSV-data-file-Jan25-ZIP-4M-revised.zip,2025-01-01,monthly_provider_specialty_full_csv,3667.0,2025-01-01,1.0,,,,,,,,,NaT
source_file_loaded.source_file_loaded.row_count,source_file_loaded,source_file_loaded,info,row_count,3661,Rows parsed from the source publication file after table extraction.,C:\Users\DELL\Documents\Codex\2026-07-15\i-am-building-an-msc-data\outputs\nhs_rtt_msc_project\data\raw\zips\Full-CSV-data-file-Jan26-ZIP-4M-WL5BiP.zip,20260131-RTT-January-2026-full-extract.csv,file:///C:/Users/DELL/Documents/Codex/2026-07-15/i-am-building-an-msc-data/outputs/nhs_rtt_msc_project/data/raw/zips/Full-CSV-data-file-Jan26-ZIP-4M-WL5BiP.zip,2026-01-01,monthly_provider_specialty_full_csv,3661.0,2026-01-01,1.0,,,,,,,,,NaT
source_file_loaded.source_file_loaded.row_count,source_file_loaded,source_file_loaded,info,row_count,3530,Rows parsed from the source publication file after table extraction.,C:\Users\DELL\Documents\Codex\2026-07-15\i-am-building-an-msc-data\outputs\nhs_rtt_msc_project\data\raw\zips\Full-CSV-data-file-Jul16-revised-ZIP-2977K.zip,18wksRTT - Monthly EXTRACTS - Jul16 revised.csv,file:///C:/Users/DELL/Documents/Codex/2026-07-15/i-am-building-an-msc-data/outputs/nhs_rtt_msc_project/data/raw/zips/Full-CSV-data-file-Jul16-revised-ZIP-2977K.zip,2016-07-01,monthly_provider_specialty_full_csv,3530.0,2016-07-01,1.0,,,,,,,,,NaT
source_file_loaded.source_file_loaded.row_count,source_file_loaded,source_file_loaded,info,row_count,3569,Rows parsed from the source publication file after table extraction.,C:\Users\DELL\Documents\Codex\2026-07-15\i-am-building-an-msc-data\outputs\nhs_rtt_msc_project\data\raw\zips\Full-CSV-data-file-Jul17-revised-ZIP-3083K.zip,18wksRTT - Monthly EXTRACTS - Jul17 revised.csv,file:///C:/Users/DELL/Documents/Codex/2026-07-15/i-am-building-an-msc-data/outputs/nhs_rtt_msc_project/data/raw/zips/Full-CSV-data-file-Jul17-revised-ZIP-3083K.zip,2017-07-01,monthly_provider_specialty_full_csv,3569.0,2017-07-01,1.0,,,,,,,,,NaT
source_file_loaded.source_file_loaded.row_count,source_file_loaded,source_file_loaded,info,row_count,3478,Rows parsed from the source publication file after table extraction.,C:\Users\DELL\Documents\Codex\2026-07-15\i-am-building-an-msc-data\outputs\nhs_rtt_msc_project\data\raw\zips\Full-CSV-data-file-Jul18-revised-ZIP-3450K.zip,RTT-JULY-2018-full-extract-revised.csv,file:///C:/Users/DELL/Documents/Codex/2026-07-15/i-am-building-an-msc-data/outputs/nhs_rtt_msc_project/data/raw/zips/Full-CSV-data-file-Jul18-revised-ZIP-3450K.zip,2018-07-01,monthly_provider_specialty_full_csv,3478.0,2018-07-01,1.0,,,,,,,,,NaT
source_file_loaded.source_file_loaded.row_count,source_file_loaded,source_file_loaded,info,row_count,3447,Rows parsed from the source publication file after table extraction.,C:\Users\DELL\Documents\Codex\2026-07-15\i-am-building-an-msc-data\outputs\nhs_rtt_msc_project\data\raw\zips\Full-CSV-data-file-Jul19-ZIP-3550K-revised.zip,RTT-JULY-2019-full-extract-revised.csv,file:///C:/Users/DELL/Documents/Codex/2026-07-15/i-am-building-an-msc-data/outputs/nhs_rtt_msc_project/data/raw/zips/Full-CSV-data-file-Jul19-ZIP-3550K-revised.zip,2019-07-01,monthly_provider_specialty_full_csv,3447.0,2019-07-01,1.0,,,,,,,,,NaT
source_file_loaded.source_file_loaded.row_count,source_file_loaded,source_file_loaded,info,row_count,3341,Rows parsed from the source publication file after table extraction.,C:\Users\DELL\Documents\Codex\2026-07-15\i-am-building-an-msc-data\outputs\nhs_rtt_msc_project\data\raw\zips\Full-CSV-data-file-Jul20-ZIP-2546K.zip,20200731-RTT-JULY-2020-full-extract.csv,file:///C:/Users/DELL/Documents/Codex/2026-07-15/i-am-building-an-msc-data/outputs/nhs_rtt_msc_project/data/raw/zips/Full-CSV-data-file-Jul20-ZIP-2546K.zip,2020-07-01,monthly_provider_specialty_full_csv,3341.0,2020-07-01,1.0,,,,,,,,,NaT
source_file_loaded.source_file_loaded.row_count,source_file_loaded,source_file_loaded,info,row_count,3932,Rows parsed from the source publication file after table extraction.,C:\Users\DELL\Documents\Codex\2026-07-15\i-am-building-an-msc-data\outputs\nhs_rtt_msc_project\data\raw\zips\Full-CSV-data-file-Jul21-revised-ZIP-3710K.zip,20210731-RTT-JULY-2021-full-extract-revised.csv,file:///C:/Users/DELL/Documents/Codex/2026-07-15/i-am-building-an-msc-data/outputs/nhs_rtt_msc_project/data/raw/zips/Full-CSV-data-file-Jul21-revised-ZIP-3710K.zip,2021-07-01,monthly_provider_specialty_full_csv,3932.0,2021-07-01,1.0,,,,,,,,,NaT
source_file_loaded.source_file_loaded.row_count,source_file_loaded,source_file_loaded,info,row_count,3787,Rows parsed from the source publication file after table extraction.,C:\Users\DELL\Documents\Codex\2026-07-15\i-am-building-an-msc-data\outputs\nhs_rtt_msc_project\data\raw\zips\Full-CSV-data-file-Jul22-revised-ZIP-3642K.zip,20220731-RTT-JULY-2022-full-extract-revised.csv,file:///C:/Users/DELL/Documents/Codex/2026-07-15/i-am-building-an-msc-data/outputs/nhs_rtt_msc_project/data/raw/zips/Full-CSV-data-file-Jul22-revised-ZIP-3642K.zip,2022-07-01,monthly_provider_specialty_full_csv,3787.0,2022-07-01,1.0,,,,,,,,,NaT
source_file_loaded.source_file_loaded.row_count,source_file_loaded,source_file_loaded,info,row_count,3728,Rows parsed from the source publication file after table extraction.,C:\Users\DELL\Documents\Codex\2026-07-15\i-am-building-an-msc-data\outputs\nhs_rtt_msc_project\data\raw\zips\Full-CSV-data-file-Jul23-ZIP-3623K-revised.zip,20230731-RTT-July-2023-full-extract-revised.csv,file:///C:/Users/DELL/Documents/Codex/2026-07-15/i-am-building-an-msc-data/outputs/nhs_rtt_msc_project/data/raw/zips/Full-CSV-data-file-Jul23-ZIP-3623K-revised.zip,2023-07-01,monthly_provider_specialty_full_csv,3728.0,2023-07-01,1.0,,,,,,,,,NaT
source_file_loaded.source_file_loaded.row_count,source_file_loaded,source_file_loaded,info,row_count,3655,Rows parsed from the source publication file after table extraction.,C:\Users\DELL\Documents\Codex\2026-07-15\i-am-building-an-msc-data\outputs\nhs_rtt_msc_project\data\raw\zips\Full-CSV-data-file-Jul24-ZIP-4M-revised.zip,20240731-RTT-July-2024-full-extract-revised.csv,file:///C:/Users/DELL/Documents/Codex/2026-07-15/i-am-building-an-msc-data/outputs/nhs_rtt_msc_project/data/raw/zips/Full-CSV-data-file-Jul24-ZIP-4M-revised.zip,2024-07-01,monthly_provider_specialty_full_csv,3655.0,2024-07-01,1.0,,,,,,,,,NaT
source_file_loaded.source_file_loaded.row_count,source_file_loaded,source_file_loaded,info,row_count,3662,Rows parsed from the source publication file after table extraction.,C:\Users\DELL\Documents\Codex\2026-07-15\i-am-building-an-msc-data\outputs\nhs_rtt_msc_project\data\raw\zips\Full-CSV-data-file-Jul25-ZIP-4M-revised-2.zip,20250731-RTT-July-2025-full-extract-revised.csv,file:///C:/Users/DELL/Documents/Codex/2026-07-15/i-am-building-an-msc-data/outputs/nhs_rtt_msc_project/data/raw/zips/Full-CSV-data-file-Jul25-ZIP-4M-revised-2.zip,2025-07-01,monthly_provider_specialty_full_csv,3662.0,2025-07-01,1.0,,,,,,,,,NaT
source_file_loaded.source_file_loaded.row_count,source_file_loaded,source_file_loaded,info,row_count,3524,Rows parsed from the source publication file after table extraction.,C:\Users\DELL\Documents\Codex\2026-07-15\i-am-building-an-msc-data\outputs\nhs_rtt_msc_project\data\raw\zips\Full-CSV-data-file-Jun16-revised-ZIP-2995K.zip,18wksRTT - Monthly EXTRACTS - Jun16 revised.csv,file:///C:/Users/DELL/Documents/Codex/2026-07-15/i-am-building-an-msc-data/outputs/nhs_rtt_msc_project/data/raw/zips/Full-CSV-data-file-Jun16-revised-ZIP-2995K.zip,2016-06-01,monthly_provider_specialty_full_csv,3524.0,2016-06-01,1.0,,,,,,,,,NaT
source_file_loaded.source_file_loaded.row_count,source_file_loaded,source_file_loaded,info,row_count,3570,Rows parsed from the source publication file after table extraction.,C:\Users\DELL\Documents\Codex\2026-07-15\i-am-building-an-msc-data\outputs\nhs_rtt_msc_project\data\raw\zips\Full-CSV-data-file-Jun17-revised-ZIP-3092K.zip,18wksRTT - Monthly EXTRACTS - Jun17 revised.csv,file:///C:/Users/DELL/Documents/Codex/2026-07-15/i-am-building-an-msc-data/outputs/nhs_rtt_msc_project/data/raw/zips/Full-CSV-data-file-Jun17-revised-ZIP-3092K.zip,2017-06-01,monthly_provider_specialty_full_csv,3570.0,2017-06-01,1.0,,,,,,,,,NaT
source_file_loaded.source_file_loaded.row_count,source_file_loaded,source_file_loaded,info,row_count,3507,Rows parsed from the source publication file after table extraction.,C:\Users\DELL\Documents\Codex\2026-07-15\i-am-building-an-msc-data\outputs\nhs_rtt_msc_project\data\raw\zips\Full-CSV-data-file-Jun18-revised-ZIP-3426K.zip,RTT-June-2018-full-extract-revised.csv,file:///C:/Users/DELL/Documents/Codex/2026-07-15/i-am-building-an-msc-data/outputs/nhs_rtt_msc_project/data/raw/zips/Full-CSV-data-file-Jun18-revised-ZIP-3426K.zip,2018-06-01,monthly_provider_specialty_full_csv,3507.0,2018-06-01,1.0,,,,,,,,,NaT
source_file_loaded.source_file_loaded.row_count,source_file_loaded,source_file_loaded,info,row_count,3479,Rows parsed from the source publication file after table extraction.,C:\Users\DELL\Documents\Codex\2026-07-15\i-am-building-an-msc-data\outputs\nhs_rtt_msc_project\data\raw\zips\Full-CSV-data-file-Jun19-ZIP-3502K.zip,RTT-JUNE-2019-full-extract-revision.csv,file:///C:/Users/DELL/Documents/Codex/2026-07-15/i-am-building-an-msc-data/outputs/nhs_rtt_msc_project/data/raw/zips/Full-CSV-data-file-Jun19-ZIP-3502K.zip,2019-06-01,monthly_provider_specialty_full_csv,3479.0,2019-06-01,1.0,,,,,,,,,NaT
source_file_loaded.source_file_loaded.row_count,source_file_loaded,source_file_loaded,info,row_count,3320,Rows parsed from the source publication file after table extraction.,C:\Users\DELL\Documents\Codex\2026-07-15\i-am-building-an-msc-data\outputs\nhs_rtt_msc_project\data\raw\zips\Full-CSV-data-file-Jun20-revised-ZIP-2649K.zip,20200630-RTT-JUNE-2020-full-extract-revised.csv,file:///C:/Users/DELL/Documents/Codex/2026-07-15/i-am-building-an-msc-data/outputs/nhs_rtt_msc_project/data/raw/zips/Full-CSV-data-file-Jun20-revised-ZIP-2649K.zip,2020-06-01,monthly_provider_specialty_full_csv,3320.0,2020-06-01,1.0,,,,,,,,,NaT
source_file_loaded.source_file_loaded.row_count,source_file_loaded,source_file_loaded,info,row_count,3943,Rows parsed from the source publication file after table extraction.,C:\Users\DELL\Documents\Codex\2026-07-15\i-am-building-an-msc-data\outputs\nhs_rtt_msc_project\data\raw\zips\Full-CSV-data-file-Jun21-revised-ZIP-3739K.zip,20210630-RTT-JUNE-2021-full-extract-revised.csv,file:///C:/Users/DELL/Documents/Codex/2026-07-15/i-am-building-an-msc-data/outputs/nhs_rtt_msc_project/data/raw/zips/Full-CSV-data-file-Jun21-revised-ZIP-3739K.zip,2021-06-01,monthly_provider_specialty_full_csv,3943.0,2021-06-01,1.0,,,,,,,,,NaT
source_file_loaded.source_file_loaded.row_count,source_file_loaded,source_file_loaded,info,row_count,3805,Rows parsed from the source publication file after table extraction.,C:\Users\DELL\Documents\Codex\2026-07-15\i-am-building-an-msc-data\outputs\nhs_rtt_msc_project\data\raw\zips\Full-CSV-data-file-Jun22-revised-ZIP-4253.zip,20220630-RTT-JUNE-2022-full-extract-revised.csv,file:///C:/Users/DELL/Documents/Codex/2026-07-15/i-am-building-an-msc-data/outputs/nhs_rtt_msc_project/data/raw/zips/Full-CSV-data-file-Jun22-revised-ZIP-4253.zip,2022-06-01,monthly_provider_specialty_full_csv,3805.0,2022-06-01,1.0,,,,,,,,,NaT
source_file_loaded.source_file_loaded.row_count,source_file_loaded,source_file_loaded,info,row_count,3748,Rows parsed from the source publication file after table extraction.,C:\Users\DELL\Documents\Codex\2026-07-15\i-am-building-an-msc-data\outputs\nhs_rtt_msc_project\data\raw\zips\Full-CSV-data-file-Jun23-ZIP-3659K-64970.zip,20230630-RTT-June-2023-full-extract.csv,file:///C:/Users/DELL/Documents/Codex/2026-07-15/i-am-building-an-msc-data/outputs/nhs_rtt_msc_project/data/raw/zips/Full-CSV-data-file-Jun23-ZIP-3659K-64970.zip,2023-06-01,monthly_provider_specialty_full_csv,3748.0,2023-06-01,1.0,,,,,,,,,NaT
source_file_loaded.source_file_loaded.row_count,source_file_loaded,source_file_loaded,info,row_count,3652,Rows parsed from the source publication file after table extraction.,C:\Users\DELL\Documents\Codex\2026-07-15\i-am-building-an-msc-data\outputs\nhs_rtt_msc_project\data\raw\zips\Full-CSV-data-file-Jun24-ZIP-4M-revised.zip,20240630-RTT-June-2024-full-extract-revised.csv,file:///C:/Users/DELL/Documents/Codex/2026-07-15/i-am-building-an-msc-data/outputs/nhs_rtt_msc_project/data/raw/zips/Full-CSV-data-file-Jun24-ZIP-4M-revised.zip,2024-06-01,monthly_provider_specialty_full_csv,3652.0,2024-06-01,1.0,,,,,,,,,NaT
source_file_loaded.source_file_loaded.row_count,source_file_loaded,source_file_loaded,info,row_count,3683,Rows parsed from the source publication file after table extraction.,C:\Users\DELL\Documents\Codex\2026-07-15\i-am-building-an-msc-data\outputs\nhs_rtt_msc_project\data\raw\zips\Full-CSV-data-file-Jun25-ZIP-4M-revised.zip,20250630-RTT-June-2025-full-extract-revised.csv,file:///C:/Users/DELL/Documents/Codex/2026-07-15/i-am-building-an-msc-data/outputs/nhs_rtt_msc_project/data/raw/zips/Full-CSV-data-file-Jun25-ZIP-4M-revised.zip,2025-06-01,monthly_provider_specialty_full_csv,3683.0,2025-06-01,1.0,,,,,,,,,NaT
source_file_loaded.source_file_loaded.row_count,source_file_loaded,source_file_loaded,info,row_count,3616,Rows parsed from the source publication file after table extraction.,C:\Users\DELL\Documents\Codex\2026-07-15\i-am-building-an-msc-data\outputs\nhs_rtt_msc_project\data\raw\zips\Full-CSV-data-file-Mar17-revised-ZIP-2872K.zip,18wksRTT - Monthly EXTRACTS - Mar17 revised.csv,file:///C:/Users/DELL/Documents/Codex/2026-07-15/i-am-building-an-msc-data/outputs/nhs_rtt_msc_project/data/raw/zips/Full-CSV-data-file-Mar17-revised-ZIP-2872K.zip,2017-03-01,monthly_provider_specialty_full_csv,3616.0,2017-03-01,1.0,,,,,,,,,NaT
source_file_loaded.source_file_loaded.row_count,source_file_loaded,source_file_loaded,info,row_count,3494,Rows parsed from the source publication file after table extraction.,C:\Users\DELL\Documents\Codex\2026-07-15\i-am-building-an-msc-data\outputs\nhs_rtt_msc_project\data\raw\zips\Full-CSV-data-file-Mar18-revised-ZIP-3051K.zip,RTT-March-2018-full-extract-revised.csv,file:///C:/Users/DELL/Documents/Codex/2026-07-15/i-am-building-an-msc-data/outputs/nhs_rtt_msc_project/data/raw/zips/Full-CSV-data-file-Mar18-revised-ZIP-3051K.zip,2018-03-01,monthly_provider_specialty_full_csv,3494.0,2018-03-01,1.0,,,,,,,,,NaT
source_file_loaded.source_file_loaded.row_count,source_file_loaded,source_file_loaded,info,row_count,3519,Rows parsed from the source publication file after table extraction.,C:\Users\DELL\Documents\Codex\2026-07-15\i-am-building-an-msc-data\outputs\nhs_rtt_msc_project\data\raw\zips\Full-CSV-data-file-Mar19-revised-ZIP-3506K.zip,RTT-MARCH-2019-full-extract.csv,file:///C:/Users/DELL/Documents/Codex/2026-07-15/i-am-building-an-msc-data/outputs/nhs_rtt_msc_project/data/raw/zips/Full-CSV-data-file-Mar19-revised-ZIP-3506K.zip,2019-03-01,monthly_provider_specialty_full_csv,3519.0,2019-03-01,1.0,,,,,,,,,NaT
source_file_loaded.source_file_loaded.row_count,source_file_loaded,source_file_loaded,info,row_count,3398,Rows parsed from the source publication file after table extraction.,C:\Users\DELL\Documents\Codex\2026-07-15\i-am-building-an-msc-data\outputs\nhs_rtt_msc_project\data\raw\zips\Full-CSV-data-file-Mar20-ZIP-2995K-73640.zip,20200331-RTT-MARCH-2020-full-extract.csv,file:///C:/Users/DELL/Documents/Codex/2026-07-15/i-am-building-an-msc-data/outputs/nhs_rtt_msc_project/data/raw/zips/Full-CSV-data-file-Mar20-ZIP-2995K-73640.zip,2020-03-01,monthly_provider_specialty_full_csv,3398.0,2020-03-01,1.0,,,,,,,,,NaT
source_file_loaded.source_file_loaded.row_count,source_file_loaded,source_file_loaded,info,row_count,3506,Rows parsed from the source publication file after table extraction.,C:\Users\DELL\Documents\Codex\2026-07-15\i-am-building-an-msc-data\outputs\nhs_rtt_msc_project\data\raw\zips\Full-CSV-data-file-Mar21-ZIP-2888K-76325.zip,20210331-RTT-MARCH-2021-full-extract.csv,file:///C:/Users/DELL/Documents/Codex/2026-07-15/i-am-building-an-msc-data/outputs/nhs_rtt_msc_project/data/raw/zips/Full-CSV-data-file-Mar21-ZIP-2888K-76325.zip,2021-03-01,monthly_provider_specialty_full_csv,3506.0,2021-03-01,1.0,,,,,,,,,NaT
source_file_loaded.source_file_loaded.row_count,source_file_loaded,source_file_loaded,info,row_count,3876,Rows parsed from the source publication file after table extraction.,C:\Users\DELL\Documents\Codex\2026-07-15\i-am-building-an-msc-data\outputs\nhs_rtt_msc_project\data\raw\zips\Full-CSV-data-file-Mar22-revised-ZIP-111805K.zip,20220331-RTT-MARCH-2022-full-extract-revised.csv,file:///C:/Users/DELL/Documents/Codex/2026-07-15/i-am-building-an-msc-data/outputs/nhs_rtt_msc_project/data/raw/zips/Full-CSV-data-file-Mar22-revised-ZIP-111805K.zip,2022-03-01,monthly_provider_specialty_full_csv,3876.0,2022-03-01,1.0,,,,,,,,,NaT
source_file_loaded.source_file_loaded.row_count,source_file_loaded,source_file_loaded,info,row_count,3783,Rows parsed from the source publication file after table extraction.,C:\Users\DELL\Documents\Codex\2026-07-15\i-am-building-an-msc-data\outputs\nhs_rtt_msc_project\data\raw\zips\Full-CSV-data-file-Mar23-revised-ZIP-3589K.zip,20230331-RTT-MARCH-2023-full-extract-revised.csv,file:///C:/Users/DELL/Documents/Codex/2026-07-15/i-am-building-an-msc-data/outputs/nhs_rtt_msc_project/data/raw/zips/Full-CSV-data-file-Mar23-revised-ZIP-3589K.zip,2023-03-01,monthly_provider_specialty_full_csv,3783.0,2023-03-01,1.0,,,,,,,,,NaT
source_file_loaded.source_file_loaded.row_count,source_file_loaded,source_file_loaded,info,row_count,3648,Rows parsed from the source publication file after table extraction.,C:\Users\DELL\Documents\Codex\2026-07-15\i-am-building-an-msc-data\outputs\nhs_rtt_msc_project\data\raw\zips\Full-CSV-data-file-Mar24-ZIP-3832K-revised.zip,20240331-RTT-March-2024-full-extract-revised.csv,file:///C:/Users/DELL/Documents/Codex/2026-07-15/i-am-building-an-msc-data/outputs/nhs_rtt_msc_project/data/raw/zips/Full-CSV-data-file-Mar24-ZIP-3832K-revised.zip,2024-03-01,monthly_provider_specialty_full_csv,3648.0,2024-03-01,1.0,,,,,,,,,NaT
source_file_loaded.source_file_loaded.row_count,source_file_loaded,source_file_loaded,info,row_count,3657,Rows parsed from the source publication file after table extraction.,C:\Users\DELL\Documents\Codex\2026-07-15\i-am-building-an-msc-data\outputs\nhs_rtt_msc_project\data\raw\zips\Full-CSV-data-file-Mar25-ZIP-4M-revised.zip,20250331-RTT-March-2025-full-extract-revised.csv,file:///C:/Users/DELL/Documents/Codex/2026-07-15/i-am-building-an-msc-data/outputs/nhs_rtt_msc_project/data/raw/zips/Full-CSV-data-file-Mar25-ZIP-4M-revised.zip,2025-03-01,monthly_provider_specialty_full_csv,3657.0,2025-03-01,1.0,,,,,,,,,NaT
source_file_loaded.source_file_loaded.row_count,source_file_loaded,source_file_loaded,info,row_count,3731,Rows parsed from the source publication file after table extraction.,C:\Users\DELL\Documents\Codex\2026-07-15\i-am-building-an-msc-data\outputs\nhs_rtt_msc_project\data\raw\zips\Full-CSV-data-file-Mar26-ZIP-3M-revised.zip,20260331-RTT-March-2026-full-extract-revised.csv,file:///C:/Users/DELL/Documents/Codex/2026-07-15/i-am-building-an-msc-data/outputs/nhs_rtt_msc_project/data/raw/zips/Full-CSV-data-file-Mar26-ZIP-3M-revised.zip,2026-03-01,monthly_provider_specialty_full_csv,3731.0,2026-03-01,1.0,,,,,,,,,NaT
source_file_loaded.source_file_loaded.row_count,source_file_loaded,source_file_loaded,info,row_count,3546,Rows parsed from the source publication file after table extraction.,C:\Users\DELL\Documents\Codex\2026-07-15\i-am-building-an-msc-data\outputs\nhs_rtt_msc_project\data\raw\zips\Full-CSV-data-file-May16-revised-ZIP-2989K.zip,18wksRTT - Monthly EXTRACTS - May16 revised.csv,file:///C:/Users/DELL/Documents/Codex/2026-07-15/i-am-building-an-msc-data/outputs/nhs_rtt_msc_project/data/raw/zips/Full-CSV-data-file-May16-revised-ZIP-2989K.zip,2016-05-01,monthly_provider_specialty_full_csv,3546.0,2016-05-01,1.0,,,,,,,,,NaT
source_file_loaded.source_file_loaded.row_count,source_file_loaded,source_file_loaded,info,row_count,3587,Rows parsed from the source publication file after table extraction.,C:\Users\DELL\Documents\Codex\2026-07-15\i-am-building-an-msc-data\outputs\nhs_rtt_msc_project\data\raw\zips\Full-CSV-data-file-May17-revised-ZIP-3077K.zip,18wksRTT - Monthly EXTRACTS - May17 revised.csv,file:///C:/Users/DELL/Documents/Codex/2026-07-15/i-am-building-an-msc-data/outputs/nhs_rtt_msc_project/data/raw/zips/Full-CSV-data-file-May17-revised-ZIP-3077K.zip,2017-05-01,monthly_provider_specialty_full_csv,3587.0,2017-05-01,1.0,,,,,,,,,NaT
source_file_loaded.source_file_loaded.row_count,source_file_loaded,source_file_loaded,info,row_count,3534,Rows parsed from the source publication file after table extraction.,C:\Users\DELL\Documents\Codex\2026-07-15\i-am-building-an-msc-data\outputs\nhs_rtt_msc_project\data\raw\zips\Full-CSV-data-file-May18-revised-ZIP-3424K.zip,RTT-May-2018-full-extract.csv,file:///C:/Users/DELL/Documents/Codex/2026-07-15/i-am-building-an-msc-data/outputs/nhs_rtt_msc_project/data/raw/zips/Full-CSV-data-file-May18-revised-ZIP-3424K.zip,2018-05-01,monthly_provider_specialty_full_csv,3534.0,2018-05-01,1.0,,,,,,,,,NaT
source_file_loaded.source_file_loaded.row_count,source_file_loaded,source_file_loaded,info,row_count,3494,Rows parsed from the source publication file after table extraction.,C:\Users\DELL\Documents\Codex\2026-07-15\i-am-building-an-msc-data\outputs\nhs_rtt_msc_project\data\raw\zips\Full-CSV-data-file-May19-ZIP-3497K-revised.zip,RTT-MAY-2019-full-extract-revised.csv,file:///C:/Users/DELL/Documents/Codex/2026-07-15/i-am-building-an-msc-data/outputs/nhs_rtt_msc_project/data/raw/zips/Full-CSV-data-file-May19-ZIP-3497K-revised.zip,2019-05-01,monthly_provider_specialty_full_csv,3494.0,2019-05-01,1.0,,,,,,,,,NaT
source_file_loaded.source_file_loaded.row_count,source_file_loaded,source_file_loaded,info,row_count,3325,Rows parsed from the source publication file after table extraction.,C:\Users\DELL\Documents\Codex\2026-07-15\i-am-building-an-msc-data\outputs\nhs_rtt_msc_project\data\raw\zips\Full-CSV-data-file-May20-revised-ZIP-2216K.zip,20200531-RTT-MAY-2020-full-extract-revised.csv,file:///C:/Users/DELL/Documents/Codex/2026-07-15/i-am-building-an-msc-data/outputs/nhs_rtt_msc_project/data/raw/zips/Full-CSV-data-file-May20-revised-ZIP-2216K.zip,2020-05-01,monthly_provider_specialty_full_csv,3325.0,2020-05-01,1.0,,,,,,,,,NaT
source_file_loaded.source_file_loaded.row_count,source_file_loaded,source_file_loaded,info,row_count,3936,Rows parsed from the source publication file after table extraction.,C:\Users\DELL\Documents\Codex\2026-07-15\i-am-building-an-msc-data\outputs\nhs_rtt_msc_project\data\raw\zips\Full-CSV-data-file-May21-revised-ZIP-3656K.zip,20210531-RTT-MAY-2021-full-extract-revised.csv,file:///C:/Users/DELL/Documents/Codex/2026-07-15/i-am-building-an-msc-data/outputs/nhs_rtt_msc_project/data/raw/zips/Full-CSV-data-file-May21-revised-ZIP-3656K.zip,2021-05-01,monthly_provider_specialty_full_csv,3936.0,2021-05-01,1.0,,,,,,,,,NaT
source_file_loaded.source_file_loaded.row_count,source_file_loaded,source_file_loaded,info,row_count,3834,Rows parsed from the source publication file after table extraction.,C:\Users\DELL\Documents\Codex\2026-07-15\i-am-building-an-msc-data\outputs\nhs_rtt_msc_project\data\raw\zips\Full-CSV-data-file-May22-revised-ZIP-4392K.zip,20220531-RTT-MAY-2022-full-extract-revised.csv,file:///C:/Users/DELL/Documents/Codex/2026-07-15/i-am-building-an-msc-data/outputs/nhs_rtt_msc_project/data/raw/zips/Full-CSV-data-file-May22-revised-ZIP-4392K.zip,2022-05-01,monthly_provider_specialty_full_csv,3834.0,2022-05-01,1.0,,,,,,,,,NaT
source_file_loaded.source_file_loaded.row_count,source_file_loaded,source_file_loaded,info,row_count,3743,Rows parsed from the source publication file after table extraction.,C:\Users\DELL\Documents\Codex\2026-07-15\i-am-building-an-msc-data\outputs\nhs_rtt_msc_project\data\raw\zips\Full-CSV-data-file-May23-ZIP-3627K-revised.zip,20230531-RTT-May-2023-full-extract-revised.csv,file:///C:/Users/DELL/Documents/Codex/2026-07-15/i-am-building-an-msc-data/outputs/nhs_rtt_msc_project/data/raw/zips/Full-CSV-data-file-May23-ZIP-3627K-revised.zip,2023-05-01,monthly_provider_specialty_full_csv,3743.0,2023-05-01,1.0,,,,,,,,,NaT
source_file_loaded.source_file_loaded.row_count,source_file_loaded,source_file_loaded,info,row_count,3645,Rows parsed from the source publication file after table extraction.,C:\Users\DELL\Documents\Codex\2026-07-15\i-am-building-an-msc-data\outputs\nhs_rtt_msc_project\data\raw\zips\Full-CSV-data-file-May24-ZIP-4M-revised.zip,20240531-RTT-May-2024-full-extract-revised.csv,file:///C:/Users/DELL/Documents/Codex/2026-07-15/i-am-building-an-msc-data/outputs/nhs_rtt_msc_project/data/raw/zips/Full-CSV-data-file-May24-ZIP-4M-revised.zip,2024-05-01,monthly_provider_specialty_full_csv,3645.0,2024-05-01,1.0,,,,,,,,,NaT
source_file_loaded.source_file_loaded.row_count,source_file_loaded,source_file_loaded,info,row_count,3658,Rows parsed from the source publication file after table extraction.,C:\Users\DELL\Documents\Codex\2026-07-15\i-am-building-an-msc-data\outputs\nhs_rtt_msc_project\data\raw\zips\Full-CSV-data-file-May25-ZIP-4M-revised.zip,20250531-RTT-May-2025-full-extract-revised.csv,file:///C:/Users/DELL/Documents/Codex/2026-07-15/i-am-building-an-msc-data/outputs/nhs_rtt_msc_project/data/raw/zips/Full-CSV-data-file-May25-ZIP-4M-revised.zip,2025-05-01,monthly_provider_specialty_full_csv,3658.0,2025-05-01,1.0,,,,,,,,,NaT
source_file_loaded.source_file_loaded.row_count,source_file_loaded,source_file_loaded,info,row_count,3672,Rows parsed from the source publication file after table extraction.,C:\Users\DELL\Documents\Codex\2026-07-15\i-am-building-an-msc-data\outputs\nhs_rtt_msc_project\data\raw\zips\Full-CSV-data-file-May26-ZIP-3M-3jBgba.zip,20260531-RTT-May-2026-full-extract.csv,file:///C:/Users/DELL/Documents/Codex/2026-07-15/i-am-building-an-msc-data/outputs/nhs_rtt_msc_project/data/raw/zips/Full-CSV-data-file-May26-ZIP-3M-3jBgba.zip,2026-05-01,monthly_provider_specialty_full_csv,3672.0,2026-05-01,1.0,,,,,,,,,NaT
source_file_loaded.source_file_loaded.row_count,source_file_loaded,source_file_loaded,info,row_count,3618,Rows parsed from the source publication file after table extraction.,C:\Users\DELL\Documents\Codex\2026-07-15\i-am-building-an-msc-data\outputs\nhs_rtt_msc_project\data\raw\zips\Full-CSV-data-file-Nov16-revised-ZIP-2856K.zip,18wksRTT - Monthly EXTRACTS - Nov16 revised.csv,file:///C:/Users/DELL/Documents/Codex/2026-07-15/i-am-building-an-msc-data/outputs/nhs_rtt_msc_project/data/raw/zips/Full-CSV-data-file-Nov16-revised-ZIP-2856K.zip,2016-11-01,monthly_provider_specialty_full_csv,3618.0,2016-11-01,1.0,,,,,,,,,NaT
source_file_loaded.source_file_loaded.row_count,source_file_loaded,source_file_loaded,info,row_count,3443,Rows parsed from the source publication file after table extraction.,C:\Users\DELL\Documents\Codex\2026-07-15\i-am-building-an-msc-data\outputs\nhs_rtt_msc_project\data\raw\zips\Full-CSV-data-file-Nov17-revised-v2-ZIP-3058K.zip,RTT-NOVEMBER-2017-v2.csv,file:///C:/Users/DELL/Documents/Codex/2026-07-15/i-am-building-an-msc-data/outputs/nhs_rtt_msc_project/data/raw/zips/Full-CSV-data-file-Nov17-revised-v2-ZIP-3058K.zip,2017-11-01,monthly_provider_specialty_full_csv,3443.0,2017-11-01,1.0,,,,,,,,,NaT
source_file_loaded.source_file_loaded.row_count,source_file_loaded,source_file_loaded,info,row_count,3486,Rows parsed from the source publication file after table extraction.,C:\Users\DELL\Documents\Codex\2026-07-15\i-am-building-an-msc-data\outputs\nhs_rtt_msc_project\data\raw\zips\Full-CSV-data-file-Nov18-revised-ZIP-3544K.zip,RTT-NOVEMBER-2018-full-extract-revised.csv,file:///C:/Users/DELL/Documents/Codex/2026-07-15/i-am-building-an-msc-data/outputs/nhs_rtt_msc_project/data/raw/zips/Full-CSV-data-file-Nov18-revised-ZIP-3544K.zip,2018-11-01,monthly_provider_specialty_full_csv,3486.0,2018-11-01,1.0,,,,,,,,,NaT
source_file_loaded.source_file_loaded.row_count,source_file_loaded,source_file_loaded,info,row_count,3410,Rows parsed from the source publication file after table extraction.,C:\Users\DELL\Documents\Codex\2026-07-15\i-am-building-an-msc-data\outputs\nhs_rtt_msc_project\data\raw\zips\Full-CSV-data-file-Nov19-revised-ZIP-3528K.zip,20191130-RTT-NOVEMBER-2019-full-extract-revised.csv,file:///C:/Users/DELL/Documents/Codex/2026-07-15/i-am-building-an-msc-data/outputs/nhs_rtt_msc_project/data/raw/zips/Full-CSV-data-file-Nov19-revised-ZIP-3528K.zip,2019-11-01,monthly_provider_specialty_full_csv,3410.0,2019-11-01,1.0,,,,,,,,,NaT
source_file_loaded.source_file_loaded.row_count,source_file_loaded,source_file_loaded,info,row_count,3377,Rows parsed from the source publication file after table extraction.,C:\Users\DELL\Documents\Codex\2026-07-15\i-am-building-an-msc-data\outputs\nhs_rtt_msc_project\data\raw\zips\Full-CSV-data-file-Nov20-ZIP-2758K-26885.zip,20201130-RTT-NOVEMBER-2020-full-extract.csv,file:///C:/Users/DELL/Documents/Codex/2026-07-15/i-am-building-an-msc-data/outputs/nhs_rtt_msc_project/data/raw/zips/Full-CSV-data-file-Nov20-ZIP-2758K-26885.zip,2020-11-01,monthly_provider_specialty_full_csv,3377.0,2020-11-01,1.0,,,,,,,,,NaT
source_file_loaded.source_file_loaded.row_count,source_file_loaded,source_file_loaded,info,row_count,3921,Rows parsed from the source publication file after table extraction.,C:\Users\DELL\Documents\Codex\2026-07-15\i-am-building-an-msc-data\outputs\nhs_rtt_msc_project\data\raw\zips\Full-CSV-data-file-Nov21-revised-ZIP-3826K.zip,20211130-RTT-NOVEMBER-2021-full-extract-revised.csv,file:///C:/Users/DELL/Documents/Codex/2026-07-15/i-am-building-an-msc-data/outputs/nhs_rtt_msc_project/data/raw/zips/Full-CSV-data-file-Nov21-revised-ZIP-3826K.zip,2021-11-01,monthly_provider_specialty_full_csv,3921.0,2021-11-01,1.0,,,,,,,,,NaT
source_file_loaded.source_file_loaded.row_count,source_file_loaded,source_file_loaded,info,row_count,3757,Rows parsed from the source publication file after table extraction.,C:\Users\DELL\Documents\Codex\2026-07-15\i-am-building-an-msc-data\outputs\nhs_rtt_msc_project\data\raw\zips\Full-CSV-data-file-Nov22-revised-ZIP-3508K.zip,20221130-RTT-NOVEMBER-2022-full-extract-revised.csv,file:///C:/Users/DELL/Documents/Codex/2026-07-15/i-am-building-an-msc-data/outputs/nhs_rtt_msc_project/data/raw/zips/Full-CSV-data-file-Nov22-revised-ZIP-3508K.zip,2022-11-01,monthly_provider_specialty_full_csv,3757.0,2022-11-01,1.0,,,,,,,,,NaT
source_file_loaded.source_file_loaded.row_count,source_file_loaded,source_file_loaded,info,row_count,3712,Rows parsed from the source publication file after table extraction.,C:\Users\DELL\Documents\Codex\2026-07-15\i-am-building-an-msc-data\outputs\nhs_rtt_msc_project\data\raw\zips\Full-CSV-data-file-Nov23-ZIP-3952K-revised.zip,20231130-RTT-November-2023-full-extract-revised.csv,file:///C:/Users/DELL/Documents/Codex/2026-07-15/i-am-building-an-msc-data/outputs/nhs_rtt_msc_project/data/raw/zips/Full-CSV-data-file-Nov23-ZIP-3952K-revised.zip,2023-11-01,monthly_provider_specialty_full_csv,3712.0,2023-11-01,1.0,,,,,,,,,NaT
source_file_loaded.source_file_loaded.row_count,source_file_loaded,source_file_loaded,info,row_count,3684,Rows parsed from the source publication file after table extraction.,C:\Users\DELL\Documents\Codex\2026-07-15\i-am-building-an-msc-data\outputs\nhs_rtt_msc_project\data\raw\zips\Full-CSV-data-file-Nov24-ZIP-4M-revised.zip,20241130-RTT-November-2024-full-extract-revised.csv,file:///C:/Users/DELL/Documents/Codex/2026-07-15/i-am-building-an-msc-data/outputs/nhs_rtt_msc_project/data/raw/zips/Full-CSV-data-file-Nov24-ZIP-4M-revised.zip,2024-11-01,monthly_provider_specialty_full_csv,3684.0,2024-11-01,1.0,,,,,,,,,NaT
source_file_loaded.source_file_loaded.row_count,source_file_loaded,source_file_loaded,info,row_count,3665,Rows parsed from the source publication file after table extraction.,C:\Users\DELL\Documents\Codex\2026-07-15\i-am-building-an-msc-data\outputs\nhs_rtt_msc_project\data\raw\zips\Full-CSV-data-file-Nov25-ZIP-4M-1Xmjkk.zip,20251130-RTT-November-2025-full-extract.csv,file:///C:/Users/DELL/Documents/Codex/2026-07-15/i-am-building-an-msc-data/outputs/nhs_rtt_msc_project/data/raw/zips/Full-CSV-data-file-Nov25-ZIP-4M-1Xmjkk.zip,2025-11-01,monthly_provider_specialty_full_csv,3665.0,2025-11-01,1.0,,,,,,,,,NaT
source_file_loaded.source_file_loaded.row_count,source_file_loaded,source_file_loaded,info,row_count,3593,Rows parsed from the source publication file after table extraction.,C:\Users\DELL\Documents\Codex\2026-07-15\i-am-building-an-msc-data\outputs\nhs_rtt_msc_project\data\raw\zips\Full-CSV-data-file-Oct16-revised-ZIP-2826K.zip,18wksRTT - Monthly EXTRACTS - Oct16 revised.csv,file:///C:/Users/DELL/Documents/Codex/2026-07-15/i-am-building-an-msc-data/outputs/nhs_rtt_msc_project/data/raw/zips/Full-CSV-data-file-Oct16-revised-ZIP-2826K.zip,2016-10-01,monthly_provider_specialty_full_csv,3593.0,2016-10-01,1.0,,,,,,,,,NaT
source_file_loaded.source_file_loaded.row_count,source_file_loaded,source_file_loaded,info,row_count,3489,Rows parsed from the source publication file after table extraction.,C:\Users\DELL\Documents\Codex\2026-07-15\i-am-building-an-msc-data\outputs\nhs_rtt_msc_project\data\raw\zips\Full-CSV-data-file-Oct17-revised-v2-ZIP-3084K.zip,RTT-OCTOBER-2017-revised-v2.csv,file:///C:/Users/DELL/Documents/Codex/2026-07-15/i-am-building-an-msc-data/outputs/nhs_rtt_msc_project/data/raw/zips/Full-CSV-data-file-Oct17-revised-v2-ZIP-3084K.zip,2017-10-01,monthly_provider_specialty_full_csv,3489.0,2017-10-01,1.0,,,,,,,,,NaT
source_file_loaded.source_file_loaded.row_count,source_file_loaded,source_file_loaded,info,row_count,3511,Rows parsed from the source publication file after table extraction.,C:\Users\DELL\Documents\Codex\2026-07-15\i-am-building-an-msc-data\outputs\nhs_rtt_msc_project\data\raw\zips\Full-CSV-data-file-Oct18-revised-ZIP-3574K.zip,RTT-OCTOBER-2018-full-extract-revised.csv,file:///C:/Users/DELL/Documents/Codex/2026-07-15/i-am-building-an-msc-data/outputs/nhs_rtt_msc_project/data/raw/zips/Full-CSV-data-file-Oct18-revised-ZIP-3574K.zip,2018-10-01,monthly_provider_specialty_full_csv,3511.0,2018-10-01,1.0,,,,,,,,,NaT
source_file_loaded.source_file_loaded.row_count,source_file_loaded,source_file_loaded,info,row_count,3428,Rows parsed from the source publication file after table extraction.,C:\Users\DELL\Documents\Codex\2026-07-15\i-am-building-an-msc-data\outputs\nhs_rtt_msc_project\data\raw\zips\Full-CSV-data-file-Oct19-revised-ZIP-3580K.zip,20191031-RTT-OCTOBER-2019-full-extract.csv,file:///C:/Users/DELL/Documents/Codex/2026-07-15/i-am-building-an-msc-data/outputs/nhs_rtt_msc_project/data/raw/zips/Full-CSV-data-file-Oct19-revised-ZIP-3580K.zip,2019-10-01,monthly_provider_specialty_full_csv,3428.0,2019-10-01,1.0,,,,,,,,,NaT
source_file_loaded.source_file_loaded.row_count,source_file_loaded,source_file_loaded,info,row_count,3375,Rows parsed from the source publication file after table extraction.,C:\Users\DELL\Documents\Codex\2026-07-15\i-am-building-an-msc-data\outputs\nhs_rtt_msc_project\data\raw\zips\Full-CSV-data-file-Oct20-revised-ZIP-2772K.zip,20201031-RTT-OCTOBER-2020-full-extract-revised.csv,file:///C:/Users/DELL/Documents/Codex/2026-07-15/i-am-building-an-msc-data/outputs/nhs_rtt_msc_project/data/raw/zips/Full-CSV-data-file-Oct20-revised-ZIP-2772K.zip,2020-10-01,monthly_provider_specialty_full_csv,3375.0,2020-10-01,1.0,,,,,,,,,NaT
source_file_loaded.source_file_loaded.row_count,source_file_loaded,source_file_loaded,info,row_count,3885,Rows parsed from the source publication file after table extraction.,C:\Users\DELL\Documents\Codex\2026-07-15\i-am-building-an-msc-data\outputs\nhs_rtt_msc_project\data\raw\zips\Full-CSV-data-file-Oct21-revised-ZIP-3787K.zip,20211031-RTT-OCTOBER-2021-full-extract-revised.csv,file:///C:/Users/DELL/Documents/Codex/2026-07-15/i-am-building-an-msc-data/outputs/nhs_rtt_msc_project/data/raw/zips/Full-CSV-data-file-Oct21-revised-ZIP-3787K.zip,2021-10-01,monthly_provider_specialty_full_csv,3885.0,2021-10-01,1.0,,,,,,,,,NaT
source_file_loaded.source_file_loaded.row_count,source_file_loaded,source_file_loaded,info,row_count,3779,Rows parsed from the source publication file after table extraction.,C:\Users\DELL\Documents\Codex\2026-07-15\i-am-building-an-msc-data\outputs\nhs_rtt_msc_project\data\raw\zips\Full-CSV-data-file-Oct22-revised-ZIP-3473K.zip,20221031-RTT-OCTOBER-2022-full-extract-revised.csv,file:///C:/Users/DELL/Documents/Codex/2026-07-15/i-am-building-an-msc-data/outputs/nhs_rtt_msc_project/data/raw/zips/Full-CSV-data-file-Oct22-revised-ZIP-3473K.zip,2022-10-01,monthly_provider_specialty_full_csv,3779.0,2022-10-01,1.0,,,,,,,,,NaT
source_file_loaded.source_file_loaded.row_count,source_file_loaded,source_file_loaded,info,row_count,3714,Rows parsed from the source publication file after table extraction.,C:\Users\DELL\Documents\Codex\2026-07-15\i-am-building-an-msc-data\outputs\nhs_rtt_msc_project\data\raw\zips\Full-CSV-data-file-Oct23-ZIP-3928K-revised.zip,20231031-RTT-October-2023-full-extract-revised.csv,file:///C:/Users/DELL/Documents/Codex/2026-07-15/i-am-building-an-msc-data/outputs/nhs_rtt_msc_project/data/raw/zips/Full-CSV-data-file-Oct23-ZIP-3928K-revised.zip,2023-10-01,monthly_provider_specialty_full_csv,3714.0,2023-10-01,1.0,,,,,,,,,NaT
source_file_loaded.source_file_loaded.row_count,source_file_loaded,source_file_loaded,info,row_count,3689,Rows parsed from the source publication file after table extraction.,C:\Users\DELL\Documents\Codex\2026-07-15\i-am-building-an-msc-data\outputs\nhs_rtt_msc_project\data\raw\zips\Full-CSV-data-file-Oct24-ZIP-4M-revised.zip,20241031-RTT-October-2024-full-extract-revised.csv,file:///C:/Users/DELL/Documents/Codex/2026-07-15/i-am-building-an-msc-data/outputs/nhs_rtt_msc_project/data/raw/zips/Full-CSV-data-file-Oct24-ZIP-4M-revised.zip,2024-10-01,monthly_provider_specialty_full_csv,3689.0,2024-10-01,1.0,,,,,,,,,NaT
source_file_loaded.source_file_loaded.row_count,source_file_loaded,source_file_loaded,info,row_count,3655,Rows parsed from the source publication file after table extraction.,C:\Users\DELL\Documents\Codex\2026-07-15\i-am-building-an-msc-data\outputs\nhs_rtt_msc_project\data\raw\zips\Full-CSV-data-file-Oct25-ZIP-4M-SrRW6y.zip,20251031-RTT-October-2025-full-extract.csv,file:///C:/Users/DELL/Documents/Codex/2026-07-15/i-am-building-an-msc-data/outputs/nhs_rtt_msc_project/data/raw/zips/Full-CSV-data-file-Oct25-ZIP-4M-SrRW6y.zip,2025-10-01,monthly_provider_specialty_full_csv,3655.0,2025-10-01,1.0,,,,,,,,,NaT
source_file_loaded.source_file_loaded.row_count,source_file_loaded,source_file_loaded,info,row_count,3538,Rows parsed from the source publication file after table extraction.,C:\Users\DELL\Documents\Codex\2026-07-15\i-am-building-an-msc-data\outputs\nhs_rtt_msc_project\data\raw\zips\Full-CSV-data-file-Sep16-revised-ZIP-3036K.zip,18wksRTT - Monthly EXTRACTS - Sep16 revised.csv,file:///C:/Users/DELL/Documents/Codex/2026-07-15/i-am-building-an-msc-data/outputs/nhs_rtt_msc_project/data/raw/zips/Full-CSV-data-file-Sep16-revised-ZIP-3036K.zip,2016-09-01,monthly_provider_specialty_full_csv,3538.0,2016-09-01,1.0,,,,,,,,,NaT
source_file_loaded.source_file_loaded.row_count,source_file_loaded,source_file_loaded,info,row_count,3481,Rows parsed from the source publication file after table extraction.,C:\Users\DELL\Documents\Codex\2026-07-15\i-am-building-an-msc-data\outputs\nhs_rtt_msc_project\data\raw\zips\Full-CSV-data-file-Sep17-ZIP-3092K-98673.zip,18wksRTT - Monthly EXTRACTS - Sep17.csv,file:///C:/Users/DELL/Documents/Codex/2026-07-15/i-am-building-an-msc-data/outputs/nhs_rtt_msc_project/data/raw/zips/Full-CSV-data-file-Sep17-ZIP-3092K-98673.zip,2017-09-01,monthly_provider_specialty_full_csv,3481.0,2017-09-01,1.0,,,,,,,,,NaT
source_file_loaded.source_file_loaded.row_count,source_file_loaded,source_file_loaded,info,row_count,3482,Rows parsed from the source publication file after table extraction.,C:\Users\DELL\Documents\Codex\2026-07-15\i-am-building-an-msc-data\outputs\nhs_rtt_msc_project\data\raw\zips\Full-CSV-data-file-Sep18-revised-ZIP-K.zip,RTT-SEPTEMBER-2018-full-extract-revised.csv,file:///C:/Users/DELL/Documents/Codex/2026-07-15/i-am-building-an-msc-data/outputs/nhs_rtt_msc_project/data/raw/zips/Full-CSV-data-file-Sep18-revised-ZIP-K.zip,2018-09-01,monthly_provider_specialty_full_csv,3482.0,2018-09-01,1.0,,,,,,,,,NaT
source_file_loaded.source_file_loaded.row_count,source_file_loaded,source_file_loaded,info,row_count,3418,Rows parsed from the source publication file after table extraction.,C:\Users\DELL\Documents\Codex\2026-07-15\i-am-building-an-msc-data\outputs\nhs_rtt_msc_project\data\raw\zips\Full-CSV-data-file-Sep19-ZIP-3532K-62303.zip,RTT-SEPTEMBER-2019-full-extract.csv,file:///C:/Users/DELL/Documents/Codex/2026-07-15/i-am-building-an-msc-data/outputs/nhs_rtt_msc_project/data/raw/zips/Full-CSV-data-file-Sep19-ZIP-3532K-62303.zip,2019-09-01,monthly_provider_specialty_full_csv,3418.0,2019-09-01,1.0,,,,,,,,,NaT
source_file_loaded.source_file_loaded.row_count,source_file_loaded,source_file_loaded,info,row_count,3382,Rows parsed from the source publication file after table extraction.,C:\Users\DELL\Documents\Codex\2026-07-15\i-am-building-an-msc-data\outputs\nhs_rtt_msc_project\data\raw\zips\Full-CSV-data-file-Sep20-ZIP-2738K-20720.zip,RTT-SEPTEMBER-2020-full-extract.csv,file:///C:/Users/DELL/Documents/Codex/2026-07-15/i-am-building-an-msc-data/outputs/nhs_rtt_msc_project/data/raw/zips/Full-CSV-data-file-Sep20-ZIP-2738K-20720.zip,2020-09-01,monthly_provider_specialty_full_csv,3382.0,2020-09-01,1.0,,,,,,,,,NaT
source_file_loaded.source_file_loaded.row_count,source_file_loaded,source_file_loaded,info,row_count,3897,Rows parsed from the source publication file after table extraction.,C:\Users\DELL\Documents\Codex\2026-07-15\i-am-building-an-msc-data\outputs\nhs_rtt_msc_project\data\raw\zips\Full-CSV-data-file-Sep21-revised-ZIP-3768K.zip,20210930-RTT-SEPTEMBER-2021-full-extract-revised.csv,file:///C:/Users/DELL/Documents/Codex/2026-07-15/i-am-building-an-msc-data/outputs/nhs_rtt_msc_project/data/raw/zips/Full-CSV-data-file-Sep21-revised-ZIP-3768K.zip,2021-09-01,monthly_provider_specialty_full_csv,3897.0,2021-09-01,1.0,,,,,,,,,NaT
source_file_loaded.source_file_loaded.row_count,source_file_loaded,source_file_loaded,info,row_count,3795,Rows parsed from the source publication file after table extraction.,C:\Users\DELL\Documents\Codex\2026-07-15\i-am-building-an-msc-data\outputs\nhs_rtt_msc_project\data\raw\zips\Full-CSV-data-file-Sep22-revised-ZIP-3542K.zip,20220930-RTT-SEPTEMBER-2022-full-extract-revised.csv,file:///C:/Users/DELL/Documents/Codex/2026-07-15/i-am-building-an-msc-data/outputs/nhs_rtt_msc_project/data/raw/zips/Full-CSV-data-file-Sep22-revised-ZIP-3542K.zip,2022-09-01,monthly_provider_specialty_full_csv,3795.0,2022-09-01,1.0,,,,,,,,,NaT
source_file_loaded.source_file_loaded.row_count,source_file_loaded,source_file_loaded,info,row_count,3717,Rows parsed from the source publication file after table extraction.,C:\Users\DELL\Documents\Codex\2026-07-15\i-am-building-an-msc-data\outputs\nhs_rtt_msc_project\data\raw\zips\Full-CSV-data-file-Sep23-ZIP-3654K-revised.zip,20230930-RTT-September-2023-full-extract-revised.csv,file:///C:/Users/DELL/Documents/Codex/2026-07-15/i-am-building-an-msc-data/outputs/nhs_rtt_msc_project/data/raw/zips/Full-CSV-data-file-Sep23-ZIP-3654K-revised.zip,2023-09-01,monthly_provider_specialty_full_csv,3717.0,2023-09-01,1.0,,,,,,,,,NaT
source_file_loaded.source_file_loaded.row_count,source_file_loaded,source_file_loaded,info,row_count,3689,Rows parsed from the source publication file after table extraction.,C:\Users\DELL\Documents\Codex\2026-07-15\i-am-building-an-msc-data\outputs\nhs_rtt_msc_project\data\raw\zips\Full-CSV-data-file-Sep24-ZIP-4M-revised.zip,20240930-RTT-September-2024-full-extract-revised.csv,file:///C:/Users/DELL/Documents/Codex/2026-07-15/i-am-building-an-msc-data/outputs/nhs_rtt_msc_project/data/raw/zips/Full-CSV-data-file-Sep24-ZIP-4M-revised.zip,2024-09-01,monthly_provider_specialty_full_csv,3689.0,2024-09-01,1.0,,,,,,,,,NaT
source_file_loaded.source_file_loaded.row_count,source_file_loaded,source_file_loaded,info,row_count,3663,Rows parsed from the source publication file after table extraction.,C:\Users\DELL\Documents\Codex\2026-07-15\i-am-building-an-msc-data\outputs\nhs_rtt_msc_project\data\raw\zips\Full-CSV-data-file-Sep25-ZIP-4M-revised.zip,20250930-RTT-September-2025-full-extract-revised.csv,file:///C:/Users/DELL/Documents/Codex/2026-07-15/i-am-building-an-msc-data/outputs/nhs_rtt_msc_project/data/raw/zips/Full-CSV-data-file-Sep25-ZIP-4M-revised.zip,2025-09-01,monthly_provider_specialty_full_csv,3663.0,2025-09-01,1.0,,,,,,,,,NaT
duplicates.duplicate_trust_specialty_month_rows.duplicate_rows_before_aggregation,duplicates,duplicate_trust_specialty_month_rows,info,duplicate_rows_before_aggregation,0,No duplicate trust-specialty-month rows found before aggregation.,,,,,,,,,,,,,,,,,NaT
identifier_changes.trust_name_changes_for_code.distinct_values,identifier_changes,trust_name_changes_for_code,warning,distinct_values,2,Same Trust code appears with multiple Trust names. No automatic organisation merge applied.,,,,,,,,,trust_name_changes_for_code,ADP02,KIMS HOSPITAL (NEWNHAM COURT);KIMS HOSPITAL LTD,,,2015-10-01,2026-05-01,2.0,NaT
identifier_changes.trust_name_changes_for_code.distinct_values,identifier_changes,trust_name_changes_for_code,warning,distinct_values,3,Same Trust code appears with multiple Trust names. No automatic organisation merge applied.,,,,,,,,,trust_name_changes_for_code,NDL01,NORTH EAST ESSEX DIABETES SERVICE;SUFFOLK GP FEDERATION;SUFFOLK GP FEDERATION - WOODBRIDGE,,,2015-10-01,2026-03-01,3.0,NaT
identifier_changes.trust_name_changes_for_code.distinct_values,identifier_changes,trust_name_changes_for_code,warning,distinct_values,2,Same Trust code appears with multiple Trust names. No automatic organisation merge applied.,,,,,,,,,trust_name_changes_for_code,NNE,DORKING HEALTHCARE LIMITED;DORKING HEALTHCARE LIMITED (DHC),,,2015-10-01,2026-05-01,2.0,NaT
identifier_changes.trust_name_changes_for_code.distinct_values,identifier_changes,trust_name_changes_for_code,warning,distinct_values,2,Same Trust code appears with multiple Trust names. No automatic organisation merge applied.,,,,,,,,,trust_name_changes_for_code,NT314,SPIRE LONDON EAST;SPIRE RODING HOSPITAL,,,2015-10-01,2026-05-01,2.0,NaT
identifier_changes.trust_name_changes_for_code.distinct_values,identifier_changes,trust_name_changes_for_code,warning,distinct_values,2,Same Trust code appears with multiple Trust names. No automatic organisation merge applied.,,,,,,,,,trust_name_changes_for_code,NT401,ALEXANDRA HOSPITAL;BMI - THE ALEXANDRA HOSPITAL,,,2015-10-01,2026-05-01,2.0,NaT
identifier_changes.trust_name_changes_for_code.distinct_values,identifier_changes,trust_name_changes_for_code,warning,distinct_values,2,Same Trust code appears with multiple Trust names. No automatic organisation merge applied.,,,,,,,,,trust_name_changes_for_code,NT402,BATH CLINIC;BMI - BATH CLINIC,,,2015-10-01,2026-05-01,2.0,NaT
identifier_changes.trust_name_changes_for_code.distinct_values,identifier_changes,trust_name_changes_for_code,warning,distinct_values,2,Same Trust code appears with multiple Trust names. No automatic organisation merge applied.,,,,,,,,,trust_name_changes_for_code,NT403,BEARDWOOD HOSPITAL;BMI - THE BEARDWOOD HOSPITAL,,,2015-10-01,2026-05-01,2.0,NaT
identifier_changes.trust_name_changes_for_code.distinct_values,identifier_changes,trust_name_changes_for_code,warning,distinct_values,2,Same Trust code appears with multiple Trust names. No automatic organisation merge applied.,,,,,,,,,trust_name_changes_for_code,NT404,BEAUMONT HOSPITAL;BMI - THE BEAUMONT HOSPITAL,,,2015-10-01,2026-05-01,2.0,NaT
identifier_changes.trust_name_changes_for_code.distinct_values,identifier_changes,trust_name_changes_for_code,warning,distinct_values,3,Same Trust code appears with multiple Trust names. No automatic organisation merge applied.,,,,,,,,,trust_name_changes_for_code,NT405,BISHOPS WOOD;BISHOPS WOOD HOSPITAL;BMI - BISHOPS WOOD,,,2015-10-01,2026-05-01,3.0,NaT
identifier_changes.trust_name_changes_for_code.distinct_values,identifier_changes,trust_name_changes_for_code,warning,distinct_values,2,Same Trust code appears with multiple Trust names. No automatic organisation merge applied.,,,,,,,,,trust_name_changes_for_code,NT406,BLACKHEATH HOSPITAL;BMI - THE BLACKHEATH HOSPITAL,,,2015-10-01,2026-05-01,2.0,NaT
identifier_changes.trust_name_changes_for_code.distinct_values,identifier_changes,trust_name_changes_for_code,warning,distinct_values,2,Same Trust code appears with multiple Trust names. No automatic organisation merge applied.,,,,,,,,,trust_name_changes_for_code,NT408,BMI - THE CHAUCER HOSPITAL;CHAUCER HOSPITAL,,,2015-10-01,2026-05-01,2.0,NaT
identifier_changes.trust_name_changes_for_code.distinct_values,identifier_changes,trust_name_changes_for_code,warning,distinct_values,2,Same Trust code appears with multiple Trust names. No automatic organisation merge applied.,,,,,,,,,trust_name_changes_for_code,NT409,BMI - CHELSFIELD PARK HOSPITAL;CHELSFIELD PARK HOSPITAL,,,2015-10-01,2026-05-01,2.0,NaT
identifier_changes.trust_name_changes_for_code.distinct_values,identifier_changes,trust_name_changes_for_code,warning,distinct_values,2,Same Trust code appears with multiple Trust names. No automatic organisation merge applied.,,,,,,,,,trust_name_changes_for_code,NT410,BMI - THE CHILTERN HOSPITAL;CHILTERN HOSPITAL,,,2015-10-01,2026-05-01,2.0,NaT
identifier_changes.trust_name_changes_for_code.distinct_values,identifier_changes,trust_name_changes_for_code,warning,distinct_values,2,Same Trust code appears with multiple Trust names. No automatic organisation merge applied.,,,,,,,,,trust_name_changes_for_code,NT411,BMI - THE CLEMENTINE CHURCHILL HOSPITAL;CLEMENTINE CHURCHILL HOSPITAL,,,2015-10-01,2026-05-01,2.0,NaT
identifier_changes.trust_name_changes_for_code.distinct_values,identifier_changes,trust_name_changes_for_code,warning,distinct_values,2,Same Trust code appears with multiple Trust names. No automatic organisation merge applied.,,,,,,,,,trust_name_changes_for_code,NT412,BMI - THE DROITWICH SPA HOSPITAL;DROITWICH SPA HOSPITAL,,,2015-10-01,2026-05-01,2.0,NaT
identifier_changes.trust_name_changes_for_code.distinct_values,identifier_changes,trust_name_changes_for_code,warning,distinct_values,2,Same Trust code appears with multiple Trust names. No automatic organisation merge applied.,,,,,,,,,trust_name_changes_for_code,NT416,BMI - HENDON HOSPITAL;HENDON HOSPITAL,,,2015-10-01,2026-05-01,2.0,NaT
identifier_changes.trust_name_changes_for_code.distinct_values,identifier_changes,trust_name_changes_for_code,warning,distinct_values,2,Same Trust code appears with multiple Trust names. No automatic organisation merge applied.,,,,,,,,,trust_name_changes_for_code,NT417,BMI - GORING HALL HOSPITAL;GORING HALL HOSPITAL,,,2015-10-01,2026-05-01,2.0,NaT
identifier_changes.trust_name_changes_for_code.distinct_values,identifier_changes,trust_name_changes_for_code,warning,distinct_values,2,Same Trust code appears with multiple Trust names. No automatic organisation merge applied.,,,,,,,,,trust_name_changes_for_code,NT418,BMI - THE HAMPSHIRE CLINIC;HAMPSHIRE CLINIC,,,2015-10-01,2026-05-01,2.0,NaT
identifier_changes.trust_name_changes_for_code.distinct_values,identifier_changes,trust_name_changes_for_code,warning,distinct_values,2,Same Trust code appears with multiple Trust names. No automatic organisation merge applied.,,,,,,,,,trust_name_changes_for_code,NT419,BMI - THE HARBOUR HOSPITAL;HARBOUR HOSPITAL,,,2015-10-01,2026-05-01,2.0,NaT
identifier_changes.trust_name_changes_for_code.distinct_values,identifier_changes,trust_name_changes_for_code,warning,distinct_values,2,Same Trust code appears with multiple Trust names. No automatic organisation merge applied.,,,,,,,,,trust_name_changes_for_code,NT420,BMI - THE HIGHFIELD HOSPITAL;HIGHFIELD HOSPITAL,,,2015-10-01,2026-05-01,2.0,NaT
identifier_changes.trust_name_changes_for_code.distinct_values,identifier_changes,trust_name_changes_for_code,warning,distinct_values,2,Same Trust code appears with multiple Trust names. No automatic organisation merge applied.,,,,,,,,,trust_name_changes_for_code,NT421,BMI - THE KINGS OAK HOSPITAL;KINGS OAK HOSPITAL,,,2015-10-01,2026-05-01,2.0,NaT
identifier_changes.trust_name_changes_for_code.distinct_values,identifier_changes,trust_name_changes_for_code,warning,distinct_values,2,Same Trust code appears with multiple Trust names. No automatic organisation merge applied.,,,,,,,,,trust_name_changes_for_code,NT422,BMI - THE LONDON INDEPENDENT HOSPITAL;LONDON INDEPENDENT HOSPITAL,,,2015-10-01,2026-05-01,2.0,NaT
identifier_changes.trust_name_changes_for_code.distinct_values,identifier_changes,trust_name_changes_for_code,warning,distinct_values,2,Same Trust code appears with multiple Trust names. No automatic organisation merge applied.,,,,,,,,,trust_name_changes_for_code,NT423,BMI - THE MANOR HOSPITAL;MANOR HOSPITAL,,,2015-10-01,2026-05-01,2.0,NaT
identifier_changes.trust_name_changes_for_code.distinct_values,identifier_changes,trust_name_changes_for_code,warning,distinct_values,2,Same Trust code appears with multiple Trust names. No automatic organisation merge applied.,,,,,,,,,trust_name_changes_for_code,NT424,BMI - THE MERIDEN HOSPITAL;MERIDEN HOSPITAL,,,2015-10-01,2026-05-01,2.0,NaT
identifier_changes.trust_name_changes_for_code.distinct_values,identifier_changes,trust_name_changes_for_code,warning,distinct_values,2,Same Trust code appears with multiple Trust names. No automatic organisation merge applied.,,,,,,,,,trust_name_changes_for_code,NT427,BMI - THE PARK HOSPITAL;PARK HOSPITAL,,,2015-10-01,2026-05-01,2.0,NaT
identifier_changes.trust_name_changes_for_code.distinct_values,identifier_changes,trust_name_changes_for_code,warning,distinct_values,2,Same Trust code appears with multiple Trust names. No automatic organisation merge applied.,,,,,,,,,trust_name_changes_for_code,NT428,BMI - THE PRINCESS MARGARET HOSPITAL;PRINCESS MARGARET HOSPITAL,,,2015-10-01,2026-05-01,2.0,NaT
identifier_changes.trust_name_changes_for_code.distinct_values,identifier_changes,trust_name_changes_for_code,warning,distinct_values,2,Same Trust code appears with multiple Trust names. No automatic organisation merge applied.,,,,,,,,,trust_name_changes_for_code,NT429,BMI - THE PRIORY HOSPITAL;PRIORY HOSPITAL,,,2015-10-01,2026-05-01,2.0,NaT
identifier_changes.trust_name_changes_for_code.distinct_values,identifier_changes,trust_name_changes_for_code,warning,distinct_values,2,Same Trust code appears with multiple Trust names. No automatic organisation merge applied.,,,,,,,,,trust_name_changes_for_code,NT430,BMI - THE RIDGEWAY HOSPITAL;RIDGEWAY HOSPITAL,,,2015-10-01,2026-05-01,2.0,NaT
identifier_changes.trust_name_changes_for_code.distinct_values,identifier_changes,trust_name_changes_for_code,warning,distinct_values,2,Same Trust code appears with multiple Trust names. No automatic organisation merge applied.,,,,,,,,,trust_name_changes_for_code,NT431,BMI - THE RUNNYMEDE HOSPITAL;RUNNYMEDE HOSPITAL,,,2015-10-01,2026-05-01,2.0,NaT
identifier_changes.trust_name_changes_for_code.distinct_values,identifier_changes,trust_name_changes_for_code,warning,distinct_values,2,Same Trust code appears with multiple Trust names. No automatic organisation merge applied.,,,,,,,,,trust_name_changes_for_code,NT433,BMI - SARUM ROAD HOSPITAL;SARUM ROAD HOSPITAL,,,2015-10-01,2026-05-01,2.0,NaT
identifier_changes.trust_name_changes_for_code.distinct_values,identifier_changes,trust_name_changes_for_code,warning,distinct_values,2,Same Trust code appears with multiple Trust names. No automatic organisation merge applied.,,,,,,,,,trust_name_changes_for_code,NT434,BMI - THE SAXON CLINIC;SAXON CLINIC,,,2015-10-01,2026-05-01,2.0,NaT
identifier_changes.trust_name_changes_for_code.distinct_values,identifier_changes,trust_name_changes_for_code,warning,distinct_values,2,Same Trust code appears with multiple Trust names. No automatic organisation merge applied.,,,,,,,,,trust_name_changes_for_code,NT435,BMI - THE SHELBURNE HOSPITAL;SHELBURNE HOSPITAL,,,2015-10-01,2026-05-01,2.0,NaT
identifier_changes.trust_name_changes_for_code.distinct_values,identifier_changes,trust_name_changes_for_code,warning,distinct_values,2,Same Trust code appears with multiple Trust names. No automatic organisation merge applied.,,,,,,,,,trust_name_changes_for_code,NT436,BMI - SHIRLEY OAKS HOSPITAL;SHIRLEY OAKS HOSPITAL,,,2015-10-01,2026-05-01,2.0,NaT
identifier_changes.trust_name_changes_for_code.distinct_values,identifier_changes,trust_name_changes_for_code,warning,distinct_values,2,Same Trust code appears with multiple Trust names. No automatic organisation merge applied.,,,,,,,,,trust_name_changes_for_code,NT437,BMI - THE SLOANE HOSPITAL;SLOANE HOSPITAL,,,2015-10-01,2026-05-01,2.0,NaT
identifier_changes.trust_name_changes_for_code.distinct_values,identifier_changes,trust_name_changes_for_code,warning,distinct_values,2,Same Trust code appears with multiple Trust names. No automatic organisation merge applied.,,,,,,,,,trust_name_changes_for_code,NT440,BMI - THORNBURY HOSPITAL;THORNBURY HOSPITAL,,,2015-10-01,2026-05-01,2.0,NaT
identifier_changes.trust_name_changes_for_code.distinct_values,identifier_changes,trust_name_changes_for_code,warning,distinct_values,2,Same Trust code appears with multiple Trust names. No automatic organisation merge applied.,,,,,,,,,trust_name_changes_for_code,NT441,BMI - THREE SHIRES HOSPITAL;THREE SHIRES HOSPITAL,,,2015-10-01,2026-05-01,2.0,NaT
identifier_changes.trust_name_changes_for_code.distinct_values,identifier_changes,trust_name_changes_for_code,warning,distinct_values,2,Same Trust code appears with multiple Trust names. No automatic organisation merge applied.,,,,,,,,,trust_name_changes_for_code,NT443,BMI - THE WINTERBOURNE HOSPITAL;WINTERBOURNE HOSPITAL,,,2015-10-01,2026-05-01,2.0,NaT
identifier_changes.trust_name_changes_for_code.distinct_values,identifier_changes,trust_name_changes_for_code,warning,distinct_values,2,Same Trust code appears with multiple Trust names. No automatic organisation merge applied.,,,,,,,,,trust_name_changes_for_code,NT445,BMI THE EDGBASTON HOSPITAL;EDGBASTON HOSPITAL,,,2015-10-01,2026-05-01,2.0,NaT
identifier_changes.trust_name_changes_for_code.distinct_values,identifier_changes,trust_name_changes_for_code,warning,distinct_values,2,Same Trust code appears with multiple Trust names. No automatic organisation merge applied.,,,,,,,,,trust_name_changes_for_code,NT446,BMI ST EDMUNDS HOSPITAL;ST EDMUNDS HOSPITAL,,,2015-10-01,2026-05-01,2.0,NaT
identifier_changes.trust_name_changes_for_code.distinct_values,identifier_changes,trust_name_changes_for_code,warning,distinct_values,2,Same Trust code appears with multiple Trust names. No automatic organisation merge applied.,,,,,,,,,trust_name_changes_for_code,NT447,BMI THE DUCHY HOSPITAL;DUCHY HOSPITAL,,,2015-10-01,2026-05-01,2.0,NaT
identifier_changes.trust_name_changes_for_code.distinct_values,identifier_changes,trust_name_changes_for_code,warning,distinct_values,4,Same Trust code appears with multiple Trust names. No automatic organisation merge applied.,,,,,,,,,trust_name_changes_for_code,NT448,BMI THE HUDDERSFIELD HOSPITAL;HUDDERSFIELD HOSPITAL;HUDDERSFIELD PRIVATE HOSPITAL;THE HUDDERSFIELD PRIVATE HOSPITAL,,,2015-10-01,2026-05-01,4.0,NaT
identifier_changes.trust_name_changes_for_code.distinct_values,identifier_changes,trust_name_changes_for_code,warning,distinct_values,4,Same Trust code appears with multiple Trust names. No automatic organisation merge applied.,,,,,,,,,trust_name_changes_for_code,NT449,BMI THE LANCASTER HOSPITAL;LANCASTER HOSPITAL;LANCASTER PRIVATE HOSPITAL;THE LANCASTER PRIVATE HOSPITAL,,,2015-10-01,2026-05-01,4.0,NaT
identifier_changes.trust_name_changes_for_code.distinct_values,identifier_changes,trust_name_changes_for_code,warning,distinct_values,4,Same Trust code appears with multiple Trust names. No automatic organisation merge applied.,,,,,,,,,trust_name_changes_for_code,NT450,BMI THE LINCOLN HOSPITAL;LINCOLN HOSPITAL;LINCOLN PRIVATE HOSPITAL;THE LINCOLN PRIVATE HOSPITAL,,,2015-10-01,2026-05-01,4.0,NaT
identifier_changes.trust_name_changes_for_code.distinct_values,identifier_changes,trust_name_changes_for_code,warning,distinct_values,2,Same Trust code appears with multiple Trust names. No automatic organisation merge applied.,,,,,,,,,trust_name_changes_for_code,NT451,BMI THE CAVELL HOSPITAL;CAVELL HOSPITAL,,,2015-10-01,2026-05-01,2.0,NaT
identifier_changes.trust_name_changes_for_code.distinct_values,identifier_changes,trust_name_changes_for_code,warning,distinct_values,2,Same Trust code appears with multiple Trust names. No automatic organisation merge applied.,,,,,,,,,trust_name_changes_for_code,NT455,BMI MOUNT ALVERNIA HOSPITAL;MOUNT ALVERNIA HOSPITAL,,,2015-10-01,2026-05-01,2.0,NaT
identifier_changes.trust_name_changes_for_code.distinct_values,identifier_changes,trust_name_changes_for_code,warning,distinct_values,2,Same Trust code appears with multiple Trust names. No automatic organisation merge applied.,,,,,,,,,trust_name_changes_for_code,NT457,BMI WOODLANDS HOSPITAL;WOODLANDS HOSPITAL,,,2015-10-01,2026-05-01,2.0,NaT
identifier_changes.trust_name_changes_for_code.distinct_values,identifier_changes,trust_name_changes_for_code,warning,distinct_values,2,Same Trust code appears with multiple Trust names. No automatic organisation merge applied.,,,,,,,,,trust_name_changes_for_code,NT490,BMI SOUTHEND PRIVATE HOSPITAL;SOUTHEND PRIVATE HOSPITAL,,,2015-10-01,2026-05-01,2.0,NaT
identifier_changes.trust_name_changes_for_code.distinct_values,identifier_changes,trust_name_changes_for_code,warning,distinct_values,2,Same Trust code appears with multiple Trust names. No automatic organisation merge applied.,,,,,,,,,trust_name_changes_for_code,NTP11,PRACTICE PLUS GROUP HOSPITAL - SOUTHAMPTON;SOUTHAMPTON NHS TREATMENT CENTRE,,,2015-10-01,2026-05-01,2.0,NaT
identifier_changes.trust_name_changes_for_code.distinct_values,identifier_changes,trust_name_changes_for_code,warning,distinct_values,2,Same Trust code appears with multiple Trust names. No automatic organisation merge applied.,,,,,,,,,trust_name_changes_for_code,NTP13,BARLBOROUGH NHS TREATMENT CENTRE;PRACTICE PLUS GROUP HOSPITAL - BARLBOROUGH,,,2015-10-01,2026-05-01,2.0,NaT
identifier_changes.trust_name_changes_for_code.distinct_values,identifier_changes,trust_name_changes_for_code,warning,distinct_values,2,Same Trust code appears with multiple Trust names. No automatic organisation merge applied.,,,,,,,,,trust_name_changes_for_code,NTP15,NORTH EAST LONDON TREATMENT CENTRE CARE UK;PRACTICE PLUS GROUP HOSPITAL - ILFORD,,,2015-10-01,2026-05-01,2.0,NaT
identifier_changes.trust_name_changes_for_code.distinct_values,identifier_changes,trust_name_changes_for_code,warning,distinct_values,2,Same Trust code appears with multiple Trust names. No automatic organisation merge applied.,,,,,,,,,trust_name_changes_for_code,NTP16,PRACTICE PLUS GROUP SURGICAL CENTRE - GILLINGHAM;WILL ADAMS NHS TREATMENT CENTRE,,,2015-10-01,2026-05-01,2.0,NaT
identifier_changes.trust_name_changes_for_code.distinct_values,identifier_changes,trust_name_changes_for_code,warning,distinct_values,2,Same Trust code appears with multiple Trust names. No automatic organisation merge applied.,,,,,,,,,trust_name_changes_for_code,NTPAD,PRACTICE PLUS GROUP SURGICAL CENTRE - ST MARYS PORTSMOUTH;ST MARY'S NHS TREATMENT CENTRE,,,2015-10-01,2026-05-01,2.0,NaT
identifier_changes.trust_name_changes_for_code.distinct_values,identifier_changes,trust_name_changes_for_code,warning,distinct_values,2,Same Trust code appears with multiple Trust names. No automatic organisation merge applied.,,,,,,,,,trust_name_changes_for_code,NTPAE,PRACTICE PLUS GROUP OPHTHALMOLOGY - NORTH WEST;THE CROFT SHIFA HEALTH CENTRE,,,2015-10-01,2026-05-01,2.0,NaT
identifier_changes.trust_name_changes_for_code.distinct_values,identifier_changes,trust_name_changes_for_code,warning,distinct_values,2,Same Trust code appears with multiple Trust names. No automatic organisation merge applied.,,,,,,,,,trust_name_changes_for_code,NTPH1,PRACTICE PLUS GROUP HOSPITAL - SHEPTON MALLET;SHEPTON MALLET NHS TREATMENT CENTRE,,,2015-10-01,2026-05-01,2.0,NaT
identifier_changes.trust_name_changes_for_code.distinct_values,identifier_changes,trust_name_changes_for_code,warning,distinct_values,2,Same Trust code appears with multiple Trust names. No automatic organisation merge applied.,,,,,,,,,trust_name_changes_for_code,NTPH2,EMERSONS GREEN NHS TREATMENT CENTRE;PRACTICE PLUS GROUP HOSPITAL - EMERSONS GREEN,,,2015-10-01,2026-05-01,2.0,NaT
identifier_changes.trust_name_changes_for_code.distinct_values,identifier_changes,trust_name_changes_for_code,warning,distinct_values,2,Same Trust code appears with multiple Trust names. No automatic organisation merge applied.,,,,,,,,,trust_name_changes_for_code,NTPH3,DEVIZES NHS TREATMENT CENTRE;PRACTICE PLUS GROUP SURGICAL CENTRE - DEVIZES,,,2015-10-01,2026-05-01,2.0,NaT
identifier_changes.trust_name_changes_for_code.distinct_values,identifier_changes,trust_name_changes_for_code,warning,distinct_values,2,Same Trust code appears with multiple Trust names. No automatic organisation merge applied.,,,,,,,,,trust_name_changes_for_code,NTPH5,PENINSULA NHS TREATMENT CENTRE;PRACTICE PLUS GROUP HOSPITAL - PLYMOUTH,,,2015-10-01,2026-05-01,2.0,NaT
identifier_changes.trust_name_changes_for_code.distinct_values,identifier_changes,trust_name_changes_for_code,warning,distinct_values,2,Same Trust code appears with multiple Trust names. No automatic organisation merge applied.,,,,,,,,,trust_name_changes_for_code,NTX,THE ONE HEALTH GROUP LTD;THE ONE HEALTH GROUP PLC,,,2015-10-01,2026-05-01,2.0,NaT
identifier_changes.trust_name_changes_for_code.distinct_values,identifier_changes,trust_name_changes_for_code,warning,distinct_values,2,Same Trust code appears with multiple Trust names. No automatic organisation merge applied.,,,,,,,,,trust_name_changes_for_code,NVC25,HORTON NHS TREATMENT CENTRE;THE CHERWELL HOSPITAL,,,2015-10-01,2026-05-01,2.0,NaT
identifier_changes.trust_name_changes_for_code.distinct_values,identifier_changes,trust_name_changes_for_code,warning,distinct_values,2,Same Trust code appears with multiple Trust names. No automatic organisation merge applied.,,,,,,,,,trust_name_changes_for_code,R1A,HEREFORDSHIRE AND WORCESTERSHIRE HEALTH AND CARE NHS TRUST;WORCESTERSHIRE HEALTH AND CARE NHS TRUST,,,2015-10-01,2026-05-01,2.0,NaT
identifier_changes.trust_name_changes_for_code.distinct_values,identifier_changes,trust_name_changes_for_code,warning,distinct_values,2,Same Trust code appears with multiple Trust names. No automatic organisation merge applied.,,,,,,,,,trust_name_changes_for_code,R1K,LONDON NORTH WEST HEALTHCARE NHS TRUST;LONDON NORTH WEST UNIVERSITY HEALTHCARE NHS TRUST,,,2015-10-01,2026-05-01,2.0,NaT
identifier_changes.trust_name_changes_for_code.distinct_values,identifier_changes,trust_name_changes_for_code,warning,distinct_values,2,Same Trust code appears with multiple Trust names. No automatic organisation merge applied.,,,,,,,,,trust_name_changes_for_code,RA2,ROYAL SURREY COUNTY HOSPITAL NHS FOUNDATION TRUST;ROYAL SURREY NHS FOUNDATION TRUST,,,2015-10-01,2026-05-01,2.0,NaT
identifier_changes.trust_name_changes_for_code.distinct_values,identifier_changes,trust_name_changes_for_code,warning,distinct_values,2,Same Trust code appears with multiple Trust names. No automatic organisation merge applied.,,,,,,,,,trust_name_changes_for_code,RA7,UNIVERSITY HOSPITALS BRISTOL AND WESTON NHS FOUNDATION TRUST;UNIVERSITY HOSPITALS BRISTOL NHS FOUNDATION TRUST,,,2015-10-01,2026-05-01,2.0,NaT
identifier_changes.trust_name_changes_for_code.distinct_values,identifier_changes,trust_name_changes_for_code,warning,distinct_values,2,Same Trust code appears with multiple Trust names. No automatic organisation merge applied.,,,,,,,,,trust_name_changes_for_code,RAJ,MID AND SOUTH ESSEX NHS FOUNDATION TRUST;SOUTHEND UNIVERSITY HOSPITAL NHS FOUNDATION TRUST,,,2015-10-01,2026-05-01,2.0,NaT
identifier_changes.trust_name_changes_for_code.distinct_values,identifier_changes,trust_name_changes_for_code,warning,distinct_values,2,Same Trust code appears with multiple Trust names. No automatic organisation merge applied.,,,,,,,,,trust_name_changes_for_code,RAX,KINGSTON AND RICHMOND NHS FOUNDATION TRUST;KINGSTON HOSPITAL NHS FOUNDATION TRUST,,,2015-10-01,2026-05-01,2.0,NaT
identifier_changes.trust_name_changes_for_code.distinct_values,identifier_changes,trust_name_changes_for_code,warning,distinct_values,3,Same Trust code appears with multiple Trust names. No automatic organisation merge applied.,,,,,,,,,trust_name_changes_for_code,RBN,MERSEY AND WEST LANCASHIRE TEACHING HOSPITALS NHS TRUST;ST HELENS AND KNOWSLEY HOSPITAL SERVICES NHS TRUST;ST HELENS AND KNOWSLEY TEACHING HOSPITALS NHS TRUST,,,2015-10-01,2026-05-01,3.0,NaT
identifier_changes.trust_name_changes_for_code.distinct_values,identifier_changes,trust_name_changes_for_code,warning,distinct_values,2,Same Trust code appears with multiple Trust names. No automatic organisation merge applied.,,,,,,,,,trust_name_changes_for_code,RC9,BEDFORDSHIRE HOSPITALS NHS FOUNDATION TRUST;LUTON AND DUNSTABLE UNIVERSITY HOSPITAL NHS FOUNDATION TRUST,,,2015-10-01,2026-05-01,2.0,NaT
identifier_changes.trust_name_changes_for_code.distinct_values,identifier_changes,trust_name_changes_for_code,warning,distinct_values,2,Same Trust code appears with multiple Trust names. No automatic organisation merge applied.,,,,,,,,,trust_name_changes_for_code,RCB,YORK AND SCARBOROUGH TEACHING HOSPITALS NHS FOUNDATION TRUST;YORK TEACHING HOSPITAL NHS FOUNDATION TRUST,,,2015-10-01,2026-05-01,2.0,NaT
identifier_changes.trust_name_changes_for_code.distinct_values,identifier_changes,trust_name_changes_for_code,warning,distinct_values,2,Same Trust code appears with multiple Trust names. No automatic organisation merge applied.,,,,,,,,,trust_name_changes_for_code,RDE,COLCHESTER HOSPITAL UNIVERSITY NHS FOUNDATION TRUST;EAST SUFFOLK AND NORTH ESSEX NHS FOUNDATION TRUST,,,2015-10-01,2026-05-01,2.0,NaT
identifier_changes.trust_name_changes_for_code.distinct_values,identifier_changes,trust_name_changes_for_code,warning,distinct_values,2,Same Trust code appears with multiple Trust names. No automatic organisation merge applied.,,,,,,,,,trust_name_changes_for_code,REM,AINTREE UNIVERSITY HOSPITAL NHS FOUNDATION TRUST;LIVERPOOL UNIVERSITY HOSPITALS NHS FOUNDATION TRUST,,,2015-10-01,2026-05-01,2.0,NaT
identifier_changes.trust_name_changes_for_code.distinct_values,identifier_changes,trust_name_changes_for_code,warning,distinct_values,2,Same Trust code appears with multiple Trust names. No automatic organisation merge applied.,,,,,,,,,trust_name_changes_for_code,RGM,PAPWORTH HOSPITAL NHS FOUNDATION TRUST;ROYAL PAPWORTH HOSPITAL NHS FOUNDATION TRUST,,,2015-10-01,2026-05-01,2.0,NaT
identifier_changes.trust_name_changes_for_code.distinct_values,identifier_changes,trust_name_changes_for_code,warning,distinct_values,2,Same Trust code appears with multiple Trust names. No automatic organisation merge applied.,,,,,,,,,trust_name_changes_for_code,RGN,NORTH WEST ANGLIA NHS FOUNDATION TRUST;PETERBOROUGH AND STAMFORD HOSPITALS NHS FOUNDATION TRUST,,,2015-10-01,2026-05-01,2.0,NaT
identifier_changes.trust_name_changes_for_code.distinct_values,identifier_changes,trust_name_changes_for_code,warning,distinct_values,2,Same Trust code appears with multiple Trust names. No automatic organisation merge applied.,,,,,,,,,trust_name_changes_for_code,RH5,SOMERSET NHS FOUNDATION TRUST;SOMERSET PARTNERSHIP NHS FOUNDATION TRUST,,,2015-10-01,2026-05-01,2.0,NaT
identifier_changes.trust_name_changes_for_code.distinct_values,identifier_changes,trust_name_changes_for_code,warning,distinct_values,2,Same Trust code appears with multiple Trust names. No automatic organisation merge applied.,,,,,,,,,trust_name_changes_for_code,RH8,ROYAL DEVON AND EXETER NHS FOUNDATION TRUST;ROYAL DEVON UNIVERSITY HEALTHCARE NHS FOUNDATION TRUST,,,2015-10-01,2026-05-01,2.0,NaT
identifier_changes.trust_name_changes_for_code.distinct_values,identifier_changes,trust_name_changes_for_code,warning,distinct_values,3,Same Trust code appears with multiple Trust names. No automatic organisation merge applied.,,,,,,,,,trust_name_changes_for_code,RHU,PORTSMOUTH HOSPITALS NHS TRUST;PORTSMOUTH HOSPITALS UNIVERSITY NATIONAL HEALTH SERVICE TRUST;PORTSMOUTH HOSPITALS UNIVERSITY NHS TRUST,,,2015-10-01,2026-05-01,3.0,NaT
identifier_changes.trust_name_changes_for_code.distinct_values,identifier_changes,trust_name_changes_for_code,warning,distinct_values,2,Same Trust code appears with multiple Trust names. No automatic organisation merge applied.,,,,,,,,,trust_name_changes_for_code,RJC,SOUTH WARWICKSHIRE NHS FOUNDATION TRUST;SOUTH WARWICKSHIRE UNIVERSITY NHS FOUNDATION TRUST,,,2015-10-01,2026-05-01,2.0,NaT
identifier_changes.trust_name_changes_for_code.distinct_values,identifier_changes,trust_name_changes_for_code,warning,distinct_values,2,Same Trust code appears with multiple Trust names. No automatic organisation merge applied.,,,,,,,,,trust_name_changes_for_code,RK9,PLYMOUTH HOSPITALS NHS TRUST;UNIVERSITY HOSPITALS PLYMOUTH NHS TRUST,,,2015-10-01,2026-05-01,2.0,NaT
identifier_changes.trust_name_changes_for_code.distinct_values,identifier_changes,trust_name_changes_for_code,warning,distinct_values,2,Same Trust code appears with multiple Trust names. No automatic organisation merge applied.,,,,,,,,,trust_name_changes_for_code,RKE,THE WHITTINGTON HOSPITAL NHS TRUST;WHITTINGTON HEALTH NHS TRUST,,,2015-10-01,2026-05-01,2.0,NaT
identifier_changes.trust_name_changes_for_code.distinct_values,identifier_changes,trust_name_changes_for_code,warning,distinct_values,2,Same Trust code appears with multiple Trust names. No automatic organisation merge applied.,,,,,,,,,trust_name_changes_for_code,RM3,NORTHERN CARE ALLIANCE NHS FOUNDATION TRUST;SALFORD ROYAL NHS FOUNDATION TRUST,,,2015-10-01,2026-05-01,2.0,NaT
identifier_changes.trust_name_changes_for_code.distinct_values,identifier_changes,trust_name_changes_for_code,warning,distinct_values,2,Same Trust code appears with multiple Trust names. No automatic organisation merge applied.,,,,,,,,,trust_name_changes_for_code,RMP,TAMESIDE AND GLOSSOP INTEGRATED CARE NHS FOUNDATION TRUST;TAMESIDE HOSPITAL NHS FOUNDATION TRUST,,,2015-10-01,2026-05-01,2.0,NaT
identifier_changes.trust_name_changes_for_code.distinct_values,identifier_changes,trust_name_changes_for_code,warning,distinct_values,2,Same Trust code appears with multiple Trust names. No automatic organisation merge applied.,,,,,,,,,trust_name_changes_for_code,RNN,CUMBRIA PARTNERSHIP NHS FOUNDATION TRUST;NORTH CUMBRIA INTEGRATED CARE NHS FOUNDATION TRUST,,,2015-10-01,2026-05-01,2.0,NaT
identifier_changes.trust_name_changes_for_code.distinct_values,identifier_changes,trust_name_changes_for_code,warning,distinct_values,2,Same Trust code appears with multiple Trust names. No automatic organisation merge applied.,,,,,,,,,trust_name_changes_for_code,RP5,DONCASTER AND BASSETLAW HOSPITALS NHS FOUNDATION TRUST;DONCASTER AND BASSETLAW TEACHING HOSPITALS NHS FOUNDATION TRUST,,,2015-10-01,2026-05-01,2.0,NaT
identifier_changes.trust_name_changes_for_code.distinct_values,identifier_changes,trust_name_changes_for_code,warning,distinct_values,2,Same Trust code appears with multiple Trust names. No automatic organisation merge applied.,,,,,,,,,trust_name_changes_for_code,RQ3,BIRMINGHAM CHILDREN'S HOSPITAL NHS FOUNDATION TRUST;BIRMINGHAM WOMEN'S AND CHILDREN'S NHS FOUNDATION TRUST,,,2015-10-01,2026-05-01,2.0,NaT
identifier_changes.trust_name_changes_for_code.distinct_values,identifier_changes,trust_name_changes_for_code,warning,distinct_values,2,Same Trust code appears with multiple Trust names. No automatic organisation merge applied.,,,,,,,,,trust_name_changes_for_code,RRF,"WRIGHTINGTON, WIGAN AND LEIGH NHS FOUNDATION TRUST;WRIGHTINGTON, WIGAN AND LEIGH TEACHING HOSPITALS NHS FOUNDATION TRUST",,,2015-10-01,2026-05-01,2.0,NaT
identifier_changes.trust_name_changes_for_code.distinct_values,identifier_changes,trust_name_changes_for_code,warning,distinct_values,2,Same Trust code appears with multiple Trust names. No automatic organisation merge applied.,,,,,,,,,trust_name_changes_for_code,RTG,DERBY TEACHING HOSPITALS NHS FOUNDATION TRUST;UNIVERSITY HOSPITALS OF DERBY AND BURTON NHS FOUNDATION TRUST,,,2015-10-01,2026-05-01,2.0,NaT
identifier_changes.trust_name_changes_for_code.distinct_values,identifier_changes,trust_name_changes_for_code,warning,distinct_values,2,Same Trust code appears with multiple Trust names. No automatic organisation merge applied.,,,,,,,,,trust_name_changes_for_code,RW1,HAMPSHIRE AND ISLE OF WIGHT HEALTHCARE NHS FOUNDATION TRUST;SOUTHERN HEALTH NHS FOUNDATION TRUST,,,2015-10-01,2026-05-01,2.0,NaT
identifier_changes.trust_name_changes_for_code.distinct_values,identifier_changes,trust_name_changes_for_code,warning,distinct_values,2,Same Trust code appears with multiple Trust names. No automatic organisation merge applied.,,,,,,,,,trust_name_changes_for_code,RW5,LANCASHIRE & SOUTH CUMBRIA NHS FOUNDATION TRUST;LANCASHIRE CARE NHS FOUNDATION TRUST,,,2015-10-01,2026-05-01,2.0,NaT
identifier_changes.trust_name_changes_for_code.distinct_values,identifier_changes,trust_name_changes_for_code,warning,distinct_values,2,Same Trust code appears with multiple Trust names. No automatic organisation merge applied.,,,,,,,,,trust_name_changes_for_code,RWA,HULL AND EAST YORKSHIRE HOSPITALS NHS TRUST;HULL UNIVERSITY TEACHING HOSPITALS NHS TRUST,,,2015-10-01,2026-05-01,2.0,NaT
identifier_changes.trust_name_changes_for_code.distinct_values,identifier_changes,trust_name_changes_for_code,warning,distinct_values,2,Same Trust code appears with multiple Trust names. No automatic organisation merge applied.,,,,,,,,,trust_name_changes_for_code,RWD,UNITED LINCOLNSHIRE HOSPITALS NHS TRUST;UNITED LINCOLNSHIRE TEACHING HOSPITALS NHS TRUST,,,2015-10-01,2026-05-01,2.0,NaT
identifier_changes.trust_name_changes_for_code.distinct_values,identifier_changes,trust_name_changes_for_code,warning,distinct_values,2,Same Trust code appears with multiple Trust names. No automatic organisation merge applied.,,,,,,,,,trust_name_changes_for_code,RWG,WEST HERTFORDSHIRE HOSPITALS NHS TRUST;WEST HERTFORDSHIRE TEACHING HOSPITALS NHS TRUST,,,2015-10-01,2026-05-01,2.0,NaT
identifier_changes.trust_name_changes_for_code.distinct_values,identifier_changes,trust_name_changes_for_code,warning,distinct_values,2,Same Trust code appears with multiple Trust names. No automatic organisation merge applied.,,,,,,,,,trust_name_changes_for_code,RWH,EAST AND NORTH HERTFORDSHIRE NHS TRUST;EAST AND NORTH HERTFORDSHIRE TEACHING NHS TRUST,,,2015-10-01,2026-05-01,2.0,NaT
identifier_changes.trust_name_changes_for_code.distinct_values,identifier_changes,trust_name_changes_for_code,warning,distinct_values,3,Same Trust code appears with multiple Trust names. No automatic organisation merge applied.,,,,,,,,,trust_name_changes_for_code,RWW,NORTH CHESHIRE AND MERSEY NHS FOUNDATION TRUST;WARRINGTON AND HALTON HOSPITALS NHS FOUNDATION TRUST;WARRINGTON AND HALTON TEACHING HOSPITALS NHS FOUNDATION TRUST,,,2015-10-01,2026-05-01,3.0,NaT
identifier_changes.trust_name_changes_for_code.distinct_values,identifier_changes,trust_name_changes_for_code,warning,distinct_values,2,Same Trust code appears with multiple Trust names. No automatic organisation merge applied.,,,,,,,,,trust_name_changes_for_code,RX4,"CUMBRIA, NORTHUMBERLAND, TYNE AND WEAR NHS FOUNDATION TRUST;NORTHUMBERLAND, TYNE AND WEAR NHS FOUNDATION TRUST",,,2015-10-01,2026-05-01,2.0,NaT
identifier_changes.trust_name_changes_for_code.distinct_values,identifier_changes,trust_name_changes_for_code,warning,distinct_values,2,Same Trust code appears with multiple Trust names. No automatic organisation merge applied.,,,,,,,,,trust_name_changes_for_code,RXF,MID YORKSHIRE HOSPITALS NHS TRUST;MID YORKSHIRE TEACHING NHS TRUST,,,2015-10-01,2026-05-01,2.0,NaT
identifier_changes.trust_name_changes_for_code.distinct_values,identifier_changes,trust_name_changes_for_code,warning,distinct_values,2,Same Trust code appears with multiple Trust names. No automatic organisation merge applied.,,,,,,,,,trust_name_changes_for_code,RXW,SHREWSBURY AND TELFORD HOSPITAL NHS TRUST;THE SHREWSBURY AND TELFORD HOSPITAL NHS TRUST,,,2015-10-01,2026-05-01,2.0,NaT
identifier_changes.trust_name_changes_for_code.distinct_values,identifier_changes,trust_name_changes_for_code,warning,distinct_values,2,Same Trust code appears with multiple Trust names. No automatic organisation merge applied.,,,,,,,,,trust_name_changes_for_code,RYR,UNIVERSITY HOSPITALS SUSSEX NHS FOUNDATION TRUST;WESTERN SUSSEX HOSPITALS NHS FOUNDATION TRUST,,,2015-10-01,2026-05-01,2.0,NaT
identifier_changes.trust_name_changes_for_code.distinct_values,identifier_changes,trust_name_changes_for_code,warning,distinct_values,2,Same Trust code appears with multiple Trust names. No automatic organisation merge applied.,,,,,,,,,trust_name_changes_for_code,RV9,HUMBER NHS FOUNDATION TRUST;HUMBER TEACHING NHS FOUNDATION TRUST,,,2016-01-01,2021-01-01,2.0,NaT
identifier_changes.trust_name_changes_for_code.distinct_values,identifier_changes,trust_name_changes_for_code,warning,distinct_values,2,Same Trust code appears with multiple Trust names. No automatic organisation merge applied.,,,,,,,,,trust_name_changes_for_code,RQX,HOMERTON HEALTHCARE NHS FOUNDATION TRUST;HOMERTON UNIVERSITY HOSPITAL NHS FOUNDATION TRUST,,,2016-03-01,2026-05-01,2.0,NaT
identifier_changes.trust_name_changes_for_code.distinct_values,identifier_changes,trust_name_changes_for_code,warning,distinct_values,2,Same Trust code appears with multiple Trust names. No automatic organisation merge applied.,,,,,,,,,trust_name_changes_for_code,RY7,WIRRAL COMMUNITY HEALTH AND CARE NHS FOUNDATION TRUST;WIRRAL COMMUNITY NHS FOUNDATION TRUST,,,2016-06-01,2024-01-01,2.0,NaT
identifier_changes.trust_name_changes_for_code.distinct_values,identifier_changes,trust_name_changes_for_code,warning,distinct_values,2,Same Trust code appears with multiple Trust names. No automatic organisation merge applied.,,,,,,,,,trust_name_changes_for_code,NQX01,PROVIDE WELLBEING @ TOLLGATE CLINIC;TOLLGATE CLINIC SITE,,,2016-07-01,2025-03-01,2.0,NaT
identifier_changes.trust_name_changes_for_code.distinct_values,identifier_changes,trust_name_changes_for_code,warning,distinct_values,3,Same Trust code appears with multiple Trust names. No automatic organisation merge applied.,,,,,,,,,trust_name_changes_for_code,NMG,CONNECT HEALTH LIMITED;CONNECT PHYSICAL HEALTH;CORA HEALTH MSK (FORMERLY CONNECT HEALTH LTD),,,2017-04-01,2026-05-01,3.0,NaT
identifier_changes.trust_name_changes_for_code.distinct_values,identifier_changes,trust_name_changes_for_code,warning,distinct_values,2,Same Trust code appears with multiple Trust names. No automatic organisation merge applied.,,,,,,,,,trust_name_changes_for_code,NQTH0,HCRG CARE EAST RIDING LLP;VIRGIN CARE EAST RIDING LLP,,,2017-04-01,2024-10-01,2.0,NaT
identifier_changes.trust_name_changes_for_code.distinct_values,identifier_changes,trust_name_changes_for_code,warning,distinct_values,2,Same Trust code appears with multiple Trust names. No automatic organisation merge applied.,,,,,,,,,trust_name_changes_for_code,NPG01,SPAMEDICA (MANCHESTER);SPAMEDICA MANCHESTER,,,2017-10-01,2026-05-01,2.0,NaT
identifier_changes.trust_name_changes_for_code.distinct_values,identifier_changes,trust_name_changes_for_code,warning,distinct_values,2,Same Trust code appears with multiple Trust names. No automatic organisation merge applied.,,,,,,,,,trust_name_changes_for_code,ACG08,NEWMEDICA COMMUNITY OPHTHALMOLOGY - WARWICKSHIRE - THE GEORGE ELIOT HOSPITAL;NEWMEDICA OPHTHALMOLOGY - NUNEATON - CAMP HILL - GP LED HEALTH CENTRE,,,2017-12-01,2026-05-01,2.0,NaT
identifier_changes.trust_name_changes_for_code.distinct_values,identifier_changes,trust_name_changes_for_code,warning,distinct_values,2,Same Trust code appears with multiple Trust names. No automatic organisation merge applied.,,,,,,,,,trust_name_changes_for_code,ACG09,NEWMEDICA - BARLBOROUGH;NEWMEDICA COMMUNITY OPHTHALMOLOGY - NORTH DERBYSHIRE - BARLBOROUGH TREATMENT CENTRE,,,2017-12-01,2022-05-01,2.0,NaT
identifier_changes.trust_name_changes_for_code.distinct_values,identifier_changes,trust_name_changes_for_code,warning,distinct_values,2,Same Trust code appears with multiple Trust names. No automatic organisation merge applied.,,,,,,,,,trust_name_changes_for_code,ACG13,NEWMEDICA - GLOUCESTER (ASPEN MEDICAL CENTRE);NEWMEDICA COMMUNITY OPHTHALMOLOGY - GLOUCESTERSHIRE - GLOUCESTER (ASPEN CENTRE) (ACG13),,,2017-12-01,2026-05-01,2.0,NaT
identifier_changes.trust_name_changes_for_code.distinct_values,identifier_changes,trust_name_changes_for_code,warning,distinct_values,3,Same Trust code appears with multiple Trust names. No automatic organisation merge applied.,,,,,,,,,trust_name_changes_for_code,NYR,CORA HEALTH DIAGNOSTICS (FORMERLY HEALTHSHARE DIAGNOSTICS);GLOBAL DIAGNOSTICS;HEALTHSHARE DIAGNOSTICS,,,2017-12-01,2026-05-01,3.0,NaT
identifier_changes.trust_name_changes_for_code.distinct_values,identifier_changes,trust_name_changes_for_code,warning,distinct_values,3,Same Trust code appears with multiple Trust names. No automatic organisation merge applied.,,,,,,,,,trust_name_changes_for_code,NVC0M,CROYDON DAY HOSPITAL;RAMSAY CROYDON DAY HOSPITAL;WEST VALLEY HOSPITAL,,,2018-01-01,2024-01-01,3.0,NaT
identifier_changes.trust_name_changes_for_code.distinct_values,identifier_changes,trust_name_changes_for_code,warning,distinct_values,3,Same Trust code appears with multiple Trust names. No automatic organisation merge applied.,,,,,,,,,trust_name_changes_for_code,NPG02,SPAMEDICA (BIRKENHEAD);SPAMEDICA (WIRRAL);SPAMEDICA WIRRAL,,,2018-04-01,2026-05-01,3.0,NaT
identifier_changes.trust_name_changes_for_code.distinct_values,identifier_changes,trust_name_changes_for_code,warning,distinct_values,2,Same Trust code appears with multiple Trust names. No automatic organisation merge applied.,,,,,,,,,trust_name_changes_for_code,NPG08,SPAMEDICA (BOLTON);SPAMEDICA BOLTON,,,2018-04-01,2026-05-01,2.0,NaT
identifier_changes.trust_name_changes_for_code.distinct_values,identifier_changes,trust_name_changes_for_code,warning,distinct_values,2,Same Trust code appears with multiple Trust names. No automatic organisation merge applied.,,,,,,,,,trust_name_changes_for_code,NPG10,SPAMEDICA (SHEFFILED);SPAMEDICA SHEFFIELD,,,2018-04-01,2026-05-01,2.0,NaT
identifier_changes.trust_name_changes_for_code.distinct_values,identifier_changes,trust_name_changes_for_code,warning,distinct_values,2,Same Trust code appears with multiple Trust names. No automatic organisation merge applied.,,,,,,,,,trust_name_changes_for_code,NPG11,SPAMEDICA (BIRMINGHAM);SPAMEDICA BIRMINGHAM,,,2018-06-01,2026-05-01,2.0,NaT
identifier_changes.trust_name_changes_for_code.distinct_values,identifier_changes,trust_name_changes_for_code,warning,distinct_values,2,Same Trust code appears with multiple Trust names. No automatic organisation merge applied.,,,,,,,,,trust_name_changes_for_code,RRE,MIDLANDS PARTNERSHIP NHS FOUNDATION TRUST;MIDLANDS PARTNERSHIP UNIVERSITY NHS FOUNDATION TRUST,,,2018-06-01,2026-05-01,2.0,NaT
identifier_changes.trust_name_changes_for_code.distinct_values,identifier_changes,trust_name_changes_for_code,warning,distinct_values,2,Same Trust code appears with multiple Trust names. No automatic organisation merge applied.,,,,,,,,,trust_name_changes_for_code,NN8,EAST KENT MEDICAL SERVICES LTD;SPENCER PRIVATE HOSPITALS LTD,,,2018-07-01,2026-05-01,2.0,NaT
identifier_changes.trust_name_changes_for_code.distinct_values,identifier_changes,trust_name_changes_for_code,warning,distinct_values,2,Same Trust code appears with multiple Trust names. No automatic organisation merge applied.,,,,,,,,,trust_name_changes_for_code,NPG13,SPAMEDICA - SKELMERSDALE;SPAMEDICA SKELMERSDALE,,,2018-07-01,2026-05-01,2.0,NaT
identifier_changes.trust_name_changes_for_code.distinct_values,identifier_changes,trust_name_changes_for_code,warning,distinct_values,3,Same Trust code appears with multiple Trust names. No automatic organisation merge applied.,,,,,,,,,trust_name_changes_for_code,NWV01,COHESE HEALTHCARE;GP CARE UK;GP CARE UK LIMITED (CHRISTCHURCH MEDICAL CENTRE),,,2018-10-01,2026-05-01,3.0,NaT
identifier_changes.trust_name_changes_for_code.distinct_values,identifier_changes,trust_name_changes_for_code,warning,distinct_values,2,Same Trust code appears with multiple Trust names. No automatic organisation merge applied.,,,,,,,,,trust_name_changes_for_code,NPG12,SPAMEDICA (BRADFORD);SPAMEDICA ECCLESHILL TREATMENT CENTRE,,,2018-11-01,2023-06-01,2.0,NaT
identifier_changes.trust_name_changes_for_code.distinct_values,identifier_changes,trust_name_changes_for_code,warning,distinct_values,2,Same Trust code appears with multiple Trust names. No automatic organisation merge applied.,,,,,,,,,trust_name_changes_for_code,NCN,DMC COMMUNITY OUTPATIENT SERVICES;DMC HEALTHCARE,,,2020-02-01,2026-05-01,2.0,NaT
identifier_changes.trust_name_changes_for_code.distinct_values,identifier_changes,trust_name_changes_for_code,warning,distinct_values,3,Same Trust code appears with multiple Trust names. No automatic organisation merge applied.,,,,,,,,,trust_name_changes_for_code,GEC01,RAPID INVESTIGATION SERVICE;RAPID INVESTIGATION SERVICE (SOUTHERN HOUSE);WESSEX RAPID DIAGNOSTIC SERVICE (SOUTHERN HOUSE),,,2020-08-01,2026-05-01,3.0,NaT
identifier_changes.trust_name_changes_for_code.distinct_values,identifier_changes,trust_name_changes_for_code,warning,distinct_values,2,Same Trust code appears with multiple Trust names. No automatic organisation merge applied.,,,,,,,,,trust_name_changes_for_code,Q8X0X,SPAMEDICA ISLE OF WIGHT;SPAMEDICA ISLE OF WIGHT COMMUNITY DIAGNOSTIC & TREATMENT CENTRE,,,2025-01-01,2026-05-01,2.0,NaT
identifier_changes.trust_code_changes_for_name.distinct_values,identifier_changes,trust_code_changes_for_name,warning,distinct_values,2,Same Trust name appears with multiple Trust codes. No automatic organisation merge applied.,,,,,,,,,trust_code_changes_for_name,F9Z4V;NV323,CIRCLE READING HOSPITAL,,,2015-10-01,2026-05-01,2.0,NaT
identifier_changes.trust_code_changes_for_name.distinct_values,identifier_changes,trust_code_changes_for_name,warning,distinct_values,2,Same Trust name appears with multiple Trust codes. No automatic organisation merge applied.,,,,,,,,,trust_code_changes_for_name,NT447;NVC04,DUCHY HOSPITAL,,,2015-10-01,2026-05-01,2.0,NaT
identifier_changes.trust_code_changes_for_name.distinct_values,identifier_changes,trust_code_changes_for_name,warning,distinct_values,2,Same Trust name appears with multiple Trust codes. No automatic organisation merge applied.,,,,,,,,,trust_code_changes_for_name,NX5;NX501,ANGLIA COMMUNITY EYE SERVICE LTD,,,2015-11-01,2026-05-01,2.0,NaT
identifier_changes.trust_code_changes_for_name.distinct_values,identifier_changes,trust_code_changes_for_name,warning,distinct_values,2,Same Trust name appears with multiple Trust codes. No automatic organisation merge applied.,,,,,,,,,trust_code_changes_for_name,ACG34;Z1E5F,NEWMEDICA - HARROGATE,,,2019-11-01,2026-05-01,2.0,NaT
identifier_changes.trust_code_changes_for_name.distinct_values,identifier_changes,trust_code_changes_for_name,warning,distinct_values,2,Same Trust name appears with multiple Trust codes. No automatic organisation merge applied.,,,,,,,,,trust_code_changes_for_name,GEC;GEC01,RAPID INVESTIGATION SERVICE,,,2021-08-01,2026-05-01,2.0,NaT
missing_months.missing_months.total_missing_months,missing_months,missing_months,info,total_missing_months,46753,Total reindexed missing months across Trust-specialty series.,,,,,,,,,,,,,,,,,NaT
missing_months.series_excluded_for_insufficient_history.series_excluded_for_insufficient_history,missing_months,series_excluded_for_insufficient_history,warning,series_excluded_for_insufficient_history,1453,Series excluded because completed monthly history is shorter than min_series_length.,,,,,,,,,,,,,,,,,NaT
part2a_consistency.part2a_exceeds_total_incomplete.part2a_exceeds_total_rate,part2a_consistency,part2a_exceeds_total_incomplete,warning,part2a_exceeds_total_rate,7.121788518489944e-05,Share of comparable rows where Part 2A exceeds total incomplete pathways.,,,,,,,,,,,,,,,,,NaT
large_jumps.unexpectedly_large_jump.incomplete_total,large_jumps,unexpectedly_large_jump,warning,incomplete_total,20824.0,Month-to-month absolute change 20824.00; relative change 832.9600.,,,,,,,,,,AAV02,COMMUNITY HEALTH AND EYECARE LIMITED (PRESTON),130,Ophthalmology Service,,,,2022-03-01
large_jumps.unexpectedly_large_jump.incomplete_total,large_jumps,unexpectedly_large_jump,warning,incomplete_total,18641.0,Month-to-month absolute change -18641.00; relative change 0.8077.,,,,,,,,,,AAV,COMMUNITY HEALTH AND EYECARE LIMITED,130,Ophthalmology Service,,,,2022-05-01
large_jumps.unexpectedly_large_jump.incomplete_total,large_jumps,unexpectedly_large_jump,warning,incomplete_total,13097.0,Month-to-month absolute change 13097.00; relative change 0.8972.,,,,,,,,,,RAL,ROYAL FREE LONDON NHS FOUNDATION TRUST,X01,Other,,,,2021-03-01
large_jumps.unexpectedly_large_jump.incomplete_total,large_jumps,unexpectedly_large_jump,warning,incomplete_total,12018.0,Month-to-month absolute change 12018.00; relative change 1.8292.,,,,,,,,,,RAJ,SOUTHEND UNIVERSITY HOSPITAL NHS FOUNDATION TRUST,X01,Other,,,,2020-04-01
large_jumps.unexpectedly_large_jump.incomplete_total,large_jumps,unexpectedly_large_jump,warning,incomplete_total,10502.0,Month-to-month absolute change 10502.00; relative change 4.5054.,,,,,,,,,,RM3,NORTHERN CARE ALLIANCE NHS FOUNDATION TRUST,301,Gastroenterology Service,,,,2021-10-01
large_jumps.unexpectedly_large_jump.incomplete_total,large_jumps,unexpectedly_large_jump,warning,incomplete_total,10177.0,Month-to-month absolute change -10177.00; relative change 0.9677.,,,,,,,,,,RRV,UNIVERSITY COLLEGE LONDON HOSPITALS NHS FOUNDATION TRUST,X03,Other - Mental Health Services,,,,2023-11-01
large_jumps.unexpectedly_large_jump.incomplete_total,large_jumps,unexpectedly_large_jump,warning,incomplete_total,10059.0,Month-to-month absolute change 10059.00; relative change 0.6868.,,,,,,,,,,RRV,UNIVERSITY COLLEGE LONDON HOSPITALS NHS FOUNDATION TRUST,X01,Other,,,,2018-01-01
large_jumps.unexpectedly_large_jump.incomplete_total,large_jumps,unexpectedly_large_jump,warning,incomplete_total,9989.0,Month-to-month absolute change 9989.00; relative change 1.8851.,,,,,,,,,,RTE,GLOUCESTERSHIRE HOSPITALS NHS FOUNDATION TRUST,X01,Other,,,,2019-03-01
large_jumps.unexpectedly_large_jump.incomplete_total,large_jumps,unexpectedly_large_jump,warning,incomplete_total,9702.0,Month-to-month absolute change -9702.00; relative change 0.3985.,,,,,,,,,,RRV,UNIVERSITY COLLEGE LONDON HOSPITALS NHS FOUNDATION TRUST,X01,Other,,,,2017-12-01
large_jumps.unexpectedly_large_jump.incomplete_total,large_jumps,unexpectedly_large_jump,warning,incomplete_total,9504.0,Month-to-month absolute change -9504.00; relative change 0.3936.,,,,,,,,,,RRV,UNIVERSITY COLLEGE LONDON HOSPITALS NHS FOUNDATION TRUST,X01,Other,,,,2018-08-01
large_jumps.unexpectedly_large_jump.incomplete_total,large_jumps,unexpectedly_large_jump,warning,incomplete_total,9427.0,Month-to-month absolute change 9427.00; relative change 0.6318.,,,,,,,,,,RRV,UNIVERSITY COLLEGE LONDON HOSPITALS NHS FOUNDATION TRUST,X01,Other,,,,2017-11-01
large_jumps.unexpectedly_large_jump.incomplete_total,large_jumps,unexpectedly_large_jump,warning,incomplete_total,9207.0,Month-to-month absolute change 9207.00; relative change 53.2197.,,,,,,,,,,RDE,EAST SUFFOLK AND NORTH ESSEX NHS FOUNDATION TRUST,X05,Other - Surgical Services,,,,2025-10-01
large_jumps.unexpectedly_large_jump.incomplete_total,large_jumps,unexpectedly_large_jump,warning,incomplete_total,8987.0,Month-to-month absolute change 8987.00; relative change 0.8713.,,,,,,,,,,RRK,UNIVERSITY HOSPITALS BIRMINGHAM NHS FOUNDATION TRUST,X01,Other,,,,2018-06-01
large_jumps.unexpectedly_large_jump.incomplete_total,large_jumps,unexpectedly_large_jump,warning,incomplete_total,8717.0,Month-to-month absolute change 8717.00; relative change 0.5008.,,,,,,,,,,RRK,UNIVERSITY HOSPITALS BIRMINGHAM NHS FOUNDATION TRUST,X01,Other,,,,2020-11-01
large_jumps.unexpectedly_large_jump.incomplete_total,large_jumps,unexpectedly_large_jump,warning,incomplete_total,8404.0,Month-to-month absolute change 8404.00; relative change 1.5010.,,,,,,,,,,R0A,MANCHESTER UNIVERSITY NHS FOUNDATION TRUST,140,Oral Surgery Service,,,,2021-04-01
large_jumps.unexpectedly_large_jump.incomplete_total,large_jumps,unexpectedly_large_jump,warning,incomplete_total,8394.0,Month-to-month absolute change 8394.00; relative change 1.6356.,,,,,,,,,,RJ7,ST GEORGE'S UNIVERSITY HOSPITALS NHS FOUNDATION TRUST,X01,Other,,,,2019-01-01
large_jumps.unexpectedly_large_jump.incomplete_total,large_jumps,unexpectedly_large_jump,warning,incomplete_total,8370.0,Month-to-month absolute change -8370.00; relative change 0.7395.,,,,,,,,,,R1K,LONDON NORTH WEST UNIVERSITY HEALTHCARE NHS TRUST,100,General Surgery Service,,,,2023-08-01
large_jumps.unexpectedly_large_jump.incomplete_total,large_jumps,unexpectedly_large_jump,warning,incomplete_total,8015.0,Month-to-month absolute change -8015.00; relative change 0.9253.,,,,,,,,,,RA7,UNIVERSITY HOSPITALS BRISTOL AND WESTON NHS FOUNDATION TRUST,X06,Other - Other Services,,,,2022-04-01
large_jumps.unexpectedly_large_jump.incomplete_total,large_jumps,unexpectedly_large_jump,warning,incomplete_total,7936.0,Month-to-month absolute change 7936.00; relative change 256.0000.,,,,,,,,,,RJE,UNIVERSITY HOSPITALS OF NORTH MIDLANDS NHS TRUST,X02,Other - Medical Services,,,,2021-05-01
large_jumps.unexpectedly_large_jump.incomplete_total,large_jumps,unexpectedly_large_jump,warning,incomplete_total,7602.0,Month-to-month absolute change 7602.00; relative change 1.9864.,,,,,,,,,,RRK,UNIVERSITY HOSPITALS BIRMINGHAM NHS FOUNDATION TRUST,130,Ophthalmology,,,,2018-06-01
large_jumps.unexpectedly_large_jump.incomplete_total,large_jumps,unexpectedly_large_jump,warning,incomplete_total,7343.0,Month-to-month absolute change -7343.00; relative change 0.9522.,,,,,,,,,,RTE,GLOUCESTERSHIRE HOSPITALS NHS FOUNDATION TRUST,100,General Surgery,,,,2019-03-01
large_jumps.unexpectedly_large_jump.incomplete_total,large_jumps,unexpectedly_large_jump,warning,incomplete_total,7324.0,Month-to-month absolute change -7324.00; relative change 0.9999.,,,,,,,,,,RJE,UNIVERSITY HOSPITALS OF NORTH MIDLANDS NHS TRUST,X03,Other - Mental Health Services,,,,2021-06-01
large_jumps.unexpectedly_large_jump.incomplete_total,large_jumps,unexpectedly_large_jump,warning,incomplete_total,7296.0,Month-to-month absolute change -7296.00; relative change 0.9017.,,,,,,,,,,RTK,ASHFORD AND ST PETER'S HOSPITALS NHS FOUNDATION TRUST,X06,Other - Other Services,,,,2025-06-01
large_jumps.unexpectedly_large_jump.incomplete_total,large_jumps,unexpectedly_large_jump,warning,incomplete_total,7239.0,Month-to-month absolute change 7239.00; relative change 14.9566.,,,,,,,,,,RXN,LANCASHIRE TEACHING HOSPITALS NHS FOUNDATION TRUST,100,General Surgery Service,,,,2022-04-01
large_jumps.unexpectedly_large_jump.incomplete_total,large_jumps,unexpectedly_large_jump,warning,incomplete_total,7235.0,Month-to-month absolute change -7235.00; relative change 0.9368.,,,,,,,,,,RXN,LANCASHIRE TEACHING HOSPITALS NHS FOUNDATION TRUST,100,General Surgery Service,,,,2022-05-01
large_jumps.unexpectedly_large_jump.incomplete_total,large_jumps,unexpectedly_large_jump,warning,incomplete_total,7198.0,Month-to-month absolute change -7198.00; relative change 0.7726.,,,,,,,,,,R1K,LONDON NORTH WEST UNIVERSITY HEALTHCARE NHS TRUST,140,Oral Surgery Service,,,,2023-08-01
large_jumps.unexpectedly_large_jump.incomplete_total,large_jumps,unexpectedly_large_jump,warning,incomplete_total,7180.0,Month-to-month absolute change 7180.00; relative change 2.4844.,,,,,,,,,,REM,LIVERPOOL UNIVERSITY HOSPITALS NHS FOUNDATION TRUST,X01,Other,,,,2019-10-01
large_jumps.unexpectedly_large_jump.incomplete_total,large_jumps,unexpectedly_large_jump,warning,incomplete_total,7045.0,Month-to-month absolute change 7045.00; relative change 16.7738.,,,,,,,,,,RXN,LANCASHIRE TEACHING HOSPITALS NHS FOUNDATION TRUST,X05,Other - Surgical Services,,,,2022-05-01
large_jumps.unexpectedly_large_jump.incomplete_total,large_jumps,unexpectedly_large_jump,warning,incomplete_total,6935.0,Month-to-month absolute change 6935.00; relative change 0.7785.,,,,,,,,,,RXK,SANDWELL AND WEST BIRMINGHAM HOSPITALS NHS TRUST,X01,Other,,,,2021-01-01
large_jumps.unexpectedly_large_jump.incomplete_total,large_jumps,unexpectedly_large_jump,warning,incomplete_total,6925.0,Month-to-month absolute change -6925.00; relative change 0.7915.,,,,,,,,,,RAL,ROYAL FREE LONDON NHS FOUNDATION TRUST,100,General Surgery,,,,2021-03-01
large_jumps.unexpectedly_large_jump.incomplete_total,large_jumps,unexpectedly_large_jump,warning,incomplete_total,6841.0,Month-to-month absolute change 6841.00; relative change 1.5401.,,,,,,,,,,RM3,NORTHERN CARE ALLIANCE NHS FOUNDATION TRUST,120,Ear Nose and Throat Service,,,,2021-10-01
large_jumps.unexpectedly_large_jump.incomplete_total,large_jumps,unexpectedly_large_jump,warning,incomplete_total,6818.0,Month-to-month absolute change -6818.00; relative change 0.9420.,,,,,,,,,,RXN,LANCASHIRE TEACHING HOSPITALS NHS FOUNDATION TRUST,X05,Other - Surgical Services,,,,2022-04-01
large_jumps.unexpectedly_large_jump.incomplete_total,large_jumps,unexpectedly_large_jump,warning,incomplete_total,6807.0,Month-to-month absolute change 6807.00; relative change 20.6900.,,,,,,,,,,RRV,UNIVERSITY COLLEGE LONDON HOSPITALS NHS FOUNDATION TRUST,X05,Other - Surgical Services,,,,2023-11-01
large_jumps.unexpectedly_large_jump.incomplete_total,large_jumps,unexpectedly_large_jump,warning,incomplete_total,6766.0,Month-to-month absolute change 6766.00; relative change 3.1945.,,,,,,,,,,R1K,LONDON NORTH WEST UNIVERSITY HEALTHCARE NHS TRUST,140,Oral Surgery Service,,,,2023-09-01
large_jumps.unexpectedly_large_jump.incomplete_total,large_jumps,unexpectedly_large_jump,warning,incomplete_total,6658.0,Month-to-month absolute change -6658.00; relative change 0.9296.,,,,,,,,,,RXN,LANCASHIRE TEACHING HOSPITALS NHS FOUNDATION TRUST,100,General Surgery Service,,,,2021-10-01
large_jumps.unexpectedly_large_jump.incomplete_total,large_jumps,unexpectedly_large_jump,warning,incomplete_total,6566.0,Month-to-month absolute change -6566.00; relative change 0.4662.,,,,,,,,,,RDE,EAST SUFFOLK AND NORTH ESSEX NHS FOUNDATION TRUST,100,General Surgery Service,,,,2025-10-01
large_jumps.unexpectedly_large_jump.incomplete_total,large_jumps,unexpectedly_large_jump,warning,incomplete_total,6327.0,Month-to-month absolute change 6327.00; relative change 0.6345.,,,,,,,,,,RM3,NORTHERN CARE ALLIANCE NHS FOUNDATION TRUST,110,Trauma and Orthopaedic Service,,,,2021-10-01
large_jumps.unexpectedly_large_jump.incomplete_total,large_jumps,unexpectedly_large_jump,warning,incomplete_total,6318.0,Month-to-month absolute change 6318.00; relative change 0.4693.,,,,,,,,,,RAL,ROYAL FREE LONDON NHS FOUNDATION TRUST,X02,Other - Medical Services,,,,2025-01-01
large_jumps.unexpectedly_large_jump.incomplete_total,large_jumps,unexpectedly_large_jump,warning,incomplete_total,6026.0,Month-to-month absolute change 6026.00; relative change 0.3983.,,,,,,,,,,RRV,UNIVERSITY COLLEGE LONDON HOSPITALS NHS FOUNDATION TRUST,X01,Other,,,,2019-04-01
large_jumps.unexpectedly_large_jump.incomplete_total,large_jumps,unexpectedly_large_jump,warning,incomplete_total,5958.0,Month-to-month absolute change 5958.00; relative change 1.7310.,,,,,,,,,,RXC,EAST SUSSEX HEALTHCARE NHS TRUST,110,Trauma and Orthopaedic Service,,,,2025-03-01
large_jumps.unexpectedly_large_jump.incomplete_total,large_jumps,unexpectedly_large_jump,warning,incomplete_total,5917.0,Month-to-month absolute change -5917.00; relative change 0.7496.,,,,,,,,,,RYR,UNIVERSITY HOSPITALS SUSSEX NHS FOUNDATION TRUST,100,General Surgery Service,,,,2021-04-01
large_jumps.unexpectedly_large_jump.incomplete_total,large_jumps,unexpectedly_large_jump,warning,incomplete_total,5885.0,Month-to-month absolute change -5885.00; relative change 0.9310.,,,,,,,,,,RCB,YORK AND SCARBOROUGH TEACHING HOSPITALS NHS FOUNDATION TRUST,100,General Surgery Service,,,,2024-01-01
large_jumps.unexpectedly_large_jump.incomplete_total,large_jumps,unexpectedly_large_jump,warning,incomplete_total,5873.0,Month-to-month absolute change 5873.00; relative change 1.4189.,,,,,,,,,,RM3,NORTHERN CARE ALLIANCE NHS FOUNDATION TRUST,X05,Other - Surgical Services,,,,2021-10-01
large_jumps.unexpectedly_large_jump.incomplete_total,large_jumps,unexpectedly_large_jump,warning,incomplete_total,5867.0,Month-to-month absolute change -5867.00; relative change 0.9997.,,,,,,,,,,RWJ,STOCKPORT NHS FOUNDATION TRUST,300,General Internal Medicine Service,,,,2021-04-01
large_jumps.unexpectedly_large_jump.incomplete_total,large_jumps,unexpectedly_large_jump,warning,incomplete_total,5729.0,Month-to-month absolute change 5729.00; relative change 18.9702.,,,,,,,,,,RCB,YORK AND SCARBOROUGH TEACHING HOSPITALS NHS FOUNDATION TRUST,X05,Other - Surgical Services,,,,2024-01-01
large_jumps.unexpectedly_large_jump.incomplete_total,large_jumps,unexpectedly_large_jump,warning,incomplete_total,5592.0,Month-to-month absolute change 5592.00; relative change 0.4400.,,,,,,,,,,RBS,ALDER HEY CHILDREN'S NHS FOUNDATION TRUST,X04,Other - Paediatric Services,,,,2021-10-01
large_jumps.unexpectedly_large_jump.incomplete_total,large_jumps,unexpectedly_large_jump,warning,incomplete_total,5535.0,Month-to-month absolute change 5535.00; relative change 1.3454.,,,,,,,,,,RTG,DERBY TEACHING HOSPITALS NHS FOUNDATION TRUST,X01,Other,,,,2017-04-01
large_jumps.unexpectedly_large_jump.incomplete_total,large_jumps,unexpectedly_large_jump,warning,incomplete_total,5517.0,Month-to-month absolute change 5517.00; relative change 145.1842.,,,,,,,,,,RXR,EAST LANCASHIRE HOSPITALS NHS TRUST,X05,Other - Surgical Services,,,,2021-10-01
large_jumps.unexpectedly_large_jump.incomplete_total,large_jumps,unexpectedly_large_jump,warning,incomplete_total,5484.0,Month-to-month absolute change 5484.00; relative change 6.2962.,,,,,,,,,,RRK,UNIVERSITY HOSPITALS BIRMINGHAM NHS FOUNDATION TRUST,110,Trauma & Orthopaedics,,,,2018-06-01
large_jumps.unexpectedly_large_jump.incomplete_total,large_jumps,unexpectedly_large_jump,warning,incomplete_total,5458.0,Month-to-month absolute change -5458.00; relative change 0.9422.,,,,,,,,,,RQ3,BIRMINGHAM WOMEN'S AND CHILDREN'S NHS FOUNDATION TRUST,X06,Other - Other Services,,,,2025-05-01
large_jumps.unexpectedly_large_jump.incomplete_total,large_jumps,unexpectedly_large_jump,warning,incomplete_total,5453.0,Month-to-month absolute change 5453.00; relative change 1.4014.,,,,,,,,,,RHW,ROYAL BERKSHIRE NHS FOUNDATION TRUST,130,Ophthalmology,,,,2020-07-01
large_jumps.unexpectedly_large_jump.incomplete_total,large_jumps,unexpectedly_large_jump,warning,incomplete_total,5381.0,Month-to-month absolute change -5381.00; relative change 0.5709.,,,,,,,,,,R0A,MANCHESTER UNIVERSITY NHS FOUNDATION TRUST,340,Respiratory Medicine Service,,,,2024-12-01
large_jumps.unexpectedly_large_jump.incomplete_total,large_jumps,unexpectedly_large_jump,warning,incomplete_total,5351.0,Month-to-month absolute change 5351.00; relative change 0.7254.,,,,,,,,,,RYR,UNIVERSITY HOSPITALS SUSSEX NHS FOUNDATION TRUST,130,Ophthalmology Service,,,,2021-04-01
large_jumps.unexpectedly_large_jump.incomplete_total,large_jumps,unexpectedly_large_jump,warning,incomplete_total,5331.0,Month-to-month absolute change 5331.00; relative change 1.0882.,,,,,,,,,,RDR,SUSSEX COMMUNITY NHS FOUNDATION TRUST,110,Trauma and Orthopaedic Service,,,,2024-12-01
large_jumps.unexpectedly_large_jump.incomplete_total,large_jumps,unexpectedly_large_jump,warning,incomplete_total,5311.0,Month-to-month absolute change 5311.00; relative change 2.6891.,,,,,,,,,,RRK,UNIVERSITY HOSPITALS BIRMINGHAM NHS FOUNDATION TRUST,301,Gastroenterology,,,,2018-06-01
large_jumps.unexpectedly_large_jump.incomplete_total,large_jumps,unexpectedly_large_jump,warning,incomplete_total,5291.0,Month-to-month absolute change -5291.00; relative change 0.2727.,,,,,,,,,,RWH,EAST AND NORTH HERTFORDSHIRE NHS TRUST,X06,Other - Other Services,,,,2024-02-01
large_jumps.unexpectedly_large_jump.incomplete_total,large_jumps,unexpectedly_large_jump,warning,incomplete_total,5213.0,Month-to-month absolute change 5213.00; relative change 2.2155.,,,,,,,,,,RJ1,GUY'S AND ST THOMAS' NHS FOUNDATION TRUST,340,Respiratory Medicine Service,,,,2023-10-01
large_jumps.unexpectedly_large_jump.incomplete_total,large_jumps,unexpectedly_large_jump,warning,incomplete_total,5152.0,Month-to-month absolute change 5152.00; relative change 8.7027.,,,,,,,,,,RA7,UNIVERSITY HOSPITALS BRISTOL AND WESTON NHS FOUNDATION TRUST,X06,Other - Other Services,,,,2021-05-01
large_jumps.unexpectedly_large_jump.incomplete_total,large_jumps,unexpectedly_large_jump,warning,incomplete_total,5151.0,Month-to-month absolute change -5151.00; relative change 0.6884.,,,,,,,,,,RJR,COUNTESS OF CHESTER HOSPITAL NHS FOUNDATION TRUST,100,General Surgery Service,,,,2022-06-01
large_jumps.unexpectedly_large_jump.incomplete_total,large_jumps,unexpectedly_large_jump,warning,incomplete_total,5119.0,Month-to-month absolute change 5119.00; relative change 5119.0000.,,,,,,,,,,RRF,"WRIGHTINGTON, WIGAN AND LEIGH TEACHING HOSPITALS NHS FOUNDATION TRUST",X06,Other - Other Services,,,,2026-04-01
large_jumps.unexpectedly_large_jump.incomplete_total,large_jumps,unexpectedly_large_jump,warning,incomplete_total,5042.0,Month-to-month absolute change 5042.00; relative change 1.9034.,,,,,,,,,,NYG,SUSSEX COMMUNITY DERMATOLOGY SERVICE,330,Dermatology,,,,2020-09-01
large_jumps.unexpectedly_large_jump.incomplete_total,large_jumps,unexpectedly_large_jump,warning,incomplete_total,5042.0,Month-to-month absolute change -5042.00; relative change 0.3810.,,,,,,,,,,RW6,PENNINE ACUTE HOSPITALS NHS TRUST,X01,Other,,,,2020-12-01
large_jumps.unexpectedly_large_jump.incomplete_total,large_jumps,unexpectedly_large_jump,warning,incomplete_total,5031.0,Month-to-month absolute change -5031.00; relative change 0.6468.,,,,,,,,,,RAJ,MID AND SOUTH ESSEX NHS FOUNDATION TRUST,X05,Other - Surgical Services,,,,2024-03-01
large_jumps.unexpectedly_large_jump.incomplete_total,large_jumps,unexpectedly_large_jump,warning,incomplete_total,5004.0,Month-to-month absolute change -5004.00; relative change 0.6025.,,,,,,,,,,RXR,EAST LANCASHIRE HOSPITALS NHS TRUST,110,Trauma and Orthopaedic Service,,,,2021-10-01
large_jumps.unexpectedly_large_jump.incomplete_total,large_jumps,unexpectedly_large_jump,warning,incomplete_total,4987.0,Month-to-month absolute change 4987.00; relative change 2.3657.,,,,,,,,,,RNN,NORTH CUMBRIA INTEGRATED CARE NHS FOUNDATION TRUST,X01,Other,,,,2019-10-01
large_jumps.unexpectedly_large_jump.incomplete_total,large_jumps,unexpectedly_large_jump,warning,incomplete_total,4877.0,Month-to-month absolute change 4877.00; relative change 5.3652.,,,,,,,,,,RJR,COUNTESS OF CHESTER HOSPITAL NHS FOUNDATION TRUST,X05,Other - Surgical Services,,,,2022-06-01
large_jumps.unexpectedly_large_jump.incomplete_total,large_jumps,unexpectedly_large_jump,warning,incomplete_total,4872.0,Month-to-month absolute change 4872.00; relative change 1.4827.,,,,,,,,,,RYR,UNIVERSITY HOSPITALS SUSSEX NHS FOUNDATION TRUST,120,Ear Nose and Throat Service,,,,2021-04-01
large_jumps.unexpectedly_large_jump.incomplete_total,large_jumps,unexpectedly_large_jump,warning,incomplete_total,4830.0,Month-to-month absolute change 4830.00; relative change 1.7583.,,,,,,,,,,RAJ,MID AND SOUTH ESSEX NHS FOUNDATION TRUST,X05,Other - Surgical Services,,,,2024-04-01
large_jumps.unexpectedly_large_jump.incomplete_total,large_jumps,unexpectedly_large_jump,warning,incomplete_total,4792.0,Month-to-month absolute change 4792.00; relative change 106.4889.,,,,,,,,,,RH5,SOMERSET NHS FOUNDATION TRUST,X01,Other,,,,2020-04-01
large_jumps.unexpectedly_large_jump.incomplete_total,large_jumps,unexpectedly_large_jump,warning,incomplete_total,4719.0,Month-to-month absolute change 4719.00; relative change 1.5678.,,,,,,,,,,RM3,NORTHERN CARE ALLIANCE NHS FOUNDATION TRUST,502,Gynaecology Service,,,,2021-10-01
large_jumps.unexpectedly_large_jump.incomplete_total,large_jumps,unexpectedly_large_jump,warning,incomplete_total,4680.0,Month-to-month absolute change 4680.00; relative change 2340.0000.,,,,,,,,,,RAL,ROYAL FREE LONDON NHS FOUNDATION TRUST,140,Oral Surgery Service,,,,2026-02-01
large_jumps.unexpectedly_large_jump.incomplete_total,large_jumps,unexpectedly_large_jump,warning,incomplete_total,4559.0,Month-to-month absolute change 4559.00; relative change 2.0666.,,,,,,,,,,RRK,UNIVERSITY HOSPITALS BIRMINGHAM NHS FOUNDATION TRUST,120,"Ear, Nose & Throat (ENT)",,,,2018-06-01
large_jumps.unexpectedly_large_jump.incomplete_total,large_jumps,unexpectedly_large_jump,warning,incomplete_total,4539.0,Month-to-month absolute change 4539.00; relative change 1.2651.,,,,,,,,,,RYR,UNIVERSITY HOSPITALS SUSSEX NHS FOUNDATION TRUST,502,Gynaecology Service,,,,2021-04-01
large_jumps.unexpectedly_large_jump.incomplete_total,large_jumps,unexpectedly_large_jump,warning,incomplete_total,4526.0,Month-to-month absolute change 4526.00; relative change 3.6093.,,,,,,,,,,RYW,BIRMINGHAM COMMUNITY HEALTHCARE NHS FOUNDATION TRUST,X02,Other - Medical Services,,,,2022-08-01
large_jumps.unexpectedly_large_jump.incomplete_total,large_jumps,unexpectedly_large_jump,warning,incomplete_total,4425.0,Month-to-month absolute change 4425.00; relative change 1.1685.,,,,,,,,,,RW6,PENNINE ACUTE HOSPITALS NHS TRUST,101,Urology,,,,2020-12-01
large_jumps.unexpectedly_large_jump.incomplete_total,large_jumps,unexpectedly_large_jump,warning,incomplete_total,4247.0,Month-to-month absolute change 4247.00; relative change 353.9167.,,,,,,,,,,RPC,QUEEN VICTORIA HOSPITAL NHS FOUNDATION TRUST,140,Oral Surgery,,,,2018-04-01
large_jumps.unexpectedly_large_jump.incomplete_total,large_jumps,unexpectedly_large_jump,warning,incomplete_total,4156.0,Month-to-month absolute change 4156.00; relative change 1.0709.,,,,,,,,,,RAL,ROYAL FREE LONDON NHS FOUNDATION TRUST,120,"Ear, Nose & Throat (ENT)",,,,2021-03-01
large_jumps.unexpectedly_large_jump.incomplete_total,large_jumps,unexpectedly_large_jump,warning,incomplete_total,4076.0,Month-to-month absolute change 4076.00; relative change 15.0963.,,,,,,,,,,RJL,NORTHERN LINCOLNSHIRE AND GOOLE NHS FOUNDATION TRUST,X02,Other - Medical Services,,,,2024-02-01
large_jumps.unexpectedly_large_jump.incomplete_total,large_jumps,unexpectedly_large_jump,warning,incomplete_total,4035.0,Month-to-month absolute change 4035.00; relative change 1.9455.,,,,,,,,,,RL4,THE ROYAL WOLVERHAMPTON NHS TRUST,X05,Other - Surgical Services,,,,2025-09-01
large_jumps.unexpectedly_large_jump.incomplete_total,large_jumps,unexpectedly_large_jump,warning,incomplete_total,4013.0,Month-to-month absolute change 4013.00; relative change 13.0292.,,,,,,,,,,REM,LIVERPOOL UNIVERSITY HOSPITALS NHS FOUNDATION TRUST,330,Dermatology,,,,2019-10-01
large_jumps.unexpectedly_large_jump.incomplete_total,large_jumps,unexpectedly_large_jump,warning,incomplete_total,3910.0,Month-to-month absolute change 3910.00; relative change 6.6610.,,,,,,,,,,R0A,MANCHESTER UNIVERSITY NHS FOUNDATION TRUST,X06,Other - Other Services,,,,2022-09-01
large_jumps.unexpectedly_large_jump.incomplete_total,large_jumps,unexpectedly_large_jump,warning,incomplete_total,3808.0,Month-to-month absolute change 3808.00; relative change 3808.0000.,,,,,,,,,,RRK,UNIVERSITY HOSPITALS BIRMINGHAM NHS FOUNDATION TRUST,502,Gynaecology,,,,2018-06-01
large_jumps.unexpectedly_large_jump.incomplete_total,large_jumps,unexpectedly_large_jump,warning,incomplete_total,3796.0,Month-to-month absolute change 3796.00; relative change 2.2356.,,,,,,,,,,RKB,UNIVERSITY HOSPITALS COVENTRY AND WARWICKSHIRE NHS TRUST,330,Dermatology,,,,2021-02-01
large_jumps.unexpectedly_large_jump.incomplete_total,large_jumps,unexpectedly_large_jump,warning,incomplete_total,3720.0,Month-to-month absolute change 3720.00; relative change 10.5682.,,,,,,,,,,RBT,MID CHESHIRE HOSPITALS NHS FOUNDATION TRUST,X05,Other - Surgical Services,,,,2024-09-01
large_jumps.unexpectedly_large_jump.incomplete_total,large_jumps,unexpectedly_large_jump,warning,incomplete_total,3631.0,Month-to-month absolute change 3631.00; relative change 9.4312.,,,,,,,,,,RTP,SURREY AND SUSSEX HEALTHCARE NHS TRUST,X05,Other - Surgical Services,,,,2021-10-01
large_jumps.unexpectedly_large_jump.incomplete_total,large_jumps,unexpectedly_large_jump,warning,incomplete_total,3592.0,Month-to-month absolute change 3592.00; relative change 1.5483.,,,,,,,,,,NLX,SIRONA CARE & HEALTH,110,Trauma and Orthopaedic Service,,,,2021-06-01
large_jumps.unexpectedly_large_jump.incomplete_total,large_jumps,unexpectedly_large_jump,warning,incomplete_total,3586.0,Month-to-month absolute change 3586.00; relative change 2.9784.,,,,,,,,,,RRK,UNIVERSITY HOSPITALS BIRMINGHAM NHS FOUNDATION TRUST,140,Oral Surgery Service,,,,2021-04-01
large_jumps.unexpectedly_large_jump.incomplete_total,large_jumps,unexpectedly_large_jump,warning,incomplete_total,3567.0,Month-to-month absolute change 3567.00; relative change 1.3496.,,,,,,,,,,RM3,NORTHERN CARE ALLIANCE NHS FOUNDATION TRUST,101,Urology Service,,,,2021-10-01
large_jumps.unexpectedly_large_jump.incomplete_total,large_jumps,unexpectedly_large_jump,warning,incomplete_total,3544.0,Month-to-month absolute change 3544.00; relative change 1.0749.,,,,,,,,,,RH8,ROYAL DEVON AND EXETER NHS FOUNDATION TRUST,X01,Other,,,,2020-10-01
large_jumps.unexpectedly_large_jump.incomplete_total,large_jumps,unexpectedly_large_jump,warning,incomplete_total,3490.0,Month-to-month absolute change 3490.00; relative change 1.0235.,,,,,,,,,,RQW,THE PRINCESS ALEXANDRA HOSPITAL NHS TRUST,120,Ear Nose and Throat Service,,,,2025-01-01
large_jumps.unexpectedly_large_jump.incomplete_total,large_jumps,unexpectedly_large_jump,warning,incomplete_total,3445.0,Month-to-month absolute change 3445.00; relative change 2.0312.,,,,,,,,,,RRK,UNIVERSITY HOSPITALS BIRMINGHAM NHS FOUNDATION TRUST,320,Cardiology,,,,2018-06-01
large_jumps.unexpectedly_large_jump.incomplete_total,large_jumps,unexpectedly_large_jump,warning,incomplete_total,3377.0,Month-to-month absolute change 3377.00; relative change 3.5510.,,,,,,,,,,RJ7,ST GEORGE'S UNIVERSITY HOSPITALS NHS FOUNDATION TRUST,100,General Surgery,,,,2019-02-01
large_jumps.unexpectedly_large_jump.incomplete_total,large_jumps,unexpectedly_large_jump,warning,incomplete_total,3305.0,Month-to-month absolute change 3305.00; relative change 6.6365.,,,,,,,,,,NCN,DMC COMMUNITY OUTPATIENT SERVICES,330,Dermatology Service,,,,2023-01-01
large_jumps.unexpectedly_large_jump.incomplete_total,large_jumps,unexpectedly_large_jump,warning,incomplete_total,3264.0,Month-to-month absolute change 3264.00; relative change 2.0830.,,,,,,,,,,REM,LIVERPOOL UNIVERSITY HOSPITALS NHS FOUNDATION TRUST,110,Trauma & Orthopaedics,,,,2019-10-01
large_jumps.unexpectedly_large_jump.incomplete_total,large_jumps,unexpectedly_large_jump,warning,incomplete_total,3237.0,Month-to-month absolute change 3237.00; relative change 1.1905.,,,,,,,,,,REM,LIVERPOOL UNIVERSITY HOSPITALS NHS FOUNDATION TRUST,100,General Surgery,,,,2019-10-01
large_jumps.unexpectedly_large_jump.incomplete_total,large_jumps,unexpectedly_large_jump,warning,incomplete_total,3187.0,Month-to-month absolute change 3187.00; relative change 2.8129.,,,,,,,,,,RGP,JAMES PAGET UNIVERSITY HOSPITALS NHS FOUNDATION TRUST,120,Ear Nose and Throat Service,,,,2023-04-01
large_jumps.unexpectedly_large_jump.incomplete_total,large_jumps,unexpectedly_large_jump,warning,incomplete_total,3179.0,Month-to-month absolute change 3179.00; relative change 1.5975.,,,,,,,,,,RL4,THE ROYAL WOLVERHAMPTON NHS TRUST,X02,Other - Medical Services,,,,2021-11-01
large_jumps.unexpectedly_large_jump.incomplete_total,large_jumps,unexpectedly_large_jump,warning,incomplete_total,3169.0,Month-to-month absolute change 3169.00; relative change 2.4117.,,,,,,,,,,RRK,UNIVERSITY HOSPITALS BIRMINGHAM NHS FOUNDATION TRUST,101,Urology,,,,2018-06-01
large_jumps.unexpectedly_large_jump.incomplete_total,large_jumps,unexpectedly_large_jump,warning,incomplete_total,3166.0,Month-to-month absolute change 3166.00; relative change 3166.0000.,,,,,,,,,,RGR,WEST SUFFOLK NHS FOUNDATION TRUST,X05,Other - Surgical Services,,,,2022-07-01
large_jumps.unexpectedly_large_jump.incomplete_total,large_jumps,unexpectedly_large_jump,warning,incomplete_total,3124.0,Month-to-month absolute change 3124.00; relative change 1.0365.,,,,,,,,,,RXR,EAST LANCASHIRE HOSPITALS NHS TRUST,110,Trauma & Orthopaedics,,,,2019-02-01
large_jumps.unexpectedly_large_jump.incomplete_total,large_jumps,unexpectedly_large_jump,warning,incomplete_total,3018.0,Month-to-month absolute change 3018.00; relative change 2.1061.,,,,,,,,,,RRK,UNIVERSITY HOSPITALS BIRMINGHAM NHS FOUNDATION TRUST,100,General Surgery,,,,2018-06-01
large_jumps.unexpectedly_large_jump.incomplete_total,large_jumps,unexpectedly_large_jump,warning,incomplete_total,2965.0,Month-to-month absolute change 2965.00; relative change 1.0130.,,,,,,,,,,RDE,EAST SUFFOLK AND NORTH ESSEX NHS FOUNDATION TRUST,110,Trauma & Orthopaedics,,,,2018-07-01
large_jumps.unexpectedly_large_jump.incomplete_total,large_jumps,unexpectedly_large_jump,warning,incomplete_total,2964.0,Month-to-month absolute change 2964.00; relative change 31.8710.,,,,,,,,,,RTG,UNIVERSITY HOSPITALS OF DERBY AND BURTON NHS FOUNDATION TRUST,140,Oral Surgery Service,,,,2021-04-01
large_jumps.unexpectedly_large_jump.incomplete_total,large_jumps,unexpectedly_large_jump,warning,incomplete_total,2890.0,Month-to-month absolute change 2890.00; relative change 3.5115.,,,,,,,,,,R0D,UNIVERSITY HOSPITALS DORSET NHS FOUNDATION TRUST,X05,Other - Surgical Services,,,,2021-06-01
large_jumps.unexpectedly_large_jump.incomplete_total,large_jumps,unexpectedly_large_jump,warning,incomplete_total,2888.0,Month-to-month absolute change 2888.00; relative change 1.8729.,,,,,,,,,,RAJ,SOUTHEND UNIVERSITY HOSPITAL NHS FOUNDATION TRUST,502,Gynaecology,,,,2020-04-01
large_jumps.unexpectedly_large_jump.incomplete_total,large_jumps,unexpectedly_large_jump,warning,incomplete_total,2883.0,Month-to-month absolute change 2883.00; relative change 2.0389.,,,,,,,,,,NVC09,NEW HALL HOSPITAL,110,Trauma and Orthopaedic Service,,,,2022-01-01
large_jumps.unexpectedly_large_jump.incomplete_total,large_jumps,unexpectedly_large_jump,warning,incomplete_total,2825.0,Month-to-month absolute change 2825.00; relative change 10.9073.,,,,,,,,,,RTK,ASHFORD AND ST PETER'S HOSPITALS NHS FOUNDATION TRUST,X06,Other - Other Services,,,,2023-02-01
large_jumps.unexpectedly_large_jump.incomplete_total,large_jumps,unexpectedly_large_jump,warning,incomplete_total,2825.0,Month-to-month absolute change 2825.00; relative change 113.0000.,,,,,,,,,,RW1,SOUTHERN HEALTH NHS FOUNDATION TRUST,110,Trauma & Orthopaedics,,,,2019-01-01
large_jumps.unexpectedly_large_jump.incomplete_total,large_jumps,unexpectedly_large_jump,warning,incomplete_total,2778.0,Month-to-month absolute change 2778.00; relative change 1.3160.,,,,,,,,,,RDE,EAST SUFFOLK AND NORTH ESSEX NHS FOUNDATION TRUST,100,General Surgery,,,,2018-07-01
large_jumps.unexpectedly_large_jump.incomplete_total,large_jumps,unexpectedly_large_jump,warning,incomplete_total,2746.0,Month-to-month absolute change 2746.00; relative change 1.3953.,,,,,,,,,,RM3,NORTHERN CARE ALLIANCE NHS FOUNDATION TRUST,X04,Other - Paediatric Services,,,,2021-10-01
large_jumps.unexpectedly_large_jump.incomplete_total,large_jumps,unexpectedly_large_jump,warning,incomplete_total,2745.0,Month-to-month absolute change 2745.00; relative change 1.0971.,,,,,,,,,,RL4,THE ROYAL WOLVERHAMPTON NHS TRUST,100,General Surgery Service,,,,2025-10-01
large_jumps.unexpectedly_large_jump.incomplete_total,large_jumps,unexpectedly_large_jump,warning,incomplete_total,2726.0,Month-to-month absolute change 2726.00; relative change 2.7591.,,,,,,,,,,RAP,NORTH MIDDLESEX UNIVERSITY HOSPITAL NHS TRUST,X02,Other - Medical Services,,,,2022-11-01
large_jumps.unexpectedly_large_jump.incomplete_total,large_jumps,unexpectedly_large_jump,warning,incomplete_total,2691.0,Month-to-month absolute change 2691.00; relative change 2.3359.,,,,,,,,,,RM3,NORTHERN CARE ALLIANCE NHS FOUNDATION TRUST,320,Cardiology Service,,,,2021-10-01
large_jumps.unexpectedly_large_jump.incomplete_total,large_jumps,unexpectedly_large_jump,warning,incomplete_total,2682.0,Month-to-month absolute change 2682.00; relative change 1.3754.,,,,,,,,,,RM3,NORTHERN CARE ALLIANCE NHS FOUNDATION TRUST,100,General Surgery Service,,,,2021-10-01
large_jumps.unexpectedly_large_jump.incomplete_total,large_jumps,unexpectedly_large_jump,warning,incomplete_total,2620.0,Month-to-month absolute change 2620.00; relative change 2.1707.,,,,,,,,,,RD1,ROYAL UNITED HOSPITALS BATH NHS FOUNDATION TRUST,X02,Other - Medical Services,,,,2025-04-01
large_jumps.unexpectedly_large_jump.incomplete_total,large_jumps,unexpectedly_large_jump,warning,incomplete_total,2608.0,Month-to-month absolute change 2608.00; relative change 1.1103.,,,,,,,,,,RRK,UNIVERSITY HOSPITALS BIRMINGHAM NHS FOUNDATION TRUST,330,Dermatology,,,,2018-06-01
large_jumps.unexpectedly_large_jump.incomplete_total,large_jumps,unexpectedly_large_jump,warning,incomplete_total,2573.0,Month-to-month absolute change 2573.00; relative change 2573.0000.,,,,,,,,,,RJL,NORTHERN LINCOLNSHIRE AND GOOLE NHS FOUNDATION TRUST,301,Gastroenterology Service,,,,2024-02-01
large_jumps.unexpectedly_large_jump.incomplete_total,large_jumps,unexpectedly_large_jump,warning,incomplete_total,2571.0,Month-to-month absolute change 2571.00; relative change 1.0182.,,,,,,,,,,RDE,EAST SUFFOLK AND NORTH ESSEX NHS FOUNDATION TRUST,330,Dermatology,,,,2019-06-01
large_jumps.unexpectedly_large_jump.incomplete_total,large_jumps,unexpectedly_large_jump,warning,incomplete_total,2569.0,Month-to-month absolute change 2569.00; relative change 7.3400.,,,,,,,,,,RW1,SOUTHERN HEALTH NHS FOUNDATION TRUST,120,"Ear, Nose & Throat (ENT)",,,,2018-12-01
large_jumps.unexpectedly_large_jump.incomplete_total,large_jumps,unexpectedly_large_jump,warning,incomplete_total,2530.0,Month-to-month absolute change 2530.00; relative change 1.1568.,,,,,,,,,,RKB,UNIVERSITY HOSPITALS COVENTRY AND WARWICKSHIRE NHS TRUST,120,"Ear, Nose & Throat (ENT)",,,,2021-02-01
large_jumps.unexpectedly_large_jump.incomplete_total,large_jumps,unexpectedly_large_jump,warning,incomplete_total,2517.0,Month-to-month absolute change 2517.00; relative change 81.1935.,,,,,,,,,,NR3,NOTTINGHAM CITYCARE PARTNERSHIP,X01,Other,,,,2019-11-01
large_jumps.unexpectedly_large_jump.incomplete_total,large_jumps,unexpectedly_large_jump,warning,incomplete_total,2482.0,Month-to-month absolute change 2482.00; relative change 1.2125.,,,,,,,,,,RTE,GLOUCESTERSHIRE HOSPITALS NHS FOUNDATION TRUST,320,Cardiology,,,,2019-03-01
large_jumps.unexpectedly_large_jump.incomplete_total,large_jumps,unexpectedly_large_jump,warning,incomplete_total,2452.0,Month-to-month absolute change 2452.00; relative change 1.2031.,,,,,,,,,,RXR,EAST LANCASHIRE HOSPITALS NHS TRUST,X02,Other - Medical Services,,,,2023-07-01
large_jumps.unexpectedly_large_jump.incomplete_total,large_jumps,unexpectedly_large_jump,warning,incomplete_total,2372.0,Month-to-month absolute change 2372.00; relative change 4.7251.,,,,,,,,,,RJ1,GUY'S AND ST THOMAS' NHS FOUNDATION TRUST,340,Thoracic Medicine,,,,2021-02-01
large_jumps.unexpectedly_large_jump.incomplete_total,large_jumps,unexpectedly_large_jump,warning,incomplete_total,2337.0,Month-to-month absolute change 2337.00; relative change 1.1203.,,,,,,,,,,RKB,UNIVERSITY HOSPITALS COVENTRY AND WARWICKSHIRE NHS TRUST,502,Gynaecology,,,,2021-02-01
large_jumps.unexpectedly_large_jump.incomplete_total,large_jumps,unexpectedly_large_jump,warning,incomplete_total,2336.0,Month-to-month absolute change 2336.00; relative change 1.1134.,,,,,,,,,,RYV,CAMBRIDGESHIRE COMMUNITY SERVICES NHS TRUST,140,Oral Surgery,,,,2020-06-01
large_jumps.unexpectedly_large_jump.incomplete_total,large_jumps,unexpectedly_large_jump,warning,incomplete_total,2324.0,Month-to-month absolute change 2324.00; relative change 1.8199.,,,,,,,,,,RBD,DORSET COUNTY HOSPITAL NHS FOUNDATION TRUST,X01,Other,,,,2018-12-01
large_jumps.unexpectedly_large_jump.incomplete_total,large_jumps,unexpectedly_large_jump,warning,incomplete_total,2300.0,Month-to-month absolute change 2300.00; relative change 3.0749.,,,,,,,,,,RRK,UNIVERSITY HOSPITALS BIRMINGHAM NHS FOUNDATION TRUST,340,Thoracic Medicine,,,,2018-06-01
large_jumps.unexpectedly_large_jump.incomplete_total,large_jumps,unexpectedly_large_jump,warning,incomplete_total,2244.0,Month-to-month absolute change 2244.00; relative change 1.9947.,,,,,,,,,,RJE,UNIVERSITY HOSPITALS OF NORTH MIDLANDS NHS TRUST,301,Gastroenterology,,,,2017-02-01
large_jumps.unexpectedly_large_jump.incomplete_total,large_jumps,unexpectedly_large_jump,warning,incomplete_total,2196.0,Month-to-month absolute change 2196.00; relative change 366.0000.,,,,,,,,,,NVC44,THE WESTBOURNE CENTRE,140,Oral Surgery Service,,,,2022-12-01
large_jumps.unexpectedly_large_jump.incomplete_total,large_jumps,unexpectedly_large_jump,warning,incomplete_total,2183.0,Month-to-month absolute change 2183.00; relative change 1.0986.,,,,,,,,,,RXR,EAST LANCASHIRE HOSPITALS NHS TRUST,X05,Other - Surgical Services,,,,2023-08-01
large_jumps.unexpectedly_large_jump.incomplete_total,large_jumps,unexpectedly_large_jump,warning,incomplete_total,2173.0,Month-to-month absolute change 2173.00; relative change 1.4904.,,,,,,,,,,RTG,UNIVERSITY HOSPITALS OF DERBY AND BURTON NHS FOUNDATION TRUST,100,General Surgery,,,,2018-07-01
large_jumps.unexpectedly_large_jump.incomplete_total,large_jumps,unexpectedly_large_jump,warning,incomplete_total,2161.0,Month-to-month absolute change 2161.00; relative change 5.4987.,,,,,,,,,,RH5,SOMERSET NHS FOUNDATION TRUST,100,General Surgery Service,,,,2023-04-01
large_jumps.unexpectedly_large_jump.incomplete_total,large_jumps,unexpectedly_large_jump,warning,incomplete_total,2147.0,Month-to-month absolute change 2147.00; relative change 4.0206.,,,,,,,,,,NV1,INHEALTH LIMITED,120,Ear Nose and Throat Service,,,,2025-05-01
large_jumps.unexpectedly_large_jump.incomplete_total,large_jumps,unexpectedly_large_jump,warning,incomplete_total,2137.0,Month-to-month absolute change 2137.00; relative change 12.4244.,,,,,,,,,,RH8,ROYAL DEVON UNIVERSITY HEALTHCARE NHS FOUNDATION TRUST,X06,Other - Other Services,,,,2025-01-01
large_jumps.unexpectedly_large_jump.incomplete_total,large_jumps,unexpectedly_large_jump,warning,incomplete_total,2119.0,Month-to-month absolute change 2119.00; relative change 3.9756.,,,,,,,,,,RLT,GEORGE ELIOT HOSPITAL NHS TRUST,300,General Internal Medicine Service,,,,2025-02-01
large_jumps.unexpectedly_large_jump.incomplete_total,large_jumps,unexpectedly_large_jump,warning,incomplete_total,2103.0,Month-to-month absolute change 2103.00; relative change 2.2349.,,,,,,,,,,RYR,UNIVERSITY HOSPITALS SUSSEX NHS FOUNDATION TRUST,330,Dermatology Service,,,,2021-04-01
large_jumps.unexpectedly_large_jump.incomplete_total,large_jumps,unexpectedly_large_jump,warning,incomplete_total,2087.0,Month-to-month absolute change 2087.00; relative change 1.2512.,,,,,,,,,,RJ1,GUY'S AND ST THOMAS' NHS FOUNDATION TRUST,X06,Other - Other Services,,,,2021-11-01
large_jumps.unexpectedly_large_jump.incomplete_total,large_jumps,unexpectedly_large_jump,warning,incomplete_total,2054.0,Month-to-month absolute change 2054.00; relative change 1.4938.,,,,,,,,,,RTG,UNIVERSITY HOSPITALS OF DERBY AND BURTON NHS FOUNDATION TRUST,120,"Ear, Nose & Throat (ENT)",,,,2018-07-01
large_jumps.unexpectedly_large_jump.incomplete_total,large_jumps,unexpectedly_large_jump,warning,incomplete_total,1982.0,Month-to-month absolute change 1982.00; relative change 1.7904.,,,,,,,,,,RTK,ASHFORD AND ST PETER'S HOSPITALS NHS FOUNDATION TRUST,X02,Other - Medical Services,,,,2022-08-01
large_jumps.unexpectedly_large_jump.incomplete_total,large_jumps,unexpectedly_large_jump,warning,incomplete_total,1888.0,Month-to-month absolute change 1888.00; relative change 1.4132.,,,,,,,,,,RBZ,NORTHERN DEVON HEALTHCARE NHS TRUST,X01,Other,,,,2018-05-01
large_jumps.unexpectedly_large_jump.incomplete_total,large_jumps,unexpectedly_large_jump,warning,incomplete_total,1842.0,Month-to-month absolute change 1842.00; relative change 1.6359.,,,,,,,,,,RAJ,SOUTHEND UNIVERSITY HOSPITAL NHS FOUNDATION TRUST,301,Gastroenterology,,,,2020-04-01
large_jumps.unexpectedly_large_jump.incomplete_total,large_jumps,unexpectedly_large_jump,warning,incomplete_total,1808.0,Month-to-month absolute change 1808.00; relative change 1.6451.,,,,,,,,,,RTK,ASHFORD AND ST PETER'S HOSPITALS NHS FOUNDATION TRUST,X04,Other - Paediatric Services,,,,2022-08-01
large_jumps.unexpectedly_large_jump.incomplete_total,large_jumps,unexpectedly_large_jump,warning,incomplete_total,1793.0,Month-to-month absolute change 1793.00; relative change 1.6820.,,,,,,,,,,NVC25,HORTON NHS TREATMENT CENTRE,110,Trauma & Orthopaedics,,,,2021-01-01
large_jumps.unexpectedly_large_jump.incomplete_total,large_jumps,unexpectedly_large_jump,warning,incomplete_total,1792.0,Month-to-month absolute change 1792.00; relative change 597.3333.,,,,,,,,,,RH8,ROYAL DEVON AND EXETER NHS FOUNDATION TRUST,140,Oral Surgery Service,,,,2021-05-01
large_jumps.unexpectedly_large_jump.incomplete_total,large_jumps,unexpectedly_large_jump,warning,incomplete_total,1748.0,Month-to-month absolute change 1748.00; relative change 1.0549.,,,,,,,,,,RYR,UNIVERSITY HOSPITALS SUSSEX NHS FOUNDATION TRUST,400,Neurology Service,,,,2021-04-01
large_jumps.unexpectedly_large_jump.incomplete_total,large_jumps,unexpectedly_large_jump,warning,incomplete_total,1741.0,Month-to-month absolute change 1741.00; relative change 42.4634.,,,,,,,,,,RXL,BLACKPOOL TEACHING HOSPITALS NHS FOUNDATION TRUST,X05,Other - Surgical Services,,,,2021-10-01
large_jumps.unexpectedly_large_jump.incomplete_total,large_jumps,unexpectedly_large_jump,warning,incomplete_total,1739.0,Month-to-month absolute change 1739.00; relative change 1.4725.,,,,,,,,,,RGN,NORTH WEST ANGLIA NHS FOUNDATION TRUST,330,Dermatology Service,,,,2021-07-01
large_jumps.unexpectedly_large_jump.incomplete_total,large_jumps,unexpectedly_large_jump,warning,incomplete_total,1723.0,Month-to-month absolute change 1723.00; relative change 1.1572.,,,,,,,,,,RWH,EAST AND NORTH HERTFORDSHIRE NHS TRUST,502,Gynaecology,,,,2018-10-01
large_jumps.unexpectedly_large_jump.incomplete_total,large_jumps,unexpectedly_large_jump,warning,incomplete_total,1721.0,Month-to-month absolute change 1721.00; relative change 1721.0000.,,,,,,,,,,RF4,"BARKING, HAVERING AND REDBRIDGE UNIVERSITY HOSPITALS NHS TRUST",140,Oral Surgery Service,,,,2022-04-01
large_jumps.unexpectedly_large_jump.incomplete_total,large_jumps,unexpectedly_large_jump,warning,incomplete_total,1716.0,Month-to-month absolute change 1716.00; relative change 7.0328.,,,,,,,,,,NRP,BEACON MEDICAL SERVICES GROUP LIMITED,120,Ear Nose and Throat Service,,,,2026-01-01
large_jumps.unexpectedly_large_jump.incomplete_total,large_jumps,unexpectedly_large_jump,warning,incomplete_total,1703.0,Month-to-month absolute change 1703.00; relative change 3.4898.,,,,,,,,,,RNZ,SALISBURY NHS FOUNDATION TRUST,100,General Surgery,,,,2016-11-01
large_jumps.unexpectedly_large_jump.incomplete_total,large_jumps,unexpectedly_large_jump,warning,incomplete_total,1698.0,Month-to-month absolute change 1698.00; relative change 2.0707.,,,,,,,,,,R0A,MANCHESTER UNIVERSITY NHS FOUNDATION TRUST,300,General Internal Medicine Service,,,,2022-09-01
large_jumps.unexpectedly_large_jump.incomplete_total,large_jumps,unexpectedly_large_jump,warning,incomplete_total,1693.0,Month-to-month absolute change 1693.00; relative change 80.6190.,,,,,,,,,,RL1,THE ROBERT JONES AND AGNES HUNT ORTHOPAEDIC HOSPITAL NHS FOUNDATION TRUST,300,General Medicine,,,,2019-12-01
large_jumps.unexpectedly_large_jump.incomplete_total,large_jumps,unexpectedly_large_jump,warning,incomplete_total,1658.0,Month-to-month absolute change 1658.00; relative change 2.7270.,,,,,,,,,,RDU,FRIMLEY HEALTH NHS FOUNDATION TRUST,X06,Other - Other Services,,,,2022-06-01
large_jumps.unexpectedly_large_jump.incomplete_total,large_jumps,unexpectedly_large_jump,warning,incomplete_total,1653.0,Month-to-month absolute change 1653.00; relative change 13.5492.,,,,,,,,,,RFF,BARNSLEY HOSPITAL NHS FOUNDATION TRUST,140,Oral Surgery Service,,,,2022-05-01
large_jumps.unexpectedly_large_jump.incomplete_total,large_jumps,unexpectedly_large_jump,warning,incomplete_total,1650.0,Month-to-month absolute change 1650.00; relative change 1.2323.,,,,,,,,,,RAJ,SOUTHEND UNIVERSITY HOSPITAL NHS FOUNDATION TRUST,140,Oral Surgery,,,,2020-04-01
large_jumps.unexpectedly_large_jump.incomplete_total,large_jumps,unexpectedly_large_jump,warning,incomplete_total,1636.0,Month-to-month absolute change 1636.00; relative change 1.4276.,,,,,,,,,,NVC12,OAKLANDS HOSPITAL,110,Trauma and Orthopaedic Service,,,,2022-01-01
large_jumps.unexpectedly_large_jump.incomplete_total,large_jumps,unexpectedly_large_jump,warning,incomplete_total,1628.0,Month-to-month absolute change 1628.00; relative change 1628.0000.,,,,,,,,,,RH5,SOMERSET NHS FOUNDATION TRUST,140,Oral Surgery Service,,,,2021-04-01
large_jumps.unexpectedly_large_jump.incomplete_total,large_jumps,unexpectedly_large_jump,warning,incomplete_total,1601.0,Month-to-month absolute change 1601.00; relative change 1.7632.,,,,,,,,,,RJE,UNIVERSITY HOSPITALS OF NORTH MIDLANDS NHS TRUST,140,Oral Surgery Service,,,,2021-04-01
large_jumps.unexpectedly_large_jump.incomplete_total,large_jumps,unexpectedly_large_jump,warning,incomplete_total,1571.0,Month-to-month absolute change 1571.00; relative change 1.0716.,,,,,,,,,,RX1,NOTTINGHAM UNIVERSITY HOSPITALS NHS TRUST,301,Gastroenterology,,,,2019-10-01
large_jumps.unexpectedly_large_jump.incomplete_total,large_jumps,unexpectedly_large_jump,warning,incomplete_total,1559.0,Month-to-month absolute change 1559.00; relative change 1.0304.,,,,,,,,,,RDE,EAST SUFFOLK AND NORTH ESSEX NHS FOUNDATION TRUST,502,Gynaecology,,,,2018-07-01
large_jumps.unexpectedly_large_jump.incomplete_total,large_jumps,unexpectedly_large_jump,warning,incomplete_total,1537.0,Month-to-month absolute change 1537.00; relative change 1537.0000.,,,,,,,,,,NTX,THE ONE HEALTH GROUP PLC,150,Neurosurgical Service,,,,2024-08-01
large_jumps.unexpectedly_large_jump.incomplete_total,large_jumps,unexpectedly_large_jump,warning,incomplete_total,1511.0,Month-to-month absolute change 1511.00; relative change 20.4189.,,,,,,,,,,NT441,BMI - THREE SHIRES HOSPITAL,110,Trauma and Orthopaedic Service,,,,2021-06-01
large_jumps.unexpectedly_large_jump.incomplete_total,large_jumps,unexpectedly_large_jump,warning,incomplete_total,1510.0,Month-to-month absolute change 1510.00; relative change 1.2337.,,,,,,,,,,NVC06,FITZWILLIAM HOSPITAL,110,Trauma and Orthopaedic Service,,,,2022-01-01
large_jumps.unexpectedly_large_jump.incomplete_total,large_jumps,unexpectedly_large_jump,warning,incomplete_total,1474.0,Month-to-month absolute change 1474.00; relative change 1.9523.,,,,,,,,,,RAP,NORTH MIDDLESEX UNIVERSITY HOSPITAL NHS TRUST,X05,Other - Surgical Services,,,,2022-11-01
large_jumps.unexpectedly_large_jump.incomplete_total,large_jumps,unexpectedly_large_jump,warning,incomplete_total,1470.0,Month-to-month absolute change 1470.00; relative change 1.2805.,,,,,,,,,,RGT,CAMBRIDGE UNIVERSITY HOSPITALS NHS FOUNDATION TRUST,140,Oral Surgery Service,,,,2021-04-01
large_jumps.unexpectedly_large_jump.incomplete_total,large_jumps,unexpectedly_large_jump,warning,incomplete_total,1433.0,Month-to-month absolute change 1433.00; relative change 3.6838.,,,,,,,,,,NTPAE,PRACTICE PLUS GROUP OPHTHALMOLOGY - NORTH WEST,130,Ophthalmology Service,,,,2025-10-01
large_jumps.unexpectedly_large_jump.incomplete_total,large_jumps,unexpectedly_large_jump,warning,incomplete_total,1431.0,Month-to-month absolute change 1431.00; relative change 8.7256.,,,,,,,,,,RXN,LANCASHIRE TEACHING HOSPITALS NHS FOUNDATION TRUST,X04,Other - Paediatric Services,,,,2021-10-01
large_jumps.unexpectedly_large_jump.incomplete_total,large_jumps,unexpectedly_large_jump,warning,incomplete_total,1418.0,Month-to-month absolute change 1418.00; relative change 101.2857.,,,,,,,,,,RFR,THE ROTHERHAM NHS FOUNDATION TRUST,140,Oral Surgery Service,,,,2021-06-01
large_jumps.unexpectedly_large_jump.incomplete_total,large_jumps,unexpectedly_large_jump,warning,incomplete_total,1395.0,Month-to-month absolute change 1395.00; relative change 1.4177.,,,,,,,,,,RTG,UNIVERSITY HOSPITALS OF DERBY AND BURTON NHS FOUNDATION TRUST,101,Urology,,,,2018-07-01
large_jumps.unexpectedly_large_jump.incomplete_total,large_jumps,unexpectedly_large_jump,warning,incomplete_total,1341.0,Month-to-month absolute change 1341.00; relative change 5.5185.,,,,,,,,,,NYW02,ASPEN - PARKSIDE HOSPITAL,110,Trauma & Orthopaedics,,,,2021-03-01
large_jumps.unexpectedly_large_jump.incomplete_total,large_jumps,unexpectedly_large_jump,warning,incomplete_total,1340.0,Month-to-month absolute change 1340.00; relative change 2.0521.,,,,,,,,,,RXQ,BUCKINGHAMSHIRE HEALTHCARE NHS TRUST,X04,Other - Paediatric Services,,,,2022-07-01
large_jumps.unexpectedly_large_jump.incomplete_total,large_jumps,unexpectedly_large_jump,warning,incomplete_total,1334.0,Month-to-month absolute change 1334.00; relative change 2.2726.,,,,,,,,,,RKE,WHITTINGTON HEALTH NHS TRUST,330,Dermatology Service,,,,2024-10-01
large_jumps.unexpectedly_large_jump.incomplete_total,large_jumps,unexpectedly_large_jump,warning,incomplete_total,1332.0,Month-to-month absolute change 1332.00; relative change 1.9249.,,,,,,,,,,NVC05,EUXTON HALL HOSPITAL,110,Trauma & Orthopaedics,,,,2021-01-01
large_jumps.unexpectedly_large_jump.incomplete_total,large_jumps,unexpectedly_large_jump,warning,incomplete_total,1329.0,Month-to-month absolute change 1329.00; relative change 2.2150.,,,,,,,,,,RGR,WEST SUFFOLK NHS FOUNDATION TRUST,X02,Other - Medical Services,,,,2022-07-01
large_jumps.unexpectedly_large_jump.incomplete_total,large_jumps,unexpectedly_large_jump,warning,incomplete_total,1323.0,Month-to-month absolute change 1323.00; relative change 69.6316.,,,,,,,,,,RJ6,CROYDON HEALTH SERVICES NHS TRUST,140,Oral Surgery Service,,,,2021-04-01
large_jumps.unexpectedly_large_jump.incomplete_total,large_jumps,unexpectedly_large_jump,warning,incomplete_total,1319.0,Month-to-month absolute change 1319.00; relative change 1.1470.,,,,,,,,,,RRV,UNIVERSITY COLLEGE LONDON HOSPITALS NHS FOUNDATION TRUST,101,Urology,,,,2017-12-01
large_jumps.unexpectedly_large_jump.incomplete_total,large_jumps,unexpectedly_large_jump,warning,incomplete_total,1318.0,Month-to-month absolute change 1318.00; relative change 2.1054.,,,,,,,,,,RYV,CAMBRIDGESHIRE COMMUNITY SERVICES NHS TRUST,X01,Other,,,,2016-04-01
large_jumps.unexpectedly_large_jump.incomplete_total,large_jumps,unexpectedly_large_jump,warning,incomplete_total,1315.0,Month-to-month absolute change 1315.00; relative change 6.8490.,,,,,,,,,,RAJ,SOUTHEND UNIVERSITY HOSPITAL NHS FOUNDATION TRUST,400,Neurology,,,,2020-04-01
large_jumps.unexpectedly_large_jump.incomplete_total,large_jumps,unexpectedly_large_jump,warning,incomplete_total,1293.0,Month-to-month absolute change 1293.00; relative change 1.5504.,,,,,,,,,,RJ7,ST GEORGE'S UNIVERSITY HOSPITALS NHS FOUNDATION TRUST,150,Neurosurgery,,,,2019-01-01
large_jumps.unexpectedly_large_jump.incomplete_total,large_jumps,unexpectedly_large_jump,warning,incomplete_total,1291.0,Month-to-month absolute change 1291.00; relative change 430.3333.,,,,,,,,,,RXC,EAST SUSSEX HEALTHCARE NHS TRUST,330,Dermatology Service,,,,2024-11-01
large_jumps.unexpectedly_large_jump.incomplete_total,large_jumps,unexpectedly_large_jump,warning,incomplete_total,1287.0,Month-to-month absolute change 1287.00; relative change 2.5385.,,,,,,,,,,R0D,UNIVERSITY HOSPITALS DORSET NHS FOUNDATION TRUST,301,Gastroenterology Service,,,,2021-06-01
large_jumps.unexpectedly_large_jump.incomplete_total,large_jumps,unexpectedly_large_jump,warning,incomplete_total,1271.0,Month-to-month absolute change 1271.00; relative change 4.9264.,,,,,,,,,,RJ7,ST GEORGE'S UNIVERSITY HOSPITALS NHS FOUNDATION TRUST,140,Oral Surgery,,,,2019-02-01
large_jumps.unexpectedly_large_jump.incomplete_total,large_jumps,unexpectedly_large_jump,warning,incomplete_total,1257.0,Month-to-month absolute change 1257.00; relative change 2.9646.,,,,,,,,,,NVC22,WINFIELD HOSPITAL,110,Trauma and Orthopaedic Service,,,,2022-01-01
large_jumps.unexpectedly_large_jump.incomplete_total,large_jumps,unexpectedly_large_jump,warning,incomplete_total,1252.0,Month-to-month absolute change 1252.00; relative change 139.1111.,,,,,,,,,,RFR,THE ROTHERHAM NHS FOUNDATION TRUST,140,Oral Surgery Service,,,,2021-04-01
large_jumps.unexpectedly_large_jump.incomplete_total,large_jumps,unexpectedly_large_jump,warning,incomplete_total,1250.0,Month-to-month absolute change 1250.00; relative change 1.2967.,,,,,,,,,,RJ7,ST GEORGE'S UNIVERSITY HOSPITALS NHS FOUNDATION TRUST,400,Neurology,,,,2019-01-01
large_jumps.unexpectedly_large_jump.incomplete_total,large_jumps,unexpectedly_large_jump,warning,incomplete_total,1230.0,Month-to-month absolute change 1230.00; relative change 3.1061.,,,,,,,,,,RY8,DERBYSHIRE COMMUNITY HEALTH SERVICES NHS FOUNDATION TRUST,X01,Other,,,,2018-03-01
large_jumps.unexpectedly_large_jump.incomplete_total,large_jumps,unexpectedly_large_jump,warning,incomplete_total,1225.0,Month-to-month absolute change 1225.00; relative change 1.0033.,,,,,,,,,,REM,LIVERPOOL UNIVERSITY HOSPITALS NHS FOUNDATION TRUST,101,Urology,,,,2019-10-01
large_jumps.unexpectedly_large_jump.incomplete_total,large_jumps,unexpectedly_large_jump,warning,incomplete_total,1216.0,Month-to-month absolute change 1216.00; relative change 1.9581.,,,,,,,,,,NVC20,THE YORKSHIRE CLINIC,100,General Surgery,,,,2021-01-01
large_jumps.unexpectedly_large_jump.incomplete_total,large_jumps,unexpectedly_large_jump,warning,incomplete_total,1209.0,Month-to-month absolute change 1209.00; relative change 1209.0000.,,,,,,,,,,NEQ,PHOENIX HEALTH SOLUTIONS LIMITED HQ,502,Gynaecology Service,,,,2022-01-01
large_jumps.unexpectedly_large_jump.incomplete_total,large_jumps,unexpectedly_large_jump,warning,incomplete_total,1205.0,Month-to-month absolute change 1205.00; relative change 14.5181.,,,,,,,,,,RQW,THE PRINCESS ALEXANDRA HOSPITAL NHS TRUST,X05,Other - Surgical Services,,,,2025-01-01
large_jumps.unexpectedly_large_jump.incomplete_total,large_jumps,unexpectedly_large_jump,warning,incomplete_total,1192.0,Month-to-month absolute change 1192.00; relative change 4.6381.,,,,,,,,,,RH5,SOMERSET NHS FOUNDATION TRUST,330,Dermatology Service,,,,2023-04-01
large_jumps.unexpectedly_large_jump.incomplete_total,large_jumps,unexpectedly_large_jump,warning,incomplete_total,1190.0,Month-to-month absolute change 1190.00; relative change 35.0000.,,,,,,,,,,NTPH5,PENINSULA NHS TREATMENT CENTRE,110,Trauma & Orthopaedics,,,,2020-04-01
large_jumps.unexpectedly_large_jump.incomplete_total,large_jumps,unexpectedly_large_jump,warning,incomplete_total,1184.0,Month-to-month absolute change 1184.00; relative change 2.4513.,,,,,,,,,,NVC20,THE YORKSHIRE CLINIC,110,Trauma & Orthopaedics,,,,2021-01-01
large_jumps.unexpectedly_large_jump.incomplete_total,large_jumps,unexpectedly_large_jump,warning,incomplete_total,1179.0,Month-to-month absolute change 1179.00; relative change 1.1186.,,,,,,,,,,RGP,JAMES PAGET UNIVERSITY HOSPITALS NHS FOUNDATION TRUST,101,Urology Service,,,,2023-04-01
large_jumps.unexpectedly_large_jump.incomplete_total,large_jumps,unexpectedly_large_jump,warning,incomplete_total,1179.0,Month-to-month absolute change 1179.00; relative change 1.2230.,,,,,,,,,,RYR,UNIVERSITY HOSPITALS SUSSEX NHS FOUNDATION TRUST,X06,Other - Other Services,,,,2026-01-01
large_jumps.unexpectedly_large_jump.incomplete_total,large_jumps,unexpectedly_large_jump,warning,incomplete_total,1162.0,Month-to-month absolute change 1162.00; relative change 1.1678.,,,,,,,,,,RRV,UNIVERSITY COLLEGE LONDON HOSPITALS NHS FOUNDATION TRUST,110,Trauma & Orthopaedics,,,,2018-08-01
large_jumps.unexpectedly_large_jump.incomplete_total,large_jumps,unexpectedly_large_jump,warning,incomplete_total,1147.0,Month-to-month absolute change 1147.00; relative change 1.4266.,,,,,,,,,,NVC07,FULWOOD HALL HOSPITAL,110,Trauma & Orthopaedics,,,,2021-01-01
large_jumps.unexpectedly_large_jump.incomplete_total,large_jumps,unexpectedly_large_jump,warning,incomplete_total,1144.0,Month-to-month absolute change 1144.00; relative change 2.6000.,,,,,,,,,,RD1,ROYAL UNITED HOSPITALS BATH NHS FOUNDATION TRUST,X05,Other - Surgical Services,,,,2023-08-01
imputation.variable_specific_missing_data_rule.waiting_list_imputed,imputation,variable_specific_missing_data_rule,info,waiting_list_imputed,36405,Stock variable forward-filled only for missing publication months.,,,,,,,,,,,,,,,,,NaT
imputation.variable_specific_missing_data_rule.waiting_list_with_dta_imputed,imputation,variable_specific_missing_data_rule,info,waiting_list_with_dta_imputed,20292,Stock variable forward-filled only for missing publication months.,,,,,,,,,,,,,,,,,NaT
imputation.variable_specific_missing_data_rule.completed_admitted_imputed,imputation,variable_specific_missing_data_rule,info,completed_admitted_imputed,0,Activity flow variable not forward-filled; missing values retained with missingness indicators.,,,,,,,,,,,,,,,,,NaT
imputation.variable_specific_missing_data_rule.completed_non_admitted_imputed,imputation,variable_specific_missing_data_rule,info,completed_non_admitted_imputed,0,Activity flow variable not forward-filled; missing values retained with missingness indicators.,,,,,,,,,,,,,,,,,NaT
imputation.variable_specific_missing_data_rule.new_rtt_periods_imputed,imputation,variable_specific_missing_data_rule,info,new_rtt_periods_imputed,0,Activity flow variable not forward-filled; missing values retained with missingness indicators.,,,,,,,,,,,,,,,,,NaT
