trust_code,trust_name,specialty_code,specialty_name,forecast_month,baseline_predicted_backlog,patients_completed_per_session,max_feasible_additional_sessions,sessions_allocated,simulated_completed_pathways,remaining_backlog,unused_feasible_sessions,allocation_cost,percent_reduction
RJZ,KING'S COLLEGE HOSPITAL NHS FOUNDATION TRUST,130,Ophthalmology Service,2027-05-01,7996.58251953125,10.0,12,12,120.0,7876.5825,0.0,10.8,1.5006410514354858
RP6,MOORFIELDS EYE HOSPITAL NHS FOUNDATION TRUST,130,Ophthalmology Service,2027-05-01,6870.3076171875,10.0,12,12,120.0,6750.3076,0.0,10.8,1.7466466814352695
R0A,MANCHESTER UNIVERSITY NHS FOUNDATION TRUST,130,Ophthalmology Service,2027-05-01,6237.79638671875,10.0,12,12,120.0,6117.7964,0.0,10.8,1.9237562844388265
AAV,COMMUNITY HEALTH AND EYECARE LIMITED,130,Ophthalmology Service,2027-05-01,5393.29248046875,10.0,12,12,120.0,5273.2925,0.0,10.8,2.2249859512453214
RTD,THE NEWCASTLE UPON TYNE HOSPITALS NHS FOUNDATION TRUST,130,Ophthalmology Service,2027-05-01,3075.75732421875,10.0,12,12,120.0,2955.7573,0.0,10.8,3.9014781515794748
RWA,HULL UNIVERSITY TEACHING HOSPITALS NHS TRUST,130,Ophthalmology Service,2027-05-01,2828.74609375,10.0,12,12,120.0,2708.7461,0.0,10.8,4.242162287563919
RH8,ROYAL DEVON UNIVERSITY HEALTHCARE NHS FOUNDATION TRUST,130,Ophthalmology Service,2027-05-01,2812.3388671875,10.0,12,12,120.0,2692.3389,0.0,10.8,4.266911125116543
RYR,UNIVERSITY HOSPITALS SUSSEX NHS FOUNDATION TRUST,130,Ophthalmology Service,2027-05-01,2535.52685546875,10.0,12,12,120.0,2415.5269,0.0,10.8,4.732744192441821
RTH,OXFORD UNIVERSITY HOSPITALS NHS FOUNDATION TRUST,130,Ophthalmology Service,2027-05-01,2320.953369140625,10.0,12,12,120.0,2200.9534,0.0,10.8,5.1702891404678315
RA7,UNIVERSITY HOSPITALS BRISTOL AND WESTON NHS FOUNDATION TRUST,130,Ophthalmology Service,2027-05-01,2111.31640625,10.0,12,12,120.0,1991.3164,0.0,10.8,5.6836578186372915
R0B,SOUTH TYNESIDE AND SUNDERLAND NHS FOUNDATION TRUST,130,Ophthalmology Service,2027-05-01,1925.9422607421875,10.0,12,12,120.0,1805.9423,0.0,10.8,6.23071638470389
RAJ,MID AND SOUTH ESSEX NHS FOUNDATION TRUST,130,Ophthalmology Service,2027-05-01,1908.48486328125,10.0,12,12,120.0,1788.4849,0.0,10.8,6.287710335500618
RDU,FRIMLEY HEALTH NHS FOUNDATION TRUST,130,Ophthalmology Service,2027-05-01,1857.6204833984375,10.0,12,12,120.0,1737.6205,0.0,10.8,6.459877088589437
RTG,UNIVERSITY HOSPITALS OF DERBY AND BURTON NHS FOUNDATION TRUST,130,Ophthalmology Service,2027-05-01,1811.562255859375,10.0,12,12,120.0,1691.5623,0.0,10.8,6.6241168147475005
RJE,UNIVERSITY HOSPITALS OF NORTH MIDLANDS NHS TRUST,130,Ophthalmology Service,2027-05-01,1806.220947265625,10.0,12,12,120.0,1686.2209,0.0,10.8,6.643705476988506
R0D,UNIVERSITY HOSPITALS DORSET NHS FOUNDATION TRUST,130,Ophthalmology Service,2027-05-01,1780.8277587890625,10.0,12,12,120.0,1660.8278,0.0,10.8,6.738439436815511
REM,LIVERPOOL UNIVERSITY HOSPITALS NHS FOUNDATION TRUST,130,Ophthalmology Service,2027-05-01,1714.9324951171875,10.0,12,12,120.0,1594.9325,0.0,10.8,6.997359974323652
RDE,EAST SUFFOLK AND NORTH ESSEX NHS FOUNDATION TRUST,130,Ophthalmology Service,2027-05-01,1617.44287109375,10.0,12,12,120.0,1497.4429,0.0,10.8,7.419118297442765
RAX,KINGSTON AND RICHMOND NHS FOUNDATION TRUST,130,Ophthalmology Service,2027-05-01,1589.031494140625,10.0,12,12,120.0,1469.0315,0.0,10.8,7.55176976935237
RL4,THE ROYAL WOLVERHAMPTON NHS TRUST,130,Ophthalmology Service,2027-05-01,1588.6402587890625,10.0,12,12,120.0,1468.6403,0.0,10.8,7.553629548043163
RXK,SANDWELL AND WEST BIRMINGHAM HOSPITALS NHS TRUST,130,Ophthalmology Service,2027-05-01,1586.4315185546875,10.0,12,12,120.0,1466.4315,0.0,10.8,7.564146236159349
RWF,MAIDSTONE AND TUNBRIDGE WELLS NHS TRUST,130,Ophthalmology Service,2027-05-01,1495.2376708984375,10.0,12,12,120.0,1375.2377,0.0,10.8,8.025479984589746
RGT,CAMBRIDGE UNIVERSITY HOSPITALS NHS FOUNDATION TRUST,130,Ophthalmology Service,2027-05-01,1453.1834716796875,10.0,12,12,120.0,1333.1835,0.0,10.8,8.257732236748874
RCB,YORK AND SCARBOROUGH TEACHING HOSPITALS NHS FOUNDATION TRUST,130,Ophthalmology Service,2027-05-01,1448.789794921875,10.0,12,12,120.0,1328.7898,0.0,10.8,8.282775073417115
RXC,EAST SUSSEX HEALTHCARE NHS TRUST,130,Ophthalmology Service,2027-05-01,1440.2420654296875,10.0,12,12,120.0,1320.2421,0.0,10.8,8.331932727169631
RVV,EAST KENT HOSPITALS UNIVERSITY NHS FOUNDATION TRUST,130,Ophthalmology Service,2027-05-01,1383.332763671875,10.0,12,12,120.0,1263.3328,0.0,10.8,8.674702367453206
RRK,UNIVERSITY HOSPITALS BIRMINGHAM NHS FOUNDATION TRUST,130,Ophthalmology Service,2027-05-01,1325.244873046875,10.0,12,12,120.0,1205.2449,0.0,10.8,9.054930333298147
RK9,UNIVERSITY HOSPITALS PLYMOUTH NHS TRUST,130,Ophthalmology Service,2027-05-01,1322.910888671875,10.0,12,12,120.0,1202.9109,0.0,10.8,9.070905759984557
RWE,UNIVERSITY HOSPITALS OF LEICESTER NHS TRUST,130,Ophthalmology Service,2027-05-01,1258.8328857421875,10.0,12,12,120.0,1138.8329,0.0,10.8,9.53263942808818
RH5,SOMERSET NHS FOUNDATION TRUST,130,Ophthalmology Service,2027-05-01,1245.8504638671875,10.0,12,12,120.0,1125.8505,0.0,10.8,9.631974581244164
RHM,UNIVERSITY HOSPITAL SOUTHAMPTON NHS FOUNDATION TRUST,130,Ophthalmology Service,2027-05-01,1243.5653076171875,10.0,12,12,120.0,1123.5653,0.0,10.8,9.649674147788318
RHU,PORTSMOUTH HOSPITALS UNIVERSITY NHS TRUST,130,Ophthalmology Service,2027-05-01,1212.630126953125,10.0,12,12,120.0,1092.6301,0.0,10.8,9.895845182530145
RWP,WORCESTERSHIRE ACUTE HOSPITALS NHS TRUST,130,Ophthalmology Service,2027-05-01,1174.432861328125,10.0,12,12,120.0,1054.4329,0.0,10.8,10.217697745982363
RNA,THE DUDLEY GROUP NHS FOUNDATION TRUST,130,Ophthalmology Service,2027-05-01,1161.4700927734375,10.0,12,12,120.0,1041.4701,0.0,10.8,10.331733959111752
REF,ROYAL CORNWALL HOSPITALS NHS TRUST,130,Ophthalmology Service,2027-05-01,1117.6041259765625,10.0,12,12,120.0,997.60413,0.0,10.8,10.737254561864113
RR8,LEEDS TEACHING HOSPITALS NHS TRUST,130,Ophthalmology Service,2027-05-01,1109.2490234375,10.0,12,12,120.0,989.24902,0.0,10.8,10.818129875663697
RYJ,IMPERIAL COLLEGE HEALTHCARE NHS TRUST,130,Ophthalmology Service,2027-05-01,1090.3363037109375,10.0,12,12,120.0,970.3363,0.0,10.8,11.00577863835061
RC9,BEDFORDSHIRE HOSPITALS NHS FOUNDATION TRUST,130,Ophthalmology Service,2027-05-01,1051.0692138671875,10.0,12,12,120.0,931.06921,0.0,10.8,11.416945565219754
RXR,EAST LANCASHIRE HOSPITALS NHS TRUST,130,Ophthalmology Service,2027-05-01,1034.855224609375,10.0,12,12,120.0,914.85522,0.0,10.8,11.595824917953735
RTR,SOUTH TEES HOSPITALS NHS FOUNDATION TRUST,130,Ophthalmology Service,2027-05-01,1030.329345703125,10.0,12,12,120.0,910.32935,0.0,10.8,11.646761348732499
RXQ,BUCKINGHAMSHIRE HEALTHCARE NHS TRUST,130,Ophthalmology Service,2027-05-01,1008.6046142578125,10.0,12,12,120.0,888.60461,0.0,10.8,11.897625521800997
RM3,NORTHERN CARE ALLIANCE NHS FOUNDATION TRUST,130,Ophthalmology Service,2027-05-01,1005.0772094726562,10.0,12,12,120.0,885.07721,0.0,10.8,11.93938126036721
RXF,MID YORKSHIRE TEACHING NHS TRUST,130,Ophthalmology Service,2027-05-01,999.0220336914062,10.0,12,12,120.0,879.02203,0.0,10.8,12.011747083955457
RKB,UNIVERSITY HOSPITALS COVENTRY AND WARWICKSHIRE NHS TRUST,130,Ophthalmology Service,2027-05-01,944.9913330078125,10.0,12,12,120.0,824.99133,0.0,10.8,12.698529161960888
RN5,HAMPSHIRE HOSPITALS NHS FOUNDATION TRUST,130,Ophthalmology Service,2027-05-01,929.7017822265625,10.0,12,12,120.0,809.70178,0.0,10.8,12.907364737175126
RM1,NORFOLK AND NORWICH UNIVERSITY HOSPITALS NHS FOUNDATION TRUST,130,Ophthalmology Service,2027-05-01,902.360595703125,10.0,12,12,120.0,782.3606,0.0,10.8,13.298453032126835
RTK,ASHFORD AND ST PETER'S HOSPITALS NHS FOUNDATION TRUST,130,Ophthalmology Service,2027-05-01,889.3516235351562,10.0,12,12,120.0,769.35162,0.0,10.8,13.492975874154501
RXN,LANCASHIRE TEACHING HOSPITALS NHS FOUNDATION TRUST,130,Ophthalmology Service,2027-05-01,879.3534545898438,10.0,12,12,120.0,759.35345,0.0,10.8,13.646389784864326
RXW,THE SHREWSBURY AND TELFORD HOSPITAL NHS TRUST,130,Ophthalmology Service,2027-05-01,876.2772216796875,10.0,12,12,120.0,756.27722,0.0,10.8,13.694296397432153
RGN,NORTH WEST ANGLIA NHS FOUNDATION TRUST,130,Ophthalmology Service,2027-05-01,862.1616821289062,10.0,12,12,120.0,742.16168,0.0,10.8,13.918503047327285
R1H,BARTS HEALTH NHS TRUST,130,Ophthalmology Service,2027-05-01,849.4496459960938,10.0,12,12,120.0,729.44965,0.0,10.8,14.126793808864784
RWJ,STOCKPORT NHS FOUNDATION TRUST,130,Ophthalmology Service,2027-05-01,832.7634887695312,10.0,12,12,120.0,712.76349,0.0,10.8,14.409853652122615
RTE,GLOUCESTERSHIRE HOSPITALS NHS FOUNDATION TRUST,130,Ophthalmology Service,2027-05-01,809.7454833984375,10.0,12,12,120.0,689.74548,0.0,10.8,14.819471359861067
RJ1,GUY'S AND ST THOMAS' NHS FOUNDATION TRUST,130,Ophthalmology Service,2027-05-01,799.5747680664062,10.0,12,12,120.0,679.57477,0.0,10.8,15.007977339029008
RBT,MID CHESHIRE HOSPITALS NHS FOUNDATION TRUST,130,Ophthalmology Service,2027-05-01,779.5050659179688,10.0,12,12,120.0,659.50507,0.0,10.8,15.394383596299578
RMC,BOLTON NHS FOUNDATION TRUST,130,Ophthalmology Service,2027-05-01,768.4952392578125,10.0,12,12,120.0,648.49524,0.0,10.8,15.614930824541226
RBN,MERSEY AND WEST LANCASHIRE TEACHING HOSPITALS NHS TRUST,130,Ophthalmology Service,2027-05-01,764.7722778320312,10.0,12,12,120.0,644.77228,0.0,10.8,15.690945328219113
RP5,DONCASTER AND BASSETLAW TEACHING HOSPITALS NHS FOUNDATION TRUST,130,Ophthalmology Service,2027-05-01,736.349609375,10.0,12,12,120.0,616.34961,0.0,10.8,16.296606730307605
RNQ,KETTERING GENERAL HOSPITAL NHS FOUNDATION TRUST,130,Ophthalmology Service,2027-05-01,733.3033447265625,10.0,12,12,120.0,613.30334,0.0,10.8,16.364305558260632
RCX,"THE QUEEN ELIZABETH HOSPITAL, KING'S LYNN, NHS FOUNDATION TRUST",130,Ophthalmology Service,2027-05-01,726.628662109375,10.0,12,12,120.0,606.62866,0.0,10.8,16.51462518030112
RWY,CALDERDALE AND HUDDERSFIELD NHS FOUNDATION TRUST,130,Ophthalmology Service,2027-05-01,726.3792114257812,10.0,12,12,120.0,606.37921,0.0,10.8,16.520296576833015
ACG24,NEWMEDICA - TEESSIDE - NORTH ORMESBY,130,Ophthalmology Service,2027-05-01,724.5003662109375,10.0,12,12,120.0,604.50037,0.0,10.8,16.56313862580742
B5M7B,NEWMEDICA - NORWICH,130,Ophthalmology Service,2027-05-01,710.614501953125,10.0,12,12,120.0,590.6145,0.0,10.8,16.886793003826945
RN3,GREAT WESTERN HOSPITALS NHS FOUNDATION TRUST,130,Ophthalmology Service,2027-05-01,695.4049682617188,10.0,12,12,120.0,575.40497,0.0,10.8,17.256132106729137
RXL,BLACKPOOL TEACHING HOSPITALS NHS FOUNDATION TRUST,130,Ophthalmology Service,2027-05-01,688.0380249023438,10.0,12,12,120.0,568.03802,0.0,10.8,17.440896528506855
RLQ,WYE VALLEY NHS TRUST,130,Ophthalmology Service,2027-05-01,667.4349365234375,10.0,12,12,120.0,547.43494,0.0,10.8,17.97928059101325
RWD,UNITED LINCOLNSHIRE TEACHING HOSPITALS NHS TRUST,130,Ophthalmology Service,2027-05-01,654.72412109375,10.0,12,12,120.0,534.72412,0.0,10.8,18.32833038128088
RWW,NORTH CHESHIRE AND MERSEY NHS FOUNDATION TRUST,130,Ophthalmology Service,2027-05-01,641.5315551757812,10.0,12,12,120.0,521.53156,0.0,10.8,18.70523733896764
RXP,COUNTY DURHAM AND DARLINGTON NHS FOUNDATION TRUST,130,Ophthalmology Service,2027-05-01,625.99853515625,10.0,12,12,120.0,505.99854,0.0,10.8,19.169373929932256
RBD,DORSET COUNTY HOSPITAL NHS FOUNDATION TRUST,130,Ophthalmology Service,2027-05-01,624.511962890625,10.0,12,12,120.0,504.51196,0.0,10.8,19.21500421618287
RD1,ROYAL UNITED HOSPITALS BATH NHS FOUNDATION TRUST,130,Ophthalmology Service,2027-05-01,620.8350830078125,10.0,12,12,120.0,500.83508,0.0,10.8,19.328804586658634
RJC,SOUTH WARWICKSHIRE UNIVERSITY NHS FOUNDATION TRUST,130,Ophthalmology Service,2027-05-01,595.8062133789062,10.0,12,12,120.0,475.80621,0.0,10.8,20.140776867609695
R1F,ISLE OF WIGHT NHS TRUST,130,Ophthalmology Service,2027-05-01,584.6504516601562,10.0,12,12,120.0,464.65045,0.0,10.8,20.52508463121024
RVR,EPSOM AND ST HELIER UNIVERSITY HOSPITALS NHS TRUST,130,Ophthalmology Service,2027-05-01,579.898681640625,10.0,12,12,120.0,459.89868,0.0,10.8,20.69327001408264
RJL,NORTHERN LINCOLNSHIRE AND GOOLE NHS FOUNDATION TRUST,130,Ophthalmology Service,2027-05-01,570.2584228515625,10.0,12,12,120.0,450.25842,0.0,10.8,21.043091200642525
RCD,HARROGATE AND DISTRICT NHS FOUNDATION TRUST,130,Ophthalmology Service,2027-05-01,568.3597412109375,10.0,12,12,120.0,448.35974,0.0,10.8,21.11338845786826
RFF,BARNSLEY HOSPITAL NHS FOUNDATION TRUST,130,Ophthalmology Service,2027-05-01,562.115966796875,10.0,12,12,120.0,442.11597,0.0,10.8,21.347908098714964
RNS,NORTHAMPTON GENERAL HOSPITAL NHS TRUST,130,Ophthalmology Service,2027-05-01,556.87255859375,10.0,12,12,120.0,436.87256,0.0,10.8,21.54891602183301
ACG37,NEWMEDICA - IPSWICH,130,Ophthalmology Service,2027-05-01,546.5651245117188,10.0,12,12,120.0,426.56512,0.0,10.8,21.95529766140926
RPC,QUEEN VICTORIA HOSPITAL NHS FOUNDATION TRUST,130,Ophthalmology Service,2027-05-01,540.3313598632812,10.0,12,12,120.0,420.33136,0.0,10.8,22.20859437630333
B4N1U,SPAMEDICA ROMFORD,130,Ophthalmology Service,2027-05-01,534.0040283203125,10.0,12,12,120.0,414.00403,0.0,10.8,22.47174059294178
RTP,SURREY AND SUSSEX HEALTHCARE NHS TRUST,130,Ophthalmology Service,2027-05-01,530.1968383789062,10.0,12,12,120.0,410.19684,0.0,10.8,22.63310365390028
RAL,ROYAL FREE LONDON NHS FOUNDATION TRUST,130,Ophthalmology Service,2027-05-01,528.8793334960938,10.0,12,12,120.0,408.87933,0.0,10.8,22.68948555935327
NPG20,SPAMEDICA WOLVERHAMPTON,130,Ophthalmology Service,2027-05-01,526.9074096679688,10.0,12,12,120.0,406.90741,0.0,10.8,22.774399789826095
RGP,JAMES PAGET UNIVERSITY HOSPITALS NHS FOUNDATION TRUST,130,Ophthalmology Service,2027-05-01,525.2754516601562,10.0,12,12,120.0,405.27545,0.0,10.8,22.845156692690416
RWH,EAST AND NORTH HERTFORDSHIRE TEACHING NHS TRUST,130,Ophthalmology Service,2027-05-01,525.1776123046875,10.0,12,12,120.0,405.17761,0.0,10.8,22.84941269171632
RWG,WEST HERTFORDSHIRE TEACHING HOSPITALS NHS TRUST,130,Ophthalmology Service,2027-05-01,521.8521728515625,10.0,12,12,120.0,401.85217,0.0,10.8,22.995017792928348
RTX,UNIVERSITY HOSPITALS OF MORECAMBE BAY NHS FOUNDATION TRUST,130,Ophthalmology Service,2027-05-01,520.9479370117188,10.0,12,12,120.0,400.94794,0.0,10.8,23.03493141528663
RNN,NORTH CUMBRIA INTEGRATED CARE NHS FOUNDATION TRUST,130,Ophthalmology Service,2027-05-01,495.2095642089844,10.0,12,12,120.0,375.20956,0.0,10.8,24.23216526354458
RHW,ROYAL BERKSHIRE NHS FOUNDATION TRUST,130,Ophthalmology Service,2027-05-01,482.53155517578125,10.0,12,12,120.0,362.53156,0.0,10.8,24.868839915823795
M4C5R,NEWMEDICA - NORTHAMPTON,130,Ophthalmology Service,2027-05-01,471.5040283203125,10.0,12,12,120.0,351.50403,0.0,10.8,25.450471850153306
RX1,NOTTINGHAM UNIVERSITY HOSPITALS NHS TRUST,130,Ophthalmology Service,2027-05-01,457.3482666015625,10.0,12,12,120.0,337.34827,0.0,10.8,26.238210301241367
RGR,WEST SUFFOLK NHS FOUNDATION TRUST,130,Ophthalmology Service,2027-05-01,453.30084228515625,10.0,12,12,120.0,333.30084,0.0,10.8,26.472485556184353
ACG26,NEWMEDICA - NORTH DERBYSHIRE - MIDLAND COURT,130,Ophthalmology Service,2027-05-01,448.2115173339844,10.0,12,12,120.0,328.21152,0.0,10.8,26.773073729513765
RQM,CHELSEA AND WESTMINSTER HOSPITAL NHS FOUNDATION TRUST,130,Ophthalmology Service,2027-05-01,441.84454345703125,10.0,12,12,120.0,321.84454,0.0,10.8,27.158873358740443
RF4,"BARKING, HAVERING AND REDBRIDGE UNIVERSITY HOSPITALS NHS TRUST",130,Ophthalmology Service,2027-05-01,435.0036315917969,10.0,12,12,120.0,315.00363,0.0,10.8,27.585976595387788
RK5,SHERWOOD FOREST HOSPITALS NHS FOUNDATION TRUST,130,Ophthalmology Service,2027-05-01,427.129150390625,10.0,12,12,120.0,307.12915,0.0,10.8,28.09454702172766
R7W2O,NEWCASTLE NEWMEDICA LTD,130,Ophthalmology Service,2027-05-01,420.05792236328125,10.0,12,12,120.0,300.05792,0.0,10.8,28.567488817939655
RRF,"WRIGHTINGTON, WIGAN AND LEIGH TEACHING HOSPITALS NHS FOUNDATION TRUST",130,Ophthalmology Service,2027-05-01,408.2720031738281,10.0,12,12,120.0,288.272,0.0,10.8,29.39216969744265
O1P6X,SPAMEDICA OLDHAM,130,Ophthalmology Service,2027-05-01,402.5578918457031,10.0,12,12,120.0,282.55789,0.0,10.8,29.809377093517504
NCR,ISIGHT,130,Ophthalmology Service,2027-05-01,400.3044738769531,10.0,12,12,120.0,280.30447,0.0,10.8,29.977181828071696
NPG07,SPAMEDICA EYE HOSPITAL (WAKEFIELD),130,Ophthalmology Service,2027-05-01,399.24615478515625,10.0,12,12,120.0,279.24615,0.0,10.8,30.05664514529259
NPG08,SPAMEDICA BOLTON,130,Ophthalmology Service,2027-05-01,397.75494384765625,10.0,12,12,120.0,277.75494,0.0,10.8,30.169329597562736
L0D9W,NEWMEDICA - GLOUCESTER (BRIGHOUSE COURT),130,Ophthalmology Service,2027-05-01,394.2051086425781,10.0,12,12,120.0,274.20511,0.0,10.8,30.44100580360637
RAE,BRADFORD TEACHING HOSPITALS NHS FOUNDATION TRUST,130,Ophthalmology Service,2027-05-01,382.3704528808594,10.0,12,12,120.0,262.37045,0.0,10.8,31.383178040011924
RFR,THE ROTHERHAM NHS FOUNDATION TRUST,130,Ophthalmology Service,2027-05-01,380.6138916015625,10.0,12,12,120.0,260.61389,0.0,10.8,31.528013729362097
RA2,ROYAL SURREY NHS FOUNDATION TRUST,130,Ophthalmology Service,2027-05-01,379.66448974609375,10.0,12,12,120.0,259.66449,0.0,10.8,31.60685374611984
NPG18,SPAMEDICA HULL,130,Ophthalmology Service,2027-05-01,364.9819641113281,10.0,12,12,120.0,244.98196,0.0,10.8,32.8783369589729
L6O7H,SPAMEDICA POOLE,130,Ophthalmology Service,2027-05-01,364.3885803222656,10.0,12,12,120.0,244.38858,0.0,10.8,32.93187725418614
Z9Z1G,SPAMEDICA GATESHEAD,130,Ophthalmology Service,2027-05-01,362.81988525390625,10.0,12,12,120.0,242.81989,0.0,10.8,33.07426215517994
NPG11,SPAMEDICA BIRMINGHAM,130,Ophthalmology Service,2027-05-01,361.3242492675781,10.0,12,12,120.0,241.32425,0.0,10.8,33.21116704545733
RBL,WIRRAL UNIVERSITY TEACHING HOSPITAL NHS FOUNDATION TRUST,130,Ophthalmology Service,2027-05-01,348.8915100097656,10.0,12,12,120.0,228.89151,0.0,10.8,34.39464605964219
NTPH1,PRACTICE PLUS GROUP HOSPITAL - SHEPTON MALLET,130,Ophthalmology Service,2027-05-01,346.6990966796875,10.0,12,12,120.0,226.6991,0.0,10.8,34.61214671432128
NPG16,SPAMEDICA CHELMSFORD,130,Ophthalmology Service,2027-05-01,344.3665771484375,10.0,12,12,120.0,224.36658,0.0,10.8,34.846587317988934
NTPAE,PRACTICE PLUS GROUP OPHTHALMOLOGY - NORTH WEST,130,Ophthalmology Service,2027-05-01,332.9258117675781,10.0,12,12,120.0,212.92581,0.0,10.8,36.04406620288555
ACG12,NEWMEDICA COMMUNITY OPHTHALMOLOGY - NORTH EAST LINCOLNSHIRE - GRIMSBY,130,Ophthalmology Service,2027-05-01,328.3107604980469,10.0,12,12,120.0,208.31076,0.0,10.8,36.55073620430844
RD8,MILTON KEYNES UNIVERSITY HOSPITAL NHS FOUNDATION TRUST,130,Ophthalmology Service,2027-05-01,325.22711181640625,10.0,12,12,120.0,205.22711,0.0,10.8,36.89729288858953
RFS,CHESTERFIELD ROYAL HOSPITAL NHS FOUNDATION TRUST,130,Ophthalmology Service,2027-05-01,315.625,10.0,12,12,120.0,195.625,0.0,10.8,38.01980198019802
NPG21,SPAMEDICA COVENTRY,130,Ophthalmology Service,2027-05-01,304.42523193359375,10.0,12,12,120.0,184.42523,0.0,10.8,39.41854597196345
S1Z4X,NEWMEDICA - BIRMINGHAM,130,Ophthalmology Service,2027-05-01,302.9763488769531,10.0,12,12,120.0,182.97635,0.0,10.8,39.60705198435645
RNZ,SALISBURY NHS FOUNDATION TRUST,130,Ophthalmology Service,2027-05-01,300.4080810546875,10.0,12,12,120.0,180.40808,0.0,10.8,39.94566310556563
D3O0Z,PLYMOUTH NEWMEDICA LTD,130,Ophthalmology Service,2027-05-01,282.92083740234375,10.0,12,12,120.0,162.92084,0.0,10.8,42.4146913680123
NPG06,SPAMEDICA LIVERPOOL,130,Ophthalmology Service,2027-05-01,282.18475341796875,10.0,12,12,120.0,162.18475,0.0,10.8,42.52533085026653
NPG10,SPAMEDICA SHEFFIELD,130,Ophthalmology Service,2027-05-01,280.9587707519531,10.0,12,12,120.0,160.95877,0.0,10.8,42.71089301780261
ACG22,NEWMEDICA - BRIGG - RIVERSIDE SURGERY,130,Ophthalmology Service,2027-05-01,277.2619323730469,10.0,12,12,120.0,157.26193,0.0,10.8,43.280373534490096
R1K,LONDON NORTH WEST UNIVERSITY HEALTHCARE NHS TRUST,130,Ophthalmology Service,2027-05-01,276.7654724121094,10.0,12,12,120.0,156.76547,0.0,10.8,43.35800956461707
RJR,COUNTESS OF CHESTER HOSPITAL NHS FOUNDATION TRUST,130,Ophthalmology Service,2027-05-01,274.5578918457031,10.0,12,12,120.0,154.55789,0.0,10.8,43.70662929894507
NNH05,OPTEGRA (BIRMINGHAM EYE HOSPITAL),130,Ophthalmology Service,2027-05-01,272.6882019042969,10.0,12,12,120.0,152.6882,0.0,10.8,44.00630432926299
NPG01,SPAMEDICA MANCHESTER,130,Ophthalmology Service,2027-05-01,268.2803955078125,10.0,12,12,120.0,148.2804,0.0,10.8,44.729321265856534
RAS,THE HILLINGDON HOSPITALS NHS FOUNDATION TRUST,130,Ophthalmology Service,2027-05-01,262.77301025390625,10.0,12,12,120.0,142.77301,0.0,10.8,45.66679046833964
NVC20,THE YORKSHIRE CLINIC,130,Ophthalmology Service,2027-05-01,257.0091857910156,10.0,12,12,120.0,137.00919,0.0,10.8,46.690938158753895
G3O5P,SPAMEDICA NEWARK,130,Ophthalmology Service,2027-05-01,255.52313232421875,10.0,12,12,120.0,135.52313,0.0,10.8,46.96248003399506
RJN,EAST CHESHIRE NHS TRUST,130,Ophthalmology Service,2027-05-01,254.001220703125,10.0,12,12,120.0,134.00122,0.0,10.8,47.24386743804481
Y8L9S,SPAMEDICA BROMLEY,130,Ophthalmology Service,2027-05-01,243.6338348388672,10.0,12,12,120.0,123.63383,0.0,10.8,49.254242572409844
NT457,WOODLANDS HOSPITAL,130,Ophthalmology Service,2027-05-01,242.41403198242188,10.0,12,12,120.0,122.41403,0.0,10.8,49.50208493240257
P5Y6K,NEWMEDICA - SHREWSBURY,130,Ophthalmology Service,2027-05-01,239.52874755859375,10.0,12,12,120.0,119.52875,0.0,10.8,50.09837074802284
R1G7E,SPAMEDICA KENDAL,130,Ophthalmology Service,2027-05-01,237.2197723388672,10.0,12,12,120.0,117.21977,0.0,10.8,50.58600251440282
NTP16,PRACTICE PLUS GROUP SURGICAL CENTRE - GILLINGHAM,130,Ophthalmology Service,2027-05-01,223.93565368652344,10.0,12,12,120.0,103.93565,0.0,10.8,53.58682193947647
ACG19,NEWMEDICA COMMUNITY OPHTHALMOLOGY - LEEDS,130,Ophthalmology Service,2027-05-01,216.3900909423828,10.0,12,12,120.0,96.390091,0.0,10.8,55.45540439370296
J7V1N,SPAMEDICA SOLIHULL,130,Ophthalmology Service,2027-05-01,214.17483520507812,10.0,12,12,120.0,94.174835,0.0,10.8,56.0289914009257
NPG02,SPAMEDICA WIRRAL,130,Ophthalmology Service,2027-05-01,213.7794647216797,10.0,12,12,120.0,93.779465,0.0,10.8,56.13261318444616
NT237,"NUFFIELD HEALTH, TEES HOSPITAL",130,Ophthalmology Service,2027-05-01,213.08151245117188,10.0,12,12,120.0,93.081512,0.0,10.8,56.31647655377812
ACG40,NEWMEDICA - WAKEFIELD,130,Ophthalmology Service,2027-05-01,208.82630920410156,10.0,12,12,120.0,88.826309,0.0,10.8,57.46402378960547
T8V3L,SPAMEDICA DONCASTER,130,Ophthalmology Service,2027-05-01,202.16912841796875,10.0,12,12,120.0,82.169128,0.0,10.8,59.35624342798246
NPG23,SPAMEDICA DERBY,130,Ophthalmology Service,2027-05-01,201.95416259765625,10.0,12,12,120.0,81.954163,0.0,10.8,59.419423920996536
V4U1Y,SPAMEDICA CHESTER,130,Ophthalmology Service,2027-05-01,198.8497772216797,10.0,12,12,120.0,78.849777,0.0,10.8,60.34706283136683
NPG22,SPAMEDICA STOCKTON-ON-TEES,130,Ophthalmology Service,2027-05-01,196.6206512451172,10.0,12,12,120.0,76.620651,0.0,10.8,61.03122903931488
NVC17,ROWLEY HALL HOSPITAL,130,Ophthalmology Service,2027-05-01,195.40765380859375,10.0,12,12,120.0,75.407654,0.0,10.8,61.41008177578486
NPG19,SPAMEDICA BEDFORD,130,Ophthalmology Service,2027-05-01,193.83859252929688,10.0,12,12,120.0,73.838593,0.0,10.8,61.90717670520804
O5Y9D,SPAMEDICA OXFORD,130,Ophthalmology Service,2027-05-01,191.18109130859375,10.0,12,12,120.0,71.181091,0.0,10.8,62.767713678494886
H4J9P,NEWMEDICA AZTEC WEST,130,Ophthalmology Service,2027-05-01,187.6305694580078,10.0,12,12,120.0,67.630569,0.0,10.8,63.95546330570419
P0C3F,SPAMEDICA LEEDS,130,Ophthalmology Service,2027-05-01,184.26901245117188,10.0,12,12,120.0,64.269012,0.0,10.8,65.12218110019879
NPG17,SPAMEDICA PRESTON,130,Ophthalmology Service,2027-05-01,177.20596313476562,10.0,12,12,120.0,57.205963,0.0,10.8,67.71781145352297
NPG15,SPAMEDICA NEWCASTLE-UNDER-LYME,130,Ophthalmology Service,2027-05-01,175.99301147460938,10.0,12,12,120.0,55.993011,0.0,10.8,68.18452562095767
ACG31,NEWMEDICA - WORCESTER,130,Ophthalmology Service,2027-05-01,175.84478759765625,10.0,12,12,120.0,55.844788,0.0,10.8,68.24200002707354
Q1W6P,SPAMEDICA WATFORD,130,Ophthalmology Service,2027-05-01,171.0139923095703,10.0,12,12,120.0,51.013992,0.0,10.8,70.16969686478954
NTPAD,PRACTICE PLUS GROUP SURGICAL CENTRE - ST MARYS PORTSMOUTH,130,Ophthalmology Service,2027-05-01,170.5896453857422,10.0,12,12,120.0,50.589645,0.0,10.8,70.34424611684523
NT490,SOUTHEND PRIVATE HOSPITAL,130,Ophthalmology Service,2027-05-01,168.31228637695312,10.0,12,12,120.0,48.312286,0.0,10.8,71.29604295865089
ACG36,NEWMEDICA - EXETER - GLEN HOUSE,130,Ophthalmology Service,2027-05-01,165.02719116210938,10.0,12,12,120.0,45.027191,0.0,10.8,72.71528961680121
NFH,SOMERSET SURGICAL SERVICES HQ,130,Ophthalmology Service,2027-05-01,164.36888122558594,10.0,12,12,120.0,44.368881,0.0,10.8,73.00651991133745
NTPH2,PRACTICE PLUS GROUP HOSPITAL - EMERSONS GREEN,130,Ophthalmology Service,2027-05-01,163.41482543945312,10.0,12,12,120.0,43.414825,0.0,10.8,73.43274986054507
B9J4U,SPAMEDICA PETERBOROUGH,130,Ophthalmology Service,2027-05-01,161.4892578125,10.0,12,12,120.0,41.489258,0.0,10.8,74.3083481994376
G3Z1Q,SULIS HOSPITAL BATH (FOXCOTE AVENUE),130,Ophthalmology Service,2027-05-01,155.97567749023438,10.0,12,12,120.0,35.975677,0.0,10.8,76.93507214130433
ACG20,NEWMEDICA - BRISTOL - LITFIELD HOUSE,130,Ophthalmology Service,2027-05-01,154.1228790283203,10.0,12,12,120.0,34.122879,0.0,10.8,77.85995223846669
M3R0W,SPAMEDICA NORWICH,130,Ophthalmology Service,2027-05-01,149.37075805664062,10.0,12,12,120.0,29.370758,0.0,10.8,80.33700943962313
NAM01,PROBUS SURGICAL CENTRE,130,Ophthalmology Service,2027-05-01,148.6876983642578,10.0,12,12,120.0,28.687698,0.0,10.8,80.70607139672163
NPG14,SPAMEDICA WIDNES,130,Ophthalmology Service,2027-05-01,148.3370819091797,10.0,12,12,120.0,28.337082,0.0,10.8,80.89683203655763
DFQ,NORWICH & NORFOLK SURGICAL LTD (N2S),130,Ophthalmology Service,2027-05-01,147.09906005859375,10.0,12,12,120.0,27.09906,0.0,10.8,81.57767966171951
NVM,EPSOMEDICAL GROUP,130,Ophthalmology Service,2027-05-01,144.89974975585938,10.0,12,12,120.0,24.89975,0.0,10.8,82.81587801372135
B9M3W,SPAMEDICA SOUTHAMPTON,130,Ophthalmology Service,2027-05-01,141.98687744140625,10.0,12,12,120.0,21.986877,0.0,10.8,84.51485247256066
NTPH3,PRACTICE PLUS GROUP SURGICAL CENTRE - DEVIZES,130,Ophthalmology Service,2027-05-01,141.4591064453125,10.0,12,12,120.0,21.459106,0.0,10.8,84.8301696620652
E3D4A,SPAMEDICA TRURO,130,Ophthalmology Service,2027-05-01,140.34750366210938,10.0,12,12,120.0,20.347504,0.0,10.8,85.50205516223747
M7C9Q,SPAMEDICA EPSOM,130,Ophthalmology Service,2027-05-01,139.3668212890625,10.0,12,12,120.0,19.366821,0.0,10.8,86.10370738893906
NVC27,BOSTON WEST HOSPITAL,130,Ophthalmology Service,2027-05-01,138.2820587158203,10.0,12,12,120.0,18.282059,0.0,10.8,86.77915350292024
RLT,GEORGE ELIOT HOSPITAL NHS TRUST,130,Ophthalmology Service,2027-05-01,134.25697326660156,10.0,12,12,120.0,14.256973,0.0,10.8,89.38083220579486
RBK,WALSALL HEALTHCARE NHS TRUST,130,Ophthalmology Service,2027-05-01,133.8629608154297,10.0,12,12,120.0,13.862961,0.0,10.8,89.64391588906811
NT235,"NUFFIELD HEALTH, SHREWSBURY HOSPITAL",130,Ophthalmology Service,2027-05-01,133.34295654296875,10.0,12,12,120.0,13.342957,0.0,10.8,89.99350480228097
D5P5H,SPAMEDICA BEXHILL,130,Ophthalmology Service,2027-05-01,132.50543212890625,10.0,12,12,120.0,12.505432,0.0,10.8,90.56232493416535
I9A4A,SPAMEDICA BRIGHTON,130,Ophthalmology Service,2027-05-01,131.07322692871094,10.0,12,12,120.0,11.073227,0.0,10.8,91.5518773832176
AAH,TETBURY HOSPITAL TRUST LTD,130,Ophthalmology Service,2027-05-01,129.71603393554688,10.0,12,12,120.0,9.7160339,0.0,10.8,92.50976641763918
M5E1S,SPAMEDICA EXETER,130,Ophthalmology Service,2027-05-01,125.83589172363281,10.0,12,12,120.0,5.8358917,0.0,10.8,95.36229954451319
L9D3Z,SPAMEDICA LEICESTER,130,Ophthalmology Service,2027-05-01,122.78341674804688,10.0,12,12,120.0,2.7834167,0.0,10.8,97.73306785088211
NXP,INDEPENDENT HEALTH GROUP,130,Ophthalmology Service,2027-05-01,120.24044799804688,10.0,12,12,120.0,0.240448,0.0,10.8,99.80002736013527
I2C7H,SPAMEDICA BRADFORD,130,Ophthalmology Service,2027-05-01,118.44596862792969,10.0,12,12,118.44597,0.0,0.0,10.8,100.00000115839342
T8R5I,SPAMEDICA WOKINGHAM,130,Ophthalmology Service,2027-05-01,117.11575317382812,10.0,12,11,110.0,7.1157532,1.0,9.9,93.92417076183882
K8I4X,GLENDON WOOD HOSPITAL,130,Ophthalmology Service,2027-05-01,113.93077087402344,10.0,12,11,110.0,3.9307709,1.0,9.9,96.5498601967946
RCF,AIREDALE NHS FOUNDATION TRUST,130,Ophthalmology Service,2027-05-01,108.18141174316406,10.0,11,11,108.18141,0.0,0.0,9.9,99.99999838866582
NVC19,RIVERS HOSPITAL,130,Ophthalmology Service,2027-05-01,108.06172943115234,10.0,11,11,108.06173,0.0,0.0,9.9,100.0000005264099
NVC1H,STOURSIDE HOSPITAL,130,Ophthalmology Service,2027-05-01,107.83989715576172,10.0,11,10,100.0,7.8398972,1.0,9.0,92.7300587606849
NTP15,PRACTICE PLUS GROUP HOSPITAL - ILFORD,130,Ophthalmology Service,2027-05-01,107.12728118896484,10.0,11,10,100.0,7.1272812,1.0,9.0,93.34690369263379
NPG13,SPAMEDICA SKELMERSDALE,130,Ophthalmology Service,2027-05-01,106.85096740722656,10.0,11,10,100.0,6.8509674,1.0,9.0,93.58829632200109
RQW,THE PRINCESS ALEXANDRA HOSPITAL NHS TRUST,130,Ophthalmology Service,2027-05-01,105.03843688964844,10.0,11,10,100.0,5.0384369,1.0,9.0,95.20324460374279
NVC40,WOODTHORPE HOSPITAL,130,Ophthalmology Service,2027-05-01,102.48973846435547,10.0,11,10,100.0,2.4897385,1.0,9.0,97.57074366501446
NTP11,PRACTICE PLUS GROUP HOSPITAL - SOUTHAMPTON,130,Ophthalmology Service,2027-05-01,99.8394546508789,10.0,10,10,99.839455,0.0,0.0,9.0,100.0000003496825
RBN,MERSEY AND WEST LANCASHIRE TEACHING HOSPITALS NHS TRUST,160,Plastic Surgery Service,2027-05-01,8513.93359375,8.0,12,12,96.0,8417.9336,0.0,12.0,1.1275634105306238
RPC,QUEEN VICTORIA HOSPITAL NHS FOUNDATION TRUST,160,Plastic Surgery Service,2027-05-01,3450.998046875,8.0,12,12,96.0,3354.998,0.0,12.0,2.7818039505102408
RAJ,MID AND SOUTH ESSEX NHS FOUNDATION TRUST,160,Plastic Surgery Service,2027-05-01,3029.350830078125,8.0,12,12,96.0,2933.3508,0.0,12.0,3.168995781103512
RJ2,LEWISHAM AND GREENWICH NHS TRUST,120,Ear Nose and Throat Service,2027-05-01,3006.783935546875,8.0,12,12,96.0,2910.7839,0.0,12.0,3.192780128464385
RH5,SOMERSET NHS FOUNDATION TRUST,100,General Surgery Service,2027-05-01,2383.41943359375,8.0,12,12,96.0,2287.4194,0.0,12.0,4.027826518778106
RYR,UNIVERSITY HOSPITALS SUSSEX NHS FOUNDATION TRUST,140,Oral Surgery Service,2027-05-01,1703.7545166015625,8.0,12,12,96.0,1607.7545,0.0,12.0,5.634614556531821
R0A,MANCHESTER UNIVERSITY NHS FOUNDATION TRUST,100,General Surgery Service,2027-05-01,1703.565185546875,8.0,12,12,96.0,1607.5652,0.0,12.0,5.635240777075535
RA7,UNIVERSITY HOSPITALS BRISTOL AND WESTON NHS FOUNDATION TRUST,120,Ear Nose and Throat Service,2027-05-01,1580.9154052734375,8.0,12,12,96.0,1484.9154,0.0,12.0,6.072431180047594
R1H,BARTS HEALTH NHS TRUST,100,General Surgery Service,2027-05-01,1552.662109375,8.0,12,12,96.0,1456.6621,0.0,12.0,6.182929268406203
R1H,BARTS HEALTH NHS TRUST,120,Ear Nose and Throat Service,2027-05-01,1505.9801025390625,8.0,12,12,96.0,1409.9801,0.0,12.0,6.374586213864664
RM1,NORFOLK AND NORWICH UNIVERSITY HOSPITALS NHS FOUNDATION TRUST,120,Ear Nose and Throat Service,2027-05-01,1425.9501953125,8.0,12,12,96.0,1329.9502,0.0,12.0,6.732352947219268
RC9,BEDFORDSHIRE HOSPITALS NHS FOUNDATION TRUST,140,Oral Surgery Service,2027-05-01,1388.42626953125,8.0,12,12,96.0,1292.4263,0.0,12.0,6.914303057115939
RAX,KINGSTON AND RICHMOND NHS FOUNDATION TRUST,120,Ear Nose and Throat Service,2027-05-01,1352.147216796875,8.0,12,12,96.0,1256.1472,0.0,12.0,7.099818629765482
RKE,WHITTINGTON HEALTH NHS TRUST,100,General Surgery Service,2027-05-01,1336.5196533203125,8.0,12,12,96.0,1240.5197,0.0,12.0,7.1828348922148235
RQM,CHELSEA AND WESTMINSTER HOSPITAL NHS FOUNDATION TRUST,100,General Surgery Service,2027-05-01,1320.12353515625,8.0,12,12,96.0,1224.1235,0.0,12.0,7.272046701950316
RTR,SOUTH TEES HOSPITALS NHS FOUNDATION TRUST,160,Plastic Surgery Service,2027-05-01,1319.311767578125,8.0,12,12,96.0,1223.3118,0.0,12.0,7.276521164988034
RHU,PORTSMOUTH HOSPITALS UNIVERSITY NHS TRUST,120,Ear Nose and Throat Service,2027-05-01,1309.753662109375,8.0,12,12,96.0,1213.7537,0.0,12.0,7.329622567757571
RHU,PORTSMOUTH HOSPITALS UNIVERSITY NHS TRUST,140,Oral Surgery Service,2027-05-01,1275.9190673828125,8.0,12,12,96.0,1179.9191,0.0,12.0,7.523988194401459
RXQ,BUCKINGHAMSHIRE HEALTHCARE NHS TRUST,100,General Surgery Service,2027-05-01,1275.587890625,8.0,12,12,96.0,1179.5879,0.0,12.0,7.525941623118017
RYJ,IMPERIAL COLLEGE HEALTHCARE NHS TRUST,120,Ear Nose and Throat Service,2027-05-01,1273.1370849609375,8.0,12,12,96.0,1177.1371,0.0,12.0,7.540429159908219
RYR,UNIVERSITY HOSPITALS SUSSEX NHS FOUNDATION TRUST,120,Ear Nose and Throat Service,2027-05-01,1247.7353515625,8.0,12,12,96.0,1151.7354,0.0,12.0,7.693939254007847
RWA,HULL UNIVERSITY TEACHING HOSPITALS NHS TRUST,120,Ear Nose and Throat Service,2027-05-01,1239.7315673828125,8.0,12,12,96.0,1143.7316,0.0,12.0,7.743611804825204
R0A,MANCHESTER UNIVERSITY NHS FOUNDATION TRUST,101,Urology Service,2027-05-01,1237.5208740234375,8.0,12,12,96.0,1141.5209,0.0,12.0,7.757444905788462
RMC,BOLTON NHS FOUNDATION TRUST,100,General Surgery Service,2027-05-01,1221.6513671875,8.0,12,12,96.0,1125.6514,0.0,12.0,7.85821573801471
RCB,YORK AND SCARBOROUGH TEACHING HOSPITALS NHS FOUNDATION TRUST,101,Urology Service,2027-05-01,1195.5301513671875,8.0,12,12,96.0,1099.5302,0.0,12.0,8.029910403365074
R0B,SOUTH TYNESIDE AND SUNDERLAND NHS FOUNDATION TRUST,120,Ear Nose and Throat Service,2027-05-01,1168.4375,8.0,12,12,96.0,1072.4375,0.0,12.0,8.2161005616475
RR8,LEEDS TEACHING HOSPITALS NHS TRUST,160,Plastic Surgery Service,2027-05-01,1153.79345703125,8.0,12,12,96.0,1057.7935,0.0,12.0,8.320379996521325
RGT,CAMBRIDGE UNIVERSITY HOSPITALS NHS FOUNDATION TRUST,120,Ear Nose and Throat Service,2027-05-01,1148.4530029296875,8.0,12,12,96.0,1052.453,0.0,12.0,8.359070833121194
RAL,ROYAL FREE LONDON NHS FOUNDATION TRUST,100,General Surgery Service,2027-05-01,1143.1666259765625,8.0,12,12,96.0,1047.1666,0.0,12.0,8.39772591488935
RQX,HOMERTON HEALTHCARE NHS FOUNDATION TRUST,120,Ear Nose and Throat Service,2027-05-01,1142.074951171875,8.0,12,12,96.0,1046.075,0.0,12.0,8.405753046373627
RWP,WORCESTERSHIRE ACUTE HOSPITALS NHS TRUST,120,Ear Nose and Throat Service,2027-05-01,1135.5870361328125,8.0,12,12,96.0,1039.587,0.0,12.0,8.453777380809438
RC9,BEDFORDSHIRE HOSPITALS NHS FOUNDATION TRUST,100,General Surgery Service,2027-05-01,1098.356201171875,8.0,12,12,96.0,1002.3562,0.0,12.0,8.740333955193607
RXF,MID YORKSHIRE TEACHING NHS TRUST,101,Urology Service,2027-05-01,1085.4208984375,8.0,12,12,96.0,989.4209,0.0,12.0,8.844495267982701
RTG,UNIVERSITY HOSPITALS OF DERBY AND BURTON NHS FOUNDATION TRUST,100,General Surgery Service,2027-05-01,1074.5787353515625,8.0,12,12,96.0,978.57874,0.0,12.0,8.933733456822253
RYR,UNIVERSITY HOSPITALS SUSSEX NHS FOUNDATION TRUST,101,Urology Service,2027-05-01,1024.7392578125,8.0,12,12,96.0,928.73926,0.0,12.0,9.368236775170512
RPC,QUEEN VICTORIA HOSPITAL NHS FOUNDATION TRUST,140,Oral Surgery Service,2027-05-01,1019.8720092773438,8.0,12,12,96.0,923.87201,0.0,12.0,9.412945852688244
RQX,HOMERTON HEALTHCARE NHS FOUNDATION TRUST,140,Oral Surgery Service,2027-05-01,1010.821533203125,8.0,12,12,96.0,914.82153,0.0,12.0,9.497225459354036
RH5,SOMERSET NHS FOUNDATION TRUST,101,Urology Service,2027-05-01,988.573974609375,8.0,12,12,96.0,892.57397,0.0,12.0,9.710957648660884
RK9,UNIVERSITY HOSPITALS PLYMOUTH NHS TRUST,120,Ear Nose and Throat Service,2027-05-01,981.3281860351562,8.0,12,12,96.0,885.32819,0.0,12.0,9.78266000774595
RXF,MID YORKSHIRE TEACHING NHS TRUST,140,Oral Surgery Service,2027-05-01,977.649658203125,8.0,12,12,96.0,881.64966,0.0,12.0,9.819468476718294
RRK,UNIVERSITY HOSPITALS BIRMINGHAM NHS FOUNDATION TRUST,100,General Surgery Service,2027-05-01,970.1717529296875,8.0,12,12,96.0,874.17175,0.0,12.0,9.895155132078715
RNS,NORTHAMPTON GENERAL HOSPITAL NHS TRUST,100,General Surgery Service,2027-05-01,969.9356079101562,8.0,12,12,96.0,873.93561,0.0,12.0,9.897564252419151
RRK,UNIVERSITY HOSPITALS BIRMINGHAM NHS FOUNDATION TRUST,101,Urology Service,2027-05-01,961.9796752929688,8.0,12,12,96.0,865.97968,0.0,12.0,9.979420819963105
RRF,"WRIGHTINGTON, WIGAN AND LEIGH TEACHING HOSPITALS NHS FOUNDATION TRUST",100,General Surgery Service,2027-05-01,945.2322387695312,8.0,12,12,96.0,849.23224,0.0,12.0,10.156234210226398
RNA,THE DUDLEY GROUP NHS FOUNDATION TRUST,100,General Surgery Service,2027-05-01,942.7579345703125,8.0,12,12,96.0,846.75793,0.0,12.0,10.182889634734774
RBT,MID CHESHIRE HOSPITALS NHS FOUNDATION TRUST,120,Ear Nose and Throat Service,2027-05-01,941.6663818359375,8.0,12,12,96.0,845.66638,0.0,12.0,10.194693349127725
R1H,BARTS HEALTH NHS TRUST,101,Urology Service,2027-05-01,936.5484008789062,8.0,12,12,96.0,840.5484,0.0,12.0,10.250404561035879
RFF,BARNSLEY HOSPITAL NHS FOUNDATION TRUST,140,Oral Surgery Service,2027-05-01,919.2593383789062,8.0,12,12,96.0,823.25934,0.0,12.0,10.443190076186106
REM,LIVERPOOL UNIVERSITY HOSPITALS NHS FOUNDATION TRUST,120,Ear Nose and Throat Service,2027-05-01,899.6123046875,8.0,12,12,96.0,803.6123,0.0,12.0,10.671263554287165
RC9,BEDFORDSHIRE HOSPITALS NHS FOUNDATION TRUST,160,Plastic Surgery Service,2027-05-01,897.5297241210938,8.0,12,12,96.0,801.52972,0.0,12.0,10.696024590607072
RXC,EAST SUSSEX HEALTHCARE NHS TRUST,120,Ear Nose and Throat Service,2027-05-01,894.8746948242188,8.0,12,12,96.0,798.87469,0.0,12.0,10.727758931529223
RGR,WEST SUFFOLK NHS FOUNDATION TRUST,100,General Surgery Service,2027-05-01,893.5415649414062,8.0,12,12,96.0,797.54156,0.0,12.0,10.743764338069173
RFS,CHESTERFIELD ROYAL HOSPITAL NHS FOUNDATION TRUST,100,General Surgery Service,2027-05-01,879.9716186523438,8.0,12,12,96.0,783.97162,0.0,12.0,10.90944275532679
RHM,UNIVERSITY HOSPITAL SOUTHAMPTON NHS FOUNDATION TRUST,101,Urology Service,2027-05-01,879.0764770507812,8.0,12,12,96.0,783.07648,0.0,12.0,10.92055156817197
RTP,SURREY AND SUSSEX HEALTHCARE NHS TRUST,120,Ear Nose and Throat Service,2027-05-01,874.144287109375,8.0,12,12,96.0,778.14429,0.0,12.0,10.982168666622911
RTH,OXFORD UNIVERSITY HOSPITALS NHS FOUNDATION TRUST,160,Plastic Surgery Service,2027-05-01,863.4475708007812,8.0,12,12,96.0,767.44757,0.0,12.0,11.11821994136452
RAL,ROYAL FREE LONDON NHS FOUNDATION TRUST,101,Urology Service,2027-05-01,851.829345703125,8.0,12,12,96.0,755.82935,0.0,12.0,11.269862970118595
REM,LIVERPOOL UNIVERSITY HOSPITALS NHS FOUNDATION TRUST,140,Oral Surgery Service,2027-05-01,851.5845947265625,8.0,12,12,96.0,755.58459,0.0,12.0,11.273102002370639
RFR,THE ROTHERHAM NHS FOUNDATION TRUST,120,Ear Nose and Throat Service,2027-05-01,837.2425537109375,8.0,12,12,96.0,741.24255,0.0,12.0,11.466211263927766
RXQ,BUCKINGHAMSHIRE HEALTHCARE NHS TRUST,160,Plastic Surgery Service,2027-05-01,834.5520629882812,8.0,12,12,96.0,738.55206,0.0,12.0,11.503176884645486
RAJ,MID AND SOUTH ESSEX NHS FOUNDATION TRUST,120,Ear Nose and Throat Service,2027-05-01,821.7686767578125,8.0,12,12,96.0,725.76868,0.0,12.0,11.682119642081787
RXK,SANDWELL AND WEST BIRMINGHAM HOSPITALS NHS TRUST,100,General Surgery Service,2027-05-01,815.9791870117188,8.0,12,12,96.0,719.97919,0.0,12.0,11.765005961925509
RC9,BEDFORDSHIRE HOSPITALS NHS FOUNDATION TRUST,101,Urology Service,2027-05-01,810.639404296875,8.0,12,12,96.0,714.6394,0.0,12.0,11.842503521435354
RNA,THE DUDLEY GROUP NHS FOUNDATION TRUST,101,Urology Service,2027-05-01,809.1337280273438,8.0,12,12,96.0,713.13373,0.0,12.0,11.864540640772274
RH5,SOMERSET NHS FOUNDATION TRUST,140,Oral Surgery Service,2027-05-01,806.726806640625,8.0,12,12,96.0,710.72681,0.0,12.0,11.899939261937208
RWD,UNITED LINCOLNSHIRE TEACHING HOSPITALS NHS TRUST,120,Ear Nose and Throat Service,2027-05-01,802.2008666992188,8.0,12,12,96.0,706.20087,0.0,12.0,11.967077571856416
RXF,MID YORKSHIRE TEACHING NHS TRUST,160,Plastic Surgery Service,2027-05-01,798.6083984375,8.0,12,12,96.0,702.6084,0.0,12.0,12.02091039711412
RVR,EPSOM AND ST HELIER UNIVERSITY HOSPITALS NHS TRUST,100,General Surgery Service,2027-05-01,793.2003173828125,8.0,12,12,96.0,697.20032,0.0,12.0,12.102869589961182
RH8,ROYAL DEVON UNIVERSITY HEALTHCARE NHS FOUNDATION TRUST,140,Oral Surgery Service,2027-05-01,767.0501708984375,8.0,12,12,96.0,671.05017,0.0,12.0,12.515478601296216
RTH,OXFORD UNIVERSITY HOSPITALS NHS FOUNDATION TRUST,140,Oral Surgery Service,2027-05-01,755.3687744140625,8.0,12,12,96.0,659.36877,0.0,12.0,12.709024155051543
RXN,LANCASHIRE TEACHING HOSPITALS NHS FOUNDATION TRUST,120,Ear Nose and Throat Service,2027-05-01,754.4049682617188,8.0,12,12,96.0,658.40497,0.0,12.0,12.725260839837896
RQM,CHELSEA AND WESTMINSTER HOSPITAL NHS FOUNDATION TRUST,101,Urology Service,2027-05-01,743.3314208984375,8.0,12,12,96.0,647.33142,0.0,12.0,12.914831433328663
RFR,THE ROTHERHAM NHS FOUNDATION TRUST,100,General Surgery Service,2027-05-01,741.4476928710938,8.0,12,12,96.0,645.44769,0.0,12.0,12.947642958906654
RXP,COUNTY DURHAM AND DARLINGTON NHS FOUNDATION TRUST,160,Plastic Surgery Service,2027-05-01,730.4998779296875,8.0,12,12,96.0,634.49988,0.0,12.0,13.1416859742775
RWG,WEST HERTFORDSHIRE TEACHING HOSPITALS NHS TRUST,140,Oral Surgery Service,2027-05-01,717.80322265625,8.0,12,12,96.0,621.80322,0.0,12.0,13.374138896277094
RBD,DORSET COUNTY HOSPITAL NHS FOUNDATION TRUST,140,Oral Surgery Service,2027-05-01,709.19384765625,8.0,12,12,96.0,613.19385,0.0,12.0,13.536496448363398
REF,ROYAL CORNWALL HOSPITALS NHS TRUST,120,Ear Nose and Throat Service,2027-05-01,702.2166748046875,8.0,12,12,96.0,606.21667,0.0,12.0,13.670994074115537
RXF,MID YORKSHIRE TEACHING NHS TRUST,100,General Surgery Service,2027-05-01,701.9263305664062,8.0,12,12,96.0,605.92633,0.0,12.0,13.67664893302045
RH8,ROYAL DEVON UNIVERSITY HEALTHCARE NHS FOUNDATION TRUST,160,Plastic Surgery Service,2027-05-01,701.7952880859375,8.0,12,12,96.0,605.79529,0.0,12.0,13.679202700523751
RAJ,MID AND SOUTH ESSEX NHS FOUNDATION TRUST,140,Oral Surgery Service,2027-05-01,697.639404296875,8.0,12,12,96.0,601.6394,0.0,12.0,13.760690610180607
RWE,UNIVERSITY HOSPITALS OF LEICESTER NHS TRUST,160,Plastic Surgery Service,2027-05-01,681.2732543945312,8.0,12,12,96.0,585.27325,0.0,12.0,14.091262115568911
RTG,UNIVERSITY HOSPITALS OF DERBY AND BURTON NHS FOUNDATION TRUST,101,Urology Service,2027-05-01,668.8695068359375,8.0,12,12,96.0,572.86951,0.0,12.0,14.35257535571093
RL4,THE ROYAL WOLVERHAMPTON NHS TRUST,120,Ear Nose and Throat Service,2027-05-01,668.15283203125,8.0,12,12,96.0,572.15283,0.0,12.0,14.367970230426264
RQM,CHELSEA AND WESTMINSTER HOSPITAL NHS FOUNDATION TRUST,120,Ear Nose and Throat Service,2027-05-01,646.5799560546875,8.0,12,12,96.0,550.57996,0.0,12.0,14.847351684975578
RWG,WEST HERTFORDSHIRE TEACHING HOSPITALS NHS TRUST,120,Ear Nose and Throat Service,2027-05-01,627.341796875,8.0,12,12,96.0,531.3418,0.0,12.0,15.3026628351894
RVW,NORTH TEES AND HARTLEPOOL NHS FOUNDATION TRUST,101,Urology Service,2027-05-01,627.2968139648438,8.0,12,12,96.0,531.29681,0.0,12.0,15.30376017586154
RBK,WALSALL HEALTHCARE NHS TRUST,120,Ear Nose and Throat Service,2027-05-01,627.1554565429688,8.0,12,12,96.0,531.15546,0.0,12.0,15.30720955999889
RKB,UNIVERSITY HOSPITALS COVENTRY AND WARWICKSHIRE NHS TRUST,100,General Surgery Service,2027-05-01,623.7229614257812,8.0,12,12,96.0,527.72296,0.0,12.0,15.391448758043412
RJC,SOUTH WARWICKSHIRE UNIVERSITY NHS FOUNDATION TRUST,120,Ear Nose and Throat Service,2027-05-01,618.8634033203125,8.0,12,12,96.0,522.8634,0.0,12.0,15.512308448834247
RA2,ROYAL SURREY NHS FOUNDATION TRUST,100,General Surgery Service,2027-05-01,617.2156982421875,8.0,12,12,96.0,521.2157,0.0,12.0,15.553719756870285
RMC,BOLTON NHS FOUNDATION TRUST,101,Urology Service,2027-05-01,612.5097045898438,8.0,12,12,96.0,516.5097,0.0,12.0,15.673221057662213
RXQ,BUCKINGHAMSHIRE HEALTHCARE NHS TRUST,101,Urology Service,2027-05-01,611.0753173828125,8.0,12,12,96.0,515.07532,0.0,12.0,15.710011068874529
REM,LIVERPOOL UNIVERSITY HOSPITALS NHS FOUNDATION TRUST,100,General Surgery Service,2027-05-01,607.1641235351562,8.0,12,12,96.0,511.16412,0.0,12.0,15.81121088661316
RAX,KINGSTON AND RICHMOND NHS FOUNDATION TRUST,101,Urology Service,2027-05-01,604.7540893554688,8.0,12,12,96.0,508.75409,0.0,12.0,15.874220892381945
REM,LIVERPOOL UNIVERSITY HOSPITALS NHS FOUNDATION TRUST,101,Urology Service,2027-05-01,603.4381103515625,8.0,12,12,96.0,507.43811,0.0,12.0,15.908839424157431
RNN,NORTH CUMBRIA INTEGRATED CARE NHS FOUNDATION TRUST,120,Ear Nose and Throat Service,2027-05-01,599.2032470703125,8.0,12,12,96.0,503.20325,0.0,12.0,16.021274996317743
RWE,UNIVERSITY HOSPITALS OF LEICESTER NHS TRUST,140,Oral Surgery Service,2027-05-01,596.5779418945312,8.0,12,12,96.0,500.57794,0.0,12.0,16.091778334132876
RWY,CALDERDALE AND HUDDERSFIELD NHS FOUNDATION TRUST,120,Ear Nose and Throat Service,2027-05-01,589.9100341796875,8.0,12,12,96.0,493.91003,0.0,12.0,16.273667921837426
RRF,"WRIGHTINGTON, WIGAN AND LEIGH TEACHING HOSPITALS NHS FOUNDATION TRUST",101,Urology Service,2027-05-01,587.4912719726562,8.0,12,12,96.0,491.49127,0.0,12.0,16.340668292424972
RD8,MILTON KEYNES UNIVERSITY HOSPITAL NHS FOUNDATION TRUST,120,Ear Nose and Throat Service,2027-05-01,573.71142578125,8.0,12,12,96.0,477.71143,0.0,12.0,16.733151142889
RQM,CHELSEA AND WESTMINSTER HOSPITAL NHS FOUNDATION TRUST,160,Plastic Surgery Service,2027-05-01,572.6561889648438,8.0,12,12,96.0,476.65619,0.0,12.0,16.76398541567034
RVW,NORTH TEES AND HARTLEPOOL NHS FOUNDATION TRUST,100,General Surgery Service,2027-05-01,557.4921875,8.0,12,12,96.0,461.49219,0.0,12.0,17.219972252974397
RJR,COUNTESS OF CHESTER HOSPITAL NHS FOUNDATION TRUST,160,Plastic Surgery Service,2027-05-01,555.0930786132812,8.0,12,12,96.0,459.09308,0.0,12.0,17.294396867607258
R1H,BARTS HEALTH NHS TRUST,140,Oral Surgery Service,2027-05-01,554.4168090820312,8.0,12,12,96.0,458.41681,0.0,12.0,17.315492320471094
RXL,BLACKPOOL TEACHING HOSPITALS NHS FOUNDATION TRUST,120,Ear Nose and Throat Service,2027-05-01,554.2872924804688,8.0,12,12,96.0,458.28729,0.0,12.0,17.319538315661948
RNN,NORTH CUMBRIA INTEGRATED CARE NHS FOUNDATION TRUST,101,Urology Service,2027-05-01,533.7864379882812,8.0,12,12,96.0,437.78644,0.0,12.0,17.984720698750234
RF4,"BARKING, HAVERING AND REDBRIDGE UNIVERSITY HOSPITALS NHS TRUST",140,Oral Surgery Service,2027-05-01,532.0257568359375,8.0,12,12,96.0,436.02576,0.0,12.0,18.044239168218283
RTE,GLOUCESTERSHIRE HOSPITALS NHS FOUNDATION TRUST,140,Oral Surgery Service,2027-05-01,524.7379760742188,8.0,12,12,96.0,428.73798,0.0,12.0,18.2948451183609
RFF,BARNSLEY HOSPITAL NHS FOUNDATION TRUST,120,Ear Nose and Throat Service,2027-05-01,495.77349853515625,8.0,12,12,96.0,399.7735,0.0,12.0,19.363681254372747
RXK,SANDWELL AND WEST BIRMINGHAM HOSPITALS NHS TRUST,101,Urology Service,2027-05-01,487.62115478515625,8.0,12,12,96.0,391.62115,0.0,12.0,19.68741492405045
RFR,THE ROTHERHAM NHS FOUNDATION TRUST,101,Urology Service,2027-05-01,475.9070739746094,8.0,12,12,96.0,379.90707,0.0,12.0,20.172005261077878
RLQ,WYE VALLEY NHS TRUST,101,Urology Service,2027-05-01,469.1968994140625,8.0,12,12,96.0,373.1969,0.0,12.0,20.460493264104198
RAE,BRADFORD TEACHING HOSPITALS NHS FOUNDATION TRUST,120,Ear Nose and Throat Service,2027-05-01,464.36865234375,8.0,12,12,96.0,368.36865,0.0,12.0,20.673230097568208
RKB,UNIVERSITY HOSPITALS COVENTRY AND WARWICKSHIRE NHS TRUST,101,Urology Service,2027-05-01,463.4728088378906,8.0,12,12,96.0,367.47281,0.0,12.0,20.71318924635728
RTK,ASHFORD AND ST PETER'S HOSPITALS NHS FOUNDATION TRUST,120,Ear Nose and Throat Service,2027-05-01,452.12066650390625,8.0,12,12,96.0,356.12067,0.0,12.0,21.23326959201733
RBL,WIRRAL UNIVERSITY TEACHING HOSPITAL NHS FOUNDATION TRUST,101,Urology Service,2027-05-01,450.3551940917969,8.0,12,12,96.0,354.35519,0.0,12.0,21.31650778306159
RVR,EPSOM AND ST HELIER UNIVERSITY HOSPITALS NHS TRUST,101,Urology Service,2027-05-01,441.3093566894531,8.0,12,12,96.0,345.30936,0.0,12.0,21.753447676740436
RWW,NORTH CHESHIRE AND MERSEY NHS FOUNDATION TRUST,101,Urology Service,2027-05-01,435.41961669921875,8.0,12,12,96.0,339.41962,0.0,12.0,22.047697512515917
RYJ,IMPERIAL COLLEGE HEALTHCARE NHS TRUST,101,Urology Service,2027-05-01,428.30133056640625,8.0,12,12,96.0,332.30133,0.0,12.0,22.414126025021915
RNN,NORTH CUMBRIA INTEGRATED CARE NHS FOUNDATION TRUST,100,General Surgery Service,2027-05-01,426.911376953125,8.0,12,12,96.0,330.91138,0.0,12.0,22.48710275307112
RLQ,WYE VALLEY NHS TRUST,120,Ear Nose and Throat Service,2027-05-01,425.9980163574219,8.0,12,12,96.0,329.99802,0.0,12.0,22.535316201907815
RXN,LANCASHIRE TEACHING HOSPITALS NHS FOUNDATION TRUST,150,Neurosurgical Service,2027-05-01,423.78668212890625,8.0,12,12,96.0,327.78668,0.0,12.0,22.652906296569032
RHM,UNIVERSITY HOSPITAL SOUTHAMPTON NHS FOUNDATION TRUST,100,General Surgery Service,2027-05-01,418.9294738769531,8.0,12,12,96.0,322.92947,0.0,12.0,22.915551658749337
RRF,"WRIGHTINGTON, WIGAN AND LEIGH TEACHING HOSPITALS NHS FOUNDATION TRUST",140,Oral Surgery Service,2027-05-01,394.6527404785156,8.0,12,12,96.0,298.65274,0.0,12.0,24.32518266149633
RNS,NORTHAMPTON GENERAL HOSPITAL NHS TRUST,101,Urology Service,2027-05-01,393.53839111328125,8.0,12,12,96.0,297.53839,0.0,12.0,24.394062223110044
RGR,WEST SUFFOLK NHS FOUNDATION TRUST,101,Urology Service,2027-05-01,389.57757568359375,8.0,12,12,96.0,293.57758,0.0,12.0,24.642075415030835
RP5,DONCASTER AND BASSETLAW TEACHING HOSPITALS NHS FOUNDATION TRUST,140,Oral Surgery Service,2027-05-01,384.87261962890625,8.0,12,12,96.0,288.87262,0.0,12.0,24.943317633913033
RLQ,WYE VALLEY NHS TRUST,100,General Surgery Service,2027-05-01,384.6224365234375,8.0,12,12,96.0,288.62244,0.0,12.0,24.959542367765668
RFS,CHESTERFIELD ROYAL HOSPITAL NHS FOUNDATION TRUST,101,Urology Service,2027-05-01,383.3790588378906,8.0,12,12,96.0,287.37906,0.0,12.0,25.040491332781162
RJL,NORTHERN LINCOLNSHIRE AND GOOLE NHS FOUNDATION TRUST,140,Oral Surgery Service,2027-05-01,382.3271484375,8.0,12,12,96.0,286.32715,0.0,12.0,25.109386134972144
RL4,THE ROYAL WOLVERHAMPTON NHS TRUST,100,General Surgery Service,2027-05-01,377.80181884765625,8.0,12,12,96.0,281.80182,0.0,12.0,25.410147651700633
RJR,COUNTESS OF CHESTER HOSPITAL NHS FOUNDATION TRUST,140,Oral Surgery Service,2027-05-01,349.8457946777344,8.0,12,12,96.0,253.84579,0.0,12.0,27.440661417248652
NTX,THE ONE HEALTH GROUP PLC,150,Neurosurgical Service,2027-05-01,333.5942687988281,8.0,12,12,96.0,237.59427,0.0,12.0,28.777472810209513
RK5,SHERWOOD FOREST HOSPITALS NHS FOUNDATION TRUST,140,Oral Surgery Service,2027-05-01,331.5616149902344,8.0,12,12,96.0,235.56161,0.0,12.0,28.953894437637942
RA2,ROYAL SURREY NHS FOUNDATION TRUST,101,Urology Service,2027-05-01,328.83453369140625,8.0,12,12,96.0,232.83453,0.0,12.0,29.194014059998608
RLT,GEORGE ELIOT HOSPITAL NHS TRUST,100,General Surgery Service,2027-05-01,315.96563720703125,8.0,12,12,96.0,219.96564,0.0,12.0,30.38305078001175
NTP11,PRACTICE PLUS GROUP HOSPITAL - SOUTHAMPTON,100,General Surgery Service,2027-05-01,311.503173828125,8.0,12,12,96.0,215.50317,0.0,12.0,30.81830557943816
RDU,FRIMLEY HEALTH NHS FOUNDATION TRUST,100,General Surgery Service,2027-05-01,310.5987854003906,8.0,12,12,96.0,214.59879,0.0,12.0,30.908041020265774
RWW,NORTH CHESHIRE AND MERSEY NHS FOUNDATION TRUST,100,General Surgery Service,2027-05-01,296.2764587402344,8.0,12,12,96.0,200.27646,0.0,12.0,32.40216938199929
RHU,PORTSMOUTH HOSPITALS UNIVERSITY NHS TRUST,160,Plastic Surgery Service,2027-05-01,280.5467224121094,8.0,12,12,96.0,184.54672,0.0,12.0,34.21889914613963
RN3,GREAT WESTERN HOSPITALS NHS FOUNDATION TRUST,140,Oral Surgery Service,2027-05-01,268.138671875,8.0,12,12,96.0,172.13867,0.0,12.0,35.802370217136364
RHM,UNIVERSITY HOSPITAL SOUTHAMPTON NHS FOUNDATION TRUST,120,Ear Nose and Throat Service,2027-05-01,266.3494873046875,8.0,12,12,96.0,170.34949,0.0,12.0,36.042870204657795
RKE,WHITTINGTON HEALTH NHS TRUST,101,Urology Service,2027-05-01,255.0220947265625,8.0,12,12,96.0,159.02209,0.0,12.0,37.64379713958991
RTX,UNIVERSITY HOSPITALS OF MORECAMBE BAY NHS FOUNDATION TRUST,140,Oral Surgery Service,2027-05-01,253.74563598632812,8.0,12,12,96.0,157.74564,0.0,12.0,37.83316297316439
RR8,LEEDS TEACHING HOSPITALS NHS TRUST,170,Cardiothoracic Surgery Service,2027-05-01,251.9874725341797,8.0,12,12,96.0,155.98747,0.0,12.0,38.09713198618575
RYJ,IMPERIAL COLLEGE HEALTHCARE NHS TRUST,150,Neurosurgical Service,2027-05-01,236.92938232421875,8.0,12,12,96.0,140.92938,0.0,12.0,40.51840217463267
RJC,SOUTH WARWICKSHIRE UNIVERSITY NHS FOUNDATION TRUST,160,Plastic Surgery Service,2027-05-01,232.4277801513672,8.0,12,12,96.0,136.42778,0.0,12.0,41.303152289920156
RRF,"WRIGHTINGTON, WIGAN AND LEIGH TEACHING HOSPITALS NHS FOUNDATION TRUST",160,Plastic Surgery Service,2027-05-01,230.71705627441406,8.0,12,12,96.0,134.71706,0.0,12.0,41.6094074491909
RTH,OXFORD UNIVERSITY HOSPITALS NHS FOUNDATION TRUST,150,Neurosurgical Service,2027-05-01,226.74801635742188,8.0,12,12,96.0,130.74802,0.0,12.0,42.33774634159341
RAX,KINGSTON AND RICHMOND NHS FOUNDATION TRUST,100,General Surgery Service,2027-05-01,226.46160888671875,8.0,12,12,96.0,130.46161,0.0,12.0,42.39129116495034
RBK,WALSALL HEALTHCARE NHS TRUST,140,Oral Surgery Service,2027-05-01,220.9338836669922,8.0,12,12,96.0,124.93388,0.0,12.0,43.45191348951176
NVC0R,TEES VALLEY HOSPITAL,140,Oral Surgery Service,2027-05-01,200.20315551757812,8.0,12,12,96.0,104.20316,0.0,12.0,47.95129215212148
NT441,THREE SHIRES HOSPITAL,100,General Surgery Service,2027-05-01,192.29026794433594,8.0,12,12,96.0,96.290268,0.0,12.0,49.92452349579648
RWE,UNIVERSITY HOSPITALS OF LEICESTER NHS TRUST,170,Cardiothoracic Surgery Service,2027-05-01,188.44760131835938,8.0,12,12,96.0,92.447601,0.0,12.0,50.94254282272325
NVC0R,TEES VALLEY HOSPITAL,160,Plastic Surgery Service,2027-05-01,178.65016174316406,8.0,12,12,96.0,82.650162,0.0,12.0,53.7363073524748
RF4,"BARKING, HAVERING AND REDBRIDGE UNIVERSITY HOSPITALS NHS TRUST",150,Neurosurgical Service,2027-05-01,173.42140197753906,8.0,12,12,96.0,77.421402,0.0,12.0,55.35648939825408
RAS,THE HILLINGDON HOSPITALS NHS FOUNDATION TRUST,140,Oral Surgery Service,2027-05-01,168.97706604003906,8.0,12,12,96.0,72.977066,0.0,12.0,56.81244339823774
RLT,GEORGE ELIOT HOSPITAL NHS TRUST,101,Urology Service,2027-05-01,159.64024353027344,8.0,12,12,96.0,63.640244,0.0,12.0,60.13521269891761
NTX,THE ONE HEALTH GROUP PLC,100,General Surgery Service,2027-05-01,157.54457092285156,8.0,12,12,96.0,61.544571,0.0,12.0,60.9351369188155
H4I8B,NUFFIELD HEALTH THE HOLLY HOSPITAL,100,General Surgery Service,2027-05-01,155.0653533935547,8.0,12,12,96.0,59.065353,0.0,12.0,61.90938072178685
NTP11,PRACTICE PLUS GROUP HOSPITAL - SOUTHAMPTON,101,Urology Service,2027-05-01,152.2611846923828,8.0,12,12,96.0,56.261185,0.0,12.0,63.04955540307352
RBV,THE CHRISTIE NHS FOUNDATION TRUST,160,Plastic Surgery Service,2027-05-01,150.78807067871094,8.0,12,12,96.0,54.788071,0.0,12.0,63.66551383534201
NVC07,FULWOOD HALL HOSPITAL,100,General Surgery Service,2027-05-01,137.16822814941406,8.0,12,12,96.0,41.168228,0.0,12.0,69.98705261063043
RTR,SOUTH TEES HOSPITALS NHS FOUNDATION TRUST,170,Cardiothoracic Surgery Service,2027-05-01,136.80654907226562,8.0,12,12,96.0,40.806549,0.0,12.0,70.17207922501554
NT404,BEAUMONT HOSPITAL,100,General Surgery Service,2027-05-01,135.83065795898438,8.0,12,12,96.0,39.830658,0.0,12.0,70.67623866549208
NAM01,PROBUS SURGICAL CENTRE,100,General Surgery Service,2027-05-01,130.60801696777344,8.0,12,12,96.0,34.608017,0.0,12.0,73.50237927866809
DFQ,NORWICH & NORFOLK SURGICAL LTD (N2S),100,General Surgery Service,2027-05-01,120.20565032958984,8.0,12,12,96.0,24.20565,0.0,12.0,79.86313433418414
RK5,SHERWOOD FOREST HOSPITALS NHS FOUNDATION TRUST,160,Plastic Surgery Service,2027-05-01,117.12171936035156,8.0,12,12,96.0,21.121719,0.0,12.0,81.9660098266097
NT412,DROITWICH SPA HOSPITAL,100,General Surgery Service,2027-05-01,109.98551177978516,8.0,12,12,96.0,13.985512,0.0,12.0,87.28422357320373
RCF,AIREDALE NHS FOUNDATION TRUST,120,Ear Nose and Throat Service,2027-05-01,109.69867706298828,8.0,12,12,96.0,13.698677,0.0,12.0,87.51245007711206
RH5,SOMERSET NHS FOUNDATION TRUST,160,Plastic Surgery Service,2027-05-01,109.25312042236328,8.0,12,12,96.0,13.25312,0.0,12.0,87.8693438035199
NT337,SPIRE LIVERPOOL HOSPITAL,100,General Surgery Service,2027-05-01,104.6723403930664,8.0,12,12,96.0,8.6723404,0.0,12.0,91.71477358727248
B3M1X,CLAREMONT PRIVATE HOSPITAL,150,Neurosurgical Service,2027-05-01,103.418212890625,8.0,12,12,96.0,7.4182129,0.0,12.0,92.82697632913992
RCF,AIREDALE NHS FOUNDATION TRUST,140,Oral Surgery Service,2027-05-01,101.55470275878906,8.0,12,12,96.0,5.5547028,0.0,12.0,94.5303342849789
RLT,GEORGE ELIOT HOSPITAL NHS TRUST,140,Oral Surgery Service,2027-05-01,99.47554016113281,8.0,12,12,96.0,3.4755402,0.0,12.0,96.50613592496904
NT324,SPIRE CHESHIRE HOSPITAL,100,General Surgery Service,2027-05-01,97.69928741455078,8.0,12,12,96.0,1.6992874,0.0,12.0,98.26069620411818
NVC04,DUCHY HOSPITAL,100,General Surgery Service,2027-05-01,96.3020248413086,8.0,12,12,96.0,0.30202484,0.0,12.0,99.68637747564884
NVC07,FULWOOD HALL HOSPITAL,130,Ophthalmology Service,2027-05-01,97.42604064941406,10.0,10,9,90.0,7.4260406,1.0,8.1,92.37776614967188
NEQ,PHOENIX HEALTH SOLUTIONS LIMITED HQ,130,Ophthalmology Service,2027-05-01,95.683349609375,10.0,10,9,90.0,5.6833496,1.0,8.1,94.0602522459998
RKE,WHITTINGTON HEALTH NHS TRUST,130,Ophthalmology Service,2027-05-01,94.92176055908203,10.0,10,9,90.0,4.9217606,1.0,8.1,94.81492912679533
ACG38,NEWMEDICA - LANGFORD,130,Ophthalmology Service,2027-05-01,94.63216400146484,10.0,10,9,90.0,4.632164,1.0,8.1,95.10508498844733
P1B7M,SPAMEDICA BRISTOL,130,Ophthalmology Service,2027-05-01,94.4476547241211,10.0,10,9,90.0,4.4476547,1.0,8.1,95.29087859607253
RJE,UNIVERSITY HOSPITALS OF NORTH MIDLANDS NHS TRUST,150,Neurosurgical Service,2027-05-01,94.31676483154297,8.0,12,11,88.0,6.3167648,1.0,11.0,93.30260654844852
G3Z1Q,SULIS HOSPITAL BATH (FOXCOTE AVENUE),120,Ear Nose and Throat Service,2027-05-01,94.03438568115234,8.0,12,11,88.0,6.0343857,1.0,11.0,93.5827882136504
NVC18,SPRINGFIELD HOSPITAL,100,General Surgery Service,2027-05-01,90.79531860351562,8.0,12,11,88.0,2.7953186,1.0,11.0,96.92129655305006
RTK,ASHFORD AND ST PETER'S HOSPITALS NHS FOUNDATION TRUST,100,General Surgery Service,2027-05-01,90.30973815917969,8.0,12,11,88.0,2.3097382,1.0,11.0,97.44242624742355
RNN,NORTH CUMBRIA INTEGRATED CARE NHS FOUNDATION TRUST,140,Oral Surgery Service,2027-05-01,90.00069427490234,8.0,12,11,88.0,2.0006943,1.0,11.0,97.77702350962835
RJZ,KING'S COLLEGE HOSPITAL NHS FOUNDATION TRUST,120,Ear Nose and Throat Service,2027-05-01,89.698486328125,8.0,12,11,88.0,1.6984863,1.0,11.0,98.10644928621004
RQM,CHELSEA AND WESTMINSTER HOSPITAL NHS FOUNDATION TRUST,140,Oral Surgery Service,2027-05-01,86.07997131347656,8.0,11,10,80.0,6.0799713,1.0,10.0,92.93683394557
RYJ,IMPERIAL COLLEGE HEALTHCARE NHS TRUST,140,Oral Surgery Service,2027-05-01,85.36898803710938,8.0,11,10,80.0,5.368988,1.0,10.0,93.71084493261709
NTX,THE ONE HEALTH GROUP PLC,101,Urology Service,2027-05-01,83.77155303955078,8.0,11,10,80.0,3.771553,1.0,10.0,95.49781172402268
M0N7E,SPAMEDICA SITTINGBOURNE,130,Ophthalmology Service,2027-05-01,80.65596771240234,10.0,9,8,80.0,0.65596771,1.0,7.2,99.18670901731494
NT403,BEARDWOOD HOSPITAL,100,General Surgery Service,2027-05-01,80.01580810546875,8.0,11,10,80.0,0.015808105,1.0,10.0,99.98024377202076
NVC09,NEW HALL HOSPITAL,130,Ophthalmology Service,2027-05-01,79.50052642822266,10.0,8,8,79.500526,0.0,0.0,7.2,99.9999994613587
A0C5S,SPAMEDICA GLOUCESTER,130,Ophthalmology Service,2027-05-01,79.39005279541016,10.0,8,8,79.390053,0.0,0.0,7.2,100.00000025770211
NVC20,THE YORKSHIRE CLINIC,120,Ear Nose and Throat Service,2027-05-01,76.53955078125,8.0,10,9,72.0,4.5395508,1.0,9.0,94.06901303324338
RHW,ROYAL BERKSHIRE NHS FOUNDATION TRUST,140,Oral Surgery Service,2027-05-01,73.4604721069336,8.0,10,9,72.0,1.4604721,1.0,9.0,98.01189392737956
NVC0I,BEACON PARK HOSPITAL,130,Ophthalmology Service,2027-05-01,72.90899658203125,10.0,8,7,70.0,2.9089966,1.0,6.3,96.01009927662592
NTP13,PRACTICE PLUS GROUP HOSPITAL - BARLBOROUGH,130,Ophthalmology Service,2027-05-01,70.2859878540039,10.0,8,7,70.0,0.28598785,1.0,6.3,99.59310829549987
NT242,"NUFFIELD HEALTH, WOLVERHAMPTON HOSPITAL",130,Ophthalmology Service,2027-05-01,69.03173828125,10.0,7,7,69.031738,0.0,0.0,6.3,99.99999959257872
NVC15,PINEHILL HOSPITAL,130,Ophthalmology Service,2027-05-01,68.26071166992188,10.0,7,7,68.260712,0.0,0.0,6.3,100.00000048355506
NT233,"NUFFIELD HEALTH, PLYMOUTH HOSPITAL",100,General Surgery Service,2027-05-01,69.74567413330078,8.0,9,8,64.0,5.7456741,1.0,8.0,91.76196344117427
RL4,THE ROYAL WOLVERHAMPTON NHS TRUST,160,Plastic Surgery Service,2027-05-01,69.32035827636719,8.0,9,8,64.0,5.3203583,1.0,8.0,92.3249700251751
NTPH3,PRACTICE PLUS GROUP SURGICAL CENTRE - DEVIZES,100,General Surgery Service,2027-05-01,68.64215850830078,8.0,9,8,64.0,4.6421585,1.0,8.0,93.23716122980105
G3Z1Q,SULIS HOSPITAL BATH (FOXCOTE AVENUE),101,Urology Service,2027-05-01,68.41700744628906,8.0,9,8,64.0,4.4170074,1.0,8.0,93.54399204063895
A4M8P,BUCKSHAW HOSPITAL,120,Ear Nose and Throat Service,2027-05-01,64.35995483398438,8.0,9,8,64.0,0.35995483,1.0,8.0,99.44071614886481
NVC15,PINEHILL HOSPITAL,100,General Surgery Service,2027-05-01,64.10494995117188,8.0,9,8,64.0,0.10494995,1.0,8.0,99.83628416955038
H4I8B,NUFFIELD HEALTH THE HOLLY HOSPITAL,130,Ophthalmology Service,2027-05-01,66.2016830444336,10.0,7,6,60.0,6.201683,1.0,5.4,90.63213688952422
NTPH5,PRACTICE PLUS GROUP HOSPITAL - PLYMOUTH,130,Ophthalmology Service,2027-05-01,65.74848175048828,10.0,7,6,60.0,5.7484818,1.0,5.4,91.25686008643753
NVC08,MOUNT STUART HOSPITAL,130,Ophthalmology Service,2027-05-01,64.00878143310547,10.0,7,6,60.0,4.0087814,1.0,5.4,93.73713833734676
NT230,"NUFFIELD HEALTH, NORTH STAFFORDSHIRE HOSPITAL",130,Ophthalmology Service,2027-05-01,63.273963928222656,10.0,7,6,60.0,3.2739639,1.0,5.4,94.82573285287357
NTE02,ST HUGH'S HOSPITAL,130,Ophthalmology Service,2027-05-01,60.73163604736328,10.0,7,6,60.0,0.73163605,1.0,5.4,98.79529666088249
NVC01,ASHTEAD HOSPITAL,130,Ophthalmology Service,2027-05-01,59.49204635620117,10.0,6,6,59.492046,0.0,0.0,5.4,99.99999940126253
NVC06,FITZWILLIAM HOSPITAL,130,Ophthalmology Service,2027-05-01,59.00933074951172,10.0,6,6,59.009331,0.0,0.0,5.4,100.00000042448929
NT325,SPIRE MURRAYFIELD HOSPITAL,100,General Surgery Service,2027-05-01,63.76487731933594,8.0,8,7,56.0,7.7648773,1.0,7.0,87.82264210993576
NVC07,FULWOOD HALL HOSPITAL,101,Urology Service,2027-05-01,61.87823486328125,8.0,8,7,56.0,5.8782349,1.0,7.0,90.500319092377
RJZ,KING'S COLLEGE HOSPITAL NHS FOUNDATION TRUST,170,Cardiothoracic Surgery Service,2027-05-01,60.38956832885742,8.0,8,7,56.0,4.3895683,1.0,7.0,92.73124738207501
RPC,QUEEN VICTORIA HOSPITAL NHS FOUNDATION TRUST,120,Ear Nose and Throat Service,2027-05-01,58.42677688598633,8.0,8,7,56.0,2.4267769,1.0,7.0,95.84646455730062
NTPAD,PRACTICE PLUS GROUP SURGICAL CENTRE - ST MARYS PORTSMOUTH,101,Urology Service,2027-05-01,57.79936218261719,8.0,8,7,56.0,1.7993622,1.0,7.0,96.88688228611917
NVC0R,TEES VALLEY HOSPITAL,101,Urology Service,2027-05-01,57.3209228515625,8.0,8,7,56.0,1.3209229,1.0,7.0,97.69556597163806
NVC29,COBALT HOSPITAL,100,General Surgery Service,2027-05-01,56.350440979003906,8.0,8,7,56.0,0.35044098,1.0,7.0,99.37810428292038
NVC31,BLAKELANDS HOSPITAL,130,Ophthalmology Service,2027-05-01,57.254188537597656,10.0,6,5,50.0,7.2541885,1.0,4.5,87.32985529463232
F9Z4V,CIRCLE READING HOSPITAL,130,Ophthalmology Service,2027-05-01,55.25837326049805,10.0,6,5,50.0,5.2583733,1.0,4.5,90.48402450121158
RYR,UNIVERSITY HOSPITALS SUSSEX NHS FOUNDATION TRUST,100,General Surgery Service,2027-05-01,1180.311279296875,8.0,12,6,48.0,1132.3113,6.0,6.0,4.066723824633291
G3Q3Z,NUFFIELD HEALTH HIGHGATE HOSPITAL,100,General Surgery Service,2027-05-01,52.960182189941406,8.0,7,6,48.0,4.9601822,1.0,6.0,90.6341292933024
NT301,SPIRE SOUTH BANK HOSPITAL,100,General Surgery Service,2027-05-01,52.584651947021484,8.0,7,6,48.0,4.5846519,1.0,6.0,91.28138767250856
NTP15,PRACTICE PLUS GROUP HOSPITAL - ILFORD,120,Ear Nose and Throat Service,2027-05-01,50.188697814941406,8.0,7,6,48.0,2.1886978,1.0,6.0,95.63906235819925
NT434,SAXON CLINIC,100,General Surgery Service,2027-05-01,46.96953582763672,8.0,6,5,40.0,6.9695358,1.0,5.0,85.16158249208019
NN8,SPENCER PRIVATE HOSPITALS LTD,120,Ear Nose and Throat Service,2027-05-01,46.156856536865234,8.0,6,5,40.0,6.1568565,1.0,5.0,86.66101420501245
NT420,HIGHFIELD HOSPITAL,100,General Surgery Service,2027-05-01,45.840293884277344,8.0,6,5,40.0,5.8402939,1.0,5.0,87.25947547583134
F9Z4V,CIRCLE READING HOSPITAL,100,General Surgery Service,2027-05-01,44.12083053588867,8.0,6,5,40.0,4.1208305,1.0,5.0,90.66012473963582
NVC06,FITZWILLIAM HOSPITAL,101,Urology Service,2027-05-01,43.27738952636719,8.0,6,5,40.0,3.2773895,1.0,5.0,92.42701659634437
RKE,WHITTINGTON HEALTH NHS TRUST,160,Plastic Surgery Service,2027-05-01,42.74424743652344,8.0,6,5,40.0,2.7442474,1.0,5.0,93.57984383606535
NT319,SPIRE HARTSWOOD HOSPITAL,100,General Surgery Service,2027-05-01,42.62620162963867,8.0,6,5,40.0,2.6262016,1.0,5.0,93.83899683941665
NT408,CHAUCER HOSPITAL,130,Ophthalmology Service,2027-05-01,41.241722106933594,10.0,5,4,40.0,1.2417221,1.0,3.6,96.98916038541263
NVC11,NORTH DOWNS HOSPITAL,130,Ophthalmology Service,2027-05-01,41.01097869873047,10.0,5,4,40.0,1.0109787,1.0,3.6,97.53485839448703
ACG30,NEWMEDICA - WORKSOP - DUKERIES,130,Ophthalmology Service,2027-05-01,40.604251861572266,10.0,5,4,40.0,0.60425186,1.0,3.6,98.51185076963793
NT233,"NUFFIELD HEALTH, PLYMOUTH HOSPITAL",150,Neurosurgical Service,2027-05-01,40.55046463012695,8.0,6,5,40.0,0.55046463,1.0,5.0,98.64251954904115
NWF01,BENENDEN HOSPITAL,130,Ophthalmology Service,2027-05-01,39.06025314331055,10.0,4,4,39.060253,0.0,0.0,3.6,99.9999996331039
NT316,SPIRE HARPENDEN HOSPITAL,100,General Surgery Service,2027-05-01,38.74587631225586,8.0,5,4,32.0,6.7458763,1.0,4.0,82.58943414289989
NVC22,WINFIELD HOSPITAL,100,General Surgery Service,2027-05-01,37.48011779785156,8.0,5,4,32.0,5.4801178,1.0,4.0,85.37860038912233
NT424,MERIDEN HOSPITAL,150,Neurosurgical Service,2027-05-01,36.509178161621094,8.0,5,4,32.0,4.5091782,1.0,4.0,87.64919291894333
NT204,"NUFFIELD HEALTH, BRENTWOOD HOSPITAL",100,General Surgery Service,2027-05-01,35.99488830566406,8.0,5,4,32.0,3.9948883,1.0,4.0,88.90151214878075
NVC40,WOODTHORPE HOSPITAL,100,General Surgery Service,2027-05-01,32.2247314453125,8.0,5,4,32.0,0.22473145,1.0,4.0,99.30261189082714
NT430,RIDGEWAY HOSPITAL,130,Ophthalmology Service,2027-05-01,37.88137435913086,10.0,4,3,30.0,7.8813744,1.0,2.7,79.19459234923153
NVC25,THE CHERWELL HOSPITAL,130,Ophthalmology Service,2027-05-01,33.33818435668945,10.0,4,3,30.0,3.3381844,1.0,2.7,89.98690414278775
ACG13,NEWMEDICA - GLOUCESTER (ASPEN MEDICAL CENTRE),130,Ophthalmology Service,2027-05-01,33.21943664550781,10.0,4,3,30.0,3.2194366,1.0,2.7,90.30857542870713
NT417,GORING HALL HOSPITAL,130,Ophthalmology Service,2027-05-01,31.304195404052734,10.0,4,3,30.0,1.3041954,1.0,2.7,95.83379995167073
NT416,HENDON HOSPITAL,130,Ophthalmology Service,2027-05-01,29.127378463745117,10.0,3,3,29.127378,0.0,0.0,2.7,99.9999984078721
NN4,TYNESIDE SURGICAL SERVICES LTD,100,General Surgery Service,2027-05-01,31.472797393798828,8.0,4,3,24.0,7.4727974,1.0,3.0,76.25632923474666
RH8,ROYAL DEVON UNIVERSITY HEALTHCARE NHS FOUNDATION TRUST,170,Cardiothoracic Surgery Service,2027-05-01,30.27654457092285,8.0,4,3,24.0,6.2765446,1.0,3.0,79.26928366537986
G3Q3Z,NUFFIELD HEALTH HIGHGATE HOSPITAL,120,Ear Nose and Throat Service,2027-05-01,29.908905029296875,8.0,4,3,24.0,5.908905,1.0,3.0,80.24365979460336
NT436,SHIRLEY OAKS HOSPITAL,101,Urology Service,2027-05-01,29.73758888244629,8.0,4,3,24.0,5.7375889,1.0,3.0,80.70593784476887
NT205,"NUFFIELD HEALTH, BRIGHTON HOSPITAL",160,Plastic Surgery Service,2027-05-01,28.892419815063477,8.0,4,3,24.0,4.8924198,1.0,3.0,83.06677029345688
NT314,SPIRE LONDON EAST,150,Neurosurgical Service,2027-05-01,26.773242950439453,8.0,4,3,24.0,2.773243,1.0,3.0,89.64173688046284
NT364,SPIRE MONTEFIORE HOSPITAL,100,General Surgery Service,2027-05-01,26.489749908447266,8.0,4,3,24.0,2.4897499,1.0,3.0,90.60108186354257
NT440,THORNBURY HOSPITAL,100,General Surgery Service,2027-05-01,25.805622100830078,8.0,4,3,24.0,1.8056221,1.0,3.0,93.00298945022527
NVM,EPSOMEDICAL GROUP,101,Urology Service,2027-05-01,24.53273582458496,8.0,4,3,24.0,0.53273582,1.0,3.0,97.82846956656546
RJ7,ST GEORGE'S UNIVERSITY HOSPITALS NHS FOUNDATION TRUST,130,Ophthalmology Service,2027-05-01,26.4638671875,10.0,3,2,20.0,6.4638672,1.0,1.8,75.57474445551496
NT402,BATH CLINIC,130,Ophthalmology Service,2027-05-01,24.395166397094727,10.0,3,2,20.0,4.3951664,1.0,1.8,81.98345391233669
NVC02,THE BERKSHIRE INDEPENDENT HOSPITAL,130,Ophthalmology Service,2027-05-01,24.28721046447754,10.0,3,2,20.0,4.2872105,1.0,1.8,82.34786794165592
NT422,LONDON INDEPENDENT HOSPITAL,130,Ophthalmology Service,2027-05-01,22.136308670043945,10.0,3,2,20.0,2.1363087,1.0,1.8,90.34930031972804
NT450,LINCOLN PRIVATE HOSPITAL,130,Ophthalmology Service,2027-05-01,19.187829971313477,10.0,2,2,19.18783,0.0,0.0,1.8,100.00000014950375
NT339,SPIRE REGENCY HOSPITAL,120,Ear Nose and Throat Service,2027-05-01,23.8824462890625,8.0,3,2,16.0,7.8824463,1.0,2.0,66.99481203199673
NVC08,MOUNT STUART HOSPITAL,101,Urology Service,2027-05-01,22.821720123291016,8.0,3,2,16.0,6.8217201,1.0,2.0,70.10865050295216
NT457,WOODLANDS HOSPITAL,120,Ear Nose and Throat Service,2027-05-01,21.669681549072266,8.0,3,2,16.0,5.6696815,1.0,2.0,73.83587970024875
NT347,SPIRE FYLDE COAST HOSPITAL,150,Neurosurgical Service,2027-05-01,20.918825149536133,8.0,3,2,16.0,4.9188251,1.0,2.0,76.48613096397908
NT327,SPIRE MANCHESTER HOSPITAL,100,General Surgery Service,2027-05-01,20.855308532714844,8.0,3,2,16.0,4.8553085,1.0,2.0,76.7190759844261
NVC31,BLAKELANDS HOSPITAL,101,Urology Service,2027-05-01,19.46228790283203,8.0,3,2,16.0,3.4622879,1.0,2.0,82.21027291283559
NT436,SHIRLEY OAKS HOSPITAL,100,General Surgery Service,2027-05-01,17.635459899902344,8.0,3,2,16.0,1.6354599,1.0,2.0,90.72629855311344
NT210,"NUFFIELD HEALTH, THE GROSVENOR HOSPITAL, CHESTER",100,General Surgery Service,2027-05-01,16.073190689086914,8.0,3,2,16.0,0.073190689,1.0,2.0,99.5446411947529
NT436,SHIRLEY OAKS HOSPITAL,130,Ophthalmology Service,2027-05-01,17.246274948120117,10.0,2,1,10.0,7.2462749,1.0,0.9,57.983535749498316
NT411,CLEMENTINE CHURCHILL HOSPITAL,130,Ophthalmology Service,2027-05-01,17.24016761779785,10.0,2,1,10.0,7.2401676,1.0,0.9,58.00407642021137
NVC21,WEST MIDLANDS HOSPITAL,130,Ophthalmology Service,2027-05-01,16.96321678161621,10.0,2,1,10.0,6.9632168,1.0,0.9,58.95108297405857
N6Z0R,NEWMEDICA - LINCOLN,130,Ophthalmology Service,2027-05-01,16.75223731994629,10.0,2,1,10.0,6.7522373,1.0,0.9,59.69351919396079
NT406,BLACKHEATH HOSPITAL,130,Ophthalmology Service,2027-05-01,12.891569137573242,10.0,2,1,10.0,2.8915691,1.0,0.9,77.57007617369408
NVC44,THE WESTBOURNE CENTRE,130,Ophthalmology Service,2027-05-01,9.975912094116211,10.0,1,1,9.9759121,0.0,0.0,0.9,100.00000005897996
NVC23,WOODLAND HOSPITAL,130,Ophthalmology Service,2027-05-01,9.534514427185059,10.0,1,1,9.5345144,0.0,0.0,0.9,99.99999971487738
B3M1X,CLAREMONT PRIVATE HOSPITAL,130,Ophthalmology Service,2027-05-01,8.072087287902832,10.0,1,1,8.0720873,0.0,0.0,0.9,100.00000014986418
NTP13,PRACTICE PLUS GROUP HOSPITAL - BARLBOROUGH,100,General Surgery Service,2027-05-01,15.441665649414062,8.0,2,1,8.0,7.4416656,1.0,1.0,51.80788252790308
NT218,"NUFFIELD HEALTH, HAYWARDS HEATH HOSPITAL",100,General Surgery Service,2027-05-01,15.276905059814453,8.0,2,1,8.0,7.2769051,1.0,1.0,52.36662772123796
NT417,GORING HALL HOSPITAL,100,General Surgery Service,2027-05-01,15.191240310668945,8.0,2,1,8.0,7.1912403,1.0,1.0,52.66192777150347
NT312,SPIRE ALEXANDRA HOSPITAL,160,Plastic Surgery Service,2027-05-01,13.446885108947754,8.0,2,1,8.0,5.4468851,1.0,1.0,59.49333198866021
NT421,KINGS OAK HOSPITAL,100,General Surgery Service,2027-05-01,13.421370506286621,8.0,2,1,8.0,5.4213705,1.0,1.0,59.60643137191369
RRV,UNIVERSITY COLLEGE LONDON HOSPITALS NHS FOUNDATION TRUST,100,General Surgery Service,2027-05-01,13.314875602722168,8.0,2,1,8.0,5.3148756,1.0,1.0,60.08317492928312
R0F4N,NUFFIELD HEALTH PARKSIDE HOSPITAL,120,Ear Nose and Throat Service,2027-05-01,11.637065887451172,8.0,2,1,8.0,3.6370659,1.0,1.0,68.74585120830844
RXK,SANDWELL AND WEST BIRMINGHAM HOSPITALS NHS TRUST,170,Cardiothoracic Surgery Service,2027-05-01,11.160062789916992,8.0,2,1,8.0,3.1600628,1.0,1.0,71.68418449426576
NT422,LONDON INDEPENDENT HOSPITAL,150,Neurosurgical Service,2027-05-01,11.067086219787598,8.0,2,1,8.0,3.0670862,1.0,1.0,72.28641614534686
NT455,MOUNT ALVERNIA HOSPITAL,100,General Surgery Service,2027-05-01,10.458452224731445,8.0,2,1,8.0,2.4584522,1.0,1.0,76.49315432241625
NT449,LANCASTER PRIVATE HOSPITAL,100,General Surgery Service,2027-05-01,10.270414352416992,8.0,2,1,8.0,2.2704144,1.0,1.0,77.89364406819007
NT410,CHILTERN HOSPITAL,100,General Surgery Service,2027-05-01,9.825778007507324,8.0,2,1,8.0,1.825778,1.0,1.0,81.418489140378
NVC18,SPRINGFIELD HOSPITAL,160,Plastic Surgery Service,2027-05-01,9.734441757202148,8.0,2,1,8.0,1.7344418,1.0,1.0,82.18242195636026
NVC07,FULWOOD HALL HOSPITAL,160,Plastic Surgery Service,2027-05-01,8.993586540222168,8.0,2,1,8.0,0.99358654,1.0,1.0,88.95227687220739
NT314,SPIRE LONDON EAST,160,Plastic Surgery Service,2027-05-01,8.960619926452637,8.0,2,1,8.0,0.96061993,1.0,1.0,89.27953719343913
NT304,SPIRE SOUTHAMPTON HOSPITAL,150,Neurosurgical Service,2027-05-01,8.695443153381348,8.0,2,1,8.0,0.69544315,1.0,1.0,92.00221149038373
NVC1H,STOURSIDE HOSPITAL,160,Plastic Surgery Service,2027-05-01,8.389507293701172,8.0,2,1,8.0,0.38950729,1.0,1.0,95.35720895083298
NT418,HAMPSHIRE CLINIC,100,General Surgery Service,2027-05-01,8.338947296142578,8.0,2,1,8.0,0.3389473,1.0,1.0,95.93537068762423
R0A,MANCHESTER UNIVERSITY NHS FOUNDATION TRUST,110,Trauma and Orthopaedic Service,2027-05-01,9886.8251953125,6.0,12,0,0.0,9886.8252,12.0,0.0,0.0
RTG,UNIVERSITY HOSPITALS OF DERBY AND BURTON NHS FOUNDATION TRUST,110,Trauma and Orthopaedic Service,2027-05-01,9676.296875,6.0,12,0,0.0,9676.2969,12.0,0.0,0.0
RL1,THE ROBERT JONES AND AGNES HUNT ORTHOPAEDIC HOSPITAL NHS FOUNDATION TRUST,110,Trauma and Orthopaedic Service,2027-05-01,7960.42822265625,6.0,12,0,0.0,7960.4282,12.0,0.0,0.0
RDU,FRIMLEY HEALTH NHS FOUNDATION TRUST,110,Trauma and Orthopaedic Service,2027-05-01,6622.49169921875,6.0,12,0,0.0,6622.4917,12.0,0.0,0.0
RRF,"WRIGHTINGTON, WIGAN AND LEIGH TEACHING HOSPITALS NHS FOUNDATION TRUST",110,Trauma and Orthopaedic Service,2027-05-01,6587.52734375,6.0,12,0,0.0,6587.5273,12.0,0.0,0.0
RM3,NORTHERN CARE ALLIANCE NHS FOUNDATION TRUST,110,Trauma and Orthopaedic Service,2027-05-01,6440.11083984375,6.0,12,0,0.0,6440.1108,12.0,0.0,0.0
RH8,ROYAL DEVON UNIVERSITY HEALTHCARE NHS FOUNDATION TRUST,110,Trauma and Orthopaedic Service,2027-05-01,6304.27392578125,6.0,12,0,0.0,6304.2739,12.0,0.0,0.0
RP5,DONCASTER AND BASSETLAW TEACHING HOSPITALS NHS FOUNDATION TRUST,110,Trauma and Orthopaedic Service,2027-05-01,5955.7529296875,6.0,12,0,0.0,5955.7529,12.0,0.0,0.0
R0A,MANCHESTER UNIVERSITY NHS FOUNDATION TRUST,140,Oral Surgery Service,2027-05-01,5507.71240234375,8.0,12,0,0.0,5507.7124,12.0,0.0,0.0
RTD,THE NEWCASTLE UPON TYNE HOSPITALS NHS FOUNDATION TRUST,110,Trauma and Orthopaedic Service,2027-05-01,5457.39404296875,6.0,12,0,0.0,5457.394,12.0,0.0,0.0
RVJ,NORTH BRISTOL NHS TRUST,110,Trauma and Orthopaedic Service,2027-05-01,5132.16650390625,6.0,12,0,0.0,5132.1665,12.0,0.0,0.0
RVR,EPSOM AND ST HELIER UNIVERSITY HOSPITALS NHS TRUST,110,Trauma and Orthopaedic Service,2027-05-01,4932.37890625,6.0,12,0,0.0,4932.3789,12.0,0.0,0.0
R0D,UNIVERSITY HOSPITALS DORSET NHS FOUNDATION TRUST,110,Trauma and Orthopaedic Service,2027-05-01,4643.0546875,6.0,12,0,0.0,4643.0547,12.0,0.0,0.0
RVV,EAST KENT HOSPITALS UNIVERSITY NHS FOUNDATION TRUST,110,Trauma and Orthopaedic Service,2027-05-01,4494.56103515625,6.0,12,0,0.0,4494.561,12.0,0.0,0.0
RH5,SOMERSET NHS FOUNDATION TRUST,110,Trauma and Orthopaedic Service,2027-05-01,4392.1767578125,6.0,12,0,0.0,4392.1768,12.0,0.0,0.0
RM1,NORFOLK AND NORWICH UNIVERSITY HOSPITALS NHS FOUNDATION TRUST,110,Trauma and Orthopaedic Service,2027-05-01,4276.59814453125,6.0,12,0,0.0,4276.5981,12.0,0.0,0.0
RN5,HAMPSHIRE HOSPITALS NHS FOUNDATION TRUST,110,Trauma and Orthopaedic Service,2027-05-01,4260.37255859375,6.0,12,0,0.0,4260.3726,12.0,0.0,0.0
RTE,GLOUCESTERSHIRE HOSPITALS NHS FOUNDATION TRUST,110,Trauma and Orthopaedic Service,2027-05-01,4143.84765625,6.0,12,0,0.0,4143.8477,12.0,0.0,0.0
RTF,NORTHUMBRIA HEALTHCARE NHS FOUNDATION TRUST,110,Trauma and Orthopaedic Service,2027-05-01,4133.7724609375,6.0,12,0,0.0,4133.7725,12.0,0.0,0.0
RTH,OXFORD UNIVERSITY HOSPITALS NHS FOUNDATION TRUST,110,Trauma and Orthopaedic Service,2027-05-01,3920.011962890625,6.0,12,0,0.0,3920.012,12.0,0.0,0.0
RCB,YORK AND SCARBOROUGH TEACHING HOSPITALS NHS FOUNDATION TRUST,110,Trauma and Orthopaedic Service,2027-05-01,3869.3447265625,6.0,12,0,0.0,3869.3447,12.0,0.0,0.0
RR8,LEEDS TEACHING HOSPITALS NHS TRUST,110,Trauma and Orthopaedic Service,2027-05-01,3742.84375,6.0,12,0,0.0,3742.8437,12.0,0.0,0.0
REF,ROYAL CORNWALL HOSPITALS NHS TRUST,110,Trauma and Orthopaedic Service,2027-05-01,3706.860107421875,6.0,12,0,0.0,3706.8601,12.0,0.0,0.0
RTR,SOUTH TEES HOSPITALS NHS FOUNDATION TRUST,110,Trauma and Orthopaedic Service,2027-05-01,3556.40087890625,6.0,12,0,0.0,3556.4009,12.0,0.0,0.0
RYR,UNIVERSITY HOSPITALS SUSSEX NHS FOUNDATION TRUST,110,Trauma and Orthopaedic Service,2027-05-01,3506.0380859375,6.0,12,0,0.0,3506.0381,12.0,0.0,0.0
RAJ,MID AND SOUTH ESSEX NHS FOUNDATION TRUST,110,Trauma and Orthopaedic Service,2027-05-01,3420.314697265625,6.0,12,0,0.0,3420.3147,12.0,0.0,0.0
R0B,SOUTH TYNESIDE AND SUNDERLAND NHS FOUNDATION TRUST,110,Trauma and Orthopaedic Service,2027-05-01,3417.056640625,6.0,12,0,0.0,3417.0566,12.0,0.0,0.0
RTX,UNIVERSITY HOSPITALS OF MORECAMBE BAY NHS FOUNDATION TRUST,110,Trauma and Orthopaedic Service,2027-05-01,3407.9970703125,6.0,12,0,0.0,3407.9971,12.0,0.0,0.0
RDE,EAST SUFFOLK AND NORTH ESSEX NHS FOUNDATION TRUST,110,Trauma and Orthopaedic Service,2027-05-01,3342.5712890625,6.0,12,0,0.0,3342.5713,12.0,0.0,0.0
RVV,EAST KENT HOSPITALS UNIVERSITY NHS FOUNDATION TRUST,100,General Surgery Service,2027-05-01,3309.377197265625,8.0,12,0,0.0,3309.3772,12.0,0.0,0.0
RXF,MID YORKSHIRE TEACHING NHS TRUST,110,Trauma and Orthopaedic Service,2027-05-01,3305.180908203125,6.0,12,0,0.0,3305.1809,12.0,0.0,0.0
RNA,THE DUDLEY GROUP NHS FOUNDATION TRUST,110,Trauma and Orthopaedic Service,2027-05-01,3265.30126953125,6.0,12,0,0.0,3265.3013,12.0,0.0,0.0
RRJ,THE ROYAL ORTHOPAEDIC HOSPITAL NHS FOUNDATION TRUST,110,Trauma and Orthopaedic Service,2027-05-01,3198.65380859375,6.0,12,0,0.0,3198.6538,12.0,0.0,0.0
RM3,NORTHERN CARE ALLIANCE NHS FOUNDATION TRUST,502,Gynaecology Service,2027-05-01,3195.0888671875,7.0,12,0,0.0,3195.0889,12.0,0.0,0.0
RXN,LANCASHIRE TEACHING HOSPITALS NHS FOUNDATION TRUST,160,Plastic Surgery Service,2027-05-01,3190.751220703125,8.0,12,0,0.0,3190.7512,12.0,0.0,0.0
R0A,MANCHESTER UNIVERSITY NHS FOUNDATION TRUST,160,Plastic Surgery Service,2027-05-01,3161.81103515625,8.0,12,0,0.0,3161.811,12.0,0.0,0.0
RJE,UNIVERSITY HOSPITALS OF NORTH MIDLANDS NHS TRUST,110,Trauma and Orthopaedic Service,2027-05-01,3141.9091796875,6.0,12,0,0.0,3141.9092,12.0,0.0,0.0
RL4,THE ROYAL WOLVERHAMPTON NHS TRUST,110,Trauma and Orthopaedic Service,2027-05-01,3121.59033203125,6.0,12,0,0.0,3121.5903,12.0,0.0,0.0
RWP,WORCESTERSHIRE ACUTE HOSPITALS NHS TRUST,110,Trauma and Orthopaedic Service,2027-05-01,3105.082763671875,6.0,12,0,0.0,3105.0828,12.0,0.0,0.0
RBN,MERSEY AND WEST LANCASHIRE TEACHING HOSPITALS NHS TRUST,110,Trauma and Orthopaedic Service,2027-05-01,2976.6591796875,6.0,12,0,0.0,2976.6592,12.0,0.0,0.0
RHU,PORTSMOUTH HOSPITALS UNIVERSITY NHS TRUST,110,Trauma and Orthopaedic Service,2027-05-01,2950.538330078125,6.0,12,0,0.0,2950.5383,12.0,0.0,0.0
RXP,COUNTY DURHAM AND DARLINGTON NHS FOUNDATION TRUST,110,Trauma and Orthopaedic Service,2027-05-01,2878.6748046875,6.0,12,0,0.0,2878.6748,12.0,0.0,0.0
RK5,SHERWOOD FOREST HOSPITALS NHS FOUNDATION TRUST,110,Trauma and Orthopaedic Service,2027-05-01,2853.114013671875,6.0,12,0,0.0,2853.114,12.0,0.0,0.0
RJE,UNIVERSITY HOSPITALS OF NORTH MIDLANDS NHS TRUST,100,General Surgery Service,2027-05-01,2849.852294921875,8.0,12,0,0.0,2849.8523,12.0,0.0,0.0
RWE,UNIVERSITY HOSPITALS OF LEICESTER NHS TRUST,110,Trauma and Orthopaedic Service,2027-05-01,2793.140625,6.0,12,0,0.0,2793.1406,12.0,0.0,0.0
RXC,EAST SUSSEX HEALTHCARE NHS TRUST,110,Trauma and Orthopaedic Service,2027-05-01,2723.655029296875,6.0,12,0,0.0,2723.655,12.0,0.0,0.0
RWD,UNITED LINCOLNSHIRE TEACHING HOSPITALS NHS TRUST,110,Trauma and Orthopaedic Service,2027-05-01,2721.94580078125,6.0,12,0,0.0,2721.9458,12.0,0.0,0.0
R0A,MANCHESTER UNIVERSITY NHS FOUNDATION TRUST,120,Ear Nose and Throat Service,2027-05-01,2720.633544921875,8.0,12,0,0.0,2720.6335,12.0,0.0,0.0
RHM,UNIVERSITY HOSPITAL SOUTHAMPTON NHS FOUNDATION TRUST,110,Trauma and Orthopaedic Service,2027-05-01,2704.072509765625,6.0,12,0,0.0,2704.0725,12.0,0.0,0.0
RLQ,WYE VALLEY NHS TRUST,110,Trauma and Orthopaedic Service,2027-05-01,2700.226318359375,6.0,12,0,0.0,2700.2263,12.0,0.0,0.0
RJ1,GUY'S AND ST THOMAS' NHS FOUNDATION TRUST,110,Trauma and Orthopaedic Service,2027-05-01,2579.738037109375,6.0,12,0,0.0,2579.738,12.0,0.0,0.0
RFR,THE ROTHERHAM NHS FOUNDATION TRUST,110,Trauma and Orthopaedic Service,2027-05-01,2544.97021484375,6.0,12,0,0.0,2544.9702,12.0,0.0,0.0
RBN,MERSEY AND WEST LANCASHIRE TEACHING HOSPITALS NHS TRUST,100,General Surgery Service,2027-05-01,2527.77734375,8.0,12,0,0.0,2527.7773,12.0,0.0,0.0
RWJ,STOCKPORT NHS FOUNDATION TRUST,110,Trauma and Orthopaedic Service,2027-05-01,2506.04833984375,6.0,12,0,0.0,2506.0483,12.0,0.0,0.0
RVW,NORTH TEES AND HARTLEPOOL NHS FOUNDATION TRUST,110,Trauma and Orthopaedic Service,2027-05-01,2505.79248046875,6.0,12,0,0.0,2505.7925,12.0,0.0,0.0
REP,LIVERPOOL WOMEN'S NHS FOUNDATION TRUST,502,Gynaecology Service,2027-05-01,2503.86767578125,7.0,12,0,0.0,2503.8677,12.0,0.0,0.0
RGN,NORTH WEST ANGLIA NHS FOUNDATION TRUST,110,Trauma and Orthopaedic Service,2027-05-01,2481.00390625,6.0,12,0,0.0,2481.0039,12.0,0.0,0.0
RJ2,LEWISHAM AND GREENWICH NHS TRUST,110,Trauma and Orthopaedic Service,2027-05-01,2468.06884765625,6.0,12,0,0.0,2468.0688,12.0,0.0,0.0
RWF,MAIDSTONE AND TUNBRIDGE WELLS NHS TRUST,100,General Surgery Service,2027-05-01,2465.653076171875,8.0,12,0,0.0,2465.6531,12.0,0.0,0.0
RVV,EAST KENT HOSPITALS UNIVERSITY NHS FOUNDATION TRUST,120,Ear Nose and Throat Service,2027-05-01,2460.780029296875,8.0,12,0,0.0,2460.78,12.0,0.0,0.0
RAJ,MID AND SOUTH ESSEX NHS FOUNDATION TRUST,100,General Surgery Service,2027-05-01,2447.281494140625,8.0,12,0,0.0,2447.2815,12.0,0.0,0.0
RWA,HULL UNIVERSITY TEACHING HOSPITALS NHS TRUST,110,Trauma and Orthopaedic Service,2027-05-01,2428.807861328125,6.0,12,0,0.0,2428.8079,12.0,0.0,0.0
RC9,BEDFORDSHIRE HOSPITALS NHS FOUNDATION TRUST,110,Trauma and Orthopaedic Service,2027-05-01,2404.2783203125,6.0,12,0,0.0,2404.2783,12.0,0.0,0.0
RJ1,GUY'S AND ST THOMAS' NHS FOUNDATION TRUST,160,Plastic Surgery Service,2027-05-01,2337.11328125,8.0,12,0,0.0,2337.1133,12.0,0.0,0.0
RM3,NORTHERN CARE ALLIANCE NHS FOUNDATION TRUST,100,General Surgery Service,2027-05-01,2327.7890625,8.0,12,0,0.0,2327.7891,12.0,0.0,0.0
RN7,DARTFORD AND GRAVESHAM NHS TRUST,100,General Surgery Service,2027-05-01,2314.20361328125,8.0,12,0,0.0,2314.2036,12.0,0.0,0.0
RJZ,KING'S COLLEGE HOSPITAL NHS FOUNDATION TRUST,140,Oral Surgery Service,2027-05-01,2268.314208984375,8.0,12,0,0.0,2268.3142,12.0,0.0,0.0
RXQ,BUCKINGHAMSHIRE HEALTHCARE NHS TRUST,110,Trauma and Orthopaedic Service,2027-05-01,2249.888916015625,6.0,12,0,0.0,2249.8889,12.0,0.0,0.0
RWF,MAIDSTONE AND TUNBRIDGE WELLS NHS TRUST,110,Trauma and Orthopaedic Service,2027-05-01,2243.302001953125,6.0,12,0,0.0,2243.302,12.0,0.0,0.0
RGT,CAMBRIDGE UNIVERSITY HOSPITALS NHS FOUNDATION TRUST,110,Trauma and Orthopaedic Service,2027-05-01,2234.138671875,6.0,12,0,0.0,2234.1387,12.0,0.0,0.0
RVJ,NORTH BRISTOL NHS TRUST,101,Urology Service,2027-05-01,2198.355224609375,8.0,12,0,0.0,2198.3552,12.0,0.0,0.0
R0A,MANCHESTER UNIVERSITY NHS FOUNDATION TRUST,502,Gynaecology Service,2027-05-01,2192.83642578125,7.0,12,0,0.0,2192.8364,12.0,0.0,0.0
RBD,DORSET COUNTY HOSPITAL NHS FOUNDATION TRUST,110,Trauma and Orthopaedic Service,2027-05-01,2138.7802734375,6.0,12,0,0.0,2138.7803,12.0,0.0,0.0
RBK,WALSALL HEALTHCARE NHS TRUST,110,Trauma and Orthopaedic Service,2027-05-01,2136.53466796875,6.0,12,0,0.0,2136.5347,12.0,0.0,0.0
RWG,WEST HERTFORDSHIRE TEACHING HOSPITALS NHS TRUST,110,Trauma and Orthopaedic Service,2027-05-01,2131.03271484375,6.0,12,0,0.0,2131.0327,12.0,0.0,0.0
RWD,UNITED LINCOLNSHIRE TEACHING HOSPITALS NHS TRUST,100,General Surgery Service,2027-05-01,2121.00390625,8.0,12,0,0.0,2121.0039,12.0,0.0,0.0
RMP,TAMESIDE AND GLOSSOP INTEGRATED CARE NHS FOUNDATION TRUST,110,Trauma and Orthopaedic Service,2027-05-01,2107.724609375,6.0,12,0,0.0,2107.7246,12.0,0.0,0.0
RTH,OXFORD UNIVERSITY HOSPITALS NHS FOUNDATION TRUST,502,Gynaecology Service,2027-05-01,2079.080810546875,7.0,12,0,0.0,2079.0808,12.0,0.0,0.0
RAL,ROYAL FREE LONDON NHS FOUNDATION TRUST,110,Trauma and Orthopaedic Service,2027-05-01,2050.649658203125,6.0,12,0,0.0,2050.6497,12.0,0.0,0.0
RN7,DARTFORD AND GRAVESHAM NHS TRUST,110,Trauma and Orthopaedic Service,2027-05-01,2045.3961181640625,6.0,12,0,0.0,2045.3961,12.0,0.0,0.0
RJZ,KING'S COLLEGE HOSPITAL NHS FOUNDATION TRUST,110,Trauma and Orthopaedic Service,2027-05-01,2015.794921875,6.0,12,0,0.0,2015.7949,12.0,0.0,0.0
RN3,GREAT WESTERN HOSPITALS NHS FOUNDATION TRUST,110,Trauma and Orthopaedic Service,2027-05-01,2014.4393310546875,6.0,12,0,0.0,2014.4393,12.0,0.0,0.0
RJZ,KING'S COLLEGE HOSPITAL NHS FOUNDATION TRUST,100,General Surgery Service,2027-05-01,2013.0732421875,8.0,12,0,0.0,2013.0732,12.0,0.0,0.0
RWA,HULL UNIVERSITY TEACHING HOSPITALS NHS TRUST,100,General Surgery Service,2027-05-01,2001.9052734375,8.0,12,0,0.0,2001.9053,12.0,0.0,0.0
RWA,HULL UNIVERSITY TEACHING HOSPITALS NHS TRUST,160,Plastic Surgery Service,2027-05-01,1995.38427734375,8.0,12,0,0.0,1995.3843,12.0,0.0,0.0
R1K,LONDON NORTH WEST UNIVERSITY HEALTHCARE NHS TRUST,110,Trauma and Orthopaedic Service,2027-05-01,1969.0589599609375,6.0,12,0,0.0,1969.059,12.0,0.0,0.0
RJ2,LEWISHAM AND GREENWICH NHS TRUST,100,General Surgery Service,2027-05-01,1945.421142578125,8.0,12,0,0.0,1945.4211,12.0,0.0,0.0
RWY,CALDERDALE AND HUDDERSFIELD NHS FOUNDATION TRUST,100,General Surgery Service,2027-05-01,1933.1871337890625,8.0,12,0,0.0,1933.1871,12.0,0.0,0.0
RPA,MEDWAY NHS FOUNDATION TRUST,110,Trauma and Orthopaedic Service,2027-05-01,1930.132080078125,6.0,12,0,0.0,1930.1321,12.0,0.0,0.0
RK9,UNIVERSITY HOSPITALS PLYMOUTH NHS TRUST,110,Trauma and Orthopaedic Service,2027-05-01,1916.848876953125,6.0,12,0,0.0,1916.8489,12.0,0.0,0.0
RXW,THE SHREWSBURY AND TELFORD HOSPITAL NHS TRUST,100,General Surgery Service,2027-05-01,1907.4908447265625,8.0,12,0,0.0,1907.4908,12.0,0.0,0.0
RM3,NORTHERN CARE ALLIANCE NHS FOUNDATION TRUST,120,Ear Nose and Throat Service,2027-05-01,1902.9959716796875,8.0,12,0,0.0,1902.996,12.0,0.0,0.0
RTP,SURREY AND SUSSEX HEALTHCARE NHS TRUST,110,Trauma and Orthopaedic Service,2027-05-01,1878.7744140625,6.0,12,0,0.0,1878.7744,12.0,0.0,0.0
RBN,MERSEY AND WEST LANCASHIRE TEACHING HOSPITALS NHS TRUST,502,Gynaecology Service,2027-05-01,1875.9100341796875,7.0,12,0,0.0,1875.91,12.0,0.0,0.0
RKB,UNIVERSITY HOSPITALS COVENTRY AND WARWICKSHIRE NHS TRUST,110,Trauma and Orthopaedic Service,2027-05-01,1832.087890625,6.0,12,0,0.0,1832.0879,12.0,0.0,0.0
R1H,BARTS HEALTH NHS TRUST,110,Trauma and Orthopaedic Service,2027-05-01,1794.540771484375,6.0,12,0,0.0,1794.5408,12.0,0.0,0.0
RVJ,NORTH BRISTOL NHS TRUST,160,Plastic Surgery Service,2027-05-01,1772.36767578125,8.0,12,0,0.0,1772.3677,12.0,0.0,0.0
RXK,SANDWELL AND WEST BIRMINGHAM HOSPITALS NHS TRUST,110,Trauma and Orthopaedic Service,2027-05-01,1767.0794677734375,6.0,12,0,0.0,1767.0795,12.0,0.0,0.0
R1K,LONDON NORTH WEST UNIVERSITY HEALTHCARE NHS TRUST,100,General Surgery Service,2027-05-01,1755.09033203125,8.0,12,0,0.0,1755.0903,12.0,0.0,0.0
RAN,ROYAL NATIONAL ORTHOPAEDIC HOSPITAL NHS TRUST,110,Trauma and Orthopaedic Service,2027-05-01,1753.0867919921875,6.0,12,0,0.0,1753.0868,12.0,0.0,0.0
RAL,ROYAL FREE LONDON NHS FOUNDATION TRUST,160,Plastic Surgery Service,2027-05-01,1743.93115234375,8.0,12,0,0.0,1743.9312,12.0,0.0,0.0
RXR,EAST LANCASHIRE HOSPITALS NHS TRUST,140,Oral Surgery Service,2027-05-01,1724.555419921875,8.0,12,0,0.0,1724.5554,12.0,0.0,0.0
RRV,UNIVERSITY COLLEGE LONDON HOSPITALS NHS FOUNDATION TRUST,110,Trauma and Orthopaedic Service,2027-05-01,1722.852294921875,6.0,12,0,0.0,1722.8523,12.0,0.0,0.0
RTD,THE NEWCASTLE UPON TYNE HOSPITALS NHS FOUNDATION TRUST,120,Ear Nose and Throat Service,2027-05-01,1715.957275390625,8.0,12,0,0.0,1715.9573,12.0,0.0,0.0
RM3,NORTHERN CARE ALLIANCE NHS FOUNDATION TRUST,150,Neurosurgical Service,2027-05-01,1708.3135986328125,8.0,12,0,0.0,1708.3136,12.0,0.0,0.0
RM3,NORTHERN CARE ALLIANCE NHS FOUNDATION TRUST,101,Urology Service,2027-05-01,1702.0718994140625,8.0,12,0,0.0,1702.0719,12.0,0.0,0.0
R0D,UNIVERSITY HOSPITALS DORSET NHS FOUNDATION TRUST,502,Gynaecology Service,2027-05-01,1688.1168212890625,7.0,12,0,0.0,1688.1168,12.0,0.0,0.0
RR8,LEEDS TEACHING HOSPITALS NHS TRUST,120,Ear Nose and Throat Service,2027-05-01,1687.581298828125,8.0,12,0,0.0,1687.5813,12.0,0.0,0.0
RCD,HARROGATE AND DISTRICT NHS FOUNDATION TRUST,110,Trauma and Orthopaedic Service,2027-05-01,1685.309814453125,6.0,12,0,0.0,1685.3098,12.0,0.0,0.0
RJC,SOUTH WARWICKSHIRE UNIVERSITY NHS FOUNDATION TRUST,110,Trauma and Orthopaedic Service,2027-05-01,1680.2235107421875,6.0,12,0,0.0,1680.2235,12.0,0.0,0.0
RJE,UNIVERSITY HOSPITALS OF NORTH MIDLANDS NHS TRUST,140,Oral Surgery Service,2027-05-01,1664.6236572265625,8.0,12,0,0.0,1664.6237,12.0,0.0,0.0
RJL,NORTHERN LINCOLNSHIRE AND GOOLE NHS FOUNDATION TRUST,110,Trauma and Orthopaedic Service,2027-05-01,1657.5921630859375,6.0,12,0,0.0,1657.5922,12.0,0.0,0.0
RFS,CHESTERFIELD ROYAL HOSPITAL NHS FOUNDATION TRUST,110,Trauma and Orthopaedic Service,2027-05-01,1655.881591796875,6.0,12,0,0.0,1655.8816,12.0,0.0,0.0
RXN,LANCASHIRE TEACHING HOSPITALS NHS FOUNDATION TRUST,110,Trauma and Orthopaedic Service,2027-05-01,1650.7958984375,6.0,12,0,0.0,1650.7959,12.0,0.0,0.0
RJ1,GUY'S AND ST THOMAS' NHS FOUNDATION TRUST,120,Ear Nose and Throat Service,2027-05-01,1634.9720458984375,8.0,12,0,0.0,1634.972,12.0,0.0,0.0
RDU,FRIMLEY HEALTH NHS FOUNDATION TRUST,502,Gynaecology Service,2027-05-01,1627.800048828125,7.0,12,0,0.0,1627.8,12.0,0.0,0.0
RRV,UNIVERSITY COLLEGE LONDON HOSPITALS NHS FOUNDATION TRUST,120,Ear Nose and Throat Service,2027-05-01,1598.9139404296875,8.0,12,0,0.0,1598.9139,12.0,0.0,0.0
RNN,NORTH CUMBRIA INTEGRATED CARE NHS FOUNDATION TRUST,110,Trauma and Orthopaedic Service,2027-05-01,1591.6865234375,6.0,12,0,0.0,1591.6865,12.0,0.0,0.0
RBN,MERSEY AND WEST LANCASHIRE TEACHING HOSPITALS NHS TRUST,101,Urology Service,2027-05-01,1580.9591064453125,8.0,12,0,0.0,1580.9591,12.0,0.0,0.0
RH8,ROYAL DEVON UNIVERSITY HEALTHCARE NHS FOUNDATION TRUST,101,Urology Service,2027-05-01,1569.7623291015625,8.0,12,0,0.0,1569.7623,12.0,0.0,0.0
RWW,NORTH CHESHIRE AND MERSEY NHS FOUNDATION TRUST,110,Trauma and Orthopaedic Service,2027-05-01,1567.9493408203125,6.0,12,0,0.0,1567.9493,12.0,0.0,0.0
R0B,SOUTH TYNESIDE AND SUNDERLAND NHS FOUNDATION TRUST,100,General Surgery Service,2027-05-01,1554.3565673828125,8.0,12,0,0.0,1554.3566,12.0,0.0,0.0
RHU,PORTSMOUTH HOSPITALS UNIVERSITY NHS TRUST,100,General Surgery Service,2027-05-01,1539.0152587890625,8.0,12,0,0.0,1539.0153,12.0,0.0,0.0
RVJ,NORTH BRISTOL NHS TRUST,502,Gynaecology Service,2027-05-01,1536.2435302734375,7.0,12,0,0.0,1536.2435,12.0,0.0,0.0
RBL,WIRRAL UNIVERSITY TEACHING HOSPITAL NHS FOUNDATION TRUST,110,Trauma and Orthopaedic Service,2027-05-01,1518.4674072265625,6.0,12,0,0.0,1518.4674,12.0,0.0,0.0
RC9,BEDFORDSHIRE HOSPITALS NHS FOUNDATION TRUST,502,Gynaecology Service,2027-05-01,1511.330078125,7.0,12,0,0.0,1511.3301,12.0,0.0,0.0
R1F,ISLE OF WIGHT NHS TRUST,110,Trauma and Orthopaedic Service,2027-05-01,1502.3341064453125,6.0,12,0,0.0,1502.3341,12.0,0.0,0.0
RWH,EAST AND NORTH HERTFORDSHIRE TEACHING NHS TRUST,160,Plastic Surgery Service,2027-05-01,1498.12353515625,8.0,12,0,0.0,1498.1235,12.0,0.0,0.0
RTG,UNIVERSITY HOSPITALS OF DERBY AND BURTON NHS FOUNDATION TRUST,502,Gynaecology Service,2027-05-01,1491.20849609375,7.0,12,0,0.0,1491.2085,12.0,0.0,0.0
RXP,COUNTY DURHAM AND DARLINGTON NHS FOUNDATION TRUST,100,General Surgery Service,2027-05-01,1472.97998046875,8.0,12,0,0.0,1472.98,12.0,0.0,0.0
RQX,HOMERTON HEALTHCARE NHS FOUNDATION TRUST,110,Trauma and Orthopaedic Service,2027-05-01,1469.2645263671875,6.0,12,0,0.0,1469.2645,12.0,0.0,0.0
RXW,THE SHREWSBURY AND TELFORD HOSPITAL NHS TRUST,110,Trauma and Orthopaedic Service,2027-05-01,1464.1395263671875,6.0,12,0,0.0,1464.1395,12.0,0.0,0.0
RYR,UNIVERSITY HOSPITALS SUSSEX NHS FOUNDATION TRUST,502,Gynaecology Service,2027-05-01,1455.35546875,7.0,12,0,0.0,1455.3555,12.0,0.0,0.0
RGR,WEST SUFFOLK NHS FOUNDATION TRUST,110,Trauma and Orthopaedic Service,2027-05-01,1452.784912109375,6.0,12,0,0.0,1452.7849,12.0,0.0,0.0
RWP,WORCESTERSHIRE ACUTE HOSPITALS NHS TRUST,101,Urology Service,2027-05-01,1435.27099609375,8.0,12,0,0.0,1435.271,12.0,0.0,0.0
RTG,UNIVERSITY HOSPITALS OF DERBY AND BURTON NHS FOUNDATION TRUST,120,Ear Nose and Throat Service,2027-05-01,1435.2421875,8.0,12,0,0.0,1435.2422,12.0,0.0,0.0
RQX,HOMERTON HEALTHCARE NHS FOUNDATION TRUST,100,General Surgery Service,2027-05-01,1405.155029296875,8.0,12,0,0.0,1405.155,12.0,0.0,0.0
NTP13,PRACTICE PLUS GROUP HOSPITAL - BARLBOROUGH,110,Trauma and Orthopaedic Service,2027-05-01,1403.6197509765625,6.0,12,0,0.0,1403.6198,12.0,0.0,0.0
RTF,NORTHUMBRIA HEALTHCARE NHS FOUNDATION TRUST,100,General Surgery Service,2027-05-01,1391.904296875,8.0,12,0,0.0,1391.9043,12.0,0.0,0.0
R0D,UNIVERSITY HOSPITALS DORSET NHS FOUNDATION TRUST,140,Oral Surgery Service,2027-05-01,1390.997314453125,8.0,12,0,0.0,1390.9973,12.0,0.0,0.0
RKB,UNIVERSITY HOSPITALS COVENTRY AND WARWICKSHIRE NHS TRUST,120,Ear Nose and Throat Service,2027-05-01,1387.7784423828125,8.0,12,0,0.0,1387.7784,12.0,0.0,0.0
RH8,ROYAL DEVON UNIVERSITY HEALTHCARE NHS FOUNDATION TRUST,502,Gynaecology Service,2027-05-01,1385.9373779296875,7.0,12,0,0.0,1385.9374,12.0,0.0,0.0
RTD,THE NEWCASTLE UPON TYNE HOSPITALS NHS FOUNDATION TRUST,101,Urology Service,2027-05-01,1384.0498046875,8.0,12,0,0.0,1384.0498,12.0,0.0,0.0
RDU,FRIMLEY HEALTH NHS FOUNDATION TRUST,101,Urology Service,2027-05-01,1379.1988525390625,8.0,12,0,0.0,1379.1989,12.0,0.0,0.0
RJL,NORTHERN LINCOLNSHIRE AND GOOLE NHS FOUNDATION TRUST,100,General Surgery Service,2027-05-01,1371.9017333984375,8.0,12,0,0.0,1371.9017,12.0,0.0,0.0
REM,LIVERPOOL UNIVERSITY HOSPITALS NHS FOUNDATION TRUST,110,Trauma and Orthopaedic Service,2027-05-01,1370.642822265625,6.0,12,0,0.0,1370.6428,12.0,0.0,0.0
RR7,GATESHEAD HEALTH NHS FOUNDATION TRUST,110,Trauma and Orthopaedic Service,2027-05-01,1367.968994140625,6.0,12,0,0.0,1367.969,12.0,0.0,0.0
RXR,EAST LANCASHIRE HOSPITALS NHS TRUST,110,Trauma and Orthopaedic Service,2027-05-01,1350.9869384765625,6.0,12,0,0.0,1350.9869,12.0,0.0,0.0
RPA,MEDWAY NHS FOUNDATION TRUST,120,Ear Nose and Throat Service,2027-05-01,1348.5206298828125,8.0,12,0,0.0,1348.5206,12.0,0.0,0.0
R0B,SOUTH TYNESIDE AND SUNDERLAND NHS FOUNDATION TRUST,140,Oral Surgery Service,2027-05-01,1339.9290771484375,8.0,12,0,0.0,1339.9291,12.0,0.0,0.0
RDU,FRIMLEY HEALTH NHS FOUNDATION TRUST,120,Ear Nose and Throat Service,2027-05-01,1332.2266845703125,8.0,12,0,0.0,1332.2267,12.0,0.0,0.0
RJE,UNIVERSITY HOSPITALS OF NORTH MIDLANDS NHS TRUST,502,Gynaecology Service,2027-05-01,1329.318115234375,7.0,12,0,0.0,1329.3181,12.0,0.0,0.0
RJ1,GUY'S AND ST THOMAS' NHS FOUNDATION TRUST,140,Oral Surgery Service,2027-05-01,1328.8443603515625,8.0,12,0,0.0,1328.8444,12.0,0.0,0.0
RWH,EAST AND NORTH HERTFORDSHIRE TEACHING NHS TRUST,110,Trauma and Orthopaedic Service,2027-05-01,1312.8135986328125,6.0,12,0,0.0,1312.8136,12.0,0.0,0.0
RJE,UNIVERSITY HOSPITALS OF NORTH MIDLANDS NHS TRUST,120,Ear Nose and Throat Service,2027-05-01,1311.44677734375,8.0,12,0,0.0,1311.4468,12.0,0.0,0.0
RXL,BLACKPOOL TEACHING HOSPITALS NHS FOUNDATION TRUST,110,Trauma and Orthopaedic Service,2027-05-01,1308.82275390625,6.0,12,0,0.0,1308.8228,12.0,0.0,0.0
RJ1,GUY'S AND ST THOMAS' NHS FOUNDATION TRUST,101,Urology Service,2027-05-01,1304.8602294921875,8.0,12,0,0.0,1304.8602,12.0,0.0,0.0
RX1,NOTTINGHAM UNIVERSITY HOSPITALS NHS TRUST,110,Trauma and Orthopaedic Service,2027-05-01,1301.2860107421875,6.0,12,0,0.0,1301.286,12.0,0.0,0.0
RM1,NORFOLK AND NORWICH UNIVERSITY HOSPITALS NHS FOUNDATION TRUST,100,General Surgery Service,2027-05-01,1296.4451904296875,8.0,12,0,0.0,1296.4452,12.0,0.0,0.0
RD1,ROYAL UNITED HOSPITALS BATH NHS FOUNDATION TRUST,110,Trauma and Orthopaedic Service,2027-05-01,1279.3681640625,6.0,12,0,0.0,1279.3682,12.0,0.0,0.0
RH5,SOMERSET NHS FOUNDATION TRUST,120,Ear Nose and Throat Service,2027-05-01,1275.53857421875,8.0,12,0,0.0,1275.5386,12.0,0.0,0.0
R0B,SOUTH TYNESIDE AND SUNDERLAND NHS FOUNDATION TRUST,101,Urology Service,2027-05-01,1266.9205322265625,8.0,12,0,0.0,1266.9205,12.0,0.0,0.0
RFF,BARNSLEY HOSPITAL NHS FOUNDATION TRUST,110,Trauma and Orthopaedic Service,2027-05-01,1264.0380859375,6.0,12,0,0.0,1264.0381,12.0,0.0,0.0
RVV,EAST KENT HOSPITALS UNIVERSITY NHS FOUNDATION TRUST,101,Urology Service,2027-05-01,1254.1719970703125,8.0,12,0,0.0,1254.172,12.0,0.0,0.0
RWA,HULL UNIVERSITY TEACHING HOSPITALS NHS TRUST,502,Gynaecology Service,2027-05-01,1252.782470703125,7.0,12,0,0.0,1252.7825,12.0,0.0,0.0
RMC,BOLTON NHS FOUNDATION TRUST,110,Trauma and Orthopaedic Service,2027-05-01,1251.489990234375,6.0,12,0,0.0,1251.49,12.0,0.0,0.0
RAJ,MID AND SOUTH ESSEX NHS FOUNDATION TRUST,502,Gynaecology Service,2027-05-01,1251.292236328125,7.0,12,0,0.0,1251.2922,12.0,0.0,0.0
RAS,THE HILLINGDON HOSPITALS NHS FOUNDATION TRUST,110,Trauma and Orthopaedic Service,2027-05-01,1247.035888671875,6.0,12,0,0.0,1247.0359,12.0,0.0,0.0
RTE,GLOUCESTERSHIRE HOSPITALS NHS FOUNDATION TRUST,101,Urology Service,2027-05-01,1232.2618408203125,8.0,12,0,0.0,1232.2618,12.0,0.0,0.0
G3Z1Q,SULIS HOSPITAL BATH (FOXCOTE AVENUE),110,Trauma and Orthopaedic Service,2027-05-01,1223.9312744140625,6.0,12,0,0.0,1223.9313,12.0,0.0,0.0
RXR,EAST LANCASHIRE HOSPITALS NHS TRUST,502,Gynaecology Service,2027-05-01,1220.9583740234375,7.0,12,0,0.0,1220.9584,12.0,0.0,0.0
R1K,LONDON NORTH WEST UNIVERSITY HEALTHCARE NHS TRUST,120,Ear Nose and Throat Service,2027-05-01,1218.0496826171875,8.0,12,0,0.0,1218.0497,12.0,0.0,0.0
RRV,UNIVERSITY COLLEGE LONDON HOSPITALS NHS FOUNDATION TRUST,140,Oral Surgery Service,2027-05-01,1214.2655029296875,8.0,12,0,0.0,1214.2655,12.0,0.0,0.0
RET,THE WALTON CENTRE NHS FOUNDATION TRUST,150,Neurosurgical Service,2027-05-01,1211.84228515625,8.0,12,0,0.0,1211.8423,12.0,0.0,0.0
RFF,BARNSLEY HOSPITAL NHS FOUNDATION TRUST,100,General Surgery Service,2027-05-01,1208.743408203125,8.0,12,0,0.0,1208.7434,12.0,0.0,0.0
RM1,NORFOLK AND NORWICH UNIVERSITY HOSPITALS NHS FOUNDATION TRUST,502,Gynaecology Service,2027-05-01,1207.86865234375,7.0,12,0,0.0,1207.8687,12.0,0.0,0.0
RWY,CALDERDALE AND HUDDERSFIELD NHS FOUNDATION TRUST,110,Trauma and Orthopaedic Service,2027-05-01,1206.1279296875,6.0,12,0,0.0,1206.1279,12.0,0.0,0.0
RP5,DONCASTER AND BASSETLAW TEACHING HOSPITALS NHS FOUNDATION TRUST,100,General Surgery Service,2027-05-01,1188.1654052734375,8.0,12,0,0.0,1188.1654,12.0,0.0,0.0
R1H,BARTS HEALTH NHS TRUST,502,Gynaecology Service,2027-05-01,1186.8250732421875,7.0,12,0,0.0,1186.8251,12.0,0.0,0.0
RWG,WEST HERTFORDSHIRE TEACHING HOSPITALS NHS TRUST,100,General Surgery Service,2027-05-01,1185.6243896484375,8.0,12,0,0.0,1185.6244,12.0,0.0,0.0
RH5,SOMERSET NHS FOUNDATION TRUST,502,Gynaecology Service,2027-05-01,1184.8941650390625,7.0,12,0,0.0,1184.8942,12.0,0.0,0.0
RA2,ROYAL SURREY NHS FOUNDATION TRUST,110,Trauma and Orthopaedic Service,2027-05-01,1183.8349609375,6.0,12,0,0.0,1183.835,12.0,0.0,0.0
RAJ,MID AND SOUTH ESSEX NHS FOUNDATION TRUST,101,Urology Service,2027-05-01,1181.2490234375,8.0,12,0,0.0,1181.249,12.0,0.0,0.0
RTP,SURREY AND SUSSEX HEALTHCARE NHS TRUST,502,Gynaecology Service,2027-05-01,1178.41064453125,7.0,12,0,0.0,1178.4106,12.0,0.0,0.0
RDU,FRIMLEY HEALTH NHS FOUNDATION TRUST,160,Plastic Surgery Service,2027-05-01,1167.388427734375,8.0,12,0,0.0,1167.3884,12.0,0.0,0.0
RGN,NORTH WEST ANGLIA NHS FOUNDATION TRUST,100,General Surgery Service,2027-05-01,1164.967529296875,8.0,12,0,0.0,1164.9675,12.0,0.0,0.0
RH8,ROYAL DEVON UNIVERSITY HEALTHCARE NHS FOUNDATION TRUST,120,Ear Nose and Throat Service,2027-05-01,1164.469482421875,8.0,12,0,0.0,1164.4695,12.0,0.0,0.0
RJ6,CROYDON HEALTH SERVICES NHS TRUST,110,Trauma and Orthopaedic Service,2027-05-01,1141.741943359375,6.0,12,0,0.0,1141.7419,12.0,0.0,0.0
RDE,EAST SUFFOLK AND NORTH ESSEX NHS FOUNDATION TRUST,502,Gynaecology Service,2027-05-01,1135.90625,7.0,12,0,0.0,1135.9063,12.0,0.0,0.0
RWP,WORCESTERSHIRE ACUTE HOSPITALS NHS TRUST,100,General Surgery Service,2027-05-01,1135.13623046875,8.0,12,0,0.0,1135.1362,12.0,0.0,0.0
RL4,THE ROYAL WOLVERHAMPTON NHS TRUST,101,Urology Service,2027-05-01,1133.390869140625,8.0,12,0,0.0,1133.3909,12.0,0.0,0.0
RAL,ROYAL FREE LONDON NHS FOUNDATION TRUST,120,Ear Nose and Throat Service,2027-05-01,1133.1485595703125,8.0,12,0,0.0,1133.1486,12.0,0.0,0.0
NTPH1,PRACTICE PLUS GROUP HOSPITAL - SHEPTON MALLET,110,Trauma and Orthopaedic Service,2027-05-01,1130.3021240234375,6.0,12,0,0.0,1130.3021,12.0,0.0,0.0
RM1,NORFOLK AND NORWICH UNIVERSITY HOSPITALS NHS FOUNDATION TRUST,101,Urology Service,2027-05-01,1128.35107421875,8.0,12,0,0.0,1128.3511,12.0,0.0,0.0
RQX,HOMERTON HEALTHCARE NHS FOUNDATION TRUST,502,Gynaecology Service,2027-05-01,1120.272216796875,7.0,12,0,0.0,1120.2722,12.0,0.0,0.0
RGP,JAMES PAGET UNIVERSITY HOSPITALS NHS FOUNDATION TRUST,100,General Surgery Service,2027-05-01,1120.177490234375,8.0,12,0,0.0,1120.1775,12.0,0.0,0.0
RCB,YORK AND SCARBOROUGH TEACHING HOSPITALS NHS FOUNDATION TRUST,120,Ear Nose and Throat Service,2027-05-01,1117.8548583984375,8.0,12,0,0.0,1117.8549,12.0,0.0,0.0
RTD,THE NEWCASTLE UPON TYNE HOSPITALS NHS FOUNDATION TRUST,160,Plastic Surgery Service,2027-05-01,1113.9266357421875,8.0,12,0,0.0,1113.9266,12.0,0.0,0.0
RGP,JAMES PAGET UNIVERSITY HOSPITALS NHS FOUNDATION TRUST,110,Trauma and Orthopaedic Service,2027-05-01,1111.9337158203125,6.0,12,0,0.0,1111.9337,12.0,0.0,0.0
RRV,UNIVERSITY COLLEGE LONDON HOSPITALS NHS FOUNDATION TRUST,101,Urology Service,2027-05-01,1110.0338134765625,8.0,12,0,0.0,1110.0338,12.0,0.0,0.0
RDE,EAST SUFFOLK AND NORTH ESSEX NHS FOUNDATION TRUST,120,Ear Nose and Throat Service,2027-05-01,1103.22216796875,8.0,12,0,0.0,1103.2222,12.0,0.0,0.0
RNZ,SALISBURY NHS FOUNDATION TRUST,110,Trauma and Orthopaedic Service,2027-05-01,1097.8604736328125,6.0,12,0,0.0,1097.8605,12.0,0.0,0.0
RWH,EAST AND NORTH HERTFORDSHIRE TEACHING NHS TRUST,120,Ear Nose and Throat Service,2027-05-01,1095.8983154296875,8.0,12,0,0.0,1095.8983,12.0,0.0,0.0
RJZ,KING'S COLLEGE HOSPITAL NHS FOUNDATION TRUST,502,Gynaecology Service,2027-05-01,1095.7283935546875,7.0,12,0,0.0,1095.7284,12.0,0.0,0.0
RCX,"THE QUEEN ELIZABETH HOSPITAL, KING'S LYNN, NHS FOUNDATION TRUST",110,Trauma and Orthopaedic Service,2027-05-01,1094.921142578125,6.0,12,0,0.0,1094.9211,12.0,0.0,0.0
RAL,ROYAL FREE LONDON NHS FOUNDATION TRUST,502,Gynaecology Service,2027-05-01,1094.0263671875,7.0,12,0,0.0,1094.0264,12.0,0.0,0.0
RTF,NORTHUMBRIA HEALTHCARE NHS FOUNDATION TRUST,160,Plastic Surgery Service,2027-05-01,1093.653564453125,8.0,12,0,0.0,1093.6536,12.0,0.0,0.0
RAE,BRADFORD TEACHING HOSPITALS NHS FOUNDATION TRUST,110,Trauma and Orthopaedic Service,2027-05-01,1091.348876953125,6.0,12,0,0.0,1091.3489,12.0,0.0,0.0
RBN,MERSEY AND WEST LANCASHIRE TEACHING HOSPITALS NHS TRUST,120,Ear Nose and Throat Service,2027-05-01,1090.610107421875,8.0,12,0,0.0,1090.6101,12.0,0.0,0.0
RN3,GREAT WESTERN HOSPITALS NHS FOUNDATION TRUST,100,General Surgery Service,2027-05-01,1074.7418212890625,8.0,12,0,0.0,1074.7418,12.0,0.0,0.0
NTPH5,PRACTICE PLUS GROUP HOSPITAL - PLYMOUTH,110,Trauma and Orthopaedic Service,2027-05-01,1074.6033935546875,6.0,12,0,0.0,1074.6034,12.0,0.0,0.0
R1K,LONDON NORTH WEST UNIVERSITY HEALTHCARE NHS TRUST,101,Urology Service,2027-05-01,1073.822021484375,8.0,12,0,0.0,1073.822,12.0,0.0,0.0
RNQ,KETTERING GENERAL HOSPITAL NHS FOUNDATION TRUST,110,Trauma and Orthopaedic Service,2027-05-01,1069.46533203125,6.0,12,0,0.0,1069.4653,12.0,0.0,0.0
RTK,ASHFORD AND ST PETER'S HOSPITALS NHS FOUNDATION TRUST,110,Trauma and Orthopaedic Service,2027-05-01,1066.6290283203125,6.0,12,0,0.0,1066.629,12.0,0.0,0.0
RCF,AIREDALE NHS FOUNDATION TRUST,110,Trauma and Orthopaedic Service,2027-05-01,1046.6962890625,6.0,12,0,0.0,1046.6963,12.0,0.0,0.0
RQM,CHELSEA AND WESTMINSTER HOSPITAL NHS FOUNDATION TRUST,110,Trauma and Orthopaedic Service,2027-05-01,1037.1754150390625,6.0,12,0,0.0,1037.1754,12.0,0.0,0.0
RNZ,SALISBURY NHS FOUNDATION TRUST,160,Plastic Surgery Service,2027-05-01,1033.9102783203125,8.0,12,0,0.0,1033.9103,12.0,0.0,0.0
RWA,HULL UNIVERSITY TEACHING HOSPITALS NHS TRUST,101,Urology Service,2027-05-01,1024.1324462890625,8.0,12,0,0.0,1024.1324,12.0,0.0,0.0
RXR,EAST LANCASHIRE HOSPITALS NHS TRUST,100,General Surgery Service,2027-05-01,1019.1697998046875,8.0,12,0,0.0,1019.1698,12.0,0.0,0.0
RN7,DARTFORD AND GRAVESHAM NHS TRUST,101,Urology Service,2027-05-01,1011.7039184570312,8.0,12,0,0.0,1011.7039,12.0,0.0,0.0
RHU,PORTSMOUTH HOSPITALS UNIVERSITY NHS TRUST,502,Gynaecology Service,2027-05-01,1004.4882202148438,7.0,12,0,0.0,1004.4882,12.0,0.0,0.0
RWE,UNIVERSITY HOSPITALS OF LEICESTER NHS TRUST,100,General Surgery Service,2027-05-01,1002.994384765625,8.0,12,0,0.0,1002.9944,12.0,0.0,0.0
RDE,EAST SUFFOLK AND NORTH ESSEX NHS FOUNDATION TRUST,100,General Surgery Service,2027-05-01,998.3375244140625,8.0,12,0,0.0,998.33752,12.0,0.0,0.0
RJL,NORTHERN LINCOLNSHIRE AND GOOLE NHS FOUNDATION TRUST,502,Gynaecology Service,2027-05-01,997.3449096679688,7.0,12,0,0.0,997.34491,12.0,0.0,0.0
R0D,UNIVERSITY HOSPITALS DORSET NHS FOUNDATION TRUST,120,Ear Nose and Throat Service,2027-05-01,992.2054443359375,8.0,12,0,0.0,992.20544,12.0,0.0,0.0
RXF,MID YORKSHIRE TEACHING NHS TRUST,120,Ear Nose and Throat Service,2027-05-01,991.4210205078125,8.0,12,0,0.0,991.42102,12.0,0.0,0.0
RN7,DARTFORD AND GRAVESHAM NHS TRUST,502,Gynaecology Service,2027-05-01,989.010986328125,7.0,12,0,0.0,989.01099,12.0,0.0,0.0
RTR,SOUTH TEES HOSPITALS NHS FOUNDATION TRUST,502,Gynaecology Service,2027-05-01,985.4104614257812,7.0,12,0,0.0,985.41046,12.0,0.0,0.0
RFR,THE ROTHERHAM NHS FOUNDATION TRUST,502,Gynaecology Service,2027-05-01,980.2000122070312,7.0,12,0,0.0,980.20001,12.0,0.0,0.0
RMC,BOLTON NHS FOUNDATION TRUST,120,Ear Nose and Throat Service,2027-05-01,979.8351440429688,8.0,12,0,0.0,979.83514,12.0,0.0,0.0
RRK,UNIVERSITY HOSPITALS BIRMINGHAM NHS FOUNDATION TRUST,120,Ear Nose and Throat Service,2027-05-01,978.4442138671875,8.0,12,0,0.0,978.44421,12.0,0.0,0.0
RGR,WEST SUFFOLK NHS FOUNDATION TRUST,120,Ear Nose and Throat Service,2027-05-01,976.609130859375,8.0,12,0,0.0,976.60913,12.0,0.0,0.0
REF,ROYAL CORNWALL HOSPITALS NHS TRUST,140,Oral Surgery Service,2027-05-01,976.3345947265625,8.0,12,0,0.0,976.33459,12.0,0.0,0.0
RWE,UNIVERSITY HOSPITALS OF LEICESTER NHS TRUST,502,Gynaecology Service,2027-05-01,975.2200317382812,7.0,12,0,0.0,975.22003,12.0,0.0,0.0
RWF,MAIDSTONE AND TUNBRIDGE WELLS NHS TRUST,502,Gynaecology Service,2027-05-01,973.7413330078125,7.0,12,0,0.0,973.74133,12.0,0.0,0.0
RTR,SOUTH TEES HOSPITALS NHS FOUNDATION TRUST,120,Ear Nose and Throat Service,2027-05-01,967.9657592773438,8.0,12,0,0.0,967.96576,12.0,0.0,0.0
RNA,THE DUDLEY GROUP NHS FOUNDATION TRUST,160,Plastic Surgery Service,2027-05-01,966.3389282226562,8.0,12,0,0.0,966.33893,12.0,0.0,0.0
RWP,WORCESTERSHIRE ACUTE HOSPITALS NHS TRUST,502,Gynaecology Service,2027-05-01,960.046630859375,7.0,12,0,0.0,960.04663,12.0,0.0,0.0
RJ7,ST GEORGE'S UNIVERSITY HOSPITALS NHS FOUNDATION TRUST,120,Ear Nose and Throat Service,2027-05-01,955.4657592773438,8.0,12,0,0.0,955.46576,12.0,0.0,0.0
RNS,NORTHAMPTON GENERAL HOSPITAL NHS TRUST,110,Trauma and Orthopaedic Service,2027-05-01,952.953369140625,6.0,12,0,0.0,952.95337,12.0,0.0,0.0
RNA,THE DUDLEY GROUP NHS FOUNDATION TRUST,120,Ear Nose and Throat Service,2027-05-01,951.0379638671875,8.0,12,0,0.0,951.03796,12.0,0.0,0.0
RQM,CHELSEA AND WESTMINSTER HOSPITAL NHS FOUNDATION TRUST,502,Gynaecology Service,2027-05-01,944.6661376953125,7.0,12,0,0.0,944.66614,12.0,0.0,0.0
RKB,UNIVERSITY HOSPITALS COVENTRY AND WARWICKSHIRE NHS TRUST,140,Oral Surgery Service,2027-05-01,943.8264770507812,8.0,12,0,0.0,943.82648,12.0,0.0,0.0
R0D,UNIVERSITY HOSPITALS DORSET NHS FOUNDATION TRUST,101,Urology Service,2027-05-01,934.3880615234375,8.0,12,0,0.0,934.38806,12.0,0.0,0.0
RAX,KINGSTON AND RICHMOND NHS FOUNDATION TRUST,502,Gynaecology Service,2027-05-01,931.9420776367188,7.0,12,0,0.0,931.94208,12.0,0.0,0.0
RC9,BEDFORDSHIRE HOSPITALS NHS FOUNDATION TRUST,120,Ear Nose and Throat Service,2027-05-01,931.2679443359375,8.0,12,0,0.0,931.26794,12.0,0.0,0.0
RF4,"BARKING, HAVERING AND REDBRIDGE UNIVERSITY HOSPITALS NHS TRUST",120,Ear Nose and Throat Service,2027-05-01,928.4706420898438,8.0,12,0,0.0,928.47064,12.0,0.0,0.0
RHW,ROYAL BERKSHIRE NHS FOUNDATION TRUST,110,Trauma and Orthopaedic Service,2027-05-01,925.5244750976562,6.0,12,0,0.0,925.52448,12.0,0.0,0.0
RK5,SHERWOOD FOREST HOSPITALS NHS FOUNDATION TRUST,100,General Surgery Service,2027-05-01,920.2125244140625,8.0,12,0,0.0,920.21252,12.0,0.0,0.0
RGN,NORTH WEST ANGLIA NHS FOUNDATION TRUST,120,Ear Nose and Throat Service,2027-05-01,911.2344360351562,8.0,12,0,0.0,911.23444,12.0,0.0,0.0
RN5,HAMPSHIRE HOSPITALS NHS FOUNDATION TRUST,120,Ear Nose and Throat Service,2027-05-01,911.0051879882812,8.0,12,0,0.0,911.00519,12.0,0.0,0.0
RRF,"WRIGHTINGTON, WIGAN AND LEIGH TEACHING HOSPITALS NHS FOUNDATION TRUST",120,Ear Nose and Throat Service,2027-05-01,906.1787109375,8.0,12,0,0.0,906.17871,12.0,0.0,0.0
RHM,UNIVERSITY HOSPITAL SOUTHAMPTON NHS FOUNDATION TRUST,502,Gynaecology Service,2027-05-01,903.6732177734375,7.0,12,0,0.0,903.67322,12.0,0.0,0.0
RXP,COUNTY DURHAM AND DARLINGTON NHS FOUNDATION TRUST,502,Gynaecology Service,2027-05-01,895.6178588867188,7.0,12,0,0.0,895.61786,12.0,0.0,0.0
RWE,UNIVERSITY HOSPITALS OF LEICESTER NHS TRUST,120,Ear Nose and Throat Service,2027-05-01,895.4960327148438,8.0,12,0,0.0,895.49603,12.0,0.0,0.0
RNN,NORTH CUMBRIA INTEGRATED CARE NHS FOUNDATION TRUST,502,Gynaecology Service,2027-05-01,893.062255859375,7.0,12,0,0.0,893.06226,12.0,0.0,0.0
RXQ,BUCKINGHAMSHIRE HEALTHCARE NHS TRUST,502,Gynaecology Service,2027-05-01,890.2193603515625,7.0,12,0,0.0,890.21936,12.0,0.0,0.0
RGR,WEST SUFFOLK NHS FOUNDATION TRUST,502,Gynaecology Service,2027-05-01,888.2013549804688,7.0,12,0,0.0,888.20135,12.0,0.0,0.0
RL4,THE ROYAL WOLVERHAMPTON NHS TRUST,502,Gynaecology Service,2027-05-01,884.4880981445312,7.0,12,0,0.0,884.4881,12.0,0.0,0.0
RX1,NOTTINGHAM UNIVERSITY HOSPITALS NHS TRUST,120,Ear Nose and Throat Service,2027-05-01,883.3319091796875,8.0,12,0,0.0,883.33191,12.0,0.0,0.0
RTP,SURREY AND SUSSEX HEALTHCARE NHS TRUST,101,Urology Service,2027-05-01,882.2177124023438,8.0,12,0,0.0,882.21771,12.0,0.0,0.0
RA7,UNIVERSITY HOSPITALS BRISTOL AND WESTON NHS FOUNDATION TRUST,110,Trauma and Orthopaedic Service,2027-05-01,878.8674926757812,6.0,12,0,0.0,878.86749,12.0,0.0,0.0
RVW,NORTH TEES AND HARTLEPOOL NHS FOUNDATION TRUST,502,Gynaecology Service,2027-05-01,876.842529296875,7.0,12,0,0.0,876.84253,12.0,0.0,0.0
RJZ,KING'S COLLEGE HOSPITAL NHS FOUNDATION TRUST,101,Urology Service,2027-05-01,874.154296875,8.0,12,0,0.0,874.1543,12.0,0.0,0.0
RK9,UNIVERSITY HOSPITALS PLYMOUTH NHS TRUST,160,Plastic Surgery Service,2027-05-01,870.692138671875,8.0,12,0,0.0,870.69214,12.0,0.0,0.0
RXR,EAST LANCASHIRE HOSPITALS NHS TRUST,120,Ear Nose and Throat Service,2027-05-01,869.42822265625,8.0,12,0,0.0,869.42822,12.0,0.0,0.0
RWJ,STOCKPORT NHS FOUNDATION TRUST,101,Urology Service,2027-05-01,868.865966796875,8.0,12,0,0.0,868.86597,12.0,0.0,0.0
RTH,OXFORD UNIVERSITY HOSPITALS NHS FOUNDATION TRUST,120,Ear Nose and Throat Service,2027-05-01,867.8408203125,8.0,12,0,0.0,867.84082,12.0,0.0,0.0
RTE,GLOUCESTERSHIRE HOSPITALS NHS FOUNDATION TRUST,120,Ear Nose and Throat Service,2027-05-01,867.3280639648438,8.0,12,0,0.0,867.32806,12.0,0.0,0.0
RF4,"BARKING, HAVERING AND REDBRIDGE UNIVERSITY HOSPITALS NHS TRUST",110,Trauma and Orthopaedic Service,2027-05-01,867.217529296875,6.0,12,0,0.0,867.21753,12.0,0.0,0.0
RGN,NORTH WEST ANGLIA NHS FOUNDATION TRUST,160,Plastic Surgery Service,2027-05-01,866.423828125,8.0,12,0,0.0,866.42383,12.0,0.0,0.0
RD8,MILTON KEYNES UNIVERSITY HOSPITAL NHS FOUNDATION TRUST,502,Gynaecology Service,2027-05-01,866.3113403320312,7.0,12,0,0.0,866.31134,12.0,0.0,0.0
RXW,THE SHREWSBURY AND TELFORD HOSPITAL NHS TRUST,502,Gynaecology Service,2027-05-01,861.7382202148438,7.0,12,0,0.0,861.73822,12.0,0.0,0.0
RBK,WALSALL HEALTHCARE NHS TRUST,100,General Surgery Service,2027-05-01,860.2724609375,8.0,12,0,0.0,860.27246,12.0,0.0,0.0
NTP11,PRACTICE PLUS GROUP HOSPITAL - SOUTHAMPTON,140,Oral Surgery Service,2027-05-01,855.172119140625,8.0,12,0,0.0,855.17212,12.0,0.0,0.0
RAX,KINGSTON AND RICHMOND NHS FOUNDATION TRUST,110,Trauma and Orthopaedic Service,2027-05-01,851.6488037109375,6.0,12,0,0.0,851.6488,12.0,0.0,0.0
RNA,THE DUDLEY GROUP NHS FOUNDATION TRUST,502,Gynaecology Service,2027-05-01,850.7978515625,7.0,12,0,0.0,850.79785,12.0,0.0,0.0
RR8,LEEDS TEACHING HOSPITALS NHS TRUST,101,Urology Service,2027-05-01,847.3374633789062,8.0,12,0,0.0,847.33746,12.0,0.0,0.0
RTH,OXFORD UNIVERSITY HOSPITALS NHS FOUNDATION TRUST,101,Urology Service,2027-05-01,846.0532836914062,8.0,12,0,0.0,846.05328,12.0,0.0,0.0
RTR,SOUTH TEES HOSPITALS NHS FOUNDATION TRUST,100,General Surgery Service,2027-05-01,844.9223022460938,8.0,12,0,0.0,844.9223,12.0,0.0,0.0
RJ7,ST GEORGE'S UNIVERSITY HOSPITALS NHS FOUNDATION TRUST,160,Plastic Surgery Service,2027-05-01,843.638916015625,8.0,12,0,0.0,843.63892,12.0,0.0,0.0
RKE,WHITTINGTON HEALTH NHS TRUST,110,Trauma and Orthopaedic Service,2027-05-01,843.3695678710938,6.0,12,0,0.0,843.36957,12.0,0.0,0.0
RRK,UNIVERSITY HOSPITALS BIRMINGHAM NHS FOUNDATION TRUST,110,Trauma and Orthopaedic Service,2027-05-01,838.9990844726562,6.0,12,0,0.0,838.99908,12.0,0.0,0.0
RJL,NORTHERN LINCOLNSHIRE AND GOOLE NHS FOUNDATION TRUST,120,Ear Nose and Throat Service,2027-05-01,838.9862670898438,8.0,12,0,0.0,838.98627,12.0,0.0,0.0
RD8,MILTON KEYNES UNIVERSITY HOSPITAL NHS FOUNDATION TRUST,110,Trauma and Orthopaedic Service,2027-05-01,835.490478515625,6.0,12,0,0.0,835.49048,12.0,0.0,0.0
RJZ,KING'S COLLEGE HOSPITAL NHS FOUNDATION TRUST,150,Neurosurgical Service,2027-05-01,834.3480834960938,8.0,12,0,0.0,834.34808,12.0,0.0,0.0
RTF,NORTHUMBRIA HEALTHCARE NHS FOUNDATION TRUST,140,Oral Surgery Service,2027-05-01,833.6561279296875,8.0,12,0,0.0,833.65613,12.0,0.0,0.0
RNS,NORTHAMPTON GENERAL HOSPITAL NHS TRUST,120,Ear Nose and Throat Service,2027-05-01,828.5519409179688,8.0,12,0,0.0,828.55194,12.0,0.0,0.0
RK5,SHERWOOD FOREST HOSPITALS NHS FOUNDATION TRUST,502,Gynaecology Service,2027-05-01,823.4837646484375,7.0,12,0,0.0,823.48376,12.0,0.0,0.0
RWP,WORCESTERSHIRE ACUTE HOSPITALS NHS TRUST,140,Oral Surgery Service,2027-05-01,821.5125122070312,8.0,12,0,0.0,821.51251,12.0,0.0,0.0
RFR,THE ROTHERHAM NHS FOUNDATION TRUST,140,Oral Surgery Service,2027-05-01,819.1317749023438,8.0,12,0,0.0,819.13177,12.0,0.0,0.0
RN5,HAMPSHIRE HOSPITALS NHS FOUNDATION TRUST,100,General Surgery Service,2027-05-01,815.1937866210938,8.0,12,0,0.0,815.19379,12.0,0.0,0.0
NTE02,ST HUGH'S HOSPITAL,110,Trauma and Orthopaedic Service,2027-05-01,811.1558227539062,6.0,12,0,0.0,811.15582,12.0,0.0,0.0
RF4,"BARKING, HAVERING AND REDBRIDGE UNIVERSITY HOSPITALS NHS TRUST",100,General Surgery Service,2027-05-01,808.3661499023438,8.0,12,0,0.0,808.36615,12.0,0.0,0.0
RWE,UNIVERSITY HOSPITALS OF LEICESTER NHS TRUST,101,Urology Service,2027-05-01,806.447998046875,8.0,12,0,0.0,806.448,12.0,0.0,0.0
RWF,MAIDSTONE AND TUNBRIDGE WELLS NHS TRUST,120,Ear Nose and Throat Service,2027-05-01,804.4790649414062,8.0,12,0,0.0,804.47906,12.0,0.0,0.0
RJ6,CROYDON HEALTH SERVICES NHS TRUST,100,General Surgery Service,2027-05-01,803.89892578125,8.0,12,0,0.0,803.89893,12.0,0.0,0.0
RJR,COUNTESS OF CHESTER HOSPITAL NHS FOUNDATION TRUST,110,Trauma and Orthopaedic Service,2027-05-01,803.2525024414062,6.0,12,0,0.0,803.2525,12.0,0.0,0.0
RFF,BARNSLEY HOSPITAL NHS FOUNDATION TRUST,502,Gynaecology Service,2027-05-01,800.408935546875,7.0,12,0,0.0,800.40894,12.0,0.0,0.0
RQX,HOMERTON HEALTHCARE NHS FOUNDATION TRUST,101,Urology Service,2027-05-01,795.03955078125,8.0,12,0,0.0,795.03955,12.0,0.0,0.0
RCB,YORK AND SCARBOROUGH TEACHING HOSPITALS NHS FOUNDATION TRUST,502,Gynaecology Service,2027-05-01,794.7716064453125,7.0,12,0,0.0,794.77161,12.0,0.0,0.0
RR7,GATESHEAD HEALTH NHS FOUNDATION TRUST,100,General Surgery Service,2027-05-01,793.7333374023438,8.0,12,0,0.0,793.73334,12.0,0.0,0.0
RXC,EAST SUSSEX HEALTHCARE NHS TRUST,101,Urology Service,2027-05-01,791.8302001953125,8.0,12,0,0.0,791.8302,12.0,0.0,0.0
RTH,OXFORD UNIVERSITY HOSPITALS NHS FOUNDATION TRUST,100,General Surgery Service,2027-05-01,788.756591796875,8.0,12,0,0.0,788.75659,12.0,0.0,0.0
RR8,LEEDS TEACHING HOSPITALS NHS TRUST,100,General Surgery Service,2027-05-01,783.6546020507812,8.0,12,0,0.0,783.6546,12.0,0.0,0.0
RWJ,STOCKPORT NHS FOUNDATION TRUST,100,General Surgery Service,2027-05-01,780.4054565429688,8.0,12,0,0.0,780.40546,12.0,0.0,0.0
RYJ,IMPERIAL COLLEGE HEALTHCARE NHS TRUST,100,General Surgery Service,2027-05-01,770.3375854492188,8.0,12,0,0.0,770.33759,12.0,0.0,0.0
RXN,LANCASHIRE TEACHING HOSPITALS NHS FOUNDATION TRUST,140,Oral Surgery Service,2027-05-01,770.12646484375,8.0,12,0,0.0,770.12646,12.0,0.0,0.0
RK9,UNIVERSITY HOSPITALS PLYMOUTH NHS TRUST,502,Gynaecology Service,2027-05-01,765.1006469726562,7.0,12,0,0.0,765.10065,12.0,0.0,0.0
RXC,EAST SUSSEX HEALTHCARE NHS TRUST,100,General Surgery Service,2027-05-01,763.974853515625,8.0,12,0,0.0,763.97485,12.0,0.0,0.0
H4I8B,NUFFIELD HEALTH THE HOLLY HOSPITAL,110,Trauma and Orthopaedic Service,2027-05-01,759.5822143554688,6.0,12,0,0.0,759.58221,12.0,0.0,0.0
RJ1,GUY'S AND ST THOMAS' NHS FOUNDATION TRUST,502,Gynaecology Service,2027-05-01,754.8128662109375,7.0,12,0,0.0,754.81287,12.0,0.0,0.0
R1K,LONDON NORTH WEST UNIVERSITY HEALTHCARE NHS TRUST,502,Gynaecology Service,2027-05-01,751.9911499023438,7.0,12,0,0.0,751.99115,12.0,0.0,0.0
RYJ,IMPERIAL COLLEGE HEALTHCARE NHS TRUST,502,Gynaecology Service,2027-05-01,751.2389526367188,7.0,12,0,0.0,751.23895,12.0,0.0,0.0
RBT,MID CHESHIRE HOSPITALS NHS FOUNDATION TRUST,110,Trauma and Orthopaedic Service,2027-05-01,750.7512817382812,6.0,12,0,0.0,750.75128,12.0,0.0,0.0
RK5,SHERWOOD FOREST HOSPITALS NHS FOUNDATION TRUST,120,Ear Nose and Throat Service,2027-05-01,747.2772216796875,8.0,12,0,0.0,747.27722,12.0,0.0,0.0
RQ3,BIRMINGHAM WOMEN'S AND CHILDREN'S NHS FOUNDATION TRUST,502,Gynaecology Service,2027-05-01,736.062744140625,7.0,12,0,0.0,736.06274,12.0,0.0,0.0
RVV,EAST KENT HOSPITALS UNIVERSITY NHS FOUNDATION TRUST,140,Oral Surgery Service,2027-05-01,730.423828125,8.0,12,0,0.0,730.42383,12.0,0.0,0.0
RXW,THE SHREWSBURY AND TELFORD HOSPITAL NHS TRUST,101,Urology Service,2027-05-01,728.3119506835938,8.0,12,0,0.0,728.31195,12.0,0.0,0.0
RJ2,LEWISHAM AND GREENWICH NHS TRUST,502,Gynaecology Service,2027-05-01,728.2987670898438,7.0,12,0,0.0,728.29877,12.0,0.0,0.0
RWF,MAIDSTONE AND TUNBRIDGE WELLS NHS TRUST,101,Urology Service,2027-05-01,724.9007568359375,8.0,12,0,0.0,724.90076,12.0,0.0,0.0
RJE,UNIVERSITY HOSPITALS OF NORTH MIDLANDS NHS TRUST,101,Urology Service,2027-05-01,724.47998046875,8.0,12,0,0.0,724.47998,12.0,0.0,0.0
RWA,HULL UNIVERSITY TEACHING HOSPITALS NHS TRUST,150,Neurosurgical Service,2027-05-01,721.2344360351562,8.0,12,0,0.0,721.23444,12.0,0.0,0.0
R1H,BARTS HEALTH NHS TRUST,160,Plastic Surgery Service,2027-05-01,719.1961059570312,8.0,12,0,0.0,719.19611,12.0,0.0,0.0
RD8,MILTON KEYNES UNIVERSITY HOSPITAL NHS FOUNDATION TRUST,101,Urology Service,2027-05-01,718.61767578125,8.0,12,0,0.0,718.61768,12.0,0.0,0.0
RP5,DONCASTER AND BASSETLAW TEACHING HOSPITALS NHS FOUNDATION TRUST,120,Ear Nose and Throat Service,2027-05-01,714.1328125,8.0,12,0,0.0,714.13281,12.0,0.0,0.0
NTP11,PRACTICE PLUS GROUP HOSPITAL - SOUTHAMPTON,110,Trauma and Orthopaedic Service,2027-05-01,713.5792236328125,6.0,12,0,0.0,713.57922,12.0,0.0,0.0
RDE,EAST SUFFOLK AND NORTH ESSEX NHS FOUNDATION TRUST,101,Urology Service,2027-05-01,712.5216674804688,8.0,12,0,0.0,712.52167,12.0,0.0,0.0
RCF,AIREDALE NHS FOUNDATION TRUST,100,General Surgery Service,2027-05-01,710.1785888671875,8.0,12,0,0.0,710.17859,12.0,0.0,0.0
RGT,CAMBRIDGE UNIVERSITY HOSPITALS NHS FOUNDATION TRUST,160,Plastic Surgery Service,2027-05-01,705.95361328125,8.0,12,0,0.0,705.95361,12.0,0.0,0.0
RJ7,ST GEORGE'S UNIVERSITY HOSPITALS NHS FOUNDATION TRUST,101,Urology Service,2027-05-01,705.3983154296875,8.0,12,0,0.0,705.39832,12.0,0.0,0.0
RNS,NORTHAMPTON GENERAL HOSPITAL NHS TRUST,140,Oral Surgery Service,2027-05-01,697.781982421875,8.0,12,0,0.0,697.78198,12.0,0.0,0.0
R1K,LONDON NORTH WEST UNIVERSITY HEALTHCARE NHS TRUST,140,Oral Surgery Service,2027-05-01,697.3369750976562,8.0,12,0,0.0,697.33698,12.0,0.0,0.0
RXN,LANCASHIRE TEACHING HOSPITALS NHS FOUNDATION TRUST,101,Urology Service,2027-05-01,693.6134033203125,8.0,12,0,0.0,693.6134,12.0,0.0,0.0
RN3,GREAT WESTERN HOSPITALS NHS FOUNDATION TRUST,120,Ear Nose and Throat Service,2027-05-01,691.26806640625,8.0,12,0,0.0,691.26807,12.0,0.0,0.0
RGT,CAMBRIDGE UNIVERSITY HOSPITALS NHS FOUNDATION TRUST,101,Urology Service,2027-05-01,690.3272705078125,8.0,12,0,0.0,690.32727,12.0,0.0,0.0
RBL,WIRRAL UNIVERSITY TEACHING HOSPITAL NHS FOUNDATION TRUST,502,Gynaecology Service,2027-05-01,687.4563598632812,7.0,12,0,0.0,687.45636,12.0,0.0,0.0
RP5,DONCASTER AND BASSETLAW TEACHING HOSPITALS NHS FOUNDATION TRUST,502,Gynaecology Service,2027-05-01,687.429443359375,7.0,12,0,0.0,687.42944,12.0,0.0,0.0
REF,ROYAL CORNWALL HOSPITALS NHS TRUST,502,Gynaecology Service,2027-05-01,686.9657592773438,7.0,12,0,0.0,686.96576,12.0,0.0,0.0
RCB,YORK AND SCARBOROUGH TEACHING HOSPITALS NHS FOUNDATION TRUST,140,Oral Surgery Service,2027-05-01,684.5219116210938,8.0,12,0,0.0,684.52191,12.0,0.0,0.0
RM1,NORFOLK AND NORWICH UNIVERSITY HOSPITALS NHS FOUNDATION TRUST,140,Oral Surgery Service,2027-05-01,680.1248168945312,8.0,12,0,0.0,680.12482,12.0,0.0,0.0
RD1,ROYAL UNITED HOSPITALS BATH NHS FOUNDATION TRUST,100,General Surgery Service,2027-05-01,678.9789428710938,8.0,12,0,0.0,678.97894,12.0,0.0,0.0
RM3,NORTHERN CARE ALLIANCE NHS FOUNDATION TRUST,160,Plastic Surgery Service,2027-05-01,678.5880126953125,8.0,12,0,0.0,678.58801,12.0,0.0,0.0
RVR,EPSOM AND ST HELIER UNIVERSITY HOSPITALS NHS TRUST,502,Gynaecology Service,2027-05-01,674.6244506835938,7.0,12,0,0.0,674.62445,12.0,0.0,0.0
RK9,UNIVERSITY HOSPITALS PLYMOUTH NHS TRUST,101,Urology Service,2027-05-01,672.0308837890625,8.0,12,0,0.0,672.03088,12.0,0.0,0.0
RMP,TAMESIDE AND GLOSSOP INTEGRATED CARE NHS FOUNDATION TRUST,100,General Surgery Service,2027-05-01,671.656494140625,8.0,12,0,0.0,671.65649,12.0,0.0,0.0
RTE,GLOUCESTERSHIRE HOSPITALS NHS FOUNDATION TRUST,502,Gynaecology Service,2027-05-01,669.009765625,7.0,12,0,0.0,669.00977,12.0,0.0,0.0
NN8,SPENCER PRIVATE HOSPITALS LTD,110,Trauma and Orthopaedic Service,2027-05-01,668.6424560546875,6.0,12,0,0.0,668.64246,12.0,0.0,0.0
RXC,EAST SUSSEX HEALTHCARE NHS TRUST,502,Gynaecology Service,2027-05-01,664.2225341796875,7.0,12,0,0.0,664.22253,12.0,0.0,0.0
RGN,NORTH WEST ANGLIA NHS FOUNDATION TRUST,502,Gynaecology Service,2027-05-01,663.041015625,7.0,12,0,0.0,663.04102,12.0,0.0,0.0
NVC09,NEW HALL HOSPITAL,110,Trauma and Orthopaedic Service,2027-05-01,657.6544799804688,6.0,12,0,0.0,657.65448,12.0,0.0,0.0
RA7,UNIVERSITY HOSPITALS BRISTOL AND WESTON NHS FOUNDATION TRUST,502,Gynaecology Service,2027-05-01,657.2064819335938,7.0,12,0,0.0,657.20648,12.0,0.0,0.0
RXF,MID YORKSHIRE TEACHING NHS TRUST,502,Gynaecology Service,2027-05-01,652.3290405273438,7.0,12,0,0.0,652.32904,12.0,0.0,0.0
NTP15,PRACTICE PLUS GROUP HOSPITAL - ILFORD,110,Trauma and Orthopaedic Service,2027-05-01,650.578125,6.0,12,0,0.0,650.57813,12.0,0.0,0.0
RJ7,ST GEORGE'S UNIVERSITY HOSPITALS NHS FOUNDATION TRUST,110,Trauma and Orthopaedic Service,2027-05-01,648.7261962890625,6.0,12,0,0.0,648.7262,12.0,0.0,0.0
RJ7,ST GEORGE'S UNIVERSITY HOSPITALS NHS FOUNDATION TRUST,502,Gynaecology Service,2027-05-01,646.37744140625,7.0,12,0,0.0,646.37744,12.0,0.0,0.0
RTR,SOUTH TEES HOSPITALS NHS FOUNDATION TRUST,101,Urology Service,2027-05-01,646.007080078125,8.0,12,0,0.0,646.00708,12.0,0.0,0.0
RBK,WALSALL HEALTHCARE NHS TRUST,502,Gynaecology Service,2027-05-01,643.8234252929688,7.0,12,0,0.0,643.82343,12.0,0.0,0.0
RXW,THE SHREWSBURY AND TELFORD HOSPITAL NHS TRUST,120,Ear Nose and Throat Service,2027-05-01,642.4068603515625,8.0,12,0,0.0,642.40686,12.0,0.0,0.0
RGN,NORTH WEST ANGLIA NHS FOUNDATION TRUST,101,Urology Service,2027-05-01,641.8610229492188,8.0,12,0,0.0,641.86102,12.0,0.0,0.0
RHU,PORTSMOUTH HOSPITALS UNIVERSITY NHS TRUST,101,Urology Service,2027-05-01,641.01123046875,8.0,12,0,0.0,641.01123,12.0,0.0,0.0
RJE,UNIVERSITY HOSPITALS OF NORTH MIDLANDS NHS TRUST,160,Plastic Surgery Service,2027-05-01,640.9754028320312,8.0,12,0,0.0,640.9754,12.0,0.0,0.0
RN5,HAMPSHIRE HOSPITALS NHS FOUNDATION TRUST,101,Urology Service,2027-05-01,637.7902221679688,8.0,12,0,0.0,637.79022,12.0,0.0,0.0
RTD,THE NEWCASTLE UPON TYNE HOSPITALS NHS FOUNDATION TRUST,502,Gynaecology Service,2027-05-01,632.81396484375,7.0,12,0,0.0,632.81396,12.0,0.0,0.0
RMP,TAMESIDE AND GLOSSOP INTEGRATED CARE NHS FOUNDATION TRUST,502,Gynaecology Service,2027-05-01,631.9749755859375,7.0,12,0,0.0,631.97498,12.0,0.0,0.0
RRV,UNIVERSITY COLLEGE LONDON HOSPITALS NHS FOUNDATION TRUST,150,Neurosurgical Service,2027-05-01,630.2017822265625,8.0,12,0,0.0,630.20178,12.0,0.0,0.0
R0B,SOUTH TYNESIDE AND SUNDERLAND NHS FOUNDATION TRUST,502,Gynaecology Service,2027-05-01,629.2886962890625,7.0,12,0,0.0,629.2887,12.0,0.0,0.0
RWD,UNITED LINCOLNSHIRE TEACHING HOSPITALS NHS TRUST,502,Gynaecology Service,2027-05-01,628.7281494140625,7.0,12,0,0.0,628.72815,12.0,0.0,0.0
NTPH2,PRACTICE PLUS GROUP HOSPITAL - EMERSONS GREEN,140,Oral Surgery Service,2027-05-01,628.061279296875,8.0,12,0,0.0,628.06128,12.0,0.0,0.0
RFS,CHESTERFIELD ROYAL HOSPITAL NHS FOUNDATION TRUST,502,Gynaecology Service,2027-05-01,625.8182983398438,7.0,12,0,0.0,625.8183,12.0,0.0,0.0
RA2,ROYAL SURREY NHS FOUNDATION TRUST,140,Oral Surgery Service,2027-05-01,622.7180786132812,8.0,12,0,0.0,622.71808,12.0,0.0,0.0
RWD,UNITED LINCOLNSHIRE TEACHING HOSPITALS NHS TRUST,101,Urology Service,2027-05-01,621.8173217773438,8.0,12,0,0.0,621.81732,12.0,0.0,0.0
RWH,EAST AND NORTH HERTFORDSHIRE TEACHING NHS TRUST,101,Urology Service,2027-05-01,620.530029296875,8.0,12,0,0.0,620.53003,12.0,0.0,0.0
RTG,UNIVERSITY HOSPITALS OF DERBY AND BURTON NHS FOUNDATION TRUST,140,Oral Surgery Service,2027-05-01,620.1048583984375,8.0,12,0,0.0,620.10486,12.0,0.0,0.0
RGT,CAMBRIDGE UNIVERSITY HOSPITALS NHS FOUNDATION TRUST,502,Gynaecology Service,2027-05-01,619.3113403320312,7.0,12,0,0.0,619.31134,12.0,0.0,0.0
RXQ,BUCKINGHAMSHIRE HEALTHCARE NHS TRUST,120,Ear Nose and Throat Service,2027-05-01,617.6185302734375,8.0,12,0,0.0,617.61853,12.0,0.0,0.0
RDE,EAST SUFFOLK AND NORTH ESSEX NHS FOUNDATION TRUST,140,Oral Surgery Service,2027-05-01,615.3087158203125,8.0,12,0,0.0,615.30872,12.0,0.0,0.0
NVC40,WOODTHORPE HOSPITAL,110,Trauma and Orthopaedic Service,2027-05-01,613.5775756835938,6.0,12,0,0.0,613.57758,12.0,0.0,0.0
RYJ,IMPERIAL COLLEGE HEALTHCARE NHS TRUST,110,Trauma and Orthopaedic Service,2027-05-01,606.7451782226562,6.0,12,0,0.0,606.74518,12.0,0.0,0.0
RN5,HAMPSHIRE HOSPITALS NHS FOUNDATION TRUST,502,Gynaecology Service,2027-05-01,603.6214599609375,7.0,12,0,0.0,603.62146,12.0,0.0,0.0
RPA,MEDWAY NHS FOUNDATION TRUST,502,Gynaecology Service,2027-05-01,601.720458984375,7.0,12,0,0.0,601.72046,12.0,0.0,0.0
RN3,GREAT WESTERN HOSPITALS NHS FOUNDATION TRUST,101,Urology Service,2027-05-01,600.8324584960938,8.0,12,0,0.0,600.83246,12.0,0.0,0.0
RKB,UNIVERSITY HOSPITALS COVENTRY AND WARWICKSHIRE NHS TRUST,150,Neurosurgical Service,2027-05-01,599.0807495117188,8.0,12,0,0.0,599.08075,12.0,0.0,0.0
RJL,NORTHERN LINCOLNSHIRE AND GOOLE NHS FOUNDATION TRUST,101,Urology Service,2027-05-01,593.7653198242188,8.0,12,0,0.0,593.76532,12.0,0.0,0.0
RD1,ROYAL UNITED HOSPITALS BATH NHS FOUNDATION TRUST,120,Ear Nose and Throat Service,2027-05-01,592.1515502929688,8.0,12,0,0.0,592.15155,12.0,0.0,0.0
RWJ,STOCKPORT NHS FOUNDATION TRUST,120,Ear Nose and Throat Service,2027-05-01,591.1209106445312,8.0,12,0,0.0,591.12091,12.0,0.0,0.0
RNQ,KETTERING GENERAL HOSPITAL NHS FOUNDATION TRUST,100,General Surgery Service,2027-05-01,584.3662109375,8.0,12,0,0.0,584.36621,12.0,0.0,0.0
RBD,DORSET COUNTY HOSPITAL NHS FOUNDATION TRUST,502,Gynaecology Service,2027-05-01,581.4188842773438,7.0,12,0,0.0,581.41888,12.0,0.0,0.0
RD8,MILTON KEYNES UNIVERSITY HOSPITAL NHS FOUNDATION TRUST,100,General Surgery Service,2027-05-01,575.8028564453125,8.0,12,0,0.0,575.80286,12.0,0.0,0.0
RGR,WEST SUFFOLK NHS FOUNDATION TRUST,160,Plastic Surgery Service,2027-05-01,571.4956665039062,8.0,12,0,0.0,571.49567,12.0,0.0,0.0
RJN,EAST CHESHIRE NHS TRUST,110,Trauma and Orthopaedic Service,2027-05-01,568.90380859375,6.0,12,0,0.0,568.90381,12.0,0.0,0.0
RRV,UNIVERSITY COLLEGE LONDON HOSPITALS NHS FOUNDATION TRUST,502,Gynaecology Service,2027-05-01,567.3810424804688,7.0,12,0,0.0,567.38104,12.0,0.0,0.0
RWY,CALDERDALE AND HUDDERSFIELD NHS FOUNDATION TRUST,502,Gynaecology Service,2027-05-01,566.8165283203125,7.0,12,0,0.0,566.81653,12.0,0.0,0.0
RGT,CAMBRIDGE UNIVERSITY HOSPITALS NHS FOUNDATION TRUST,150,Neurosurgical Service,2027-05-01,565.423828125,8.0,12,0,0.0,565.42383,12.0,0.0,0.0
RD1,ROYAL UNITED HOSPITALS BATH NHS FOUNDATION TRUST,502,Gynaecology Service,2027-05-01,565.41650390625,7.0,12,0,0.0,565.4165,12.0,0.0,0.0
NVC06,FITZWILLIAM HOSPITAL,110,Trauma and Orthopaedic Service,2027-05-01,563.3193969726562,6.0,12,0,0.0,563.3194,12.0,0.0,0.0
NT213,"NUFFIELD HEALTH, DERBY HOSPITAL",110,Trauma and Orthopaedic Service,2027-05-01,561.5652465820312,6.0,12,0,0.0,561.56525,12.0,0.0,0.0
RTX,UNIVERSITY HOSPITALS OF MORECAMBE BAY NHS FOUNDATION TRUST,100,General Surgery Service,2027-05-01,558.4090576171875,8.0,12,0,0.0,558.40906,12.0,0.0,0.0
RA7,UNIVERSITY HOSPITALS BRISTOL AND WESTON NHS FOUNDATION TRUST,140,Oral Surgery Service,2027-05-01,556.5701904296875,8.0,12,0,0.0,556.57019,12.0,0.0,0.0
RVV,EAST KENT HOSPITALS UNIVERSITY NHS FOUNDATION TRUST,502,Gynaecology Service,2027-05-01,556.0713500976562,7.0,12,0,0.0,556.07135,12.0,0.0,0.0
RWY,CALDERDALE AND HUDDERSFIELD NHS FOUNDATION TRUST,101,Urology Service,2027-05-01,553.9048461914062,8.0,12,0,0.0,553.90485,12.0,0.0,0.0
RF4,"BARKING, HAVERING AND REDBRIDGE UNIVERSITY HOSPITALS NHS TRUST",502,Gynaecology Service,2027-05-01,553.634765625,7.0,12,0,0.0,553.63477,12.0,0.0,0.0
RA2,ROYAL SURREY NHS FOUNDATION TRUST,120,Ear Nose and Throat Service,2027-05-01,553.3214111328125,8.0,12,0,0.0,553.32141,12.0,0.0,0.0
RTF,NORTHUMBRIA HEALTHCARE NHS FOUNDATION TRUST,502,Gynaecology Service,2027-05-01,551.0324096679688,7.0,12,0,0.0,551.03241,12.0,0.0,0.0
RCX,"THE QUEEN ELIZABETH HOSPITAL, KING'S LYNN, NHS FOUNDATION TRUST",120,Ear Nose and Throat Service,2027-05-01,547.2825927734375,8.0,12,0,0.0,547.28259,12.0,0.0,0.0
RM1,NORFOLK AND NORWICH UNIVERSITY HOSPITALS NHS FOUNDATION TRUST,160,Plastic Surgery Service,2027-05-01,543.2822875976562,8.0,12,0,0.0,543.28229,12.0,0.0,0.0
RNQ,KETTERING GENERAL HOSPITAL NHS FOUNDATION TRUST,140,Oral Surgery Service,2027-05-01,543.1891479492188,8.0,12,0,0.0,543.18915,12.0,0.0,0.0
NTPH2,PRACTICE PLUS GROUP HOSPITAL - EMERSONS GREEN,110,Trauma and Orthopaedic Service,2027-05-01,540.1182250976562,6.0,12,0,0.0,540.11823,12.0,0.0,0.0
RLT,GEORGE ELIOT HOSPITAL NHS TRUST,110,Trauma and Orthopaedic Service,2027-05-01,539.3787231445312,6.0,12,0,0.0,539.37872,12.0,0.0,0.0
NT245,"NUFFIELD HEALTH, YORK HOSPITAL",110,Trauma and Orthopaedic Service,2027-05-01,537.2652587890625,6.0,12,0,0.0,537.26526,12.0,0.0,0.0
RWG,WEST HERTFORDSHIRE TEACHING HOSPITALS NHS TRUST,502,Gynaecology Service,2027-05-01,536.1171875,7.0,12,0,0.0,536.11719,12.0,0.0,0.0
RNZ,SALISBURY NHS FOUNDATION TRUST,502,Gynaecology Service,2027-05-01,533.205322265625,7.0,12,0,0.0,533.20532,12.0,0.0,0.0
RN3,GREAT WESTERN HOSPITALS NHS FOUNDATION TRUST,502,Gynaecology Service,2027-05-01,532.8402099609375,7.0,12,0,0.0,532.84021,12.0,0.0,0.0
RX1,NOTTINGHAM UNIVERSITY HOSPITALS NHS TRUST,101,Urology Service,2027-05-01,532.7709350585938,8.0,12,0,0.0,532.77094,12.0,0.0,0.0
RHM,UNIVERSITY HOSPITAL SOUTHAMPTON NHS FOUNDATION TRUST,140,Oral Surgery Service,2027-05-01,527.6674194335938,8.0,12,0,0.0,527.66742,12.0,0.0,0.0
RXK,SANDWELL AND WEST BIRMINGHAM HOSPITALS NHS TRUST,502,Gynaecology Service,2027-05-01,518.1629028320312,7.0,12,0,0.0,518.1629,12.0,0.0,0.0
RNZ,SALISBURY NHS FOUNDATION TRUST,101,Urology Service,2027-05-01,513.2858276367188,8.0,12,0,0.0,513.28583,12.0,0.0,0.0
RBT,MID CHESHIRE HOSPITALS NHS FOUNDATION TRUST,502,Gynaecology Service,2027-05-01,505.9774475097656,7.0,12,0,0.0,505.97745,12.0,0.0,0.0
NT302,SPIRE BRISTOL HOSPITAL,110,Trauma and Orthopaedic Service,2027-05-01,505.61859130859375,6.0,12,0,0.0,505.61859,12.0,0.0,0.0
NTX,THE ONE HEALTH GROUP PLC,110,Trauma and Orthopaedic Service,2027-05-01,503.9879150390625,6.0,12,0,0.0,503.98792,12.0,0.0,0.0
RKB,UNIVERSITY HOSPITALS COVENTRY AND WARWICKSHIRE NHS TRUST,502,Gynaecology Service,2027-05-01,500.1557922363281,7.0,12,0,0.0,500.15579,12.0,0.0,0.0
RRF,"WRIGHTINGTON, WIGAN AND LEIGH TEACHING HOSPITALS NHS FOUNDATION TRUST",502,Gynaecology Service,2027-05-01,496.7005615234375,7.0,12,0,0.0,496.70056,12.0,0.0,0.0
RWG,WEST HERTFORDSHIRE TEACHING HOSPITALS NHS TRUST,101,Urology Service,2027-05-01,495.0030517578125,8.0,12,0,0.0,495.00305,12.0,0.0,0.0
RBD,DORSET COUNTY HOSPITAL NHS FOUNDATION TRUST,120,Ear Nose and Throat Service,2027-05-01,493.31414794921875,8.0,12,0,0.0,493.31415,12.0,0.0,0.0
RBL,WIRRAL UNIVERSITY TEACHING HOSPITAL NHS FOUNDATION TRUST,140,Oral Surgery Service,2027-05-01,489.4089050292969,8.0,12,0,0.0,489.40891,12.0,0.0,0.0
RGT,CAMBRIDGE UNIVERSITY HOSPITALS NHS FOUNDATION TRUST,140,Oral Surgery Service,2027-05-01,486.6054382324219,8.0,12,0,0.0,486.60544,12.0,0.0,0.0
RBQ,LIVERPOOL HEART AND CHEST HOSPITAL NHS FOUNDATION TRUST,170,Cardiothoracic Surgery Service,2027-05-01,486.32904052734375,8.0,12,0,0.0,486.32904,12.0,0.0,0.0
RJ6,CROYDON HEALTH SERVICES NHS TRUST,140,Oral Surgery Service,2027-05-01,485.82135009765625,8.0,12,0,0.0,485.82135,12.0,0.0,0.0
RWH,EAST AND NORTH HERTFORDSHIRE TEACHING NHS TRUST,100,General Surgery Service,2027-05-01,485.3252868652344,8.0,12,0,0.0,485.32529,12.0,0.0,0.0
ADP02,KIMS HOSPITAL (NEWNHAM COURT),110,Trauma and Orthopaedic Service,2027-05-01,484.7259826660156,6.0,12,0,0.0,484.72598,12.0,0.0,0.0
NT237,"NUFFIELD HEALTH, TEES HOSPITAL",110,Trauma and Orthopaedic Service,2027-05-01,482.26971435546875,6.0,12,0,0.0,482.26971,12.0,0.0,0.0
RAS,THE HILLINGDON HOSPITALS NHS FOUNDATION TRUST,100,General Surgery Service,2027-05-01,481.2501525878906,8.0,12,0,0.0,481.25015,12.0,0.0,0.0
NVC25,THE CHERWELL HOSPITAL,110,Trauma and Orthopaedic Service,2027-05-01,477.2648010253906,6.0,12,0,0.0,477.2648,12.0,0.0,0.0
RR8,LEEDS TEACHING HOSPITALS NHS TRUST,502,Gynaecology Service,2027-05-01,474.6629638671875,7.0,12,0,0.0,474.66296,12.0,0.0,0.0
RCD,HARROGATE AND DISTRICT NHS FOUNDATION TRUST,100,General Surgery Service,2027-05-01,473.8048095703125,8.0,12,0,0.0,473.80481,12.0,0.0,0.0
B3M1X,CLAREMONT PRIVATE HOSPITAL,110,Trauma and Orthopaedic Service,2027-05-01,472.34063720703125,6.0,12,0,0.0,472.34064,12.0,0.0,0.0
RWH,EAST AND NORTH HERTFORDSHIRE TEACHING NHS TRUST,502,Gynaecology Service,2027-05-01,471.350830078125,7.0,12,0,0.0,471.35083,12.0,0.0,0.0
RXN,LANCASHIRE TEACHING HOSPITALS NHS FOUNDATION TRUST,502,Gynaecology Service,2027-05-01,470.4120788574219,7.0,12,0,0.0,470.41208,12.0,0.0,0.0
NT403,BEARDWOOD HOSPITAL,110,Trauma and Orthopaedic Service,2027-05-01,469.7415771484375,6.0,12,0,0.0,469.74158,12.0,0.0,0.0
RCX,"THE QUEEN ELIZABETH HOSPITAL, KING'S LYNN, NHS FOUNDATION TRUST",100,General Surgery Service,2027-05-01,469.1881408691406,8.0,12,0,0.0,469.18814,12.0,0.0,0.0
RJ7,ST GEORGE'S UNIVERSITY HOSPITALS NHS FOUNDATION TRUST,100,General Surgery Service,2027-05-01,468.66961669921875,8.0,12,0,0.0,468.66962,12.0,0.0,0.0
RYJ,IMPERIAL COLLEGE HEALTHCARE NHS TRUST,160,Plastic Surgery Service,2027-05-01,468.04742431640625,8.0,12,0,0.0,468.04742,12.0,0.0,0.0
RA2,ROYAL SURREY NHS FOUNDATION TRUST,502,Gynaecology Service,2027-05-01,464.97418212890625,7.0,12,0,0.0,464.97418,12.0,0.0,0.0
RXL,BLACKPOOL TEACHING HOSPITALS NHS FOUNDATION TRUST,101,Urology Service,2027-05-01,464.8453369140625,8.0,12,0,0.0,464.84534,12.0,0.0,0.0
RXR,EAST LANCASHIRE HOSPITALS NHS TRUST,101,Urology Service,2027-05-01,463.9456787109375,8.0,12,0,0.0,463.94568,12.0,0.0,0.0
RHW,ROYAL BERKSHIRE NHS FOUNDATION TRUST,100,General Surgery Service,2027-05-01,463.3704833984375,8.0,12,0,0.0,463.37048,12.0,0.0,0.0
RGP,JAMES PAGET UNIVERSITY HOSPITALS NHS FOUNDATION TRUST,502,Gynaecology Service,2027-05-01,461.7685546875,7.0,12,0,0.0,461.76855,12.0,0.0,0.0
RJ7,ST GEORGE'S UNIVERSITY HOSPITALS NHS FOUNDATION TRUST,140,Oral Surgery Service,2027-05-01,461.7407531738281,8.0,12,0,0.0,461.74075,12.0,0.0,0.0
RWA,HULL UNIVERSITY TEACHING HOSPITALS NHS TRUST,140,Oral Surgery Service,2027-05-01,461.39666748046875,8.0,12,0,0.0,461.39667,12.0,0.0,0.0
RGT,CAMBRIDGE UNIVERSITY HOSPITALS NHS FOUNDATION TRUST,100,General Surgery Service,2027-05-01,461.19671630859375,8.0,12,0,0.0,461.19672,12.0,0.0,0.0
NT333,SPIRE WASHINGTON HOSPITAL,110,Trauma and Orthopaedic Service,2027-05-01,460.6357421875,6.0,12,0,0.0,460.63574,12.0,0.0,0.0
NVC07,FULWOOD HALL HOSPITAL,110,Trauma and Orthopaedic Service,2027-05-01,457.83721923828125,6.0,12,0,0.0,457.83722,12.0,0.0,0.0
REF,ROYAL CORNWALL HOSPITALS NHS TRUST,100,General Surgery Service,2027-05-01,455.6431884765625,8.0,12,0,0.0,455.64319,12.0,0.0,0.0
RFS,CHESTERFIELD ROYAL HOSPITAL NHS FOUNDATION TRUST,120,Ear Nose and Throat Service,2027-05-01,453.0126037597656,8.0,12,0,0.0,453.0126,12.0,0.0,0.0
RJR,COUNTESS OF CHESTER HOSPITAL NHS FOUNDATION TRUST,120,Ear Nose and Throat Service,2027-05-01,452.8255920410156,8.0,12,0,0.0,452.82559,12.0,0.0,0.0
RL4,THE ROYAL WOLVERHAMPTON NHS TRUST,140,Oral Surgery Service,2027-05-01,452.38262939453125,8.0,12,0,0.0,452.38263,12.0,0.0,0.0
RMP,TAMESIDE AND GLOSSOP INTEGRATED CARE NHS FOUNDATION TRUST,140,Oral Surgery Service,2027-05-01,447.9776916503906,8.0,12,0,0.0,447.97769,12.0,0.0,0.0
NT441,THREE SHIRES HOSPITAL,110,Trauma and Orthopaedic Service,2027-05-01,447.97467041015625,6.0,12,0,0.0,447.97467,12.0,0.0,0.0
RFF,BARNSLEY HOSPITAL NHS FOUNDATION TRUST,101,Urology Service,2027-05-01,446.8064270019531,8.0,12,0,0.0,446.80643,12.0,0.0,0.0
RNS,NORTHAMPTON GENERAL HOSPITAL NHS TRUST,502,Gynaecology Service,2027-05-01,443.9754638671875,7.0,12,0,0.0,443.97546,12.0,0.0,0.0
NT347,SPIRE FYLDE COAST HOSPITAL,110,Trauma and Orthopaedic Service,2027-05-01,443.6780700683594,6.0,12,0,0.0,443.67807,12.0,0.0,0.0
NXM01,THE HORDER CENTRE - ST JOHNS ROAD,110,Trauma and Orthopaedic Service,2027-05-01,437.6097412109375,6.0,12,0,0.0,437.60974,12.0,0.0,0.0
RJ7,ST GEORGE'S UNIVERSITY HOSPITALS NHS FOUNDATION TRUST,150,Neurosurgical Service,2027-05-01,436.5189514160156,8.0,12,0,0.0,436.51895,12.0,0.0,0.0
RTX,UNIVERSITY HOSPITALS OF MORECAMBE BAY NHS FOUNDATION TRUST,120,Ear Nose and Throat Service,2027-05-01,436.322265625,8.0,12,0,0.0,436.32227,12.0,0.0,0.0
RR8,LEEDS TEACHING HOSPITALS NHS TRUST,140,Oral Surgery Service,2027-05-01,432.2088317871094,8.0,12,0,0.0,432.20883,12.0,0.0,0.0
RLQ,WYE VALLEY NHS TRUST,502,Gynaecology Service,2027-05-01,431.79754638671875,7.0,12,0,0.0,431.79755,12.0,0.0,0.0
RWW,NORTH CHESHIRE AND MERSEY NHS FOUNDATION TRUST,502,Gynaecology Service,2027-05-01,431.3396301269531,7.0,12,0,0.0,431.33963,12.0,0.0,0.0
RWW,NORTH CHESHIRE AND MERSEY NHS FOUNDATION TRUST,120,Ear Nose and Throat Service,2027-05-01,430.4466857910156,8.0,12,0,0.0,430.44669,12.0,0.0,0.0
NVC16,RENACRES HOSPITAL,110,Trauma and Orthopaedic Service,2027-05-01,428.7701416015625,6.0,12,0,0.0,428.77014,12.0,0.0,0.0
NT230,"NUFFIELD HEALTH, NORTH STAFFORDSHIRE HOSPITAL",110,Trauma and Orthopaedic Service,2027-05-01,428.1445617675781,6.0,12,0,0.0,428.14456,12.0,0.0,0.0
NVC23,WOODLAND HOSPITAL,110,Trauma and Orthopaedic Service,2027-05-01,427.50982666015625,6.0,12,0,0.0,427.50983,12.0,0.0,0.0
RPA,MEDWAY NHS FOUNDATION TRUST,101,Urology Service,2027-05-01,426.1352844238281,8.0,12,0,0.0,426.13528,12.0,0.0,0.0
RNQ,KETTERING GENERAL HOSPITAL NHS FOUNDATION TRUST,120,Ear Nose and Throat Service,2027-05-01,423.4629211425781,8.0,12,0,0.0,423.46292,12.0,0.0,0.0
RJ6,CROYDON HEALTH SERVICES NHS TRUST,502,Gynaecology Service,2027-05-01,416.9952392578125,7.0,12,0,0.0,416.99524,12.0,0.0,0.0
NT351,SPIRE HULL AND EAST RIDING HOSPITAL,110,Trauma and Orthopaedic Service,2027-05-01,416.8798522949219,6.0,12,0,0.0,416.87985,12.0,0.0,0.0
RAE,BRADFORD TEACHING HOSPITALS NHS FOUNDATION TRUST,160,Plastic Surgery Service,2027-05-01,415.7861328125,8.0,12,0,0.0,415.78613,12.0,0.0,0.0
RTX,UNIVERSITY HOSPITALS OF MORECAMBE BAY NHS FOUNDATION TRUST,101,Urology Service,2027-05-01,415.61126708984375,8.0,12,0,0.0,415.61127,12.0,0.0,0.0
RTK,ASHFORD AND ST PETER'S HOSPITALS NHS FOUNDATION TRUST,140,Oral Surgery Service,2027-05-01,415.20660400390625,8.0,12,0,0.0,415.2066,12.0,0.0,0.0
RXK,SANDWELL AND WEST BIRMINGHAM HOSPITALS NHS TRUST,120,Ear Nose and Throat Service,2027-05-01,414.54132080078125,8.0,12,0,0.0,414.54132,12.0,0.0,0.0
RXK,SANDWELL AND WEST BIRMINGHAM HOSPITALS NHS TRUST,140,Oral Surgery Service,2027-05-01,414.0638427734375,8.0,12,0,0.0,414.06384,12.0,0.0,0.0
RR7,GATESHEAD HEALTH NHS FOUNDATION TRUST,502,Gynaecology Service,2027-05-01,413.20281982421875,7.0,12,0,0.0,413.20282,12.0,0.0,0.0
RJR,COUNTESS OF CHESTER HOSPITAL NHS FOUNDATION TRUST,502,Gynaecology Service,2027-05-01,411.7125549316406,7.0,12,0,0.0,411.71255,12.0,0.0,0.0
RK5,SHERWOOD FOREST HOSPITALS NHS FOUNDATION TRUST,101,Urology Service,2027-05-01,410.5185241699219,8.0,12,0,0.0,410.51852,12.0,0.0,0.0
NVC12,OAKLANDS HOSPITAL,110,Trauma and Orthopaedic Service,2027-05-01,409.4105529785156,6.0,12,0,0.0,409.41055,12.0,0.0,0.0
RMC,BOLTON NHS FOUNDATION TRUST,502,Gynaecology Service,2027-05-01,408.4847717285156,7.0,12,0,0.0,408.48477,12.0,0.0,0.0
RJ2,LEWISHAM AND GREENWICH NHS TRUST,101,Urology Service,2027-05-01,407.6717529296875,8.0,12,0,0.0,407.67175,12.0,0.0,0.0
RJC,SOUTH WARWICKSHIRE UNIVERSITY NHS FOUNDATION TRUST,101,Urology Service,2027-05-01,407.5080871582031,8.0,12,0,0.0,407.50809,12.0,0.0,0.0
RGN,NORTH WEST ANGLIA NHS FOUNDATION TRUST,140,Oral Surgery Service,2027-05-01,407.3630065917969,8.0,12,0,0.0,407.36301,12.0,0.0,0.0
NN8,SPENCER PRIVATE HOSPITALS LTD,502,Gynaecology Service,2027-05-01,405.3996887207031,7.0,12,0,0.0,405.39969,12.0,0.0,0.0
RCX,"THE QUEEN ELIZABETH HOSPITAL, KING'S LYNN, NHS FOUNDATION TRUST",502,Gynaecology Service,2027-05-01,405.0355224609375,7.0,12,0,0.0,405.03552,12.0,0.0,0.0
RTK,ASHFORD AND ST PETER'S HOSPITALS NHS FOUNDATION TRUST,502,Gynaecology Service,2027-05-01,403.078369140625,7.0,12,0,0.0,403.07837,12.0,0.0,0.0
RAE,BRADFORD TEACHING HOSPITALS NHS FOUNDATION TRUST,101,Urology Service,2027-05-01,401.13641357421875,8.0,12,0,0.0,401.13641,12.0,0.0,0.0
RD1,ROYAL UNITED HOSPITALS BATH NHS FOUNDATION TRUST,140,Oral Surgery Service,2027-05-01,398.64447021484375,8.0,12,0,0.0,398.64447,12.0,0.0,0.0
RNQ,KETTERING GENERAL HOSPITAL NHS FOUNDATION TRUST,101,Urology Service,2027-05-01,395.69384765625,8.0,12,0,0.0,395.69385,12.0,0.0,0.0
RVJ,NORTH BRISTOL NHS TRUST,150,Neurosurgical Service,2027-05-01,395.0859680175781,8.0,12,0,0.0,395.08597,12.0,0.0,0.0
RBL,WIRRAL UNIVERSITY TEACHING HOSPITAL NHS FOUNDATION TRUST,120,Ear Nose and Throat Service,2027-05-01,394.7720031738281,8.0,12,0,0.0,394.772,12.0,0.0,0.0
NT422,LONDON INDEPENDENT HOSPITAL,110,Trauma and Orthopaedic Service,2027-05-01,393.8743591308594,6.0,12,0,0.0,393.87436,12.0,0.0,0.0
R1F,ISLE OF WIGHT NHS TRUST,100,General Surgery Service,2027-05-01,393.56396484375,8.0,12,0,0.0,393.56396,12.0,0.0,0.0
RCF,AIREDALE NHS FOUNDATION TRUST,502,Gynaecology Service,2027-05-01,388.3553161621094,7.0,12,0,0.0,388.35532,12.0,0.0,0.0
RJ1,GUY'S AND ST THOMAS' NHS FOUNDATION TRUST,100,General Surgery Service,2027-05-01,385.1595764160156,8.0,12,0,0.0,385.15958,12.0,0.0,0.0
RF4,"BARKING, HAVERING AND REDBRIDGE UNIVERSITY HOSPITALS NHS TRUST",101,Urology Service,2027-05-01,385.06695556640625,8.0,12,0,0.0,385.06696,12.0,0.0,0.0
RWJ,STOCKPORT NHS FOUNDATION TRUST,502,Gynaecology Service,2027-05-01,383.173828125,7.0,12,0,0.0,383.17383,12.0,0.0,0.0
RK9,UNIVERSITY HOSPITALS PLYMOUTH NHS TRUST,150,Neurosurgical Service,2027-05-01,382.73077392578125,8.0,12,0,0.0,382.73077,12.0,0.0,0.0
RXL,BLACKPOOL TEACHING HOSPITALS NHS FOUNDATION TRUST,140,Oral Surgery Service,2027-05-01,382.4869384765625,8.0,12,0,0.0,382.48694,12.0,0.0,0.0
REF,ROYAL CORNWALL HOSPITALS NHS TRUST,101,Urology Service,2027-05-01,379.6878967285156,8.0,12,0,0.0,379.6879,12.0,0.0,0.0
RXL,BLACKPOOL TEACHING HOSPITALS NHS FOUNDATION TRUST,100,General Surgery Service,2027-05-01,378.6683654785156,8.0,12,0,0.0,378.66837,12.0,0.0,0.0
RNZ,SALISBURY NHS FOUNDATION TRUST,100,General Surgery Service,2027-05-01,376.2838134765625,8.0,12,0,0.0,376.28381,12.0,0.0,0.0
RDU,FRIMLEY HEALTH NHS FOUNDATION TRUST,140,Oral Surgery Service,2027-05-01,372.78143310546875,8.0,12,0,0.0,372.78143,12.0,0.0,0.0
RNA,THE DUDLEY GROUP NHS FOUNDATION TRUST,140,Oral Surgery Service,2027-05-01,369.0480651855469,8.0,12,0,0.0,369.04807,12.0,0.0,0.0
RJN,EAST CHESHIRE NHS TRUST,100,General Surgery Service,2027-05-01,365.72894287109375,8.0,12,0,0.0,365.72894,12.0,0.0,0.0
RJC,SOUTH WARWICKSHIRE UNIVERSITY NHS FOUNDATION TRUST,502,Gynaecology Service,2027-05-01,365.2895812988281,7.0,12,0,0.0,365.28958,12.0,0.0,0.0
RD1,ROYAL UNITED HOSPITALS BATH NHS FOUNDATION TRUST,101,Urology Service,2027-05-01,364.6362609863281,8.0,12,0,0.0,364.63626,12.0,0.0,0.0
RQW,THE PRINCESS ALEXANDRA HOSPITAL NHS TRUST,100,General Surgery Service,2027-05-01,353.4143371582031,8.0,12,0,0.0,353.41434,12.0,0.0,0.0
RHW,ROYAL BERKSHIRE NHS FOUNDATION TRUST,101,Urology Service,2027-05-01,352.822998046875,8.0,12,0,0.0,352.823,12.0,0.0,0.0
RCX,"THE QUEEN ELIZABETH HOSPITAL, KING'S LYNN, NHS FOUNDATION TRUST",101,Urology Service,2027-05-01,352.6514587402344,8.0,12,0,0.0,352.65146,12.0,0.0,0.0
RAS,THE HILLINGDON HOSPITALS NHS FOUNDATION TRUST,101,Urology Service,2027-05-01,348.5726318359375,8.0,12,0,0.0,348.57263,12.0,0.0,0.0
NVC28,CLIFTON PARK HOSPITAL,110,Trauma and Orthopaedic Service,2027-05-01,346.40692138671875,6.0,12,0,0.0,346.40692,12.0,0.0,0.0
RX1,NOTTINGHAM UNIVERSITY HOSPITALS NHS TRUST,160,Plastic Surgery Service,2027-05-01,346.1625061035156,8.0,12,0,0.0,346.16251,12.0,0.0,0.0
RRK,UNIVERSITY HOSPITALS BIRMINGHAM NHS FOUNDATION TRUST,502,Gynaecology Service,2027-05-01,344.95318603515625,7.0,12,0,0.0,344.95319,12.0,0.0,0.0
RTX,UNIVERSITY HOSPITALS OF MORECAMBE BAY NHS FOUNDATION TRUST,502,Gynaecology Service,2027-05-01,342.8054504394531,7.0,12,0,0.0,342.80545,12.0,0.0,0.0
NVC20,THE YORKSHIRE CLINIC,110,Trauma and Orthopaedic Service,2027-05-01,341.5714111328125,6.0,12,0,0.0,341.57141,12.0,0.0,0.0
RXP,COUNTY DURHAM AND DARLINGTON NHS FOUNDATION TRUST,120,Ear Nose and Throat Service,2027-05-01,334.5700378417969,8.0,12,0,0.0,334.57004,12.0,0.0,0.0
RAE,BRADFORD TEACHING HOSPITALS NHS FOUNDATION TRUST,502,Gynaecology Service,2027-05-01,333.55645751953125,7.0,12,0,0.0,333.55646,12.0,0.0,0.0
RMC,BOLTON NHS FOUNDATION TRUST,140,Oral Surgery Service,2027-05-01,332.9608154296875,8.0,12,0,0.0,332.96082,12.0,0.0,0.0
RXL,BLACKPOOL TEACHING HOSPITALS NHS FOUNDATION TRUST,170,Cardiothoracic Surgery Service,2027-05-01,331.8630676269531,8.0,12,0,0.0,331.86307,12.0,0.0,0.0
NVC17,ROWLEY HALL HOSPITAL,110,Trauma and Orthopaedic Service,2027-05-01,330.81634521484375,6.0,12,0,0.0,330.81635,12.0,0.0,0.0
RBD,DORSET COUNTY HOSPITAL NHS FOUNDATION TRUST,100,General Surgery Service,2027-05-01,328.6788635253906,8.0,12,0,0.0,328.67886,12.0,0.0,0.0
RAX,KINGSTON AND RICHMOND NHS FOUNDATION TRUST,140,Oral Surgery Service,2027-05-01,326.4105529785156,8.0,12,0,0.0,326.41055,12.0,0.0,0.0
NT457,WOODLANDS HOSPITAL,110,Trauma and Orthopaedic Service,2027-05-01,325.7787170410156,6.0,12,0,0.0,325.77872,12.0,0.0,0.0
NVC18,SPRINGFIELD HOSPITAL,110,Trauma and Orthopaedic Service,2027-05-01,319.8746337890625,6.0,12,0,0.0,319.87463,12.0,0.0,0.0
RCF,AIREDALE NHS FOUNDATION TRUST,101,Urology Service,2027-05-01,319.05633544921875,8.0,12,0,0.0,319.05634,12.0,0.0,0.0
RJN,EAST CHESHIRE NHS TRUST,502,Gynaecology Service,2027-05-01,317.7907409667969,7.0,12,0,0.0,317.79074,12.0,0.0,0.0
RMP,TAMESIDE AND GLOSSOP INTEGRATED CARE NHS FOUNDATION TRUST,120,Ear Nose and Throat Service,2027-05-01,317.31365966796875,8.0,12,0,0.0,317.31366,12.0,0.0,0.0
RP5,DONCASTER AND BASSETLAW TEACHING HOSPITALS NHS FOUNDATION TRUST,101,Urology Service,2027-05-01,315.3627014160156,8.0,12,0,0.0,315.3627,12.0,0.0,0.0
RH8,ROYAL DEVON UNIVERSITY HEALTHCARE NHS FOUNDATION TRUST,100,General Surgery Service,2027-05-01,314.0321044921875,8.0,12,0,0.0,314.0321,12.0,0.0,0.0
RMC,BOLTON NHS FOUNDATION TRUST,160,Plastic Surgery Service,2027-05-01,312.0511169433594,8.0,12,0,0.0,312.05112,12.0,0.0,0.0
NVC19,RIVERS HOSPITAL,110,Trauma and Orthopaedic Service,2027-05-01,312.03216552734375,6.0,12,0,0.0,312.03217,12.0,0.0,0.0
RKE,WHITTINGTON HEALTH NHS TRUST,140,Oral Surgery Service,2027-05-01,311.7061767578125,8.0,12,0,0.0,311.70618,12.0,0.0,0.0
RGP,JAMES PAGET UNIVERSITY HOSPITALS NHS FOUNDATION TRUST,101,Urology Service,2027-05-01,311.3662414550781,8.0,12,0,0.0,311.36624,12.0,0.0,0.0
RCD,HARROGATE AND DISTRICT NHS FOUNDATION TRUST,502,Gynaecology Service,2027-05-01,311.36431884765625,7.0,12,0,0.0,311.36432,12.0,0.0,0.0
RKB,UNIVERSITY HOSPITALS COVENTRY AND WARWICKSHIRE NHS TRUST,160,Plastic Surgery Service,2027-05-01,309.8223571777344,8.0,12,0,0.0,309.82236,12.0,0.0,0.0
NVC05,EUXTON HALL HOSPITAL,110,Trauma and Orthopaedic Service,2027-05-01,309.3441467285156,6.0,12,0,0.0,309.34415,12.0,0.0,0.0
NT233,"NUFFIELD HEALTH, PLYMOUTH HOSPITAL",110,Trauma and Orthopaedic Service,2027-05-01,308.57647705078125,6.0,12,0,0.0,308.57648,12.0,0.0,0.0
RBT,MID CHESHIRE HOSPITALS NHS FOUNDATION TRUST,101,Urology Service,2027-05-01,308.55523681640625,8.0,12,0,0.0,308.55524,12.0,0.0,0.0
RJC,SOUTH WARWICKSHIRE UNIVERSITY NHS FOUNDATION TRUST,100,General Surgery Service,2027-05-01,307.9756774902344,8.0,12,0,0.0,307.97568,12.0,0.0,0.0
RPA,MEDWAY NHS FOUNDATION TRUST,100,General Surgery Service,2027-05-01,307.2425537109375,8.0,12,0,0.0,307.24255,12.0,0.0,0.0
RAL,ROYAL FREE LONDON NHS FOUNDATION TRUST,140,Oral Surgery Service,2027-05-01,306.64959716796875,8.0,12,0,0.0,306.6496,12.0,0.0,0.0
A4M8P,BUCKSHAW HOSPITAL,100,General Surgery Service,2027-05-01,306.5079345703125,8.0,12,0,0.0,306.50793,12.0,0.0,0.0
RX1,NOTTINGHAM UNIVERSITY HOSPITALS NHS TRUST,502,Gynaecology Service,2027-05-01,305.70074462890625,7.0,12,0,0.0,305.70074,12.0,0.0,0.0
NVC0R,TEES VALLEY HOSPITAL,110,Trauma and Orthopaedic Service,2027-05-01,304.82598876953125,6.0,12,0,0.0,304.82599,12.0,0.0,0.0
RXW,THE SHREWSBURY AND TELFORD HOSPITAL NHS TRUST,140,Oral Surgery Service,2027-05-01,304.1556091308594,8.0,12,0,0.0,304.15561,12.0,0.0,0.0
NT339,SPIRE REGENCY HOSPITAL,110,Trauma and Orthopaedic Service,2027-05-01,303.7377014160156,6.0,12,0,0.0,303.7377,12.0,0.0,0.0
NT238,"NUFFIELD HEALTH, TAUNTON HOSPITAL",110,Trauma and Orthopaedic Service,2027-05-01,302.2614440917969,6.0,12,0,0.0,302.26144,12.0,0.0,0.0
RR8,LEEDS TEACHING HOSPITALS NHS TRUST,150,Neurosurgical Service,2027-05-01,302.1219482421875,8.0,12,0,0.0,302.12195,12.0,0.0,0.0
RKE,WHITTINGTON HEALTH NHS TRUST,502,Gynaecology Service,2027-05-01,301.849609375,7.0,12,0,0.0,301.84961,12.0,0.0,0.0
RTG,UNIVERSITY HOSPITALS OF DERBY AND BURTON NHS FOUNDATION TRUST,160,Plastic Surgery Service,2027-05-01,301.805419921875,8.0,12,0,0.0,301.80542,12.0,0.0,0.0
RTD,THE NEWCASTLE UPON TYNE HOSPITALS NHS FOUNDATION TRUST,140,Oral Surgery Service,2027-05-01,301.2383728027344,8.0,12,0,0.0,301.23837,12.0,0.0,0.0
RBD,DORSET COUNTY HOSPITAL NHS FOUNDATION TRUST,101,Urology Service,2027-05-01,301.0895080566406,8.0,12,0,0.0,301.08951,12.0,0.0,0.0
NT214,"NUFFIELD HEALTH, WESSEX HOSPITAL",110,Trauma and Orthopaedic Service,2027-05-01,296.6103515625,6.0,12,0,0.0,296.61035,12.0,0.0,0.0
RX1,NOTTINGHAM UNIVERSITY HOSPITALS NHS TRUST,100,General Surgery Service,2027-05-01,296.5175476074219,8.0,12,0,0.0,296.51755,12.0,0.0,0.0
RK9,UNIVERSITY HOSPITALS PLYMOUTH NHS TRUST,170,Cardiothoracic Surgery Service,2027-05-01,295.7041931152344,8.0,12,0,0.0,295.70419,12.0,0.0,0.0
RQW,THE PRINCESS ALEXANDRA HOSPITAL NHS TRUST,110,Trauma and Orthopaedic Service,2027-05-01,292.66070556640625,6.0,12,0,0.0,292.66071,12.0,0.0,0.0
RNZ,SALISBURY NHS FOUNDATION TRUST,140,Oral Surgery Service,2027-05-01,292.5218200683594,8.0,12,0,0.0,292.52182,12.0,0.0,0.0
RJR,COUNTESS OF CHESTER HOSPITAL NHS FOUNDATION TRUST,100,General Surgery Service,2027-05-01,292.1198425292969,8.0,12,0,0.0,292.11984,12.0,0.0,0.0
NN8,SPENCER PRIVATE HOSPITALS LTD,100,General Surgery Service,2027-05-01,288.47869873046875,8.0,12,0,0.0,288.4787,12.0,0.0,0.0
RTF,NORTHUMBRIA HEALTHCARE NHS FOUNDATION TRUST,101,Urology Service,2027-05-01,288.2535400390625,8.0,12,0,0.0,288.25354,12.0,0.0,0.0
NTP11,PRACTICE PLUS GROUP HOSPITAL - SOUTHAMPTON,502,Gynaecology Service,2027-05-01,287.9659423828125,7.0,12,0,0.0,287.96594,12.0,0.0,0.0
RHM,UNIVERSITY HOSPITAL SOUTHAMPTON NHS FOUNDATION TRUST,150,Neurosurgical Service,2027-05-01,287.7843933105469,8.0,12,0,0.0,287.78439,12.0,0.0,0.0
RXQ,BUCKINGHAMSHIRE HEALTHCARE NHS TRUST,140,Oral Surgery Service,2027-05-01,287.3902893066406,8.0,12,0,0.0,287.39029,12.0,0.0,0.0
RJ6,CROYDON HEALTH SERVICES NHS TRUST,120,Ear Nose and Throat Service,2027-05-01,285.8722839355469,8.0,12,0,0.0,285.87228,12.0,0.0,0.0
RD8,MILTON KEYNES UNIVERSITY HOSPITAL NHS FOUNDATION TRUST,140,Oral Surgery Service,2027-05-01,285.5227355957031,8.0,12,0,0.0,285.52274,12.0,0.0,0.0
NT319,SPIRE HARTSWOOD HOSPITAL,110,Trauma and Orthopaedic Service,2027-05-01,283.562744140625,6.0,12,0,0.0,283.56274,12.0,0.0,0.0
NT206,"NUFFIELD HEALTH, BRISTOL HOSPITAL (CHESTERFIELD)",110,Trauma and Orthopaedic Service,2027-05-01,283.316162109375,6.0,12,0,0.0,283.31616,12.0,0.0,0.0
RCX,"THE QUEEN ELIZABETH HOSPITAL, KING'S LYNN, NHS FOUNDATION TRUST",140,Oral Surgery Service,2027-05-01,283.1424255371094,8.0,12,0,0.0,283.14243,12.0,0.0,0.0
NFH,SOMERSET SURGICAL SERVICES HQ,140,Oral Surgery Service,2027-05-01,282.1060485839844,8.0,12,0,0.0,282.10605,12.0,0.0,0.0
NTPH3,PRACTICE PLUS GROUP SURGICAL CENTRE - DEVIZES,140,Oral Surgery Service,2027-05-01,281.5487976074219,8.0,12,0,0.0,281.5488,12.0,0.0,0.0
RXL,BLACKPOOL TEACHING HOSPITALS NHS FOUNDATION TRUST,502,Gynaecology Service,2027-05-01,280.07012939453125,7.0,12,0,0.0,280.07013,12.0,0.0,0.0
RN5,HAMPSHIRE HOSPITALS NHS FOUNDATION TRUST,140,Oral Surgery Service,2027-05-01,279.0927734375,8.0,12,0,0.0,279.09277,12.0,0.0,0.0
RTR,SOUTH TEES HOSPITALS NHS FOUNDATION TRUST,150,Neurosurgical Service,2027-05-01,277.8427734375,8.0,12,0,0.0,277.84277,12.0,0.0,0.0
NFH,SOMERSET SURGICAL SERVICES HQ,110,Trauma and Orthopaedic Service,2027-05-01,275.58734130859375,6.0,12,0,0.0,275.58734,12.0,0.0,0.0
R0A,MANCHESTER UNIVERSITY NHS FOUNDATION TRUST,170,Cardiothoracic Surgery Service,2027-05-01,275.4205627441406,8.0,12,0,0.0,275.42056,12.0,0.0,0.0
NTP15,PRACTICE PLUS GROUP HOSPITAL - ILFORD,100,General Surgery Service,2027-05-01,275.2325134277344,8.0,12,0,0.0,275.23251,12.0,0.0,0.0
RFS,CHESTERFIELD ROYAL HOSPITAL NHS FOUNDATION TRUST,140,Oral Surgery Service,2027-05-01,274.5019226074219,8.0,12,0,0.0,274.50192,12.0,0.0,0.0
RX1,NOTTINGHAM UNIVERSITY HOSPITALS NHS TRUST,140,Oral Surgery Service,2027-05-01,273.7021484375,8.0,12,0,0.0,273.70215,12.0,0.0,0.0
RXK,SANDWELL AND WEST BIRMINGHAM HOSPITALS NHS TRUST,160,Plastic Surgery Service,2027-05-01,271.7607116699219,8.0,12,0,0.0,271.76071,12.0,0.0,0.0
RGP,JAMES PAGET UNIVERSITY HOSPITALS NHS FOUNDATION TRUST,120,Ear Nose and Throat Service,2027-05-01,271.6800842285156,8.0,12,0,0.0,271.68008,12.0,0.0,0.0
RWY,CALDERDALE AND HUDDERSFIELD NHS FOUNDATION TRUST,160,Plastic Surgery Service,2027-05-01,269.1629333496094,8.0,12,0,0.0,269.16293,12.0,0.0,0.0
RTP,SURREY AND SUSSEX HEALTHCARE NHS TRUST,100,General Surgery Service,2027-05-01,269.0535888671875,8.0,12,0,0.0,269.05359,12.0,0.0,0.0
NWF01,BENENDEN HOSPITAL,110,Trauma and Orthopaedic Service,2027-05-01,269.0199890136719,6.0,12,0,0.0,269.01999,12.0,0.0,0.0
NVC04,DUCHY HOSPITAL,110,Trauma and Orthopaedic Service,2027-05-01,266.44818115234375,6.0,12,0,0.0,266.44818,12.0,0.0,0.0
RVJ,NORTH BRISTOL NHS TRUST,100,General Surgery Service,2027-05-01,265.84246826171875,8.0,12,0,0.0,265.84247,12.0,0.0,0.0
R1D,SHROPSHIRE COMMUNITY HEALTH NHS TRUST,140,Oral Surgery Service,2027-05-01,265.6780090332031,8.0,12,0,0.0,265.67801,12.0,0.0,0.0
RRK,UNIVERSITY HOSPITALS BIRMINGHAM NHS FOUNDATION TRUST,160,Plastic Surgery Service,2027-05-01,265.21044921875,8.0,12,0,0.0,265.21045,12.0,0.0,0.0
RCD,HARROGATE AND DISTRICT NHS FOUNDATION TRUST,120,Ear Nose and Throat Service,2027-05-01,265.0591735839844,8.0,12,0,0.0,265.05917,12.0,0.0,0.0
RGM,ROYAL PAPWORTH HOSPITAL NHS FOUNDATION TRUST,170,Cardiothoracic Surgery Service,2027-05-01,263.40240478515625,8.0,12,0,0.0,263.4024,12.0,0.0,0.0
NTPAD,PRACTICE PLUS GROUP SURGICAL CENTRE - ST MARYS PORTSMOUTH,110,Trauma and Orthopaedic Service,2027-05-01,263.25341796875,6.0,12,0,0.0,263.25342,12.0,0.0,0.0
RCD,HARROGATE AND DISTRICT NHS FOUNDATION TRUST,101,Urology Service,2027-05-01,262.36834716796875,8.0,12,0,0.0,262.36835,12.0,0.0,0.0
RCD,HARROGATE AND DISTRICT NHS FOUNDATION TRUST,140,Oral Surgery Service,2027-05-01,258.5548400878906,8.0,12,0,0.0,258.55484,12.0,0.0,0.0
NVC1H,STOURSIDE HOSPITAL,110,Trauma and Orthopaedic Service,2027-05-01,256.4522399902344,6.0,12,0,0.0,256.45224,12.0,0.0,0.0
NVC11,NORTH DOWNS HOSPITAL,110,Trauma and Orthopaedic Service,2027-05-01,256.0908203125,6.0,12,0,0.0,256.09082,12.0,0.0,0.0
RXC,EAST SUSSEX HEALTHCARE NHS TRUST,140,Oral Surgery Service,2027-05-01,255.66897583007812,8.0,12,0,0.0,255.66898,12.0,0.0,0.0
RLQ,WYE VALLEY NHS TRUST,140,Oral Surgery Service,2027-05-01,253.34873962402344,8.0,12,0,0.0,253.34874,12.0,0.0,0.0
NT412,DROITWICH SPA HOSPITAL,110,Trauma and Orthopaedic Service,2027-05-01,253.07139587402344,6.0,12,0,0.0,253.0714,12.0,0.0,0.0
RJ6,CROYDON HEALTH SERVICES NHS TRUST,101,Urology Service,2027-05-01,252.20640563964844,8.0,12,0,0.0,252.20641,12.0,0.0,0.0
NT404,BEAUMONT HOSPITAL,110,Trauma and Orthopaedic Service,2027-05-01,249.77249145507812,6.0,12,0,0.0,249.77249,12.0,0.0,0.0
NT424,MERIDEN HOSPITAL,110,Trauma and Orthopaedic Service,2027-05-01,246.73936462402344,6.0,12,0,0.0,246.73936,12.0,0.0,0.0
RVR,EPSOM AND ST HELIER UNIVERSITY HOSPITALS NHS TRUST,120,Ear Nose and Throat Service,2027-05-01,243.5040283203125,8.0,12,0,0.0,243.50403,12.0,0.0,0.0
RXP,COUNTY DURHAM AND DARLINGTON NHS FOUNDATION TRUST,140,Oral Surgery Service,2027-05-01,242.77017211914062,8.0,12,0,0.0,242.77017,12.0,0.0,0.0
NT450,LINCOLN PRIVATE HOSPITAL,110,Trauma and Orthopaedic Service,2027-05-01,242.05645751953125,6.0,12,0,0.0,242.05646,12.0,0.0,0.0
NT348,SPIRE ELLAND HOSPITAL,110,Trauma and Orthopaedic Service,2027-05-01,242.04371643066406,6.0,12,0,0.0,242.04372,12.0,0.0,0.0
R1H,BARTS HEALTH NHS TRUST,150,Neurosurgical Service,2027-05-01,241.57398986816406,8.0,12,0,0.0,241.57399,12.0,0.0,0.0
NT212,"NUFFIELD HEALTH, CHICHESTER HOSPITAL",110,Trauma and Orthopaedic Service,2027-05-01,241.29689025878906,6.0,12,0,0.0,241.29689,12.0,0.0,0.0
RBT,MID CHESHIRE HOSPITALS NHS FOUNDATION TRUST,100,General Surgery Service,2027-05-01,240.19430541992188,8.0,12,0,0.0,240.19431,12.0,0.0,0.0
NT337,SPIRE LIVERPOOL HOSPITAL,110,Trauma and Orthopaedic Service,2027-05-01,239.53355407714844,6.0,12,0,0.0,239.53355,12.0,0.0,0.0
NTP15,PRACTICE PLUS GROUP HOSPITAL - ILFORD,502,Gynaecology Service,2027-05-01,238.13150024414062,7.0,12,0,0.0,238.1315,12.0,0.0,0.0
RNZ,SALISBURY NHS FOUNDATION TRUST,120,Ear Nose and Throat Service,2027-05-01,237.6796875,8.0,12,0,0.0,237.67969,12.0,0.0,0.0
NTPH3,PRACTICE PLUS GROUP SURGICAL CENTRE - DEVIZES,110,Trauma and Orthopaedic Service,2027-05-01,237.6569366455078,6.0,12,0,0.0,237.65694,12.0,0.0,0.0
RTD,THE NEWCASTLE UPON TYNE HOSPITALS NHS FOUNDATION TRUST,150,Neurosurgical Service,2027-05-01,237.56715393066406,8.0,12,0,0.0,237.56715,12.0,0.0,0.0
NN4,TYNESIDE SURGICAL SERVICES LTD,110,Trauma and Orthopaedic Service,2027-05-01,236.31253051757812,6.0,12,0,0.0,236.31253,12.0,0.0,0.0
RA7,UNIVERSITY HOSPITALS BRISTOL AND WESTON NHS FOUNDATION TRUST,170,Cardiothoracic Surgery Service,2027-05-01,235.4228515625,8.0,12,0,0.0,235.42285,12.0,0.0,0.0
NLX,SIRONA CARE & HEALTH,110,Trauma and Orthopaedic Service,2027-05-01,231.8424835205078,6.0,12,0,0.0,231.84248,12.0,0.0,0.0
RHW,ROYAL BERKSHIRE NHS FOUNDATION TRUST,502,Gynaecology Service,2027-05-01,230.1586456298828,7.0,12,0,0.0,230.15865,12.0,0.0,0.0
NVC15,PINEHILL HOSPITAL,110,Trauma and Orthopaedic Service,2027-05-01,230.03964233398438,6.0,12,0,0.0,230.03964,12.0,0.0,0.0
NT321,SPIRE LITTLE ASTON HOSPITAL,110,Trauma and Orthopaedic Service,2027-05-01,228.9972686767578,6.0,12,0,0.0,228.99727,12.0,0.0,0.0
RTD,THE NEWCASTLE UPON TYNE HOSPITALS NHS FOUNDATION TRUST,100,General Surgery Service,2027-05-01,228.85682678222656,8.0,12,0,0.0,228.85683,12.0,0.0,0.0
NTPAD,PRACTICE PLUS GROUP SURGICAL CENTRE - ST MARYS PORTSMOUTH,100,General Surgery Service,2027-05-01,228.02960205078125,8.0,12,0,0.0,228.0296,12.0,0.0,0.0
NT235,"NUFFIELD HEALTH, SHREWSBURY HOSPITAL",110,Trauma and Orthopaedic Service,2027-05-01,226.84359741210938,6.0,12,0,0.0,226.8436,12.0,0.0,0.0
RTP,SURREY AND SUSSEX HEALTHCARE NHS TRUST,140,Oral Surgery Service,2027-05-01,225.63014221191406,8.0,12,0,0.0,225.63014,12.0,0.0,0.0
R0D,UNIVERSITY HOSPITALS DORSET NHS FOUNDATION TRUST,100,General Surgery Service,2027-05-01,223.88922119140625,8.0,12,0,0.0,223.88922,12.0,0.0,0.0
NT422,LONDON INDEPENDENT HOSPITAL,100,General Surgery Service,2027-05-01,222.9265899658203,8.0,12,0,0.0,222.92659,12.0,0.0,0.0
NT308,SPIRE GATWICK PARK HOSPITAL,110,Trauma and Orthopaedic Service,2027-05-01,222.4268035888672,6.0,12,0,0.0,222.4268,12.0,0.0,0.0
RHW,ROYAL BERKSHIRE NHS FOUNDATION TRUST,120,Ear Nose and Throat Service,2027-05-01,220.83230590820312,8.0,12,0,0.0,220.83231,12.0,0.0,0.0
NT229,"NUFFIELD HEALTH, NEWCASTLE UPON TYNE HOSPITAL",110,Trauma and Orthopaedic Service,2027-05-01,219.74851989746094,6.0,12,0,0.0,219.74852,12.0,0.0,0.0
RWY,CALDERDALE AND HUDDERSFIELD NHS FOUNDATION TRUST,140,Oral Surgery Service,2027-05-01,217.4228057861328,8.0,12,0,0.0,217.42281,12.0,0.0,0.0
NT351,SPIRE HULL AND EAST RIDING HOSPITAL,100,General Surgery Service,2027-05-01,217.00804138183594,8.0,12,0,0.0,217.00804,12.0,0.0,0.0
NT226,"NUFFIELD HEALTH, LEICESTER HOSPITAL",110,Trauma and Orthopaedic Service,2027-05-01,216.99172973632812,6.0,12,0,0.0,216.99173,12.0,0.0,0.0
R1F,ISLE OF WIGHT NHS TRUST,502,Gynaecology Service,2027-05-01,216.70668029785156,7.0,12,0,0.0,216.70668,12.0,0.0,0.0
RBN,MERSEY AND WEST LANCASHIRE TEACHING HOSPITALS NHS TRUST,140,Oral Surgery Service,2027-05-01,214.35960388183594,8.0,12,0,0.0,214.3596,12.0,0.0,0.0
RTK,ASHFORD AND ST PETER'S HOSPITALS NHS FOUNDATION TRUST,101,Urology Service,2027-05-01,214.19351196289062,8.0,12,0,0.0,214.19351,12.0,0.0,0.0
RLQ,WYE VALLEY NHS TRUST,160,Plastic Surgery Service,2027-05-01,214.0949249267578,8.0,12,0,0.0,214.09492,12.0,0.0,0.0
NT324,SPIRE CHESHIRE HOSPITAL,110,Trauma and Orthopaedic Service,2027-05-01,211.14212036132812,6.0,12,0,0.0,211.14212,12.0,0.0,0.0
NT420,HIGHFIELD HOSPITAL,110,Trauma and Orthopaedic Service,2027-05-01,208.4123992919922,6.0,12,0,0.0,208.4124,12.0,0.0,0.0
NT443,WINTERBOURNE HOSPITAL,110,Trauma and Orthopaedic Service,2027-05-01,208.33692932128906,6.0,12,0,0.0,208.33693,12.0,0.0,0.0
NT320,SPIRE PARKWAY HOSPITAL,110,Trauma and Orthopaedic Service,2027-05-01,206.7862091064453,6.0,12,0,0.0,206.78621,12.0,0.0,0.0
NVC22,WINFIELD HOSPITAL,110,Trauma and Orthopaedic Service,2027-05-01,204.39646911621094,6.0,12,0,0.0,204.39647,12.0,0.0,0.0
RAX,KINGSTON AND RICHMOND NHS FOUNDATION TRUST,160,Plastic Surgery Service,2027-05-01,201.46295166015625,8.0,12,0,0.0,201.46295,12.0,0.0,0.0
RNQ,KETTERING GENERAL HOSPITAL NHS FOUNDATION TRUST,502,Gynaecology Service,2027-05-01,198.5753173828125,7.0,12,0,0.0,198.57532,12.0,0.0,0.0
RJR,COUNTESS OF CHESTER HOSPITAL NHS FOUNDATION TRUST,101,Urology Service,2027-05-01,195.3892059326172,8.0,12,0,0.0,195.38921,12.0,0.0,0.0
NVC44,THE WESTBOURNE CENTRE,140,Oral Surgery Service,2027-05-01,194.04486083984375,8.0,12,0,0.0,194.04486,12.0,0.0,0.0
F9Z4V,CIRCLE READING HOSPITAL,110,Trauma and Orthopaedic Service,2027-05-01,189.17784118652344,6.0,12,0,0.0,189.17784,12.0,0.0,0.0
RAE,BRADFORD TEACHING HOSPITALS NHS FOUNDATION TRUST,100,General Surgery Service,2027-05-01,188.72061157226562,8.0,12,0,0.0,188.72061,12.0,0.0,0.0
NT204,"NUFFIELD HEALTH, BRENTWOOD HOSPITAL",110,Trauma and Orthopaedic Service,2027-05-01,188.05235290527344,6.0,12,0,0.0,188.05235,12.0,0.0,0.0
RYR,UNIVERSITY HOSPITALS SUSSEX NHS FOUNDATION TRUST,150,Neurosurgical Service,2027-05-01,187.8389129638672,8.0,12,0,0.0,187.83891,12.0,0.0,0.0
G3Z1Q,SULIS HOSPITAL BATH (FOXCOTE AVENUE),100,General Surgery Service,2027-05-01,186.96739196777344,8.0,12,0,0.0,186.96739,12.0,0.0,0.0
RAS,THE HILLINGDON HOSPITALS NHS FOUNDATION TRUST,502,Gynaecology Service,2027-05-01,186.73324584960938,7.0,12,0,0.0,186.73325,12.0,0.0,0.0
RAE,BRADFORD TEACHING HOSPITALS NHS FOUNDATION TRUST,140,Oral Surgery Service,2027-05-01,185.44131469726562,8.0,12,0,0.0,185.44131,12.0,0.0,0.0
NT210,"NUFFIELD HEALTH, THE GROSVENOR HOSPITAL, CHESTER",110,Trauma and Orthopaedic Service,2027-05-01,185.00177001953125,6.0,12,0,0.0,185.00177,12.0,0.0,0.0
RYJ,IMPERIAL COLLEGE HEALTHCARE NHS TRUST,170,Cardiothoracic Surgery Service,2027-05-01,184.9093780517578,8.0,12,0,0.0,184.90938,12.0,0.0,0.0
NT318,SPIRE NORWICH HOSPITAL,110,Trauma and Orthopaedic Service,2027-05-01,184.65185546875,6.0,12,0,0.0,184.65186,12.0,0.0,0.0
NVC20,THE YORKSHIRE CLINIC,100,General Surgery Service,2027-05-01,183.6458282470703,8.0,12,0,0.0,183.64583,12.0,0.0,0.0
NT408,CHAUCER HOSPITAL,110,Trauma and Orthopaedic Service,2027-05-01,181.99813842773438,6.0,12,0,0.0,181.99814,12.0,0.0,0.0
NVC08,MOUNT STUART HOSPITAL,110,Trauma and Orthopaedic Service,2027-05-01,180.98941040039062,6.0,12,0,0.0,180.98941,12.0,0.0,0.0
NTP11,PRACTICE PLUS GROUP HOSPITAL - SOUTHAMPTON,120,Ear Nose and Throat Service,2027-05-01,180.5907440185547,8.0,12,0,0.0,180.59074,12.0,0.0,0.0
RJN,EAST CHESHIRE NHS TRUST,120,Ear Nose and Throat Service,2027-05-01,178.1439208984375,8.0,12,0,0.0,178.14392,12.0,0.0,0.0
NTX,THE ONE HEALTH GROUP PLC,502,Gynaecology Service,2027-05-01,176.6497344970703,7.0,12,0,0.0,176.64973,12.0,0.0,0.0
NT219,"NUFFIELD HEALTH, HEREFORD HOSPITAL",110,Trauma and Orthopaedic Service,2027-05-01,175.33148193359375,6.0,12,0,0.0,175.33148,12.0,0.0,0.0
NVC29,COBALT HOSPITAL,110,Trauma and Orthopaedic Service,2027-05-01,173.4202423095703,6.0,12,0,0.0,173.42024,12.0,0.0,0.0
RVR,EPSOM AND ST HELIER UNIVERSITY HOSPITALS NHS TRUST,140,Oral Surgery Service,2027-05-01,173.16567993164062,8.0,12,0,0.0,173.16568,12.0,0.0,0.0
NVM,EPSOMEDICAL GROUP,160,Plastic Surgery Service,2027-05-01,171.14085388183594,8.0,12,0,0.0,171.14085,12.0,0.0,0.0
NVC29,COBALT HOSPITAL,160,Plastic Surgery Service,2027-05-01,170.66232299804688,8.0,12,0,0.0,170.66232,12.0,0.0,0.0
NT332,SPIRE LEEDS HOSPITAL,110,Trauma and Orthopaedic Service,2027-05-01,169.6768341064453,6.0,12,0,0.0,169.67683,12.0,0.0,0.0
RHM,UNIVERSITY HOSPITAL SOUTHAMPTON NHS FOUNDATION TRUST,170,Cardiothoracic Surgery Service,2027-05-01,169.47219848632812,8.0,12,0,0.0,169.4722,12.0,0.0,0.0
NVC14,PARK HILL HOSPITAL,110,Trauma and Orthopaedic Service,2027-05-01,168.65914916992188,6.0,12,0,0.0,168.65915,12.0,0.0,0.0
NXP,INDEPENDENT HEALTH GROUP,110,Trauma and Orthopaedic Service,2027-05-01,168.16348266601562,6.0,12,0,0.0,168.16348,12.0,0.0,0.0
NT410,CHILTERN HOSPITAL,110,Trauma and Orthopaedic Service,2027-05-01,166.53111267089844,6.0,12,0,0.0,166.53111,12.0,0.0,0.0
NT202,"NUFFIELD HEALTH, BOURNEMOUTH HOSPITAL",110,Trauma and Orthopaedic Service,2027-05-01,165.78688049316406,6.0,12,0,0.0,165.78688,12.0,0.0,0.0
RRK,UNIVERSITY HOSPITALS BIRMINGHAM NHS FOUNDATION TRUST,150,Neurosurgical Service,2027-05-01,165.75706481933594,8.0,12,0,0.0,165.75706,12.0,0.0,0.0
NTPH2,PRACTICE PLUS GROUP HOSPITAL - EMERSONS GREEN,502,Gynaecology Service,2027-05-01,165.6666717529297,7.0,12,0,0.0,165.66667,12.0,0.0,0.0
RCB,YORK AND SCARBOROUGH TEACHING HOSPITALS NHS FOUNDATION TRUST,160,Plastic Surgery Service,2027-05-01,163.71490478515625,8.0,12,0,0.0,163.7149,12.0,0.0,0.0
RWH,EAST AND NORTH HERTFORDSHIRE TEACHING NHS TRUST,140,Oral Surgery Service,2027-05-01,163.5685577392578,8.0,12,0,0.0,163.56856,12.0,0.0,0.0
NVC0R,TEES VALLEY HOSPITAL,100,General Surgery Service,2027-05-01,163.47442626953125,8.0,12,0,0.0,163.47443,12.0,0.0,0.0
NYR,CORA HEALTH DIAGNOSTICS (FORMERLY HEALTHSHARE DIAGNOSTICS),110,Trauma and Orthopaedic Service,2027-05-01,163.4621124267578,6.0,12,0,0.0,163.46211,12.0,0.0,0.0
NT427,PARK HOSPITAL,110,Trauma and Orthopaedic Service,2027-05-01,163.0331573486328,6.0,12,0,0.0,163.03316,12.0,0.0,0.0
NT313,SPIRE WELLESLEY HOSPITAL,110,Trauma and Orthopaedic Service,2027-05-01,162.99349975585938,6.0,12,0,0.0,162.9935,12.0,0.0,0.0
RX1,NOTTINGHAM UNIVERSITY HOSPITALS NHS TRUST,150,Neurosurgical Service,2027-05-01,162.52366638183594,8.0,12,0,0.0,162.52367,12.0,0.0,0.0
DFQ,NORWICH & NORFOLK SURGICAL LTD (N2S),110,Trauma and Orthopaedic Service,2027-05-01,161.74740600585938,6.0,12,0,0.0,161.74741,12.0,0.0,0.0
RRK,UNIVERSITY HOSPITALS BIRMINGHAM NHS FOUNDATION TRUST,140,Oral Surgery Service,2027-05-01,157.3485870361328,8.0,12,0,0.0,157.34859,12.0,0.0,0.0
NT402,BATH CLINIC,110,Trauma and Orthopaedic Service,2027-05-01,155.19317626953125,6.0,12,0,0.0,155.19318,12.0,0.0,0.0
RKB,UNIVERSITY HOSPITALS COVENTRY AND WARWICKSHIRE NHS TRUST,170,Cardiothoracic Surgery Service,2027-05-01,154.9899139404297,8.0,12,0,0.0,154.98991,12.0,0.0,0.0
NT218,"NUFFIELD HEALTH, HAYWARDS HEATH HOSPITAL",110,Trauma and Orthopaedic Service,2027-05-01,154.8065185546875,6.0,12,0,0.0,154.80652,12.0,0.0,0.0
NVC19,RIVERS HOSPITAL,100,General Surgery Service,2027-05-01,153.468017578125,8.0,12,0,0.0,153.46802,12.0,0.0,0.0
NVC31,BLAKELANDS HOSPITAL,110,Trauma and Orthopaedic Service,2027-05-01,153.1879425048828,6.0,12,0,0.0,153.18794,12.0,0.0,0.0
NTP16,PRACTICE PLUS GROUP SURGICAL CENTRE - GILLINGHAM,100,General Surgery Service,2027-05-01,152.41993713378906,8.0,12,0,0.0,152.41994,12.0,0.0,0.0
NT350,SPIRE METHLEY PARK HOSPITAL,110,Trauma and Orthopaedic Service,2027-05-01,150.89175415039062,6.0,12,0,0.0,150.89175,12.0,0.0,0.0
NT204,"NUFFIELD HEALTH, BRENTWOOD HOSPITAL",502,Gynaecology Service,2027-05-01,150.23675537109375,7.0,12,0,0.0,150.23676,12.0,0.0,0.0
NT417,GORING HALL HOSPITAL,110,Trauma and Orthopaedic Service,2027-05-01,149.85235595703125,6.0,12,0,0.0,149.85236,12.0,0.0,0.0
NT411,CLEMENTINE CHURCHILL HOSPITAL,110,Trauma and Orthopaedic Service,2027-05-01,148.2163543701172,6.0,12,0,0.0,148.21635,12.0,0.0,0.0
A4M8P,BUCKSHAW HOSPITAL,101,Urology Service,2027-05-01,147.97364807128906,8.0,12,0,0.0,147.97365,12.0,0.0,0.0
NN4,TYNESIDE SURGICAL SERVICES LTD,160,Plastic Surgery Service,2027-05-01,147.5640411376953,8.0,12,0,0.0,147.56404,12.0,0.0,0.0
R0F4N,NUFFIELD HEALTH PARKSIDE HOSPITAL,110,Trauma and Orthopaedic Service,2027-05-01,146.2314453125,6.0,12,0,0.0,146.23145,12.0,0.0,0.0
NT446,ST EDMUNDS HOSPITAL,110,Trauma and Orthopaedic Service,2027-05-01,145.66598510742188,6.0,12,0,0.0,145.66599,12.0,0.0,0.0
NVC27,BOSTON WEST HOSPITAL,110,Trauma and Orthopaedic Service,2027-05-01,143.366455078125,6.0,12,0,0.0,143.36646,12.0,0.0,0.0
NVC05,EUXTON HALL HOSPITAL,100,General Surgery Service,2027-05-01,140.66241455078125,8.0,12,0,0.0,140.66241,12.0,0.0,0.0
NVC01,ASHTEAD HOSPITAL,110,Trauma and Orthopaedic Service,2027-05-01,139.95928955078125,6.0,12,0,0.0,139.95929,12.0,0.0,0.0
NTPH1,PRACTICE PLUS GROUP HOSPITAL - SHEPTON MALLET,100,General Surgery Service,2027-05-01,137.99417114257812,8.0,12,0,0.0,137.99417,12.0,0.0,0.0
RQW,THE PRINCESS ALEXANDRA HOSPITAL NHS TRUST,101,Urology Service,2027-05-01,137.558349609375,8.0,12,0,0.0,137.55835,12.0,0.0,0.0
NT314,SPIRE LONDON EAST,110,Trauma and Orthopaedic Service,2027-05-01,135.72793579101562,6.0,12,0,0.0,135.72794,12.0,0.0,0.0
NTPH2,PRACTICE PLUS GROUP HOSPITAL - EMERSONS GREEN,100,General Surgery Service,2027-05-01,135.09893798828125,8.0,12,0,0.0,135.09894,12.0,0.0,0.0
NVC12,OAKLANDS HOSPITAL,100,General Surgery Service,2027-05-01,134.7291259765625,8.0,12,0,0.0,134.72913,12.0,0.0,0.0
NT325,SPIRE MURRAYFIELD HOSPITAL,110,Trauma and Orthopaedic Service,2027-05-01,132.18408203125,6.0,12,0,0.0,132.18408,12.0,0.0,0.0
NT327,SPIRE MANCHESTER HOSPITAL,110,Trauma and Orthopaedic Service,2027-05-01,131.54660034179688,6.0,12,0,0.0,131.5466,12.0,0.0,0.0
RM3,NORTHERN CARE ALLIANCE NHS FOUNDATION TRUST,140,Oral Surgery Service,2027-05-01,130.9311065673828,8.0,12,0,0.0,130.93111,12.0,0.0,0.0
NT406,BLACKHEATH HOSPITAL,110,Trauma and Orthopaedic Service,2027-05-01,128.0535125732422,6.0,12,0,0.0,128.05351,12.0,0.0,0.0
RLT,GEORGE ELIOT HOSPITAL NHS TRUST,502,Gynaecology Service,2027-05-01,126.8228759765625,7.0,12,0,0.0,126.82288,12.0,0.0,0.0
NT242,"NUFFIELD HEALTH, WOLVERHAMPTON HOSPITAL",110,Trauma and Orthopaedic Service,2027-05-01,126.76608276367188,6.0,12,0,0.0,126.76608,12.0,0.0,0.0
NT347,SPIRE FYLDE COAST HOSPITAL,100,General Surgery Service,2027-05-01,126.68477630615234,8.0,12,0,0.0,126.68478,12.0,0.0,0.0
NT457,WOODLANDS HOSPITAL,100,General Surgery Service,2027-05-01,126.15853881835938,8.0,12,0,0.0,126.15854,12.0,0.0,0.0
NT241,"NUFFIELD HEALTH, WOKING HOSPITAL",110,Trauma and Orthopaedic Service,2027-05-01,123.49374389648438,6.0,12,0,0.0,123.49374,12.0,0.0,0.0
NT224,"NUFFIELD HEALTH, WARWICKSHIRE HOSPITAL",110,Trauma and Orthopaedic Service,2027-05-01,123.02198791503906,6.0,12,0,0.0,123.02199,12.0,0.0,0.0
NT301,SPIRE SOUTH BANK HOSPITAL,110,Trauma and Orthopaedic Service,2027-05-01,120.8785171508789,6.0,12,0,0.0,120.87852,12.0,0.0,0.0
NT322,SPIRE LEICESTER HOSPITAL,110,Trauma and Orthopaedic Service,2027-05-01,119.66313171386719,6.0,12,0,0.0,119.66313,12.0,0.0,0.0
R1F,ISLE OF WIGHT NHS TRUST,120,Ear Nose and Throat Service,2027-05-01,119.51081085205078,8.0,12,0,0.0,119.51081,12.0,0.0,0.0
NT209,"NUFFIELD HEALTH, CAMBRIDGE HOSPITAL",110,Trauma and Orthopaedic Service,2027-05-01,118.91563415527344,6.0,12,0,0.0,118.91563,12.0,0.0,0.0
NT364,SPIRE MONTEFIORE HOSPITAL,110,Trauma and Orthopaedic Service,2027-05-01,118.89642333984375,6.0,12,0,0.0,118.89642,12.0,0.0,0.0
RX1,NOTTINGHAM UNIVERSITY HOSPITALS NHS TRUST,170,Cardiothoracic Surgery Service,2027-05-01,117.75702667236328,8.0,12,0,0.0,117.75703,12.0,0.0,0.0
NAM01,PROBUS SURGICAL CENTRE,110,Trauma and Orthopaedic Service,2027-05-01,116.82666778564453,6.0,12,0,0.0,116.82667,12.0,0.0,0.0
RDE,EAST SUFFOLK AND NORTH ESSEX NHS FOUNDATION TRUST,160,Plastic Surgery Service,2027-05-01,116.72765350341797,8.0,12,0,0.0,116.72765,12.0,0.0,0.0
B3M1X,CLAREMONT PRIVATE HOSPITAL,100,General Surgery Service,2027-05-01,116.5683364868164,8.0,12,0,0.0,116.56834,12.0,0.0,0.0
RQW,THE PRINCESS ALEXANDRA HOSPITAL NHS TRUST,120,Ear Nose and Throat Service,2027-05-01,114.33169555664062,8.0,12,0,0.0,114.3317,12.0,0.0,0.0
NVC0I,BEACON PARK HOSPITAL,110,Trauma and Orthopaedic Service,2027-05-01,113.93822479248047,6.0,12,0,0.0,113.93822,12.0,0.0,0.0
NVC06,FITZWILLIAM HOSPITAL,100,General Surgery Service,2027-05-01,113.59564208984375,8.0,12,0,0.0,113.59564,12.0,0.0,0.0
NXP,INDEPENDENT HEALTH GROUP,100,General Surgery Service,2027-05-01,113.2577896118164,8.0,12,0,0.0,113.25779,12.0,0.0,0.0
NT448,HUDDERSFIELD PRIVATE HOSPITAL,110,Trauma and Orthopaedic Service,2027-05-01,113.01266479492188,6.0,12,0,0.0,113.01266,12.0,0.0,0.0
NVC18,SPRINGFIELD HOSPITAL,101,Urology Service,2027-05-01,112.92581939697266,8.0,12,0,0.0,112.92582,12.0,0.0,0.0
NT30A,SPIRE NOTTINGHAM HOSPITAL,110,Trauma and Orthopaedic Service,2027-05-01,112.85202026367188,6.0,12,0,0.0,112.85202,12.0,0.0,0.0
NT315,SPIRE BUSHEY HOSPITAL,110,Trauma and Orthopaedic Service,2027-05-01,112.78749084472656,6.0,12,0,0.0,112.78749,12.0,0.0,0.0
RA2,ROYAL SURREY NHS FOUNDATION TRUST,160,Plastic Surgery Service,2027-05-01,112.5400161743164,8.0,12,0,0.0,112.54002,12.0,0.0,0.0
RJE,UNIVERSITY HOSPITALS OF NORTH MIDLANDS NHS TRUST,170,Cardiothoracic Surgery Service,2027-05-01,112.13916778564453,8.0,12,0,0.0,112.13917,12.0,0.0,0.0
NTP16,PRACTICE PLUS GROUP SURGICAL CENTRE - GILLINGHAM,110,Trauma and Orthopaedic Service,2027-05-01,111.82890319824219,6.0,12,0,0.0,111.8289,12.0,0.0,0.0
NT312,SPIRE ALEXANDRA HOSPITAL,110,Trauma and Orthopaedic Service,2027-05-01,111.74005889892578,6.0,12,0,0.0,111.74006,12.0,0.0,0.0
NVC02,THE BERKSHIRE INDEPENDENT HOSPITAL,110,Trauma and Orthopaedic Service,2027-05-01,110.14153289794922,6.0,12,0,0.0,110.14153,12.0,0.0,0.0
NXP,INDEPENDENT HEALTH GROUP,101,Urology Service,2027-05-01,109.77033233642578,8.0,12,0,0.0,109.77033,12.0,0.0,0.0
NT316,SPIRE HARPENDEN HOSPITAL,110,Trauma and Orthopaedic Service,2027-05-01,109.76695251464844,6.0,12,0,0.0,109.76695,12.0,0.0,0.0
RGP,JAMES PAGET UNIVERSITY HOSPITALS NHS FOUNDATION TRUST,140,Oral Surgery Service,2027-05-01,109.39205169677734,8.0,12,0,0.0,109.39205,12.0,0.0,0.0
NT239,"NUFFIELD HEALTH, TUNBRIDGE WELLS HOSPITAL",110,Trauma and Orthopaedic Service,2027-05-01,109.3604736328125,6.0,12,0,0.0,109.36047,12.0,0.0,0.0
RLT,GEORGE ELIOT HOSPITAL NHS TRUST,120,Ear Nose and Throat Service,2027-05-01,106.85858154296875,8.0,12,0,0.0,106.85858,12.0,0.0,0.0
NFH,SOMERSET SURGICAL SERVICES HQ,160,Plastic Surgery Service,2027-05-01,106.60173034667969,8.0,12,0,0.0,106.60173,12.0,0.0,0.0
RRK,UNIVERSITY HOSPITALS BIRMINGHAM NHS FOUNDATION TRUST,170,Cardiothoracic Surgery Service,2027-05-01,106.12991333007812,8.0,12,0,0.0,106.12991,12.0,0.0,0.0
NVC08,MOUNT STUART HOSPITAL,100,General Surgery Service,2027-05-01,106.08905029296875,8.0,12,0,0.0,106.08905,12.0,0.0,0.0
RWA,HULL UNIVERSITY TEACHING HOSPITALS NHS TRUST,170,Cardiothoracic Surgery Service,2027-05-01,105.87872314453125,8.0,12,0,0.0,105.87872,12.0,0.0,0.0
NT317,SPIRE CAMBRIDGE LEA HOSPITAL,110,Trauma and Orthopaedic Service,2027-05-01,105.78356170654297,6.0,12,0,0.0,105.78356,12.0,0.0,0.0
NVC21,WEST MIDLANDS HOSPITAL,110,Trauma and Orthopaedic Service,2027-05-01,105.37491607666016,6.0,12,0,0.0,105.37492,12.0,0.0,0.0
G3Q3Z,NUFFIELD HEALTH HIGHGATE HOSPITAL,110,Trauma and Orthopaedic Service,2027-05-01,105.3660888671875,6.0,12,0,0.0,105.36609,12.0,0.0,0.0
K8I4X,GLENDON WOOD HOSPITAL,110,Trauma and Orthopaedic Service,2027-05-01,104.09986877441406,6.0,12,0,0.0,104.09987,12.0,0.0,0.0
NT244,NUFFIELD HOSPITAL OXFORD (THE MANOR),110,Trauma and Orthopaedic Service,2027-05-01,103.8526382446289,6.0,12,0,0.0,103.85264,12.0,0.0,0.0
RQW,THE PRINCESS ALEXANDRA HOSPITAL NHS TRUST,502,Gynaecology Service,2027-05-01,102.80604553222656,7.0,12,0,0.0,102.80605,12.0,0.0,0.0
RJN,EAST CHESHIRE NHS TRUST,101,Urology Service,2027-05-01,102.06729888916016,8.0,12,0,0.0,102.0673,12.0,0.0,0.0
R1F,ISLE OF WIGHT NHS TRUST,140,Oral Surgery Service,2027-05-01,101.89935302734375,8.0,12,0,0.0,101.89935,12.0,0.0,0.0
NT401,ALEXANDRA HOSPITAL,110,Trauma and Orthopaedic Service,2027-05-01,100.91822814941406,6.0,12,0,0.0,100.91823,12.0,0.0,0.0
NVC20,THE YORKSHIRE CLINIC,101,Urology Service,2027-05-01,98.9830322265625,8.0,12,0,0.0,98.983032,12.0,0.0,0.0
NVM,EPSOMEDICAL GROUP,100,General Surgery Service,2027-05-01,98.65912628173828,8.0,12,0,0.0,98.659126,12.0,0.0,0.0
A4M8P,BUCKSHAW HOSPITAL,110,Trauma and Orthopaedic Service,2027-05-01,97.84326934814453,6.0,12,0,0.0,97.843269,12.0,0.0,0.0
RCU,SHEFFIELD CHILDREN'S NHS FOUNDATION TRUST,140,Oral Surgery Service,2027-05-01,97.80943298339844,8.0,12,0,0.0,97.809433,12.0,0.0,0.0
NQM01,ORTHOPAEDICS & SPINE SPECIALIST HOSPITAL SITE,110,Trauma and Orthopaedic Service,2027-05-01,96.72464752197266,6.0,12,0,0.0,96.724648,12.0,0.0,0.0
NT304,SPIRE SOUTHAMPTON HOSPITAL,110,Trauma and Orthopaedic Service,2027-05-01,96.00285339355469,6.0,12,0,0.0,96.002853,12.0,0.0,0.0
RLT,GEORGE ELIOT HOSPITAL NHS TRUST,160,Plastic Surgery Service,2027-05-01,95.66278839111328,8.0,12,0,0.0,95.662788,12.0,0.0,0.0
RXN,LANCASHIRE TEACHING HOSPITALS NHS FOUNDATION TRUST,100,General Surgery Service,2027-05-01,95.50859069824219,8.0,12,0,0.0,95.508591,12.0,0.0,0.0
DX1,THE NEW FOSCOTE HOSPITAL LTD,100,General Surgery Service,2027-05-01,93.93904876708984,8.0,12,0,0.0,93.939049,12.0,0.0,0.0
A4M8P,BUCKSHAW HOSPITAL,502,Gynaecology Service,2027-05-01,90.93724822998047,7.0,12,0,0.0,90.937248,12.0,0.0,0.0
NT3X3,SPIRE ST ANTHONY'S HOSPITAL,100,General Surgery Service,2027-05-01,90.79295349121094,8.0,12,0,0.0,90.792953,12.0,0.0,0.0
NT440,THORNBURY HOSPITAL,110,Trauma and Orthopaedic Service,2027-05-01,89.64042663574219,6.0,12,0,0.0,89.640427,12.0,0.0,0.0
NT305,SPIRE PORTSMOUTH HOSPITAL,110,Trauma and Orthopaedic Service,2027-05-01,87.80301666259766,6.0,12,0,0.0,87.803017,12.0,0.0,0.0
NVC1H,STOURSIDE HOSPITAL,100,General Surgery Service,2027-05-01,87.49755859375,8.0,11,0,0.0,87.497559,11.0,0.0,0.0
NN8,SPENCER PRIVATE HOSPITALS LTD,101,Urology Service,2027-05-01,87.36933135986328,8.0,11,0,0.0,87.369331,11.0,0.0,0.0
RJC,SOUTH WARWICKSHIRE UNIVERSITY NHS FOUNDATION TRUST,140,Oral Surgery Service,2027-05-01,86.84182739257812,8.0,11,0,0.0,86.841827,11.0,0.0,0.0
RHW,ROYAL BERKSHIRE NHS FOUNDATION TRUST,160,Plastic Surgery Service,2027-05-01,85.6267318725586,8.0,11,0,0.0,85.626732,11.0,0.0,0.0
RR7,GATESHEAD HEALTH NHS FOUNDATION TRUST,101,Urology Service,2027-05-01,85.5452651977539,8.0,11,0,0.0,85.545265,11.0,0.0,0.0
NT339,SPIRE REGENCY HOSPITAL,100,General Surgery Service,2027-05-01,84.8609619140625,8.0,11,0,0.0,84.860962,11.0,0.0,0.0
NT434,SAXON CLINIC,110,Trauma and Orthopaedic Service,2027-05-01,84.12789154052734,6.0,12,0,0.0,84.127892,12.0,0.0,0.0
NT437,SLOANE HOSPITAL,110,Trauma and Orthopaedic Service,2027-05-01,83.93206024169922,6.0,12,0,0.0,83.93206,12.0,0.0,0.0
NT215,"NUFFIELD HEALTH, EXETER HOSPITAL",110,Trauma and Orthopaedic Service,2027-05-01,83.80579376220703,6.0,12,0,0.0,83.805794,12.0,0.0,0.0
NT436,SHIRLEY OAKS HOSPITAL,110,Trauma and Orthopaedic Service,2027-05-01,83.49986267089844,6.0,12,0,0.0,83.499863,12.0,0.0,0.0
NVC19,RIVERS HOSPITAL,101,Urology Service,2027-05-01,83.45881652832031,8.0,11,0,0.0,83.458817,11.0,0.0,0.0
NT205,"NUFFIELD HEALTH, BRIGHTON HOSPITAL",110,Trauma and Orthopaedic Service,2027-05-01,83.10535430908203,6.0,12,0,0.0,83.105354,12.0,0.0,0.0
RQX,HOMERTON HEALTHCARE NHS FOUNDATION TRUST,160,Plastic Surgery Service,2027-05-01,82.44065856933594,8.0,11,0,0.0,82.440659,11.0,0.0,0.0
NVM,EPSOMEDICAL GROUP,502,Gynaecology Service,2027-05-01,81.7143325805664,7.0,12,0,0.0,81.714333,12.0,0.0,0.0
NVC31,BLAKELANDS HOSPITAL,100,General Surgery Service,2027-05-01,81.48033905029297,8.0,11,0,0.0,81.480339,11.0,0.0,0.0
NT405,BISHOPS WOOD HOSPITAL,110,Trauma and Orthopaedic Service,2027-05-01,81.3644790649414,6.0,12,0,0.0,81.364479,12.0,0.0,0.0
NT441,THREE SHIRES HOSPITAL,502,Gynaecology Service,2027-05-01,79.93738555908203,7.0,12,0,0.0,79.937386,12.0,0.0,0.0
DX1,THE NEW FOSCOTE HOSPITAL LTD,110,Trauma and Orthopaedic Service,2027-05-01,79.79802703857422,6.0,12,0,0.0,79.798027,12.0,0.0,0.0
NVC23,WOODLAND HOSPITAL,100,General Surgery Service,2027-05-01,78.97200775146484,8.0,10,0,0.0,78.972008,10.0,0.0,0.0
NN5,MANCHESTER SURGICAL SERVICES LTD,100,General Surgery Service,2027-05-01,77.84306335449219,8.0,10,0,0.0,77.843063,10.0,0.0,0.0
NVC01,ASHTEAD HOSPITAL,100,General Surgery Service,2027-05-01,77.7040786743164,8.0,10,0,0.0,77.704079,10.0,0.0,0.0
R1F,ISLE OF WIGHT NHS TRUST,101,Urology Service,2027-05-01,76.76490020751953,8.0,10,0,0.0,76.7649,10.0,0.0,0.0
NT237,"NUFFIELD HEALTH, TEES HOSPITAL",100,General Surgery Service,2027-05-01,76.39636993408203,8.0,10,0,0.0,76.39637,10.0,0.0,0.0
NVC08,MOUNT STUART HOSPITAL,502,Gynaecology Service,2027-05-01,76.38555908203125,7.0,11,0,0.0,76.385559,11.0,0.0,0.0
NVC1H,STOURSIDE HOSPITAL,502,Gynaecology Service,2027-05-01,76.19811248779297,7.0,11,0,0.0,76.198112,11.0,0.0,0.0
RGP,JAMES PAGET UNIVERSITY HOSPITALS NHS FOUNDATION TRUST,160,Plastic Surgery Service,2027-05-01,76.16896057128906,8.0,10,0,0.0,76.168961,10.0,0.0,0.0
NT449,LANCASTER PRIVATE HOSPITAL,110,Trauma and Orthopaedic Service,2027-05-01,75.0867691040039,6.0,12,0,0.0,75.086769,12.0,0.0,0.0
RYR,UNIVERSITY HOSPITALS SUSSEX NHS FOUNDATION TRUST,170,Cardiothoracic Surgery Service,2027-05-01,74.6021499633789,8.0,10,0,0.0,74.60215,10.0,0.0,0.0
NTPH2,PRACTICE PLUS GROUP HOSPITAL - EMERSONS GREEN,120,Ear Nose and Throat Service,2027-05-01,73.76016998291016,8.0,10,0,0.0,73.76017,10.0,0.0,0.0
NT409,CHELSFIELD PARK HOSPITAL,110,Trauma and Orthopaedic Service,2027-05-01,72.46154022216797,6.0,12,0,0.0,72.46154,12.0,0.0,0.0
RJ7,ST GEORGE'S UNIVERSITY HOSPITALS NHS FOUNDATION TRUST,170,Cardiothoracic Surgery Service,2027-05-01,72.201416015625,8.0,10,0,0.0,72.201416,10.0,0.0,0.0
RN3,GREAT WESTERN HOSPITALS NHS FOUNDATION TRUST,160,Plastic Surgery Service,2027-05-01,71.44124603271484,8.0,9,0,0.0,71.441246,9.0,0.0,0.0
NT343,SPIRE THAMES VALLEY HOSPITAL,110,Trauma and Orthopaedic Service,2027-05-01,71.2874526977539,6.0,12,0,0.0,71.287453,12.0,0.0,0.0
RQW,THE PRINCESS ALEXANDRA HOSPITAL NHS TRUST,140,Oral Surgery Service,2027-05-01,71.22037506103516,8.0,9,0,0.0,71.220375,9.0,0.0,0.0
RAS,THE HILLINGDON HOSPITALS NHS FOUNDATION TRUST,120,Ear Nose and Throat Service,2027-05-01,71.19245147705078,8.0,9,0,0.0,71.192451,9.0,0.0,0.0
NT339,SPIRE REGENCY HOSPITAL,502,Gynaecology Service,2027-05-01,70.95600128173828,7.0,11,0,0.0,70.956001,11.0,0.0,0.0
NWF01,BENENDEN HOSPITAL,502,Gynaecology Service,2027-05-01,69.57164764404297,7.0,10,0,0.0,69.571648,10.0,0.0,0.0
NT424,MERIDEN HOSPITAL,100,General Surgery Service,2027-05-01,69.2662582397461,8.0,9,0,0.0,69.266258,9.0,0.0,0.0
NT333,SPIRE WASHINGTON HOSPITAL,160,Plastic Surgery Service,2027-05-01,69.08659362792969,8.0,9,0,0.0,69.086594,9.0,0.0,0.0
NT348,SPIRE ELLAND HOSPITAL,100,General Surgery Service,2027-05-01,67.55859375,8.0,9,0,0.0,67.558594,9.0,0.0,0.0
NVC13,OAKS HOSPITAL,110,Trauma and Orthopaedic Service,2027-05-01,67.5465316772461,6.0,12,0,0.0,67.546532,12.0,0.0,0.0
NT423,MANOR HOSPITAL,110,Trauma and Orthopaedic Service,2027-05-01,67.36898803710938,6.0,12,0,0.0,67.368988,12.0,0.0,0.0
NT411,CLEMENTINE CHURCHILL HOSPITAL,100,General Surgery Service,2027-05-01,66.86750793457031,8.0,9,0,0.0,66.867508,9.0,0.0,0.0
NT321,SPIRE LITTLE ASTON HOSPITAL,100,General Surgery Service,2027-05-01,66.31778717041016,8.0,9,0,0.0,66.317787,9.0,0.0,0.0
NTPH3,PRACTICE PLUS GROUP SURGICAL CENTRE - DEVIZES,502,Gynaecology Service,2027-05-01,66.11797332763672,7.0,10,0,0.0,66.117973,10.0,0.0,0.0
G3Z1Q,SULIS HOSPITAL BATH (FOXCOTE AVENUE),502,Gynaecology Service,2027-05-01,64.85794067382812,7.0,10,0,0.0,64.857941,10.0,0.0,0.0
NT433,SARUM ROAD HOSPITAL,110,Trauma and Orthopaedic Service,2027-05-01,64.84283447265625,6.0,11,0,0.0,64.842834,11.0,0.0,0.0
NTPH1,PRACTICE PLUS GROUP HOSPITAL - SHEPTON MALLET,120,Ear Nose and Throat Service,2027-05-01,63.787986755371094,8.0,8,0,0.0,63.787987,8.0,0.0,0.0
NTE02,ST HUGH'S HOSPITAL,100,General Surgery Service,2027-05-01,61.52623748779297,8.0,8,0,0.0,61.526237,8.0,0.0,0.0
NT215,"NUFFIELD HEALTH, EXETER HOSPITAL",100,General Surgery Service,2027-05-01,60.87362289428711,8.0,8,0,0.0,60.873623,8.0,0.0,0.0
NT429,PRIORY HOSPITAL,110,Trauma and Orthopaedic Service,2027-05-01,60.701175689697266,6.0,11,0,0.0,60.701176,11.0,0.0,0.0
NVC44,THE WESTBOURNE CENTRE,100,General Surgery Service,2027-05-01,60.6412467956543,8.0,8,0,0.0,60.641247,8.0,0.0,0.0
NT314,SPIRE LONDON EAST,100,General Surgery Service,2027-05-01,60.30675506591797,8.0,8,0,0.0,60.306755,8.0,0.0,0.0
RBV,THE CHRISTIE NHS FOUNDATION TRUST,101,Urology Service,2027-05-01,60.067626953125,8.0,8,0,0.0,60.067627,8.0,0.0,0.0
NVC16,RENACRES HOSPITAL,100,General Surgery Service,2027-05-01,59.25830841064453,8.0,8,0,0.0,59.258308,8.0,0.0,0.0
NT344,SPIRE DUNEDIN HOSPITAL,110,Trauma and Orthopaedic Service,2027-05-01,58.258975982666016,6.0,10,0,0.0,58.258976,10.0,0.0,0.0
NTP15,PRACTICE PLUS GROUP HOSPITAL - ILFORD,101,Urology Service,2027-05-01,57.38764572143555,8.0,8,0,0.0,57.387646,8.0,0.0,0.0
NT421,KINGS OAK HOSPITAL,110,Trauma and Orthopaedic Service,2027-05-01,57.01578903198242,6.0,10,0,0.0,57.015789,10.0,0.0,0.0
RNS,NORTHAMPTON GENERAL HOSPITAL NHS TRUST,160,Plastic Surgery Service,2027-05-01,56.779579162597656,8.0,8,0,0.0,56.779579,8.0,0.0,0.0
NT313,SPIRE WELLESLEY HOSPITAL,160,Plastic Surgery Service,2027-05-01,56.38862991333008,8.0,8,0,0.0,56.38863,8.0,0.0,0.0
NT419,HARBOUR HOSPITAL,110,Trauma and Orthopaedic Service,2027-05-01,55.94322204589844,6.0,10,0,0.0,55.943222,10.0,0.0,0.0
RKE,WHITTINGTON HEALTH NHS TRUST,120,Ear Nose and Throat Service,2027-05-01,55.37357711791992,8.0,7,0,0.0,55.373577,7.0,0.0,0.0
NVC0R,TEES VALLEY HOSPITAL,502,Gynaecology Service,2027-05-01,55.033084869384766,7.0,8,0,0.0,55.033085,8.0,0.0,0.0
RMP,TAMESIDE AND GLOSSOP INTEGRATED CARE NHS FOUNDATION TRUST,101,Urology Service,2027-05-01,54.85853576660156,8.0,7,0,0.0,54.858536,7.0,0.0,0.0
NT451,CAVELL HOSPITAL,110,Trauma and Orthopaedic Service,2027-05-01,54.109317779541016,6.0,10,0,0.0,54.109318,10.0,0.0,0.0
NT457,WOODLANDS HOSPITAL,502,Gynaecology Service,2027-05-01,53.261783599853516,7.0,8,0,0.0,53.261784,8.0,0.0,0.0
NT205,"NUFFIELD HEALTH, BRIGHTON HOSPITAL",101,Urology Service,2027-05-01,52.64427185058594,8.0,7,0,0.0,52.644272,7.0,0.0,0.0
NT213,"NUFFIELD HEALTH, DERBY HOSPITAL",100,General Surgery Service,2027-05-01,52.56418991088867,8.0,7,0,0.0,52.56419,7.0,0.0,0.0
RXW,THE SHREWSBURY AND TELFORD HOSPITAL NHS TRUST,170,Cardiothoracic Surgery Service,2027-05-01,52.37769317626953,8.0,7,0,0.0,52.377693,7.0,0.0,0.0
NT448,HUDDERSFIELD PRIVATE HOSPITAL,100,General Surgery Service,2027-05-01,52.28413391113281,8.0,7,0,0.0,52.284134,7.0,0.0,0.0
NT416,HENDON HOSPITAL,100,General Surgery Service,2027-05-01,51.76477813720703,8.0,7,0,0.0,51.764778,7.0,0.0,0.0
NTPH5,PRACTICE PLUS GROUP HOSPITAL - PLYMOUTH,100,General Surgery Service,2027-05-01,51.53118133544922,8.0,7,0,0.0,51.531181,7.0,0.0,0.0
NVC06,FITZWILLIAM HOSPITAL,502,Gynaecology Service,2027-05-01,50.61570358276367,7.0,8,0,0.0,50.615704,8.0,0.0,0.0
NT447,DUCHY HOSPITAL,110,Trauma and Orthopaedic Service,2027-05-01,50.02973937988281,6.0,9,0,0.0,50.029739,9.0,0.0,0.0
NVC02,THE BERKSHIRE INDEPENDENT HOSPITAL,101,Urology Service,2027-05-01,49.713253021240234,8.0,7,0,0.0,49.713253,7.0,0.0,0.0
R0F4N,NUFFIELD HEALTH PARKSIDE HOSPITAL,101,Urology Service,2027-05-01,49.5014762878418,8.0,7,0,0.0,49.501476,7.0,0.0,0.0
NVC20,THE YORKSHIRE CLINIC,160,Plastic Surgery Service,2027-05-01,49.49320602416992,8.0,7,0,0.0,49.493206,7.0,0.0,0.0
NT350,SPIRE METHLEY PARK HOSPITAL,100,General Surgery Service,2027-05-01,49.29548645019531,8.0,7,0,0.0,49.295486,7.0,0.0,0.0
NVC11,NORTH DOWNS HOSPITAL,100,General Surgery Service,2027-05-01,49.267662048339844,8.0,7,0,0.0,49.267662,7.0,0.0,0.0
NT332,SPIRE LEEDS HOSPITAL,100,General Surgery Service,2027-05-01,48.931396484375,8.0,7,0,0.0,48.931396,7.0,0.0,0.0
NVC17,ROWLEY HALL HOSPITAL,502,Gynaecology Service,2027-05-01,48.4291877746582,7.0,7,0,0.0,48.429188,7.0,0.0,0.0
RTD,THE NEWCASTLE UPON TYNE HOSPITALS NHS FOUNDATION TRUST,170,Cardiothoracic Surgery Service,2027-05-01,48.33855056762695,8.0,7,0,0.0,48.338551,7.0,0.0,0.0
NT333,SPIRE WASHINGTON HOSPITAL,100,General Surgery Service,2027-05-01,47.82590866088867,8.0,6,0,0.0,47.825909,6.0,0.0,0.0
RBL,WIRRAL UNIVERSITY TEACHING HOSPITAL NHS FOUNDATION TRUST,100,General Surgery Service,2027-05-01,47.71821975708008,8.0,6,0,0.0,47.71822,6.0,0.0,0.0
NVC16,RENACRES HOSPITAL,101,Urology Service,2027-05-01,46.65266418457031,8.0,6,0,0.0,46.652664,6.0,0.0,0.0
NT418,HAMPSHIRE CLINIC,110,Trauma and Orthopaedic Service,2027-05-01,46.55179214477539,6.0,8,0,0.0,46.551792,8.0,0.0,0.0
NTPH3,PRACTICE PLUS GROUP SURGICAL CENTRE - DEVIZES,101,Urology Service,2027-05-01,46.052669525146484,8.0,6,0,0.0,46.05267,6.0,0.0,0.0
NVC27,BOSTON WEST HOSPITAL,100,General Surgery Service,2027-05-01,46.03993606567383,8.0,6,0,0.0,46.039936,6.0,0.0,0.0
NVC14,PARK HILL HOSPITAL,100,General Surgery Service,2027-05-01,45.395503997802734,8.0,6,0,0.0,45.395504,6.0,0.0,0.0
NT347,SPIRE FYLDE COAST HOSPITAL,502,Gynaecology Service,2027-05-01,44.76453399658203,7.0,7,0,0.0,44.764534,7.0,0.0,0.0
NT401,ALEXANDRA HOSPITAL,100,General Surgery Service,2027-05-01,44.50614929199219,8.0,6,0,0.0,44.506149,6.0,0.0,0.0
RNQ,KETTERING GENERAL HOSPITAL NHS FOUNDATION TRUST,160,Plastic Surgery Service,2027-05-01,44.4542121887207,8.0,6,0,0.0,44.454212,6.0,0.0,0.0
K8I4X,GLENDON WOOD HOSPITAL,100,General Surgery Service,2027-05-01,44.223114013671875,8.0,6,0,0.0,44.223114,6.0,0.0,0.0
NVC40,WOODTHORPE HOSPITAL,502,Gynaecology Service,2027-05-01,43.72243881225586,7.0,7,0,0.0,43.722439,7.0,0.0,0.0
NTE02,ST HUGH'S HOSPITAL,502,Gynaecology Service,2027-05-01,43.689353942871094,7.0,7,0,0.0,43.689354,7.0,0.0,0.0
NT224,"NUFFIELD HEALTH, WARWICKSHIRE HOSPITAL",100,General Surgery Service,2027-05-01,43.67750930786133,8.0,6,0,0.0,43.677509,6.0,0.0,0.0
NTPH2,PRACTICE PLUS GROUP HOSPITAL - EMERSONS GREEN,101,Urology Service,2027-05-01,43.548973083496094,8.0,6,0,0.0,43.548973,6.0,0.0,0.0
R0F4N,NUFFIELD HEALTH PARKSIDE HOSPITAL,160,Plastic Surgery Service,2027-05-01,42.889686584472656,8.0,6,0,0.0,42.889687,6.0,0.0,0.0
NVC18,SPRINGFIELD HOSPITAL,120,Ear Nose and Throat Service,2027-05-01,42.70347595214844,8.0,6,0,0.0,42.703476,6.0,0.0,0.0
NT416,HENDON HOSPITAL,110,Trauma and Orthopaedic Service,2027-05-01,42.67973709106445,6.0,8,0,0.0,42.679737,8.0,0.0,0.0
NVC07,FULWOOD HALL HOSPITAL,502,Gynaecology Service,2027-05-01,42.20057678222656,7.0,7,0,0.0,42.200577,7.0,0.0,0.0
NT457,WOODLANDS HOSPITAL,101,Urology Service,2027-05-01,41.75590133666992,8.0,6,0,0.0,41.755901,6.0,0.0,0.0
NN5,MANCHESTER SURGICAL SERVICES LTD,110,Trauma and Orthopaedic Service,2027-05-01,41.63361740112305,6.0,7,0,0.0,41.633617,7.0,0.0,0.0
RJ1,GUY'S AND ST THOMAS' NHS FOUNDATION TRUST,170,Cardiothoracic Surgery Service,2027-05-01,41.21395492553711,8.0,6,0,0.0,41.213955,6.0,0.0,0.0
B3M1X,CLAREMONT PRIVATE HOSPITAL,502,Gynaecology Service,2027-05-01,40.89445495605469,7.0,6,0,0.0,40.894455,6.0,0.0,0.0
NAM01,PROBUS SURGICAL CENTRE,101,Urology Service,2027-05-01,40.75197219848633,8.0,6,0,0.0,40.751972,6.0,0.0,0.0
NVC44,THE WESTBOURNE CENTRE,110,Trauma and Orthopaedic Service,2027-05-01,40.576873779296875,6.0,7,0,0.0,40.576874,7.0,0.0,0.0
NT315,SPIRE BUSHEY HOSPITAL,100,General Surgery Service,2027-05-01,39.617774963378906,8.0,5,0,0.0,39.617775,5.0,0.0,0.0
NT404,BEAUMONT HOSPITAL,502,Gynaecology Service,2027-05-01,39.47685623168945,7.0,6,0,0.0,39.476856,6.0,0.0,0.0
NT406,BLACKHEATH HOSPITAL,502,Gynaecology Service,2027-05-01,39.19180679321289,7.0,6,0,0.0,39.191807,6.0,0.0,0.0
NWF01,BENENDEN HOSPITAL,100,General Surgery Service,2027-05-01,38.34907531738281,8.0,5,0,0.0,38.349075,5.0,0.0,0.0
RPY,THE ROYAL MARSDEN NHS FOUNDATION TRUST,140,Oral Surgery Service,2027-05-01,38.05137634277344,8.0,5,0,0.0,38.051376,5.0,0.0,0.0
NT337,SPIRE LIVERPOOL HOSPITAL,101,Urology Service,2027-05-01,37.69903564453125,8.0,5,0,0.0,37.699036,5.0,0.0,0.0
NT204,"NUFFIELD HEALTH, BRENTWOOD HOSPITAL",120,Ear Nose and Throat Service,2027-05-01,37.295654296875,8.0,5,0,0.0,37.295654,5.0,0.0,0.0
NVM,EPSOMEDICAL GROUP,110,Trauma and Orthopaedic Service,2027-05-01,37.087120056152344,6.0,7,0,0.0,37.08712,7.0,0.0,0.0
RPY,THE ROYAL MARSDEN NHS FOUNDATION TRUST,100,General Surgery Service,2027-05-01,37.000205993652344,8.0,5,0,0.0,37.000206,5.0,0.0,0.0
ADP02,KIMS HOSPITAL (NEWNHAM COURT),502,Gynaecology Service,2027-05-01,36.774959564208984,7.0,6,0,0.0,36.77496,6.0,0.0,0.0
RCX,"THE QUEEN ELIZABETH HOSPITAL, KING'S LYNN, NHS FOUNDATION TRUST",160,Plastic Surgery Service,2027-05-01,36.69102478027344,8.0,5,0,0.0,36.691025,5.0,0.0,0.0
NT318,SPIRE NORWICH HOSPITAL,100,General Surgery Service,2027-05-01,36.487693786621094,8.0,5,0,0.0,36.487694,5.0,0.0,0.0
NT422,LONDON INDEPENDENT HOSPITAL,101,Urology Service,2027-05-01,35.98886489868164,8.0,5,0,0.0,35.988865,5.0,0.0,0.0
NT337,SPIRE LIVERPOOL HOSPITAL,120,Ear Nose and Throat Service,2027-05-01,35.135311126708984,8.0,5,0,0.0,35.135311,5.0,0.0,0.0
NVC1H,STOURSIDE HOSPITAL,101,Urology Service,2027-05-01,35.1274528503418,8.0,5,0,0.0,35.127453,5.0,0.0,0.0
NT219,"NUFFIELD HEALTH, HEREFORD HOSPITAL",100,General Surgery Service,2027-05-01,34.830039978027344,8.0,5,0,0.0,34.83004,5.0,0.0,0.0
NVC40,WOODTHORPE HOSPITAL,101,Urology Service,2027-05-01,34.649837493896484,8.0,5,0,0.0,34.649837,5.0,0.0,0.0
B3M1X,CLAREMONT PRIVATE HOSPITAL,120,Ear Nose and Throat Service,2027-05-01,34.637020111083984,8.0,5,0,0.0,34.63702,5.0,0.0,0.0
NT423,MANOR HOSPITAL,502,Gynaecology Service,2027-05-01,34.50727081298828,7.0,5,0,0.0,34.507271,5.0,0.0,0.0
NVC23,WOODLAND HOSPITAL,101,Urology Service,2027-05-01,34.37253952026367,8.0,5,0,0.0,34.37254,5.0,0.0,0.0
AAH,TETBURY HOSPITAL TRUST LTD,140,Oral Surgery Service,2027-05-01,34.09343719482422,8.0,5,0,0.0,34.093437,5.0,0.0,0.0
NVC11,NORTH DOWNS HOSPITAL,502,Gynaecology Service,2027-05-01,33.705596923828125,7.0,5,0,0.0,33.705597,5.0,0.0,0.0
NVC19,RIVERS HOSPITAL,502,Gynaecology Service,2027-05-01,33.61726379394531,7.0,5,0,0.0,33.617264,5.0,0.0,0.0
NT351,SPIRE HULL AND EAST RIDING HOSPITAL,150,Neurosurgical Service,2027-05-01,33.59058380126953,8.0,5,0,0.0,33.590584,5.0,0.0,0.0
NVC18,SPRINGFIELD HOSPITAL,502,Gynaecology Service,2027-05-01,33.45585250854492,7.0,5,0,0.0,33.455853,5.0,0.0,0.0
NVC23,WOODLAND HOSPITAL,502,Gynaecology Service,2027-05-01,33.44916534423828,7.0,5,0,0.0,33.449165,5.0,0.0,0.0
NT332,SPIRE LEEDS HOSPITAL,160,Plastic Surgery Service,2027-05-01,33.023887634277344,8.0,5,0,0.0,33.023888,5.0,0.0,0.0
NT324,SPIRE CHESHIRE HOSPITAL,120,Ear Nose and Throat Service,2027-05-01,32.83509063720703,8.0,5,0,0.0,32.835091,5.0,0.0,0.0
AAH,TETBURY HOSPITAL TRUST LTD,100,General Surgery Service,2027-05-01,32.57108688354492,8.0,5,0,0.0,32.571087,5.0,0.0,0.0
G3Q3Z,NUFFIELD HEALTH HIGHGATE HOSPITAL,160,Plastic Surgery Service,2027-05-01,32.41083908081055,8.0,5,0,0.0,32.410839,5.0,0.0,0.0
NT409,CHELSFIELD PARK HOSPITAL,100,General Surgery Service,2027-05-01,32.14795684814453,8.0,5,0,0.0,32.147957,5.0,0.0,0.0
NVC17,ROWLEY HALL HOSPITAL,100,General Surgery Service,2027-05-01,32.07190704345703,8.0,5,0,0.0,32.071907,5.0,0.0,0.0
B3M1X,CLAREMONT PRIVATE HOSPITAL,101,Urology Service,2027-05-01,31.98330307006836,8.0,4,0,0.0,31.983303,4.0,0.0,0.0
NT403,BEARDWOOD HOSPITAL,502,Gynaecology Service,2027-05-01,31.786903381347656,7.0,5,0,0.0,31.786903,5.0,0.0,0.0
NTPAD,PRACTICE PLUS GROUP SURGICAL CENTRE - ST MARYS PORTSMOUTH,120,Ear Nose and Throat Service,2027-05-01,31.731353759765625,8.0,4,0,0.0,31.731354,4.0,0.0,0.0
NT320,SPIRE PARKWAY HOSPITAL,100,General Surgery Service,2027-05-01,31.335872650146484,8.0,4,0,0.0,31.335873,4.0,0.0,0.0
NVC15,PINEHILL HOSPITAL,120,Ear Nose and Throat Service,2027-05-01,31.003143310546875,8.0,4,0,0.0,31.003143,4.0,0.0,0.0
NT3X3,SPIRE ST ANTHONY'S HOSPITAL,110,Trauma and Orthopaedic Service,2027-05-01,30.925167083740234,6.0,6,0,0.0,30.925167,6.0,0.0,0.0
NT211,"NUFFIELD HEALTH, CHELTENHAM HOSPITAL",110,Trauma and Orthopaedic Service,2027-05-01,30.583528518676758,6.0,6,0,0.0,30.583529,6.0,0.0,0.0
NT435,SHELBURNE HOSPITAL,110,Trauma and Orthopaedic Service,2027-05-01,30.108842849731445,6.0,6,0,0.0,30.108843,6.0,0.0,0.0
NEY,PIONEER HEALTHCARE LIMITED,110,Trauma and Orthopaedic Service,2027-05-01,30.10728645324707,6.0,6,0,0.0,30.107286,6.0,0.0,0.0
NVC20,THE YORKSHIRE CLINIC,502,Gynaecology Service,2027-05-01,30.054584503173828,7.0,5,0,0.0,30.054585,5.0,0.0,0.0
NVC0Y,EXETER MEDICAL,101,Urology Service,2027-05-01,30.052688598632812,8.0,4,0,0.0,30.052689,4.0,0.0,0.0
NT324,SPIRE CHESHIRE HOSPITAL,160,Plastic Surgery Service,2027-05-01,29.5529727935791,8.0,4,0,0.0,29.552973,4.0,0.0,0.0
NT312,SPIRE ALEXANDRA HOSPITAL,100,General Surgery Service,2027-05-01,29.417346954345703,8.0,4,0,0.0,29.417347,4.0,0.0,0.0
NVC0I,BEACON PARK HOSPITAL,101,Urology Service,2027-05-01,29.122352600097656,8.0,4,0,0.0,29.122353,4.0,0.0,0.0
NTPH1,PRACTICE PLUS GROUP HOSPITAL - SHEPTON MALLET,101,Urology Service,2027-05-01,28.85994529724121,8.0,4,0,0.0,28.859945,4.0,0.0,0.0
NVC02,THE BERKSHIRE INDEPENDENT HOSPITAL,160,Plastic Surgery Service,2027-05-01,28.718595504760742,8.0,4,0,0.0,28.718596,4.0,0.0,0.0
NVC13,OAKS HOSPITAL,100,General Surgery Service,2027-05-01,28.51272964477539,8.0,4,0,0.0,28.51273,4.0,0.0,0.0
RBV,THE CHRISTIE NHS FOUNDATION TRUST,502,Gynaecology Service,2027-05-01,28.366117477416992,7.0,5,0,0.0,28.366117,5.0,0.0,0.0
NVC0I,BEACON PARK HOSPITAL,502,Gynaecology Service,2027-05-01,28.331844329833984,7.0,5,0,0.0,28.331844,5.0,0.0,0.0
NT404,BEAUMONT HOSPITAL,101,Urology Service,2027-05-01,27.992372512817383,8.0,4,0,0.0,27.992373,4.0,0.0,0.0
ADP02,KIMS HOSPITAL (NEWNHAM COURT),100,General Surgery Service,2027-05-01,27.506237030029297,8.0,4,0,0.0,27.506237,4.0,0.0,0.0
NTPH3,PRACTICE PLUS GROUP SURGICAL CENTRE - DEVIZES,120,Ear Nose and Throat Service,2027-05-01,27.377113342285156,8.0,4,0,0.0,27.377113,4.0,0.0,0.0
H4I8B,NUFFIELD HEALTH THE HOLLY HOSPITAL,120,Ear Nose and Throat Service,2027-05-01,26.979488372802734,8.0,4,0,0.0,26.979488,4.0,0.0,0.0
NTPH1,PRACTICE PLUS GROUP HOSPITAL - SHEPTON MALLET,502,Gynaecology Service,2027-05-01,26.839445114135742,7.0,4,0,0.0,26.839445,4.0,0.0,0.0
NT204,"NUFFIELD HEALTH, BRENTWOOD HOSPITAL",101,Urology Service,2027-05-01,26.664161682128906,8.0,4,0,0.0,26.664162,4.0,0.0,0.0
NT490,SOUTHEND PRIVATE HOSPITAL,110,Trauma and Orthopaedic Service,2027-05-01,26.627178192138672,6.0,5,0,0.0,26.627178,5.0,0.0,0.0
NT345,SPIRE CLARE PARK HOSPITAL,110,Trauma and Orthopaedic Service,2027-05-01,26.586441040039062,6.0,5,0,0.0,26.586441,5.0,0.0,0.0
R0F4N,NUFFIELD HEALTH PARKSIDE HOSPITAL,100,General Surgery Service,2027-05-01,26.536605834960938,8.0,4,0,0.0,26.536606,4.0,0.0,0.0
NVC27,BOSTON WEST HOSPITAL,101,Urology Service,2027-05-01,26.526260375976562,8.0,4,0,0.0,26.52626,4.0,0.0,0.0
NEY,PIONEER HEALTHCARE LIMITED,150,Neurosurgical Service,2027-05-01,26.476940155029297,8.0,4,0,0.0,26.47694,4.0,0.0,0.0
NT316,SPIRE HARPENDEN HOSPITAL,120,Ear Nose and Throat Service,2027-05-01,26.4464168548584,8.0,4,0,0.0,26.446417,4.0,0.0,0.0
NVC05,EUXTON HALL HOSPITAL,502,Gynaecology Service,2027-05-01,26.30447769165039,7.0,4,0,0.0,26.304478,4.0,0.0,0.0
NT314,SPIRE LONDON EAST,502,Gynaecology Service,2027-05-01,26.157094955444336,7.0,4,0,0.0,26.157095,4.0,0.0,0.0
RPY,THE ROYAL MARSDEN NHS FOUNDATION TRUST,160,Plastic Surgery Service,2027-05-01,26.054399490356445,8.0,4,0,0.0,26.054399,4.0,0.0,0.0
RA7,UNIVERSITY HOSPITALS BRISTOL AND WESTON NHS FOUNDATION TRUST,100,General Surgery Service,2027-05-01,25.668556213378906,8.0,4,0,0.0,25.668556,4.0,0.0,0.0
RCF,AIREDALE NHS FOUNDATION TRUST,160,Plastic Surgery Service,2027-05-01,25.655086517333984,8.0,4,0,0.0,25.655087,4.0,0.0,0.0
RPY,THE ROYAL MARSDEN NHS FOUNDATION TRUST,101,Urology Service,2027-05-01,25.563127517700195,8.0,4,0,0.0,25.563128,4.0,0.0,0.0
NT455,MOUNT ALVERNIA HOSPITAL,110,Trauma and Orthopaedic Service,2027-05-01,25.435001373291016,6.0,5,0,0.0,25.435001,5.0,0.0,0.0
NVC0Y,EXETER MEDICAL,110,Trauma and Orthopaedic Service,2027-05-01,25.219785690307617,6.0,5,0,0.0,25.219786,5.0,0.0,0.0
RWH,EAST AND NORTH HERTFORDSHIRE TEACHING NHS TRUST,170,Cardiothoracic Surgery Service,2027-05-01,24.711061477661133,8.0,4,0,0.0,24.711061,4.0,0.0,0.0
NT202,"NUFFIELD HEALTH, BOURNEMOUTH HOSPITAL",100,General Surgery Service,2027-05-01,24.699901580810547,8.0,4,0,0.0,24.699902,4.0,0.0,0.0
NTE02,ST HUGH'S HOSPITAL,101,Urology Service,2027-05-01,24.519943237304688,8.0,4,0,0.0,24.519943,4.0,0.0,0.0
NT431,RUNNYMEDE HOSPITAL,110,Trauma and Orthopaedic Service,2027-05-01,24.516281127929688,6.0,5,0,0.0,24.516281,5.0,0.0,0.0
NT409,CHELSFIELD PARK HOSPITAL,502,Gynaecology Service,2027-05-01,24.072113037109375,7.0,4,0,0.0,24.072113,4.0,0.0,0.0
NT315,SPIRE BUSHEY HOSPITAL,120,Ear Nose and Throat Service,2027-05-01,23.900997161865234,8.0,3,0,0.0,23.900997,3.0,0.0,0.0
NT443,WINTERBOURNE HOSPITAL,100,General Surgery Service,2027-05-01,23.868745803833008,8.0,3,0,0.0,23.868746,3.0,0.0,0.0
NT437,SLOANE HOSPITAL,100,General Surgery Service,2027-05-01,23.81773567199707,8.0,3,0,0.0,23.817736,3.0,0.0,0.0
NVC01,ASHTEAD HOSPITAL,502,Gynaecology Service,2027-05-01,23.76775360107422,7.0,4,0,0.0,23.767754,4.0,0.0,0.0
NT313,SPIRE WELLESLEY HOSPITAL,100,General Surgery Service,2027-05-01,23.754404067993164,8.0,3,0,0.0,23.754404,3.0,0.0,0.0
NT416,HENDON HOSPITAL,502,Gynaecology Service,2027-05-01,23.461353302001953,7.0,4,0,0.0,23.461353,4.0,0.0,0.0
NT448,HUDDERSFIELD PRIVATE HOSPITAL,502,Gynaecology Service,2027-05-01,23.42894172668457,7.0,4,0,0.0,23.428942,4.0,0.0,0.0
NVC01,ASHTEAD HOSPITAL,101,Urology Service,2027-05-01,23.414968490600586,8.0,3,0,0.0,23.414968,3.0,0.0,0.0
NVC27,BOSTON WEST HOSPITAL,502,Gynaecology Service,2027-05-01,23.152650833129883,7.0,4,0,0.0,23.152651,4.0,0.0,0.0
NT30A,SPIRE NOTTINGHAM HOSPITAL,100,General Surgery Service,2027-05-01,23.14914321899414,8.0,3,0,0.0,23.149143,3.0,0.0,0.0
NVC02,THE BERKSHIRE INDEPENDENT HOSPITAL,100,General Surgery Service,2027-05-01,23.077011108398438,8.0,3,0,0.0,23.077011,3.0,0.0,0.0
NVC09,NEW HALL HOSPITAL,502,Gynaecology Service,2027-05-01,23.067121505737305,7.0,4,0,0.0,23.067122,4.0,0.0,0.0
NT230,"NUFFIELD HEALTH, NORTH STAFFORDSHIRE HOSPITAL",100,General Surgery Service,2027-05-01,22.880735397338867,8.0,3,0,0.0,22.880735,3.0,0.0,0.0
NT408,CHAUCER HOSPITAL,100,General Surgery Service,2027-05-01,22.42677116394043,8.0,3,0,0.0,22.426771,3.0,0.0,0.0
NVC09,NEW HALL HOSPITAL,101,Urology Service,2027-05-01,22.250558853149414,8.0,3,0,0.0,22.250559,3.0,0.0,0.0
RAJ,MID AND SOUTH ESSEX NHS FOUNDATION TRUST,150,Neurosurgical Service,2027-05-01,22.111989974975586,8.0,3,0,0.0,22.11199,3.0,0.0,0.0
NT233,"NUFFIELD HEALTH, PLYMOUTH HOSPITAL",160,Plastic Surgery Service,2027-05-01,21.82229232788086,8.0,3,0,0.0,21.822292,3.0,0.0,0.0
NT333,SPIRE WASHINGTON HOSPITAL,150,Neurosurgical Service,2027-05-01,21.78333282470703,8.0,3,0,0.0,21.783333,3.0,0.0,0.0
NT347,SPIRE FYLDE COAST HOSPITAL,120,Ear Nose and Throat Service,2027-05-01,21.422046661376953,8.0,3,0,0.0,21.422047,3.0,0.0,0.0
NT403,BEARDWOOD HOSPITAL,101,Urology Service,2027-05-01,21.405330657958984,8.0,3,0,0.0,21.405331,3.0,0.0,0.0
H4I8B,NUFFIELD HEALTH THE HOLLY HOSPITAL,502,Gynaecology Service,2027-05-01,21.362552642822266,7.0,4,0,0.0,21.362553,4.0,0.0,0.0
NT308,SPIRE GATWICK PARK HOSPITAL,100,General Surgery Service,2027-05-01,21.25276756286621,8.0,3,0,0.0,21.252768,3.0,0.0,0.0
NT406,BLACKHEATH HOSPITAL,100,General Surgery Service,2027-05-01,21.03291893005371,8.0,3,0,0.0,21.032919,3.0,0.0,0.0
NLE01,LANCASTER HOUSE CONSULTING DIAGNOSTICS SURGICAL LTD HQ,101,Urology Service,2027-05-01,20.70458984375,8.0,3,0,0.0,20.70459,3.0,0.0,0.0
NT241,"NUFFIELD HEALTH, WOKING HOSPITAL",502,Gynaecology Service,2027-05-01,20.668685913085938,7.0,3,0,0.0,20.668686,3.0,0.0,0.0
NT423,MANOR HOSPITAL,100,General Surgery Service,2027-05-01,20.454193115234375,8.0,3,0,0.0,20.454193,3.0,0.0,0.0
NT315,SPIRE BUSHEY HOSPITAL,502,Gynaecology Service,2027-05-01,20.423856735229492,7.0,3,0,0.0,20.423857,3.0,0.0,0.0
NVC11,NORTH DOWNS HOSPITAL,101,Urology Service,2027-05-01,20.40570068359375,8.0,3,0,0.0,20.405701,3.0,0.0,0.0
RAN,ROYAL NATIONAL ORTHOPAEDIC HOSPITAL NHS TRUST,101,Urology Service,2027-05-01,20.086868286132812,8.0,3,0,0.0,20.086868,3.0,0.0,0.0
NT418,HAMPSHIRE CLINIC,502,Gynaecology Service,2027-05-01,19.906044006347656,7.0,3,0,0.0,19.906044,3.0,0.0,0.0
NT205,"NUFFIELD HEALTH, BRIGHTON HOSPITAL",100,General Surgery Service,2027-05-01,19.782182693481445,8.0,3,0,0.0,19.782183,3.0,0.0,0.0
NN4,TYNESIDE SURGICAL SERVICES LTD,101,Urology Service,2027-05-01,19.562435150146484,8.0,3,0,0.0,19.562435,3.0,0.0,0.0
RCB,YORK AND SCARBOROUGH TEACHING HOSPITALS NHS FOUNDATION TRUST,100,General Surgery Service,2027-05-01,19.53068733215332,8.0,3,0,0.0,19.530687,3.0,0.0,0.0
NVC19,RIVERS HOSPITAL,120,Ear Nose and Throat Service,2027-05-01,19.054420471191406,8.0,3,0,0.0,19.05442,3.0,0.0,0.0
NT404,BEAUMONT HOSPITAL,120,Ear Nose and Throat Service,2027-05-01,18.51469612121582,8.0,3,0,0.0,18.514696,3.0,0.0,0.0
AAH,TETBURY HOSPITAL TRUST LTD,120,Ear Nose and Throat Service,2027-05-01,18.40843963623047,8.0,3,0,0.0,18.40844,3.0,0.0,0.0
NT427,PARK HOSPITAL,100,General Surgery Service,2027-05-01,18.35489273071289,8.0,3,0,0.0,18.354893,3.0,0.0,0.0
RNS,NORTHAMPTON GENERAL HOSPITAL NHS TRUST,170,Cardiothoracic Surgery Service,2027-05-01,18.352243423461914,8.0,3,0,0.0,18.352243,3.0,0.0,0.0
AAH,TETBURY HOSPITAL TRUST LTD,110,Trauma and Orthopaedic Service,2027-05-01,18.177793502807617,6.0,4,0,0.0,18.177794,4.0,0.0,0.0
NVC0Y,EXETER MEDICAL,160,Plastic Surgery Service,2027-05-01,17.534452438354492,8.0,3,0,0.0,17.534452,3.0,0.0,0.0
RJZ,KING'S COLLEGE HOSPITAL NHS FOUNDATION TRUST,160,Plastic Surgery Service,2027-05-01,17.504091262817383,8.0,3,0,0.0,17.504091,3.0,0.0,0.0
NT324,SPIRE CHESHIRE HOSPITAL,101,Urology Service,2027-05-01,17.37189292907715,8.0,3,0,0.0,17.371893,3.0,0.0,0.0
NT403,BEARDWOOD HOSPITAL,120,Ear Nose and Throat Service,2027-05-01,17.164976119995117,8.0,3,0,0.0,17.164976,3.0,0.0,0.0
NWF01,BENENDEN HOSPITAL,120,Ear Nose and Throat Service,2027-05-01,17.145151138305664,8.0,3,0,0.0,17.145151,3.0,0.0,0.0
RWJ,STOCKPORT NHS FOUNDATION TRUST,140,Oral Surgery Service,2027-05-01,16.664289474487305,8.0,3,0,0.0,16.664289,3.0,0.0,0.0
NVC23,WOODLAND HOSPITAL,160,Plastic Surgery Service,2027-05-01,16.53246307373047,8.0,3,0,0.0,16.532463,3.0,0.0,0.0
NVC09,NEW HALL HOSPITAL,100,General Surgery Service,2027-05-01,16.445104598999023,8.0,3,0,0.0,16.445105,3.0,0.0,0.0
NT428,PRINCESS MARGARET HOSPITAL,110,Trauma and Orthopaedic Service,2027-05-01,16.43391990661621,6.0,3,0,0.0,16.43392,3.0,0.0,0.0
NT347,SPIRE FYLDE COAST HOSPITAL,101,Urology Service,2027-05-01,16.430749893188477,8.0,3,0,0.0,16.43075,3.0,0.0,0.0
NVC17,ROWLEY HALL HOSPITAL,101,Urology Service,2027-05-01,16.357118606567383,8.0,3,0,0.0,16.357119,3.0,0.0,0.0
RAL,ROYAL FREE LONDON NHS FOUNDATION TRUST,150,Neurosurgical Service,2027-05-01,16.35481834411621,8.0,3,0,0.0,16.354818,3.0,0.0,0.0
NT337,SPIRE LIVERPOOL HOSPITAL,160,Plastic Surgery Service,2027-05-01,16.00288200378418,8.0,3,0,0.0,16.002882,3.0,0.0,0.0
NT431,RUNNYMEDE HOSPITAL,100,General Surgery Service,2027-05-01,15.775850296020508,8.0,2,0,0.0,15.77585,2.0,0.0,0.0
NT446,ST EDMUNDS HOSPITAL,100,General Surgery Service,2027-05-01,15.70964241027832,8.0,2,0,0.0,15.709642,2.0,0.0,0.0
NVC13,OAKS HOSPITAL,502,Gynaecology Service,2027-05-01,15.611909866333008,7.0,3,0,0.0,15.61191,3.0,0.0,0.0
NT304,SPIRE SOUTHAMPTON HOSPITAL,100,General Surgery Service,2027-05-01,15.590108871459961,8.0,2,0,0.0,15.590109,2.0,0.0,0.0
NT437,SLOANE HOSPITAL,101,Urology Service,2027-05-01,15.546976089477539,8.0,2,0,0.0,15.546976,2.0,0.0,0.0
NN4,TYNESIDE SURGICAL SERVICES LTD,502,Gynaecology Service,2027-05-01,15.402629852294922,7.0,3,0,0.0,15.40263,3.0,0.0,0.0
R1K,LONDON NORTH WEST UNIVERSITY HEALTHCARE NHS TRUST,160,Plastic Surgery Service,2027-05-01,15.311887741088867,8.0,2,0,0.0,15.311888,2.0,0.0,0.0
NT451,CAVELL HOSPITAL,100,General Surgery Service,2027-05-01,15.287452697753906,8.0,2,0,0.0,15.287453,2.0,0.0,0.0
NT416,HENDON HOSPITAL,101,Urology Service,2027-05-01,15.260675430297852,8.0,2,0,0.0,15.260675,2.0,0.0,0.0
NWF01,BENENDEN HOSPITAL,101,Urology Service,2027-05-01,15.041053771972656,8.0,2,0,0.0,15.041054,2.0,0.0,0.0
NT312,SPIRE ALEXANDRA HOSPITAL,502,Gynaecology Service,2027-05-01,14.894222259521484,7.0,3,0,0.0,14.894222,3.0,0.0,0.0
NT422,LONDON INDEPENDENT HOSPITAL,502,Gynaecology Service,2027-05-01,14.8778076171875,7.0,3,0,0.0,14.877808,3.0,0.0,0.0
RXP,COUNTY DURHAM AND DARLINGTON NHS FOUNDATION TRUST,170,Cardiothoracic Surgery Service,2027-05-01,14.612071990966797,8.0,2,0,0.0,14.612072,2.0,0.0,0.0
NT212,"NUFFIELD HEALTH, CHICHESTER HOSPITAL",100,General Surgery Service,2027-05-01,14.442400932312012,8.0,2,0,0.0,14.442401,2.0,0.0,0.0
NT449,LANCASTER PRIVATE HOSPITAL,502,Gynaecology Service,2027-05-01,14.324382781982422,7.0,3,0,0.0,14.324383,3.0,0.0,0.0
NT345,SPIRE CLARE PARK HOSPITAL,100,General Surgery Service,2027-05-01,14.12582778930664,8.0,2,0,0.0,14.125828,2.0,0.0,0.0
NVC0I,BEACON PARK HOSPITAL,100,General Surgery Service,2027-05-01,14.117560386657715,8.0,2,0,0.0,14.11756,2.0,0.0,0.0
NT344,SPIRE DUNEDIN HOSPITAL,100,General Surgery Service,2027-05-01,14.110465049743652,8.0,2,0,0.0,14.110465,2.0,0.0,0.0
NT430,RIDGEWAY HOSPITAL,100,General Surgery Service,2027-05-01,14.033562660217285,8.0,2,0,0.0,14.033563,2.0,0.0,0.0
RK9,UNIVERSITY HOSPITALS PLYMOUTH NHS TRUST,100,General Surgery Service,2027-05-01,13.7461576461792,8.0,2,0,0.0,13.746158,2.0,0.0,0.0
NT441,THREE SHIRES HOSPITAL,150,Neurosurgical Service,2027-05-01,13.660664558410645,8.0,2,0,0.0,13.660665,2.0,0.0,0.0
NVC12,OAKLANDS HOSPITAL,101,Urology Service,2027-05-01,13.658105850219727,8.0,2,0,0.0,13.658106,2.0,0.0,0.0
NT411,CLEMENTINE CHURCHILL HOSPITAL,502,Gynaecology Service,2027-05-01,13.638384819030762,7.0,2,0,0.0,13.638385,2.0,0.0,0.0
NT239,"NUFFIELD HEALTH, TUNBRIDGE WELLS HOSPITAL",100,General Surgery Service,2027-05-01,13.61479663848877,8.0,2,0,0.0,13.614797,2.0,0.0,0.0
NT447,DUCHY HOSPITAL,100,General Surgery Service,2027-05-01,13.521923065185547,8.0,2,0,0.0,13.521923,2.0,0.0,0.0
NT430,RIDGEWAY HOSPITAL,502,Gynaecology Service,2027-05-01,13.40755844116211,7.0,2,0,0.0,13.407558,2.0,0.0,0.0
AAH,TETBURY HOSPITAL TRUST LTD,502,Gynaecology Service,2027-05-01,13.294623374938965,7.0,2,0,0.0,13.294623,2.0,0.0,0.0
NT448,HUDDERSFIELD PRIVATE HOSPITAL,101,Urology Service,2027-05-01,13.176725387573242,8.0,2,0,0.0,13.176725,2.0,0.0,0.0
NT440,THORNBURY HOSPITAL,502,Gynaecology Service,2027-05-01,12.996236801147461,7.0,2,0,0.0,12.996237,2.0,0.0,0.0
NT320,SPIRE PARKWAY HOSPITAL,502,Gynaecology Service,2027-05-01,12.917369842529297,7.0,2,0,0.0,12.91737,2.0,0.0,0.0
NT209,"NUFFIELD HEALTH, CAMBRIDGE HOSPITAL",150,Neurosurgical Service,2027-05-01,12.679917335510254,8.0,2,0,0.0,12.679917,2.0,0.0,0.0
NT406,BLACKHEATH HOSPITAL,101,Urology Service,2027-05-01,12.651803016662598,8.0,2,0,0.0,12.651803,2.0,0.0,0.0
RJN,EAST CHESHIRE NHS TRUST,160,Plastic Surgery Service,2027-05-01,12.583683013916016,8.0,2,0,0.0,12.583683,2.0,0.0,0.0
NT204,"NUFFIELD HEALTH, BRENTWOOD HOSPITAL",150,Neurosurgical Service,2027-05-01,12.571097373962402,8.0,2,0,0.0,12.571097,2.0,0.0,0.0
NT239,"NUFFIELD HEALTH, TUNBRIDGE WELLS HOSPITAL",150,Neurosurgical Service,2027-05-01,12.528938293457031,8.0,2,0,0.0,12.528938,2.0,0.0,0.0
NT226,"NUFFIELD HEALTH, LEICESTER HOSPITAL",160,Plastic Surgery Service,2027-05-01,12.213215827941895,8.0,2,0,0.0,12.213216,2.0,0.0,0.0
RW1,HAMPSHIRE AND ISLE OF WIGHT HEALTHCARE NHS FOUNDATION TRUST,100,General Surgery Service,2027-05-01,12.182394981384277,8.0,2,0,0.0,12.182395,2.0,0.0,0.0
NT242,"NUFFIELD HEALTH, WOLVERHAMPTON HOSPITAL",100,General Surgery Service,2027-05-01,12.1763277053833,8.0,2,0,0.0,12.176328,2.0,0.0,0.0
NT317,SPIRE CAMBRIDGE LEA HOSPITAL,100,General Surgery Service,2027-05-01,12.161947250366211,8.0,2,0,0.0,12.161947,2.0,0.0,0.0
NT428,PRINCESS MARGARET HOSPITAL,100,General Surgery Service,2027-05-01,12.070578575134277,8.0,2,0,0.0,12.070579,2.0,0.0,0.0
NVC01,ASHTEAD HOSPITAL,160,Plastic Surgery Service,2027-05-01,11.933087348937988,8.0,2,0,0.0,11.933087,2.0,0.0,0.0
NT421,KINGS OAK HOSPITAL,101,Urology Service,2027-05-01,11.89550495147705,8.0,2,0,0.0,11.895505,2.0,0.0,0.0
F9Z4V,CIRCLE READING HOSPITAL,502,Gynaecology Service,2027-05-01,11.884054183959961,7.0,2,0,0.0,11.884054,2.0,0.0,0.0
NVC08,MOUNT STUART HOSPITAL,160,Plastic Surgery Service,2027-05-01,11.740230560302734,8.0,2,0,0.0,11.740231,2.0,0.0,0.0
NT350,SPIRE METHLEY PARK HOSPITAL,160,Plastic Surgery Service,2027-05-01,11.678300857543945,8.0,2,0,0.0,11.678301,2.0,0.0,0.0
NVC02,THE BERKSHIRE INDEPENDENT HOSPITAL,502,Gynaecology Service,2027-05-01,11.620878219604492,7.0,2,0,0.0,11.620878,2.0,0.0,0.0
NT411,CLEMENTINE CHURCHILL HOSPITAL,120,Ear Nose and Throat Service,2027-05-01,11.464018821716309,8.0,2,0,0.0,11.464019,2.0,0.0,0.0
NT317,SPIRE CAMBRIDGE LEA HOSPITAL,120,Ear Nose and Throat Service,2027-05-01,11.390719413757324,8.0,2,0,0.0,11.390719,2.0,0.0,0.0
NVC16,RENACRES HOSPITAL,120,Ear Nose and Throat Service,2027-05-01,11.356895446777344,8.0,2,0,0.0,11.356895,2.0,0.0,0.0
NT321,SPIRE LITTLE ASTON HOSPITAL,502,Gynaecology Service,2027-05-01,11.085968971252441,7.0,2,0,0.0,11.085969,2.0,0.0,0.0
NT206,"NUFFIELD HEALTH, BRISTOL HOSPITAL (CHESTERFIELD)",100,General Surgery Service,2027-05-01,11.082154273986816,8.0,2,0,0.0,11.082154,2.0,0.0,0.0
NT226,"NUFFIELD HEALTH, LEICESTER HOSPITAL",100,General Surgery Service,2027-05-01,11.03469467163086,8.0,2,0,0.0,11.034695,2.0,0.0,0.0
F9Z4V,CIRCLE READING HOSPITAL,120,Ear Nose and Throat Service,2027-05-01,10.891358375549316,8.0,2,0,0.0,10.891358,2.0,0.0,0.0
NT239,"NUFFIELD HEALTH, TUNBRIDGE WELLS HOSPITAL",502,Gynaecology Service,2027-05-01,10.861471176147461,7.0,2,0,0.0,10.861471,2.0,0.0,0.0
RJ6,CROYDON HEALTH SERVICES NHS TRUST,160,Plastic Surgery Service,2027-05-01,10.6910400390625,8.0,2,0,0.0,10.69104,2.0,0.0,0.0
NT405,BISHOPS WOOD HOSPITAL,100,General Surgery Service,2027-05-01,10.470191955566406,8.0,2,0,0.0,10.470192,2.0,0.0,0.0
NT451,CAVELL HOSPITAL,502,Gynaecology Service,2027-05-01,10.206399917602539,7.0,2,0,0.0,10.2064,2.0,0.0,0.0
RVJ,NORTH BRISTOL NHS TRUST,170,Cardiothoracic Surgery Service,2027-05-01,10.162452697753906,8.0,2,0,0.0,10.162453,2.0,0.0,0.0
NT427,PARK HOSPITAL,502,Gynaecology Service,2027-05-01,10.060227394104004,7.0,2,0,0.0,10.060227,2.0,0.0,0.0
NT351,SPIRE HULL AND EAST RIDING HOSPITAL,120,Ear Nose and Throat Service,2027-05-01,9.874226570129395,8.0,2,0,0.0,9.8742266,2.0,0.0,0.0
NT405,BISHOPS WOOD HOSPITAL,101,Urology Service,2027-05-01,9.805520057678223,8.0,2,0,0.0,9.8055201,2.0,0.0,0.0
NT202,"NUFFIELD HEALTH, BOURNEMOUTH HOSPITAL",101,Urology Service,2027-05-01,9.7711820602417,8.0,2,0,0.0,9.7711821,2.0,0.0,0.0
NT351,SPIRE HULL AND EAST RIDING HOSPITAL,502,Gynaecology Service,2027-05-01,9.66220474243164,7.0,2,0,0.0,9.6622047,2.0,0.0,0.0
NT436,SHIRLEY OAKS HOSPITAL,502,Gynaecology Service,2027-05-01,9.653539657592773,7.0,2,0,0.0,9.6535397,2.0,0.0,0.0
NT430,RIDGEWAY HOSPITAL,110,Trauma and Orthopaedic Service,2027-05-01,9.608686447143555,6.0,2,0,0.0,9.6086864,2.0,0.0,0.0
NT212,"NUFFIELD HEALTH, CHICHESTER HOSPITAL",502,Gynaecology Service,2027-05-01,9.593571662902832,7.0,2,0,0.0,9.5935717,2.0,0.0,0.0
NT325,SPIRE MURRAYFIELD HOSPITAL,101,Urology Service,2027-05-01,9.437790870666504,8.0,2,0,0.0,9.4377909,2.0,0.0,0.0
NVC21,WEST MIDLANDS HOSPITAL,100,General Surgery Service,2027-05-01,9.370195388793945,8.0,2,0,0.0,9.3701954,2.0,0.0,0.0
NT455,MOUNT ALVERNIA HOSPITAL,101,Urology Service,2027-05-01,9.306825637817383,8.0,2,0,0.0,9.3068256,2.0,0.0,0.0
NT348,SPIRE ELLAND HOSPITAL,101,Urology Service,2027-05-01,9.166306495666504,8.0,2,0,0.0,9.1663065,2.0,0.0,0.0
NT402,BATH CLINIC,100,General Surgery Service,2027-05-01,9.15456485748291,8.0,2,0,0.0,9.1545649,2.0,0.0,0.0
NT403,BEARDWOOD HOSPITAL,150,Neurosurgical Service,2027-05-01,9.063909530639648,8.0,2,0,0.0,9.0639095,2.0,0.0,0.0
RLQ,WYE VALLEY NHS TRUST,170,Cardiothoracic Surgery Service,2027-05-01,9.027472496032715,8.0,2,0,0.0,9.0274725,2.0,0.0,0.0
NT339,SPIRE REGENCY HOSPITAL,101,Urology Service,2027-05-01,9.004166603088379,8.0,2,0,0.0,9.0041666,2.0,0.0,0.0
NVC05,EUXTON HALL HOSPITAL,160,Plastic Surgery Service,2027-05-01,8.723628044128418,8.0,2,0,0.0,8.723628,2.0,0.0,0.0
NT241,"NUFFIELD HEALTH, WOKING HOSPITAL",100,General Surgery Service,2027-05-01,8.674110412597656,8.0,2,0,0.0,8.6741104,2.0,0.0,0.0
RAJ,MID AND SOUTH ESSEX NHS FOUNDATION TRUST,170,Cardiothoracic Surgery Service,2027-05-01,8.403282165527344,8.0,2,0,0.0,8.4032822,2.0,0.0,0.0
NVC11,NORTH DOWNS HOSPITAL,160,Plastic Surgery Service,2027-05-01,8.346813201904297,8.0,2,0,0.0,8.3468132,2.0,0.0,0.0
NT490,SOUTHEND PRIVATE HOSPITAL,100,General Surgery Service,2027-05-01,7.984587669372559,8.0,1,0,0.0,7.9845877,1.0,0.0,0.0
NT345,SPIRE CLARE PARK HOSPITAL,101,Urology Service,2027-05-01,7.92625617980957,8.0,1,0,0.0,7.9262562,1.0,0.0,0.0
NT302,SPIRE BRISTOL HOSPITAL,100,General Surgery Service,2027-05-01,7.896540641784668,8.0,1,0,0.0,7.8965406,1.0,0.0,0.0
NT348,SPIRE ELLAND HOSPITAL,502,Gynaecology Service,2027-05-01,7.810824394226074,7.0,2,0,0.0,7.8108244,2.0,0.0,0.0
NT322,SPIRE LEICESTER HOSPITAL,100,General Surgery Service,2027-05-01,7.693411827087402,8.0,1,0,0.0,7.6934118,1.0,0.0,0.0
NT3X3,SPIRE ST ANTHONY'S HOSPITAL,502,Gynaecology Service,2027-05-01,7.681369781494141,7.0,2,0,0.0,7.6813698,2.0,0.0,0.0
NT339,SPIRE REGENCY HOSPITAL,150,Neurosurgical Service,2027-05-01,7.590737342834473,8.0,1,0,0.0,7.5907373,1.0,0.0,0.0
RAN,ROYAL NATIONAL ORTHOPAEDIC HOSPITAL NHS TRUST,160,Plastic Surgery Service,2027-05-01,7.570666313171387,8.0,1,0,0.0,7.5706663,1.0,0.0,0.0
NT431,RUNNYMEDE HOSPITAL,130,Ophthalmology Service,2027-05-01,7.564560890197754,10.0,1,0,0.0,7.5645609,1.0,0.0,0.0
NT241,"NUFFIELD HEALTH, WOKING HOSPITAL",101,Urology Service,2027-05-01,7.47664737701416,8.0,1,0,0.0,7.4766474,1.0,0.0,0.0
NVC13,OAKS HOSPITAL,130,Ophthalmology Service,2027-05-01,7.472210884094238,10.0,1,0,0.0,7.4722109,1.0,0.0,0.0
NT411,CLEMENTINE CHURCHILL HOSPITAL,101,Urology Service,2027-05-01,7.469388961791992,8.0,1,0,0.0,7.469389,1.0,0.0,0.0
NT343,SPIRE THAMES VALLEY HOSPITAL,100,General Surgery Service,2027-05-01,7.406532287597656,8.0,1,0,0.0,7.4065323,1.0,0.0,0.0
NT427,PARK HOSPITAL,150,Neurosurgical Service,2027-05-01,7.354183197021484,8.0,1,0,0.0,7.3541832,1.0,0.0,0.0
NVC21,WEST MIDLANDS HOSPITAL,101,Urology Service,2027-05-01,7.325608253479004,8.0,1,0,0.0,7.3256083,1.0,0.0,0.0
NVC21,WEST MIDLANDS HOSPITAL,502,Gynaecology Service,2027-05-01,7.315743446350098,7.0,2,0,0.0,7.3157434,2.0,0.0,0.0
NT451,CAVELL HOSPITAL,101,Urology Service,2027-05-01,7.3015241622924805,8.0,1,0,0.0,7.3015242,1.0,0.0,0.0
RTK,ASHFORD AND ST PETER'S HOSPITALS NHS FOUNDATION TRUST,160,Plastic Surgery Service,2027-05-01,7.273041725158691,8.0,1,0,0.0,7.2730417,1.0,0.0,0.0
NVC22,WINFIELD HOSPITAL,101,Urology Service,2027-05-01,7.268033981323242,8.0,1,0,0.0,7.268034,1.0,0.0,0.0
NVC13,OAKS HOSPITAL,101,Urology Service,2027-05-01,7.205387115478516,8.0,1,0,0.0,7.2053871,1.0,0.0,0.0
NT447,DUCHY HOSPITAL,150,Neurosurgical Service,2027-05-01,7.159575462341309,8.0,1,0,0.0,7.1595755,1.0,0.0,0.0
NT450,LINCOLN PRIVATE HOSPITAL,101,Urology Service,2027-05-01,7.016148567199707,8.0,1,0,0.0,7.0161486,1.0,0.0,0.0
NT446,ST EDMUNDS HOSPITAL,101,Urology Service,2027-05-01,7.001733779907227,8.0,1,0,0.0,7.0017338,1.0,0.0,0.0
NT433,SARUM ROAD HOSPITAL,100,General Surgery Service,2027-05-01,6.9784016609191895,8.0,1,0,0.0,6.9784017,1.0,0.0,0.0
NVC13,OAKS HOSPITAL,120,Ear Nose and Throat Service,2027-05-01,6.943483829498291,8.0,1,0,0.0,6.9434838,1.0,0.0,0.0
NT409,CHELSFIELD PARK HOSPITAL,101,Urology Service,2027-05-01,6.9112548828125,8.0,1,0,0.0,6.9112549,1.0,0.0,0.0
RBN,MERSEY AND WEST LANCASHIRE TEACHING HOSPITALS NHS TRUST,150,Neurosurgical Service,2027-05-01,6.82290506362915,8.0,1,0,0.0,6.8229051,1.0,0.0,0.0
NT229,"NUFFIELD HEALTH, NEWCASTLE UPON TYNE HOSPITAL",100,General Surgery Service,2027-05-01,6.821312427520752,8.0,1,0,0.0,6.8213124,1.0,0.0,0.0
NT3X3,SPIRE ST ANTHONY'S HOSPITAL,150,Neurosurgical Service,2027-05-01,6.758782863616943,8.0,1,0,0.0,6.7587829,1.0,0.0,0.0
DFQ,NORWICH & NORFOLK SURGICAL LTD (N2S),160,Plastic Surgery Service,2027-05-01,6.622744560241699,8.0,1,0,0.0,6.6227446,1.0,0.0,0.0
NT450,LINCOLN PRIVATE HOSPITAL,100,General Surgery Service,2027-05-01,6.59647798538208,8.0,1,0,0.0,6.596478,1.0,0.0,0.0
NT409,CHELSFIELD PARK HOSPITAL,120,Ear Nose and Throat Service,2027-05-01,6.586381912231445,8.0,1,0,0.0,6.5863819,1.0,0.0,0.0
NT421,KINGS OAK HOSPITAL,502,Gynaecology Service,2027-05-01,6.55501127243042,7.0,1,0,0.0,6.5550113,1.0,0.0,0.0
AAH,TETBURY HOSPITAL TRUST LTD,101,Urology Service,2027-05-01,6.520669460296631,8.0,1,0,0.0,6.5206695,1.0,0.0,0.0
NT408,CHAUCER HOSPITAL,101,Urology Service,2027-05-01,6.438739776611328,8.0,1,0,0.0,6.4387398,1.0,0.0,0.0
NT237,"NUFFIELD HEALTH, TEES HOSPITAL",101,Urology Service,2027-05-01,6.434785842895508,8.0,1,0,0.0,6.4347858,1.0,0.0,0.0
NT239,"NUFFIELD HEALTH, TUNBRIDGE WELLS HOSPITAL",120,Ear Nose and Throat Service,2027-05-01,6.369088172912598,8.0,1,0,0.0,6.3690882,1.0,0.0,0.0
NT350,SPIRE METHLEY PARK HOSPITAL,101,Urology Service,2027-05-01,6.366664886474609,8.0,1,0,0.0,6.3666649,1.0,0.0,0.0
NVC15,PINEHILL HOSPITAL,101,Urology Service,2027-05-01,6.287153244018555,8.0,1,0,0.0,6.2871532,1.0,0.0,0.0
NT446,ST EDMUNDS HOSPITAL,130,Ophthalmology Service,2027-05-01,6.18511438369751,10.0,1,0,0.0,6.1851144,1.0,0.0,0.0
NT435,SHELBURNE HOSPITAL,101,Urology Service,2027-05-01,6.112781047821045,8.0,1,0,0.0,6.112781,1.0,0.0,0.0
NT218,"NUFFIELD HEALTH, HAYWARDS HEATH HOSPITAL",130,Ophthalmology Service,2027-05-01,6.10810661315918,10.0,1,0,0.0,6.1081066,1.0,0.0,0.0
NT3X3,SPIRE ST ANTHONY'S HOSPITAL,120,Ear Nose and Throat Service,2027-05-01,6.0731706619262695,8.0,1,0,0.0,6.0731707,1.0,0.0,0.0
RTE,GLOUCESTERSHIRE HOSPITALS NHS FOUNDATION TRUST,100,General Surgery Service,2027-05-01,6.018914699554443,8.0,1,0,0.0,6.0189147,1.0,0.0,0.0
R1H,BARTS HEALTH NHS TRUST,170,Cardiothoracic Surgery Service,2027-05-01,5.914291858673096,8.0,1,0,0.0,5.9142919,1.0,0.0,0.0
NVC05,EUXTON HALL HOSPITAL,120,Ear Nose and Throat Service,2027-05-01,5.897071361541748,8.0,1,0,0.0,5.8970714,1.0,0.0,0.0
NVC22,WINFIELD HOSPITAL,160,Plastic Surgery Service,2027-05-01,5.896495342254639,8.0,1,0,0.0,5.8964953,1.0,0.0,0.0
NT245,"NUFFIELD HEALTH, YORK HOSPITAL",101,Urology Service,2027-05-01,5.864079475402832,8.0,1,0,0.0,5.8640795,1.0,0.0,0.0
NT418,HAMPSHIRE CLINIC,101,Urology Service,2027-05-01,5.706412315368652,8.0,1,0,0.0,5.7064123,1.0,0.0,0.0
NVC22,WINFIELD HOSPITAL,120,Ear Nose and Throat Service,2027-05-01,5.700662612915039,8.0,1,0,0.0,5.7006626,1.0,0.0,0.0
NT345,SPIRE CLARE PARK HOSPITAL,120,Ear Nose and Throat Service,2027-05-01,5.677371501922607,8.0,1,0,0.0,5.6773715,1.0,0.0,0.0
RWP,WORCESTERSHIRE ACUTE HOSPITALS NHS TRUST,160,Plastic Surgery Service,2027-05-01,5.66555118560791,8.0,1,0,0.0,5.6655512,1.0,0.0,0.0
NT447,DUCHY HOSPITAL,101,Urology Service,2027-05-01,5.65775728225708,8.0,1,0,0.0,5.6577573,1.0,0.0,0.0
NT233,"NUFFIELD HEALTH, PLYMOUTH HOSPITAL",101,Urology Service,2027-05-01,5.625159740447998,8.0,1,0,0.0,5.6251597,1.0,0.0,0.0
NT427,PARK HOSPITAL,101,Urology Service,2027-05-01,5.617717266082764,8.0,1,0,0.0,5.6177173,1.0,0.0,0.0
RN5,HAMPSHIRE HOSPITALS NHS FOUNDATION TRUST,170,Cardiothoracic Surgery Service,2027-05-01,5.558012008666992,8.0,1,0,0.0,5.558012,1.0,0.0,0.0
NT350,SPIRE METHLEY PARK HOSPITAL,150,Neurosurgical Service,2027-05-01,5.523429870605469,8.0,1,0,0.0,5.5234299,1.0,0.0,0.0
NT412,DROITWICH SPA HOSPITAL,130,Ophthalmology Service,2027-05-01,5.486651420593262,10.0,1,0,0.0,5.4866514,1.0,0.0,0.0
NT351,SPIRE HULL AND EAST RIDING HOSPITAL,101,Urology Service,2027-05-01,5.392630100250244,8.0,1,0,0.0,5.3926301,1.0,0.0,0.0
RJ2,LEWISHAM AND GREENWICH NHS TRUST,160,Plastic Surgery Service,2027-05-01,5.341197490692139,8.0,1,0,0.0,5.3411975,1.0,0.0,0.0
NT317,SPIRE CAMBRIDGE LEA HOSPITAL,150,Neurosurgical Service,2027-05-01,5.321100234985352,8.0,1,0,0.0,5.3211002,1.0,0.0,0.0
NT30A,SPIRE NOTTINGHAM HOSPITAL,101,Urology Service,2027-05-01,5.273643970489502,8.0,1,0,0.0,5.273644,1.0,0.0,0.0
NT410,CHILTERN HOSPITAL,101,Urology Service,2027-05-01,5.11336088180542,8.0,1,0,0.0,5.1133609,1.0,0.0,0.0
ADP02,KIMS HOSPITAL (NEWNHAM COURT),101,Urology Service,2027-05-01,4.777163982391357,8.0,1,0,0.0,4.777164,1.0,0.0,0.0
ADP02,KIMS HOSPITAL (NEWNHAM COURT),120,Ear Nose and Throat Service,2027-05-01,4.717204570770264,8.0,1,0,0.0,4.7172046,1.0,0.0,0.0
NT405,BISHOPS WOOD HOSPITAL,502,Gynaecology Service,2027-05-01,4.660276889801025,7.0,1,0,0.0,4.6602769,1.0,0.0,0.0
NT239,"NUFFIELD HEALTH, TUNBRIDGE WELLS HOSPITAL",101,Urology Service,2027-05-01,4.639358997344971,8.0,1,0,0.0,4.639359,1.0,0.0,0.0
NT437,SLOANE HOSPITAL,150,Neurosurgical Service,2027-05-01,4.5362348556518555,8.0,1,0,0.0,4.5362349,1.0,0.0,0.0
NT412,DROITWICH SPA HOSPITAL,120,Ear Nose and Throat Service,2027-05-01,4.5040788650512695,8.0,1,0,0.0,4.5040789,1.0,0.0,0.0
NT435,SHELBURNE HOSPITAL,100,General Surgery Service,2027-05-01,4.477446556091309,8.0,1,0,0.0,4.4774466,1.0,0.0,0.0
NVC05,EUXTON HALL HOSPITAL,101,Urology Service,2027-05-01,4.240948677062988,8.0,1,0,0.0,4.2409487,1.0,0.0,0.0
NT406,BLACKHEATH HOSPITAL,150,Neurosurgical Service,2027-05-01,4.007934093475342,8.0,1,0,0.0,4.0079341,1.0,0.0,0.0
NT405,BISHOPS WOOD HOSPITAL,130,Ophthalmology Service,2027-05-01,3.902759552001953,10.0,1,0,0.0,3.9027596,1.0,0.0,0.0
