trust_code,trust_name,specialty_code,specialty_name,baseline_predicted_backlog,sessions_allocated,simulated_completed_pathways,remaining_backlog,allocation_cost,percent_reduction
RJC,SOUTH WARWICKSHIRE UNIVERSITY NHS FOUNDATION TRUST,130,Ophthalmology Service,6996.6473388671875,144,1440.0,5556.64733,129.60000000000002,20.5812860110961
NTPH2,PRACTICE PLUS GROUP HOSPITAL - EMERSONS GREEN,130,Ophthalmology Service,1955.1031494140625,88,880.0,1075.103157,79.2,45.01041289119364
ACG22,NEWMEDICA - BRIGG - RIVERSIDE SURGERY,130,Ophthalmology Service,3265.029052734375,24,240.0,3025.02904,21.6,7.350623719534942
M7C9Q,SPAMEDICA EPSOM,130,Ophthalmology Service,1599.9902801513672,24,240.0,1359.9902663,21.6,15.000091124134503
ACG37,NEWMEDICA - IPSWICH,130,Ophthalmology Service,6484.064147949219,24,240.0,6244.06413,21.6,3.701382258469902
NPG11,SPAMEDICA BIRMINGHAM,130,Ophthalmology Service,4298.610260009766,24,240.0,4058.6102499999997,21.6,5.583199813035732
NVC19,RIVERS HOSPITAL,130,Ophthalmology Service,1224.1866302490234,20,200.0,1024.1866281,18.0,16.337378227968074
NPG19,SPAMEDICA BEDFORD,130,Ophthalmology Service,2096.1656646728516,12,120.0,1976.165664,10.8,5.724738365024617
M5E1S,SPAMEDICA EXETER,130,Ophthalmology Service,1494.5367279052734,12,120.0,1374.5367217,10.8,8.029243962989836
E3D4A,SPAMEDICA TRURO,130,Ophthalmology Service,1546.8373413085938,12,120.0,1426.8373457,10.8,7.757764620453394
NT242,"NUFFIELD HEALTH, WOLVERHAMPTON HOSPITAL",130,Ophthalmology Service,835.0552978515625,12,120.0,715.0552958,10.8,14.370305811930903
NPG01,SPAMEDICA MANCHESTER,130,Ophthalmology Service,3225.5379943847656,12,120.0,3105.53799,10.8,3.720309610641825
L9D3Z,SPAMEDICA LEICESTER,130,Ophthalmology Service,1472.0090103149414,12,120.0,1352.0090244,10.8,8.15212401276848
NNH05,OPTEGRA (BIRMINGHAM EYE HOSPITAL),130,Ophthalmology Service,3091.735549926758,12,120.0,2971.73555,10.8,3.881315140385883
NPG07,SPAMEDICA EYE HOSPITAL (WAKEFIELD),130,Ophthalmology Service,4739.6494140625,12,120.0,4619.64941,10.8,2.5318328322757586
D5P5H,SPAMEDICA BEXHILL,130,Ophthalmology Service,1447.1522674560547,11,110.0,1337.1522755,9.9,7.601135172414767
NPG13,SPAMEDICA SKELMERSDALE,130,Ophthalmology Service,1229.9688415527344,10,100.0,1129.9688344,9.0,8.130287257826648
NTP11,PRACTICE PLUS GROUP HOSPITAL - SOUTHAMPTON,130,Ophthalmology Service,1086.1502838134766,8,80.0,1006.1502792,7.2,7.365463250547593
NVC07,FULWOOD HALL HOSPITAL,130,Ophthalmology Service,1049.4539337158203,8,80.0,969.4539336,7.2,7.62301206654613
M0N7E,SPAMEDICA SITTINGBOURNE,130,Ophthalmology Service,864.1451721191406,6,60.0,804.1451719,5.4,6.943277812090551
NTE02,ST HUGH'S HOSPITAL,130,Ophthalmology Service,705.9793701171875,5,50.0,655.979369,4.5,7.082359926707258
NVC08,MOUNT STUART HOSPITAL,130,Ophthalmology Service,710.7083702087402,5,50.0,660.7083693,4.5,7.035234435935324
NT417,GORING HALL HOSPITAL,130,Ophthalmology Service,341.9042778015137,3,30.0,311.9042774,2.7,8.774385682713206
RJN,EAST CHESHIRE NHS TRUST,100,General Surgery Service,4265.988006591797,0,0.0,4265.98799,0.0,0.0
RJN,EAST CHESHIRE NHS TRUST,120,Ear Nose and Throat Service,2080.7286529541016,0,0.0,2080.72867,0.0,0.0
RJN,EAST CHESHIRE NHS TRUST,110,Trauma and Orthopaedic Service,6613.177429199219,0,0.0,6613.17743,0.0,0.0
RJN,EAST CHESHIRE NHS TRUST,101,Urology Service,1183.018409729004,0,0.0,1183.018407,0.0,0.0
RJL,NORTHERN LINCOLNSHIRE AND GOOLE NHS FOUNDATION TRUST,101,Urology Service,6969.793884277344,0,0.0,6969.79388,0.0,0.0
RJL,NORTHERN LINCOLNSHIRE AND GOOLE NHS FOUNDATION TRUST,502,Gynaecology Service,11719.461547851562,0,0.0,11719.46155,0.0,0.0
RJL,NORTHERN LINCOLNSHIRE AND GOOLE NHS FOUNDATION TRUST,140,Oral Surgery Service,4537.608123779297,0,0.0,4537.60811,0.0,0.0
RJL,NORTHERN LINCOLNSHIRE AND GOOLE NHS FOUNDATION TRUST,130,Ophthalmology Service,6724.1556396484375,0,0.0,6724.15564,0.0,0.0
RJL,NORTHERN LINCOLNSHIRE AND GOOLE NHS FOUNDATION TRUST,120,Ear Nose and Throat Service,9808.237731933594,0,0.0,9808.23774,0.0,0.0
RJE,UNIVERSITY HOSPITALS OF NORTH MIDLANDS NHS TRUST,170,Cardiothoracic Surgery Service,1316.346290588379,0,0.0,1316.3463,0.0,0.0
RJE,UNIVERSITY HOSPITALS OF NORTH MIDLANDS NHS TRUST,502,Gynaecology Service,15680.578735351562,0,0.0,15680.5788,0.0,0.0
RJL,NORTHERN LINCOLNSHIRE AND GOOLE NHS FOUNDATION TRUST,110,Trauma and Orthopaedic Service,19490.852905273438,0,0.0,19490.8529,0.0,0.0
RJL,NORTHERN LINCOLNSHIRE AND GOOLE NHS FOUNDATION TRUST,100,General Surgery Service,16135.502197265625,0,0.0,16135.5021,0.0,0.0
RJE,UNIVERSITY HOSPITALS OF NORTH MIDLANDS NHS TRUST,160,Plastic Surgery Service,7098.949890136719,0,0.0,7098.94988,0.0,0.0
RJR,COUNTESS OF CHESTER HOSPITAL NHS FOUNDATION TRUST,101,Urology Service,2184.493408203125,0,0.0,2184.4934200000002,0.0,0.0
RJN,EAST CHESHIRE NHS TRUST,130,Ophthalmology Service,3019.1403198242188,0,0.0,3019.14033,0.0,0.0
RJZ,KING'S COLLEGE HOSPITAL NHS FOUNDATION TRUST,110,Trauma and Orthopaedic Service,23608.31982421875,0,0.0,23608.3198,0.0,0.0
RK5,SHERWOOD FOREST HOSPITALS NHS FOUNDATION TRUST,110,Trauma and Orthopaedic Service,33629.091064453125,0,0.0,33629.091,0.0,0.0
RK5,SHERWOOD FOREST HOSPITALS NHS FOUNDATION TRUST,101,Urology Service,4705.983428955078,0,0.0,4705.98344,0.0,0.0
RK5,SHERWOOD FOREST HOSPITALS NHS FOUNDATION TRUST,100,General Surgery Service,10700.355163574219,0,0.0,10700.35516,0.0,0.0
RJZ,KING'S COLLEGE HOSPITAL NHS FOUNDATION TRUST,502,Gynaecology Service,12224.659362792969,0,0.0,12224.65945,0.0,0.0
RJZ,KING'S COLLEGE HOSPITAL NHS FOUNDATION TRUST,170,Cardiothoracic Surgery Service,656.1975555419922,0,0.0,656.197555,0.0,0.0
RJZ,KING'S COLLEGE HOSPITAL NHS FOUNDATION TRUST,160,Plastic Surgery Service,201.05103302001953,0,0.0,201.051032,0.0,0.0
RJZ,KING'S COLLEGE HOSPITAL NHS FOUNDATION TRUST,150,Neurosurgical Service,9855.783630371094,0,0.0,9855.78364,0.0,0.0
RJZ,KING'S COLLEGE HOSPITAL NHS FOUNDATION TRUST,140,Oral Surgery Service,25525.059692382812,0,0.0,25525.059699999998,0.0,0.0
RJZ,KING'S COLLEGE HOSPITAL NHS FOUNDATION TRUST,130,Ophthalmology Service,94552.34375,0,0.0,94552.344,0.0,0.0
RJZ,KING'S COLLEGE HOSPITAL NHS FOUNDATION TRUST,120,Ear Nose and Throat Service,998.5197067260742,0,0.0,998.5197049999999,0.0,0.0
RJZ,KING'S COLLEGE HOSPITAL NHS FOUNDATION TRUST,101,Urology Service,10156.874206542969,0,0.0,10156.87419,0.0,0.0
RJN,EAST CHESHIRE NHS TRUST,160,Plastic Surgery Service,124.91312980651855,0,0.0,124.913131,0.0,0.0
RJZ,KING'S COLLEGE HOSPITAL NHS FOUNDATION TRUST,100,General Surgery Service,23443.705322265625,0,0.0,23443.7053,0.0,0.0
RJR,COUNTESS OF CHESTER HOSPITAL NHS FOUNDATION TRUST,502,Gynaecology Service,4852.981292724609,0,0.0,4852.98129,0.0,0.0
RJR,COUNTESS OF CHESTER HOSPITAL NHS FOUNDATION TRUST,160,Plastic Surgery Service,6514.743896484375,0,0.0,6514.743909999999,0.0,0.0
RJR,COUNTESS OF CHESTER HOSPITAL NHS FOUNDATION TRUST,140,Oral Surgery Service,3920.3191528320312,0,0.0,3920.31916,0.0,0.0
RJR,COUNTESS OF CHESTER HOSPITAL NHS FOUNDATION TRUST,130,Ophthalmology Service,3028.9721069335938,0,0.0,3028.9721099999997,0.0,0.0
RJR,COUNTESS OF CHESTER HOSPITAL NHS FOUNDATION TRUST,120,Ear Nose and Throat Service,5067.421325683594,0,0.0,5067.42133,0.0,0.0
RJR,COUNTESS OF CHESTER HOSPITAL NHS FOUNDATION TRUST,110,Trauma and Orthopaedic Service,9447.255615234375,0,0.0,9447.25562,0.0,0.0
RJE,UNIVERSITY HOSPITALS OF NORTH MIDLANDS NHS TRUST,140,Oral Surgery Service,19622.107788085938,0,0.0,19622.1079,0.0,0.0
RJR,COUNTESS OF CHESTER HOSPITAL NHS FOUNDATION TRUST,100,General Surgery Service,3468.4884643554688,0,0.0,3468.48846,0.0,0.0
RJN,EAST CHESHIRE NHS TRUST,502,Gynaecology Service,3747.847625732422,0,0.0,3747.84762,0.0,0.0
RJE,UNIVERSITY HOSPITALS OF NORTH MIDLANDS NHS TRUST,150,Neurosurgical Service,1092.8964385986328,0,0.0,1092.89644,0.0,0.0
A0C5S,SPAMEDICA GLOUCESTER,130,Ophthalmology Service,876.1770095825195,0,0.0,876.17701,0.0,0.0
RJE,UNIVERSITY HOSPITALS OF NORTH MIDLANDS NHS TRUST,130,Ophthalmology Service,21459.038330078125,0,0.0,21459.0384,0.0,0.0
RJ6,CROYDON HEALTH SERVICES NHS TRUST,101,Urology Service,2780.5541076660156,0,0.0,2780.55411,0.0,0.0
RJ2,LEWISHAM AND GREENWICH NHS TRUST,502,Gynaecology Service,8487.179077148438,0,0.0,8487.17908,0.0,0.0
RJ2,LEWISHAM AND GREENWICH NHS TRUST,160,Plastic Surgery Service,61.75822591781616,0,0.0,61.758226,0.0,0.0
RJ2,LEWISHAM AND GREENWICH NHS TRUST,120,Ear Nose and Throat Service,35225.253662109375,0,0.0,35225.2537,0.0,0.0
RJ2,LEWISHAM AND GREENWICH NHS TRUST,110,Trauma and Orthopaedic Service,28896.03515625,0,0.0,28896.0352,0.0,0.0
RJ2,LEWISHAM AND GREENWICH NHS TRUST,101,Urology Service,4778.0262451171875,0,0.0,4778.02625,0.0,0.0
RJ2,LEWISHAM AND GREENWICH NHS TRUST,100,General Surgery Service,22929.478515625,0,0.0,22929.4783,0.0,0.0
RJ1,GUY'S AND ST THOMAS' NHS FOUNDATION TRUST,502,Gynaecology Service,8857.283752441406,0,0.0,8857.28377,0.0,0.0
RJ1,GUY'S AND ST THOMAS' NHS FOUNDATION TRUST,170,Cardiothoracic Surgery Service,445.3887939453125,0,0.0,445.388795,0.0,0.0
RJ1,GUY'S AND ST THOMAS' NHS FOUNDATION TRUST,160,Plastic Surgery Service,27622.091064453125,0,0.0,27622.0911,0.0,0.0
RJ1,GUY'S AND ST THOMAS' NHS FOUNDATION TRUST,140,Oral Surgery Service,15561.41748046875,0,0.0,15561.4176,0.0,0.0
RJ1,GUY'S AND ST THOMAS' NHS FOUNDATION TRUST,130,Ophthalmology Service,9436.273803710938,0,0.0,9436.27381,0.0,0.0
RJ1,GUY'S AND ST THOMAS' NHS FOUNDATION TRUST,120,Ear Nose and Throat Service,19217.890625,0,0.0,19217.8908,0.0,0.0
RJ1,GUY'S AND ST THOMAS' NHS FOUNDATION TRUST,110,Trauma and Orthopaedic Service,30507.77197265625,0,0.0,30507.7719,0.0,0.0
RJ1,GUY'S AND ST THOMAS' NHS FOUNDATION TRUST,101,Urology Service,15401.128051757812,0,0.0,15401.128,0.0,0.0
RJ1,GUY'S AND ST THOMAS' NHS FOUNDATION TRUST,100,General Surgery Service,4483.681091308594,0,0.0,4483.6811099999995,0.0,0.0
RHW,ROYAL BERKSHIRE NHS FOUNDATION TRUST,502,Gynaecology Service,2572.4625244140625,0,0.0,2572.46252,0.0,0.0
RHW,ROYAL BERKSHIRE NHS FOUNDATION TRUST,160,Plastic Surgery Service,943.0160751342773,0,0.0,943.016075,0.0,0.0
RHW,ROYAL BERKSHIRE NHS FOUNDATION TRUST,140,Oral Surgery Service,759.4469413757324,0,0.0,759.44694,0.0,0.0
RHW,ROYAL BERKSHIRE NHS FOUNDATION TRUST,130,Ophthalmology Service,5563.403533935547,0,0.0,5563.4035300000005,0.0,0.0
RHW,ROYAL BERKSHIRE NHS FOUNDATION TRUST,120,Ear Nose and Throat Service,2184.260238647461,0,0.0,2184.26023,0.0,0.0
RHW,ROYAL BERKSHIRE NHS FOUNDATION TRUST,110,Trauma and Orthopaedic Service,10895.363952636719,0,0.0,10895.36395,0.0,0.0
RHW,ROYAL BERKSHIRE NHS FOUNDATION TRUST,101,Urology Service,4041.5613708496094,0,0.0,4041.56137,0.0,0.0
RHW,ROYAL BERKSHIRE NHS FOUNDATION TRUST,100,General Surgery Service,5442.688812255859,0,0.0,5442.68879,0.0,0.0
RJ6,CROYDON HEALTH SERVICES NHS TRUST,100,General Surgery Service,9441.447937011719,0,0.0,9441.44794,0.0,0.0
RJ6,CROYDON HEALTH SERVICES NHS TRUST,110,Trauma and Orthopaedic Service,13300.377807617188,0,0.0,13300.3776,0.0,0.0
RJE,UNIVERSITY HOSPITALS OF NORTH MIDLANDS NHS TRUST,120,Ear Nose and Throat Service,15464.70068359375,0,0.0,15464.7008,0.0,0.0
RJ6,CROYDON HEALTH SERVICES NHS TRUST,120,Ear Nose and Throat Service,3239.1641235351562,0,0.0,3239.1641099999997,0.0,0.0
RJE,UNIVERSITY HOSPITALS OF NORTH MIDLANDS NHS TRUST,110,Trauma and Orthopaedic Service,37092.405517578125,0,0.0,37092.4055,0.0,0.0
RJE,UNIVERSITY HOSPITALS OF NORTH MIDLANDS NHS TRUST,101,Urology Service,8494.132751464844,0,0.0,8494.13277,0.0,0.0
RK5,SHERWOOD FOREST HOSPITALS NHS FOUNDATION TRUST,120,Ear Nose and Throat Service,8598.30615234375,0,0.0,8598.30615,0.0,0.0
RJC,SOUTH WARWICKSHIRE UNIVERSITY NHS FOUNDATION TRUST,502,Gynaecology Service,4174.929534912109,0,0.0,4174.92954,0.0,0.0
RJC,SOUTH WARWICKSHIRE UNIVERSITY NHS FOUNDATION TRUST,160,Plastic Surgery Service,2696.237594604492,0,0.0,2696.2375899999997,0.0,0.0
RJC,SOUTH WARWICKSHIRE UNIVERSITY NHS FOUNDATION TRUST,140,Oral Surgery Service,936.7437133789062,0,0.0,936.743713,0.0,0.0
RJC,SOUTH WARWICKSHIRE UNIVERSITY NHS FOUNDATION TRUST,120,Ear Nose and Throat Service,7212.785400390625,0,0.0,7212.7854,0.0,0.0
RJC,SOUTH WARWICKSHIRE UNIVERSITY NHS FOUNDATION TRUST,110,Trauma and Orthopaedic Service,19717.702514648438,0,0.0,19717.7026,0.0,0.0
RJC,SOUTH WARWICKSHIRE UNIVERSITY NHS FOUNDATION TRUST,101,Urology Service,4782.456481933594,0,0.0,4782.45647,0.0,0.0
RJC,SOUTH WARWICKSHIRE UNIVERSITY NHS FOUNDATION TRUST,100,General Surgery Service,3624.9498291015625,0,0.0,3624.94983,0.0,0.0
RJ7,ST GEORGE'S UNIVERSITY HOSPITALS NHS FOUNDATION TRUST,502,Gynaecology Service,7616.970886230469,0,0.0,7616.97088,0.0,0.0
RJ7,ST GEORGE'S UNIVERSITY HOSPITALS NHS FOUNDATION TRUST,170,Cardiothoracic Surgery Service,836.9282836914062,0,0.0,836.928285,0.0,0.0
RJ7,ST GEORGE'S UNIVERSITY HOSPITALS NHS FOUNDATION TRUST,160,Plastic Surgery Service,9912.394104003906,0,0.0,9912.39411,0.0,0.0
RJ7,ST GEORGE'S UNIVERSITY HOSPITALS NHS FOUNDATION TRUST,150,Neurosurgical Service,5153.008605957031,0,0.0,5153.0086,0.0,0.0
RJ7,ST GEORGE'S UNIVERSITY HOSPITALS NHS FOUNDATION TRUST,140,Oral Surgery Service,5458.628936767578,0,0.0,5458.62892,0.0,0.0
RJ7,ST GEORGE'S UNIVERSITY HOSPITALS NHS FOUNDATION TRUST,130,Ophthalmology Service,314.5082588195801,0,0.0,314.508259,0.0,0.0
RJ7,ST GEORGE'S UNIVERSITY HOSPITALS NHS FOUNDATION TRUST,120,Ear Nose and Throat Service,11195.489318847656,0,0.0,11195.48932,0.0,0.0
RJ7,ST GEORGE'S UNIVERSITY HOSPITALS NHS FOUNDATION TRUST,110,Trauma and Orthopaedic Service,7524.831787109375,0,0.0,7524.83179,0.0,0.0
RJ7,ST GEORGE'S UNIVERSITY HOSPITALS NHS FOUNDATION TRUST,101,Urology Service,8312.313110351562,0,0.0,8312.31313,0.0,0.0
RJ7,ST GEORGE'S UNIVERSITY HOSPITALS NHS FOUNDATION TRUST,100,General Surgery Service,5575.298156738281,0,0.0,5575.29817,0.0,0.0
RJ6,CROYDON HEALTH SERVICES NHS TRUST,502,Gynaecology Service,4852.160339355469,0,0.0,4852.16034,0.0,0.0
RJ6,CROYDON HEALTH SERVICES NHS TRUST,160,Plastic Surgery Service,117.92084693908691,0,0.0,117.9208474,0.0,0.0
RJ6,CROYDON HEALTH SERVICES NHS TRUST,140,Oral Surgery Service,5729.250885009766,0,0.0,5729.25089,0.0,0.0
RJE,UNIVERSITY HOSPITALS OF NORTH MIDLANDS NHS TRUST,100,General Surgery Service,33665.10986328125,0,0.0,33665.1097,0.0,0.0
RK9,UNIVERSITY HOSPITALS PLYMOUTH NHS TRUST,100,General Surgery Service,144.4316520690918,0,0.0,144.4316525,0.0,0.0
RK5,SHERWOOD FOREST HOSPITALS NHS FOUNDATION TRUST,130,Ophthalmology Service,4733.154327392578,0,0.0,4733.15432,0.0,0.0
RM1,NORFOLK AND NORWICH UNIVERSITY HOSPITALS NHS FOUNDATION TRUST,502,Gynaecology Service,14248.471923828125,0,0.0,14248.472,0.0,0.0
RMC,BOLTON NHS FOUNDATION TRUST,100,General Surgery Service,14342.424194335938,0,0.0,14342.4243,0.0,0.0
RM3,NORTHERN CARE ALLIANCE NHS FOUNDATION TRUST,502,Gynaecology Service,37384.814697265625,0,0.0,37384.8147,0.0,0.0
RM3,NORTHERN CARE ALLIANCE NHS FOUNDATION TRUST,160,Plastic Surgery Service,7941.817932128906,0,0.0,7941.81794,0.0,0.0
RM3,NORTHERN CARE ALLIANCE NHS FOUNDATION TRUST,150,Neurosurgical Service,20362.614868164062,0,0.0,20362.6148,0.0,0.0
RM3,NORTHERN CARE ALLIANCE NHS FOUNDATION TRUST,140,Oral Surgery Service,1561.9060974121094,0,0.0,1561.90609,0.0,0.0
RM3,NORTHERN CARE ALLIANCE NHS FOUNDATION TRUST,130,Ophthalmology Service,11842.196899414062,0,0.0,11842.19696,0.0,0.0
RM3,NORTHERN CARE ALLIANCE NHS FOUNDATION TRUST,120,Ear Nose and Throat Service,22229.071044921875,0,0.0,22229.0711,0.0,0.0
RM3,NORTHERN CARE ALLIANCE NHS FOUNDATION TRUST,110,Trauma and Orthopaedic Service,75478.10693359375,0,0.0,75478.107,0.0,0.0
RM3,NORTHERN CARE ALLIANCE NHS FOUNDATION TRUST,101,Urology Service,19975.836669921875,0,0.0,19975.8368,0.0,0.0
RM3,NORTHERN CARE ALLIANCE NHS FOUNDATION TRUST,100,General Surgery Service,27682.314453125,0,0.0,27682.3144,0.0,0.0
RM1,NORFOLK AND NORWICH UNIVERSITY HOSPITALS NHS FOUNDATION TRUST,160,Plastic Surgery Service,6358.524719238281,0,0.0,6358.52472,0.0,0.0
RMC,BOLTON NHS FOUNDATION TRUST,110,Trauma and Orthopaedic Service,13261.142517089844,0,0.0,13261.14262,0.0,0.0
RM1,NORFOLK AND NORWICH UNIVERSITY HOSPITALS NHS FOUNDATION TRUST,140,Oral Surgery Service,7995.4810791015625,0,0.0,7995.48107,0.0,0.0
RM1,NORFOLK AND NORWICH UNIVERSITY HOSPITALS NHS FOUNDATION TRUST,130,Ophthalmology Service,10622.34033203125,0,0.0,10622.34034,0.0,0.0
RM1,NORFOLK AND NORWICH UNIVERSITY HOSPITALS NHS FOUNDATION TRUST,120,Ear Nose and Throat Service,16798.154541015625,0,0.0,16798.1545,0.0,0.0
RM1,NORFOLK AND NORWICH UNIVERSITY HOSPITALS NHS FOUNDATION TRUST,110,Trauma and Orthopaedic Service,50802.65087890625,0,0.0,50802.6509,0.0,0.0
RM1,NORFOLK AND NORWICH UNIVERSITY HOSPITALS NHS FOUNDATION TRUST,101,Urology Service,13248.068969726562,0,0.0,13248.069,0.0,0.0
RM1,NORFOLK AND NORWICH UNIVERSITY HOSPITALS NHS FOUNDATION TRUST,100,General Surgery Service,15282.9814453125,0,0.0,15282.9813,0.0,0.0
RLT,GEORGE ELIOT HOSPITAL NHS TRUST,502,Gynaecology Service,1381.502815246582,0,0.0,1381.502837,0.0,0.0
RLT,GEORGE ELIOT HOSPITAL NHS TRUST,160,Plastic Surgery Service,1010.968376159668,0,0.0,1010.968377,0.0,0.0
RLT,GEORGE ELIOT HOSPITAL NHS TRUST,140,Oral Surgery Service,1056.086540222168,0,0.0,1056.086541,0.0,0.0
RLT,GEORGE ELIOT HOSPITAL NHS TRUST,130,Ophthalmology Service,1495.6094284057617,0,0.0,1495.60943,0.0,0.0
RMC,BOLTON NHS FOUNDATION TRUST,101,Urology Service,7202.539794921875,0,0.0,7202.53978,0.0,0.0
RMC,BOLTON NHS FOUNDATION TRUST,120,Ear Nose and Throat Service,11446.466552734375,0,0.0,11446.46655,0.0,0.0
RK5,SHERWOOD FOREST HOSPITALS NHS FOUNDATION TRUST,140,Oral Surgery Service,3865.4559326171875,0,0.0,3865.45593,0.0,0.0
RN3,GREAT WESTERN HOSPITALS NHS FOUNDATION TRUST,110,Trauma and Orthopaedic Service,23623.721069335938,0,0.0,23623.721,0.0,0.0
RN5,HAMPSHIRE HOSPITALS NHS FOUNDATION TRUST,130,Ophthalmology Service,10949.131286621094,0,0.0,10949.13131,0.0,0.0
RN5,HAMPSHIRE HOSPITALS NHS FOUNDATION TRUST,120,Ear Nose and Throat Service,10669.563110351562,0,0.0,10669.56312,0.0,0.0
RN5,HAMPSHIRE HOSPITALS NHS FOUNDATION TRUST,110,Trauma and Orthopaedic Service,50096.221435546875,0,0.0,50096.2214,0.0,0.0
RN5,HAMPSHIRE HOSPITALS NHS FOUNDATION TRUST,101,Urology Service,7202.11572265625,0,0.0,7202.1157299999995,0.0,0.0
RN5,HAMPSHIRE HOSPITALS NHS FOUNDATION TRUST,100,General Surgery Service,9578.841918945312,0,0.0,9578.84193,0.0,0.0
RN3,GREAT WESTERN HOSPITALS NHS FOUNDATION TRUST,502,Gynaecology Service,6247.9853515625,0,0.0,6247.98534,0.0,0.0
RN3,GREAT WESTERN HOSPITALS NHS FOUNDATION TRUST,160,Plastic Surgery Service,789.7371215820312,0,0.0,789.737121,0.0,0.0
RN3,GREAT WESTERN HOSPITALS NHS FOUNDATION TRUST,140,Oral Surgery Service,3051.3287963867188,0,0.0,3051.3288000000002,0.0,0.0
RN3,GREAT WESTERN HOSPITALS NHS FOUNDATION TRUST,130,Ophthalmology Service,8211.150268554688,0,0.0,8211.15028,0.0,0.0
RN3,GREAT WESTERN HOSPITALS NHS FOUNDATION TRUST,120,Ear Nose and Throat Service,8080.858947753906,0,0.0,8080.85895,0.0,0.0
RN3,GREAT WESTERN HOSPITALS NHS FOUNDATION TRUST,101,Urology Service,7032.855224609375,0,0.0,7032.85522,0.0,0.0
RMC,BOLTON NHS FOUNDATION TRUST,130,Ophthalmology Service,9020.502075195312,0,0.0,9020.50208,0.0,0.0
RN3,GREAT WESTERN HOSPITALS NHS FOUNDATION TRUST,100,General Surgery Service,12673.990600585938,0,0.0,12673.9907,0.0,0.0
RMP,TAMESIDE AND GLOSSOP INTEGRATED CARE NHS FOUNDATION TRUST,502,Gynaecology Service,7421.0555419921875,0,0.0,7421.05554,0.0,0.0
RMP,TAMESIDE AND GLOSSOP INTEGRATED CARE NHS FOUNDATION TRUST,140,Oral Surgery Service,5279.089538574219,0,0.0,5279.08954,0.0,0.0
RMP,TAMESIDE AND GLOSSOP INTEGRATED CARE NHS FOUNDATION TRUST,120,Ear Nose and Throat Service,3704.429962158203,0,0.0,3704.4299499999997,0.0,0.0
RMP,TAMESIDE AND GLOSSOP INTEGRATED CARE NHS FOUNDATION TRUST,110,Trauma and Orthopaedic Service,24782.14208984375,0,0.0,24782.1421,0.0,0.0
RMP,TAMESIDE AND GLOSSOP INTEGRATED CARE NHS FOUNDATION TRUST,101,Urology Service,611.3180694580078,0,0.0,611.31807,0.0,0.0
RMP,TAMESIDE AND GLOSSOP INTEGRATED CARE NHS FOUNDATION TRUST,100,General Surgery Service,7878.844970703125,0,0.0,7878.84496,0.0,0.0
RMC,BOLTON NHS FOUNDATION TRUST,502,Gynaecology Service,4778.903533935547,0,0.0,4778.90354,0.0,0.0
RMC,BOLTON NHS FOUNDATION TRUST,160,Plastic Surgery Service,3648.000701904297,0,0.0,3648.00072,0.0,0.0
RMC,BOLTON NHS FOUNDATION TRUST,140,Oral Surgery Service,3765.7135009765625,0,0.0,3765.71351,0.0,0.0
RLT,GEORGE ELIOT HOSPITAL NHS TRUST,120,Ear Nose and Throat Service,1139.6040802001953,0,0.0,1139.604068,0.0,0.0
RLT,GEORGE ELIOT HOSPITAL NHS TRUST,110,Trauma and Orthopaedic Service,6140.4482421875,0,0.0,6140.44824,0.0,0.0
RLT,GEORGE ELIOT HOSPITAL NHS TRUST,101,Urology Service,1752.6350555419922,0,0.0,1752.63505,0.0,0.0
RKB,UNIVERSITY HOSPITALS COVENTRY AND WARWICKSHIRE NHS TRUST,100,General Surgery Service,7253.44140625,0,0.0,7253.4414,0.0,0.0
RKE,WHITTINGTON HEALTH NHS TRUST,100,General Surgery Service,15479.28271484375,0,0.0,15479.2827,0.0,0.0
RKB,UNIVERSITY HOSPITALS COVENTRY AND WARWICKSHIRE NHS TRUST,502,Gynaecology Service,5873.1292724609375,0,0.0,5873.12928,0.0,0.0
RKB,UNIVERSITY HOSPITALS COVENTRY AND WARWICKSHIRE NHS TRUST,170,Cardiothoracic Surgery Service,1732.0044708251953,0,0.0,1732.00447,0.0,0.0
RKB,UNIVERSITY HOSPITALS COVENTRY AND WARWICKSHIRE NHS TRUST,160,Plastic Surgery Service,3624.2213745117188,0,0.0,3624.22138,0.0,0.0
RKB,UNIVERSITY HOSPITALS COVENTRY AND WARWICKSHIRE NHS TRUST,150,Neurosurgical Service,7072.035705566406,0,0.0,7072.03571,0.0,0.0
RKB,UNIVERSITY HOSPITALS COVENTRY AND WARWICKSHIRE NHS TRUST,140,Oral Surgery Service,11068.832702636719,0,0.0,11068.83271,0.0,0.0
RKB,UNIVERSITY HOSPITALS COVENTRY AND WARWICKSHIRE NHS TRUST,130,Ophthalmology Service,11093.35546875,0,0.0,11093.35546,0.0,0.0
RKB,UNIVERSITY HOSPITALS COVENTRY AND WARWICKSHIRE NHS TRUST,120,Ear Nose and Throat Service,16190.503662109375,0,0.0,16190.5036,0.0,0.0
RKB,UNIVERSITY HOSPITALS COVENTRY AND WARWICKSHIRE NHS TRUST,110,Trauma and Orthopaedic Service,21538.447143554688,0,0.0,21538.4473,0.0,0.0
RKB,UNIVERSITY HOSPITALS COVENTRY AND WARWICKSHIRE NHS TRUST,101,Urology Service,5420.185729980469,0,0.0,5420.18573,0.0,0.0
RK9,UNIVERSITY HOSPITALS PLYMOUTH NHS TRUST,502,Gynaecology Service,8964.1240234375,0,0.0,8964.12404,0.0,0.0
RLT,GEORGE ELIOT HOSPITAL NHS TRUST,100,General Surgery Service,3702.3025817871094,0,0.0,3702.30256,0.0,0.0
RK9,UNIVERSITY HOSPITALS PLYMOUTH NHS TRUST,170,Cardiothoracic Surgery Service,3480.510711669922,0,0.0,3480.5107,0.0,0.0
RK9,UNIVERSITY HOSPITALS PLYMOUTH NHS TRUST,160,Plastic Surgery Service,9903.730346679688,0,0.0,9903.73034,0.0,0.0
RK9,UNIVERSITY HOSPITALS PLYMOUTH NHS TRUST,150,Neurosurgical Service,4458.669647216797,0,0.0,4458.66963,0.0,0.0
RK9,UNIVERSITY HOSPITALS PLYMOUTH NHS TRUST,130,Ophthalmology Service,15559.94921875,0,0.0,15559.9493,0.0,0.0
RK9,UNIVERSITY HOSPITALS PLYMOUTH NHS TRUST,120,Ear Nose and Throat Service,11470.340515136719,0,0.0,11470.34052,0.0,0.0
RK9,UNIVERSITY HOSPITALS PLYMOUTH NHS TRUST,110,Trauma and Orthopaedic Service,22509.70751953125,0,0.0,22509.7076,0.0,0.0
RK9,UNIVERSITY HOSPITALS PLYMOUTH NHS TRUST,101,Urology Service,7785.0728759765625,0,0.0,7785.07286,0.0,0.0
RHU,PORTSMOUTH HOSPITALS UNIVERSITY NHS TRUST,160,Plastic Surgery Service,3162.104782104492,0,0.0,3162.10477,0.0,0.0
RK5,SHERWOOD FOREST HOSPITALS NHS FOUNDATION TRUST,502,Gynaecology Service,9679.800354003906,0,0.0,9679.80035,0.0,0.0
RK5,SHERWOOD FOREST HOSPITALS NHS FOUNDATION TRUST,160,Plastic Surgery Service,1378.4345703125,0,0.0,1378.43457,0.0,0.0
RKE,WHITTINGTON HEALTH NHS TRUST,101,Urology Service,2981.53369140625,0,0.0,2981.5337,0.0,0.0
RKE,WHITTINGTON HEALTH NHS TRUST,110,Trauma and Orthopaedic Service,9853.732971191406,0,0.0,9853.73296,0.0,0.0
RKE,WHITTINGTON HEALTH NHS TRUST,120,Ear Nose and Throat Service,510.7540626525879,0,0.0,510.754062,0.0,0.0
RKE,WHITTINGTON HEALTH NHS TRUST,130,Ophthalmology Service,1047.5132522583008,0,0.0,1047.513253,0.0,0.0
RLQ,WYE VALLEY NHS TRUST,502,Gynaecology Service,5076.145263671875,0,0.0,5076.14527,0.0,0.0
RLQ,WYE VALLEY NHS TRUST,170,Cardiothoracic Surgery Service,108.02311706542969,0,0.0,108.0231172,0.0,0.0
RLQ,WYE VALLEY NHS TRUST,160,Plastic Surgery Service,2514.903350830078,0,0.0,2514.90333,0.0,0.0
RLQ,WYE VALLEY NHS TRUST,140,Oral Surgery Service,3007.5123901367188,0,0.0,3007.51239,0.0,0.0
RLQ,WYE VALLEY NHS TRUST,130,Ophthalmology Service,7874.3797607421875,0,0.0,7874.37976,0.0,0.0
RLQ,WYE VALLEY NHS TRUST,120,Ear Nose and Throat Service,4891.7587890625,0,0.0,4891.75878,0.0,0.0
RLQ,WYE VALLEY NHS TRUST,110,Trauma and Orthopaedic Service,31804.63623046875,0,0.0,31804.6361,0.0,0.0
RLQ,WYE VALLEY NHS TRUST,101,Urology Service,5508.194915771484,0,0.0,5508.1949,0.0,0.0
RLQ,WYE VALLEY NHS TRUST,100,General Surgery Service,4561.593414306641,0,0.0,4561.59343,0.0,0.0
RL4,THE ROYAL WOLVERHAMPTON NHS TRUST,502,Gynaecology Service,10398.214172363281,0,0.0,10398.21418,0.0,0.0
RL4,THE ROYAL WOLVERHAMPTON NHS TRUST,160,Plastic Surgery Service,782.0623817443848,0,0.0,782.0623820000001,0.0,0.0
RL4,THE ROYAL WOLVERHAMPTON NHS TRUST,140,Oral Surgery Service,5189.054718017578,0,0.0,5189.05473,0.0,0.0
RL4,THE ROYAL WOLVERHAMPTON NHS TRUST,130,Ophthalmology Service,18772.328247070312,0,0.0,18772.3283,0.0,0.0
RL4,THE ROYAL WOLVERHAMPTON NHS TRUST,120,Ear Nose and Throat Service,7810.2257080078125,0,0.0,7810.22572,0.0,0.0
RL4,THE ROYAL WOLVERHAMPTON NHS TRUST,110,Trauma and Orthopaedic Service,36691.9755859375,0,0.0,36691.9756,0.0,0.0
RL4,THE ROYAL WOLVERHAMPTON NHS TRUST,101,Urology Service,13267.62451171875,0,0.0,13267.6245,0.0,0.0
RL4,THE ROYAL WOLVERHAMPTON NHS TRUST,100,General Surgery Service,4434.329620361328,0,0.0,4434.32962,0.0,0.0
RL1,THE ROBERT JONES AND AGNES HUNT ORTHOPAEDIC HOSPITAL NHS FOUNDATION TRUST,110,Trauma and Orthopaedic Service,94105.09912109375,0,0.0,94105.0992,0.0,0.0
RKE,WHITTINGTON HEALTH NHS TRUST,502,Gynaecology Service,3384.1578979492188,0,0.0,3384.15791,0.0,0.0
RKE,WHITTINGTON HEALTH NHS TRUST,160,Plastic Surgery Service,495.5957908630371,0,0.0,495.595792,0.0,0.0
RKE,WHITTINGTON HEALTH NHS TRUST,140,Oral Surgery Service,2852.459182739258,0,0.0,2852.45918,0.0,0.0
RHU,PORTSMOUTH HOSPITALS UNIVERSITY NHS TRUST,502,Gynaecology Service,11836.986267089844,0,0.0,11836.98627,0.0,0.0
RHM,UNIVERSITY HOSPITAL SOUTHAMPTON NHS FOUNDATION TRUST,170,Cardiothoracic Surgery Service,1991.61328125,0,0.0,1991.61329,0.0,0.0
RHU,PORTSMOUTH HOSPITALS UNIVERSITY NHS TRUST,140,Oral Surgery Service,15062.081787109375,0,0.0,15062.081900000001,0.0,0.0
RCX,"THE QUEEN ELIZABETH HOSPITAL, KING'S LYNN, NHS FOUNDATION TRUST",160,Plastic Surgery Service,401.55610275268555,0,0.0,401.556104,0.0,0.0
RD8,MILTON KEYNES UNIVERSITY HOSPITAL NHS FOUNDATION TRUST,101,Urology Service,8515.102294921875,0,0.0,8515.102289999999,0.0,0.0
RD8,MILTON KEYNES UNIVERSITY HOSPITAL NHS FOUNDATION TRUST,100,General Surgery Service,6742.826171875,0,0.0,6742.82619,0.0,0.0
RD1,ROYAL UNITED HOSPITALS BATH NHS FOUNDATION TRUST,502,Gynaecology Service,6594.016357421875,0,0.0,6594.01636,0.0,0.0
RD1,ROYAL UNITED HOSPITALS BATH NHS FOUNDATION TRUST,140,Oral Surgery Service,4445.155548095703,0,0.0,4445.15556,0.0,0.0
RD1,ROYAL UNITED HOSPITALS BATH NHS FOUNDATION TRUST,130,Ophthalmology Service,7241.78125,0,0.0,7241.78126,0.0,0.0
RD1,ROYAL UNITED HOSPITALS BATH NHS FOUNDATION TRUST,120,Ear Nose and Throat Service,6936.744567871094,0,0.0,6936.7445800000005,0.0,0.0
RD1,ROYAL UNITED HOSPITALS BATH NHS FOUNDATION TRUST,110,Trauma and Orthopaedic Service,15042.825073242188,0,0.0,15042.8251,0.0,0.0
RD1,ROYAL UNITED HOSPITALS BATH NHS FOUNDATION TRUST,101,Urology Service,4278.989013671875,0,0.0,4278.98902,0.0,0.0
RD1,ROYAL UNITED HOSPITALS BATH NHS FOUNDATION TRUST,100,General Surgery Service,8005.562744140625,0,0.0,8005.56275,0.0,0.0
RCX,"THE QUEEN ELIZABETH HOSPITAL, KING'S LYNN, NHS FOUNDATION TRUST",502,Gynaecology Service,4718.662292480469,0,0.0,4718.66229,0.0,0.0
RCX,"THE QUEEN ELIZABETH HOSPITAL, KING'S LYNN, NHS FOUNDATION TRUST",140,Oral Surgery Service,2959.613815307617,0,0.0,2959.61382,0.0,0.0
RD8,MILTON KEYNES UNIVERSITY HOSPITAL NHS FOUNDATION TRUST,120,Ear Nose and Throat Service,6702.616882324219,0,0.0,6702.61688,0.0,0.0
RCX,"THE QUEEN ELIZABETH HOSPITAL, KING'S LYNN, NHS FOUNDATION TRUST",130,Ophthalmology Service,8532.963989257812,0,0.0,8532.96399,0.0,0.0
RCX,"THE QUEEN ELIZABETH HOSPITAL, KING'S LYNN, NHS FOUNDATION TRUST",120,Ear Nose and Throat Service,6221.593811035156,0,0.0,6221.5938,0.0,0.0
RCX,"THE QUEEN ELIZABETH HOSPITAL, KING'S LYNN, NHS FOUNDATION TRUST",110,Trauma and Orthopaedic Service,12843.913208007812,0,0.0,12843.9131,0.0,0.0
RCX,"THE QUEEN ELIZABETH HOSPITAL, KING'S LYNN, NHS FOUNDATION TRUST",101,Urology Service,4114.771789550781,0,0.0,4114.77179,0.0,0.0
RCX,"THE QUEEN ELIZABETH HOSPITAL, KING'S LYNN, NHS FOUNDATION TRUST",100,General Surgery Service,5521.712799072266,0,0.0,5521.71279,0.0,0.0
RCU,SHEFFIELD CHILDREN'S NHS FOUNDATION TRUST,140,Oral Surgery Service,1053.9481506347656,0,0.0,1053.948153,0.0,0.0
RCF,AIREDALE NHS FOUNDATION TRUST,502,Gynaecology Service,4535.207214355469,0,0.0,4535.20723,0.0,0.0
RCF,AIREDALE NHS FOUNDATION TRUST,160,Plastic Surgery Service,242.6545057296753,0,0.0,242.654507,0.0,0.0
RCF,AIREDALE NHS FOUNDATION TRUST,140,Oral Surgery Service,1189.502944946289,0,0.0,1189.50294,0.0,0.0
RCF,AIREDALE NHS FOUNDATION TRUST,130,Ophthalmology Service,1238.6983947753906,0,0.0,1238.698383,0.0,0.0
RD8,MILTON KEYNES UNIVERSITY HOSPITAL NHS FOUNDATION TRUST,110,Trauma and Orthopaedic Service,9816.129943847656,0,0.0,9816.12995,0.0,0.0
RD8,MILTON KEYNES UNIVERSITY HOSPITAL NHS FOUNDATION TRUST,130,Ophthalmology Service,3845.9071655273438,0,0.0,3845.90717,0.0,0.0
RHU,PORTSMOUTH HOSPITALS UNIVERSITY NHS TRUST,130,Ophthalmology Service,14310.012329101562,0,0.0,14310.0123,0.0,0.0
RDU,FRIMLEY HEALTH NHS FOUNDATION TRUST,110,Trauma and Orthopaedic Service,78434.390625,0,0.0,78434.3906,0.0,0.0
REF,ROYAL CORNWALL HOSPITALS NHS TRUST,130,Ophthalmology Service,13132.324951171875,0,0.0,13132.3249,0.0,0.0
REF,ROYAL CORNWALL HOSPITALS NHS TRUST,120,Ear Nose and Throat Service,7994.737243652344,0,0.0,7994.737230000001,0.0,0.0
REF,ROYAL CORNWALL HOSPITALS NHS TRUST,110,Trauma and Orthopaedic Service,43541.19580078125,0,0.0,43541.1959,0.0,0.0
REF,ROYAL CORNWALL HOSPITALS NHS TRUST,101,Urology Service,4455.651763916016,0,0.0,4455.65176,0.0,0.0
REF,ROYAL CORNWALL HOSPITALS NHS TRUST,100,General Surgery Service,5355.906982421875,0,0.0,5355.90698,0.0,0.0
RDU,FRIMLEY HEALTH NHS FOUNDATION TRUST,502,Gynaecology Service,19212.489868164062,0,0.0,19212.4899,0.0,0.0
RDU,FRIMLEY HEALTH NHS FOUNDATION TRUST,160,Plastic Surgery Service,13642.10205078125,0,0.0,13642.101999999999,0.0,0.0
RDU,FRIMLEY HEALTH NHS FOUNDATION TRUST,140,Oral Surgery Service,4372.363983154297,0,0.0,4372.36399,0.0,0.0
RDU,FRIMLEY HEALTH NHS FOUNDATION TRUST,130,Ophthalmology Service,21973.844848632812,0,0.0,21973.845,0.0,0.0
RDU,FRIMLEY HEALTH NHS FOUNDATION TRUST,120,Ear Nose and Throat Service,15591.649291992188,0,0.0,15591.649300000001,0.0,0.0
RDU,FRIMLEY HEALTH NHS FOUNDATION TRUST,101,Urology Service,16226.891479492188,0,0.0,16226.8914,0.0,0.0
RD8,MILTON KEYNES UNIVERSITY HOSPITAL NHS FOUNDATION TRUST,140,Oral Surgery Service,3352.0384216308594,0,0.0,3352.03843,0.0,0.0
RDU,FRIMLEY HEALTH NHS FOUNDATION TRUST,100,General Surgery Service,3661.5233764648438,0,0.0,3661.52336,0.0,0.0
RDE,EAST SUFFOLK AND NORTH ESSEX NHS FOUNDATION TRUST,502,Gynaecology Service,13271.757934570312,0,0.0,13271.758,0.0,0.0
RDE,EAST SUFFOLK AND NORTH ESSEX NHS FOUNDATION TRUST,160,Plastic Surgery Service,1361.1665496826172,0,0.0,1361.16653,0.0,0.0
RDE,EAST SUFFOLK AND NORTH ESSEX NHS FOUNDATION TRUST,140,Oral Surgery Service,6877.934265136719,0,0.0,6877.93427,0.0,0.0
RDE,EAST SUFFOLK AND NORTH ESSEX NHS FOUNDATION TRUST,130,Ophthalmology Service,18248.33056640625,0,0.0,18248.330700000002,0.0,0.0
RDE,EAST SUFFOLK AND NORTH ESSEX NHS FOUNDATION TRUST,120,Ear Nose and Throat Service,12181.562072753906,0,0.0,12181.56213,0.0,0.0
RDE,EAST SUFFOLK AND NORTH ESSEX NHS FOUNDATION TRUST,110,Trauma and Orthopaedic Service,39360.638671875,0,0.0,39360.6387,0.0,0.0
RDE,EAST SUFFOLK AND NORTH ESSEX NHS FOUNDATION TRUST,101,Urology Service,8356.604187011719,0,0.0,8356.60417,0.0,0.0
RDE,EAST SUFFOLK AND NORTH ESSEX NHS FOUNDATION TRUST,100,General Surgery Service,11820.789611816406,0,0.0,11820.78962,0.0,0.0
RD8,MILTON KEYNES UNIVERSITY HOSPITAL NHS FOUNDATION TRUST,502,Gynaecology Service,10210.11376953125,0,0.0,10210.11376,0.0,0.0
RCF,AIREDALE NHS FOUNDATION TRUST,120,Ear Nose and Throat Service,1234.1005020141602,0,0.0,1234.100517,0.0,0.0
RCF,AIREDALE NHS FOUNDATION TRUST,110,Trauma and Orthopaedic Service,12239.253295898438,0,0.0,12239.253279999999,0.0,0.0
RCF,AIREDALE NHS FOUNDATION TRUST,101,Urology Service,3744.463623046875,0,0.0,3744.46363,0.0,0.0
RBN,MERSEY AND WEST LANCASHIRE TEACHING HOSPITALS NHS TRUST,150,Neurosurgical Service,66.2113618850708,0,0.0,66.2113619,0.0,0.0
RBV,THE CHRISTIE NHS FOUNDATION TRUST,101,Urology Service,715.5335121154785,0,0.0,715.533511,0.0,0.0
RBT,MID CHESHIRE HOSPITALS NHS FOUNDATION TRUST,502,Gynaecology Service,5900.328430175781,0,0.0,5900.32844,0.0,0.0
RBT,MID CHESHIRE HOSPITALS NHS FOUNDATION TRUST,130,Ophthalmology Service,9183.983459472656,0,0.0,9183.98349,0.0,0.0
RBT,MID CHESHIRE HOSPITALS NHS FOUNDATION TRUST,120,Ear Nose and Throat Service,11034.48193359375,0,0.0,11034.48193,0.0,0.0
RBT,MID CHESHIRE HOSPITALS NHS FOUNDATION TRUST,110,Trauma and Orthopaedic Service,8841.380310058594,0,0.0,8841.38031,0.0,0.0
RBT,MID CHESHIRE HOSPITALS NHS FOUNDATION TRUST,101,Urology Service,3451.725555419922,0,0.0,3451.72555,0.0,0.0
RBT,MID CHESHIRE HOSPITALS NHS FOUNDATION TRUST,100,General Surgery Service,2752.2552947998047,0,0.0,2752.2553,0.0,0.0
RBQ,LIVERPOOL HEART AND CHEST HOSPITAL NHS FOUNDATION TRUST,170,Cardiothoracic Surgery Service,5718.609771728516,0,0.0,5718.60976,0.0,0.0
RBN,MERSEY AND WEST LANCASHIRE TEACHING HOSPITALS NHS TRUST,502,Gynaecology Service,22135.049926757812,0,0.0,22135.0499,0.0,0.0
RBN,MERSEY AND WEST LANCASHIRE TEACHING HOSPITALS NHS TRUST,160,Plastic Surgery Service,100849.8095703125,0,0.0,100849.80960000001,0.0,0.0
RBN,MERSEY AND WEST LANCASHIRE TEACHING HOSPITALS NHS TRUST,140,Oral Surgery Service,2317.1730346679688,0,0.0,2317.17302,0.0,0.0
RCF,AIREDALE NHS FOUNDATION TRUST,100,General Surgery Service,8289.448852539062,0,0.0,8289.44886,0.0,0.0
RBN,MERSEY AND WEST LANCASHIRE TEACHING HOSPITALS NHS TRUST,130,Ophthalmology Service,9047.781799316406,0,0.0,9047.7818,0.0,0.0
RBN,MERSEY AND WEST LANCASHIRE TEACHING HOSPITALS NHS TRUST,120,Ear Nose and Throat Service,12298.646545410156,0,0.0,12298.64654,0.0,0.0
RBN,MERSEY AND WEST LANCASHIRE TEACHING HOSPITALS NHS TRUST,110,Trauma and Orthopaedic Service,34978.410400390625,0,0.0,34978.4104,0.0,0.0
RBN,MERSEY AND WEST LANCASHIRE TEACHING HOSPITALS NHS TRUST,101,Urology Service,18575.78955078125,0,0.0,18575.7895,0.0,0.0
RBN,MERSEY AND WEST LANCASHIRE TEACHING HOSPITALS NHS TRUST,100,General Surgery Service,30009.33984375,0,0.0,30009.3399,0.0,0.0
RBL,WIRRAL UNIVERSITY TEACHING HOSPITAL NHS FOUNDATION TRUST,502,Gynaecology Service,8057.7716064453125,0,0.0,8057.7716,0.0,0.0
RBL,WIRRAL UNIVERSITY TEACHING HOSPITAL NHS FOUNDATION TRUST,140,Oral Surgery Service,5783.6865234375,0,0.0,5783.68654,0.0,0.0
RBL,WIRRAL UNIVERSITY TEACHING HOSPITAL NHS FOUNDATION TRUST,130,Ophthalmology Service,4108.28076171875,0,0.0,4108.28076,0.0,0.0
RBL,WIRRAL UNIVERSITY TEACHING HOSPITAL NHS FOUNDATION TRUST,120,Ear Nose and Throat Service,4600.0128173828125,0,0.0,4600.01282,0.0,0.0
RBL,WIRRAL UNIVERSITY TEACHING HOSPITAL NHS FOUNDATION TRUST,110,Trauma and Orthopaedic Service,17863.487182617188,0,0.0,17863.4872,0.0,0.0
RBV,THE CHRISTIE NHS FOUNDATION TRUST,160,Plastic Surgery Service,1742.2349700927734,0,0.0,1742.23496,0.0,0.0
RBV,THE CHRISTIE NHS FOUNDATION TRUST,502,Gynaecology Service,322.52736473083496,0,0.0,322.527363,0.0,0.0
RC9,BEDFORDSHIRE HOSPITALS NHS FOUNDATION TRUST,100,General Surgery Service,12922.479125976562,0,0.0,12922.4792,0.0,0.0
RC9,BEDFORDSHIRE HOSPITALS NHS FOUNDATION TRUST,101,Urology Service,9460.471252441406,0,0.0,9460.47125,0.0,0.0
RCD,HARROGATE AND DISTRICT NHS FOUNDATION TRUST,502,Gynaecology Service,3463.6643981933594,0,0.0,3463.6644,0.0,0.0
RCD,HARROGATE AND DISTRICT NHS FOUNDATION TRUST,140,Oral Surgery Service,2901.0848541259766,0,0.0,2901.08485,0.0,0.0
RCD,HARROGATE AND DISTRICT NHS FOUNDATION TRUST,130,Ophthalmology Service,6728.207275390625,0,0.0,6728.2072800000005,0.0,0.0
RCD,HARROGATE AND DISTRICT NHS FOUNDATION TRUST,120,Ear Nose and Throat Service,2820.1380157470703,0,0.0,2820.13802,0.0,0.0
RCD,HARROGATE AND DISTRICT NHS FOUNDATION TRUST,110,Trauma and Orthopaedic Service,19828.468505859375,0,0.0,19828.4685,0.0,0.0
RCD,HARROGATE AND DISTRICT NHS FOUNDATION TRUST,101,Urology Service,2964.018020629883,0,0.0,2964.01802,0.0,0.0
RCD,HARROGATE AND DISTRICT NHS FOUNDATION TRUST,100,General Surgery Service,5359.323394775391,0,0.0,5359.32339,0.0,0.0
RCB,YORK AND SCARBOROUGH TEACHING HOSPITALS NHS FOUNDATION TRUST,502,Gynaecology Service,9236.805419921875,0,0.0,9236.80542,0.0,0.0
RCB,YORK AND SCARBOROUGH TEACHING HOSPITALS NHS FOUNDATION TRUST,160,Plastic Surgery Service,1908.1360168457031,0,0.0,1908.13602,0.0,0.0
RCB,YORK AND SCARBOROUGH TEACHING HOSPITALS NHS FOUNDATION TRUST,140,Oral Surgery Service,7684.242980957031,0,0.0,7684.24297,0.0,0.0
RCB,YORK AND SCARBOROUGH TEACHING HOSPITALS NHS FOUNDATION TRUST,130,Ophthalmology Service,16718.1826171875,0,0.0,16718.1828,0.0,0.0
RCB,YORK AND SCARBOROUGH TEACHING HOSPITALS NHS FOUNDATION TRUST,120,Ear Nose and Throat Service,12540.592041015625,0,0.0,12540.59213,0.0,0.0
RCB,YORK AND SCARBOROUGH TEACHING HOSPITALS NHS FOUNDATION TRUST,110,Trauma and Orthopaedic Service,44986.72265625,0,0.0,44986.7226,0.0,0.0
RCB,YORK AND SCARBOROUGH TEACHING HOSPITALS NHS FOUNDATION TRUST,101,Urology Service,13955.425048828125,0,0.0,13955.425,0.0,0.0
RCB,YORK AND SCARBOROUGH TEACHING HOSPITALS NHS FOUNDATION TRUST,100,General Surgery Service,193.759614944458,0,0.0,193.759614,0.0,0.0
RC9,BEDFORDSHIRE HOSPITALS NHS FOUNDATION TRUST,502,Gynaecology Service,17784.294311523438,0,0.0,17784.2944,0.0,0.0
RC9,BEDFORDSHIRE HOSPITALS NHS FOUNDATION TRUST,160,Plastic Surgery Service,10349.307800292969,0,0.0,10349.30779,0.0,0.0
RC9,BEDFORDSHIRE HOSPITALS NHS FOUNDATION TRUST,140,Oral Surgery Service,16264.957641601562,0,0.0,16264.9577,0.0,0.0
RC9,BEDFORDSHIRE HOSPITALS NHS FOUNDATION TRUST,130,Ophthalmology Service,11002.127990722656,0,0.0,11002.128,0.0,0.0
RC9,BEDFORDSHIRE HOSPITALS NHS FOUNDATION TRUST,120,Ear Nose and Throat Service,10809.193725585938,0,0.0,10809.19372,0.0,0.0
RC9,BEDFORDSHIRE HOSPITALS NHS FOUNDATION TRUST,110,Trauma and Orthopaedic Service,28244.441650390625,0,0.0,28244.4417,0.0,0.0
REF,ROYAL CORNWALL HOSPITALS NHS TRUST,140,Oral Surgery Service,11451.004760742188,0,0.0,11451.00476,0.0,0.0
REF,ROYAL CORNWALL HOSPITALS NHS TRUST,502,Gynaecology Service,8051.4774169921875,0,0.0,8051.47742,0.0,0.0
REM,LIVERPOOL UNIVERSITY HOSPITALS NHS FOUNDATION TRUST,100,General Surgery Service,7149.7852783203125,0,0.0,7149.785260000001,0.0,0.0
RGT,CAMBRIDGE UNIVERSITY HOSPITALS NHS FOUNDATION TRUST,120,Ear Nose and Throat Service,13440.49658203125,0,0.0,13440.4965,0.0,0.0
RH5,SOMERSET NHS FOUNDATION TRUST,130,Ophthalmology Service,14678.890014648438,0,0.0,14678.8902,0.0,0.0
RH5,SOMERSET NHS FOUNDATION TRUST,120,Ear Nose and Throat Service,14931.78173828125,0,0.0,14931.7818,0.0,0.0
RH5,SOMERSET NHS FOUNDATION TRUST,110,Trauma and Orthopaedic Service,51296.410400390625,0,0.0,51296.4106,0.0,0.0
RH5,SOMERSET NHS FOUNDATION TRUST,101,Urology Service,11596.747497558594,0,0.0,11596.74753,0.0,0.0
RH5,SOMERSET NHS FOUNDATION TRUST,100,General Surgery Service,28196.11279296875,0,0.0,28196.1128,0.0,0.0
RGT,CAMBRIDGE UNIVERSITY HOSPITALS NHS FOUNDATION TRUST,502,Gynaecology Service,7261.054443359375,0,0.0,7261.05444,0.0,0.0
RGT,CAMBRIDGE UNIVERSITY HOSPITALS NHS FOUNDATION TRUST,160,Plastic Surgery Service,7928.832763671875,0,0.0,7928.83276,0.0,0.0
RGT,CAMBRIDGE UNIVERSITY HOSPITALS NHS FOUNDATION TRUST,150,Neurosurgical Service,6586.4556884765625,0,0.0,6586.4557,0.0,0.0
RGT,CAMBRIDGE UNIVERSITY HOSPITALS NHS FOUNDATION TRUST,140,Oral Surgery Service,5287.827484130859,0,0.0,5287.82749,0.0,0.0
RGT,CAMBRIDGE UNIVERSITY HOSPITALS NHS FOUNDATION TRUST,130,Ophthalmology Service,17182.285400390625,0,0.0,17182.2854,0.0,0.0
RGT,CAMBRIDGE UNIVERSITY HOSPITALS NHS FOUNDATION TRUST,110,Trauma and Orthopaedic Service,26311.8076171875,0,0.0,26311.8076,0.0,0.0
RGP,JAMES PAGET UNIVERSITY HOSPITALS NHS FOUNDATION TRUST,140,Oral Surgery Service,1185.0813598632812,0,0.0,1185.08135,0.0,0.0
RGT,CAMBRIDGE UNIVERSITY HOSPITALS NHS FOUNDATION TRUST,101,Urology Service,8076.2314453125,0,0.0,8076.23145,0.0,0.0
RGT,CAMBRIDGE UNIVERSITY HOSPITALS NHS FOUNDATION TRUST,100,General Surgery Service,5421.539581298828,0,0.0,5421.53959,0.0,0.0
RGR,WEST SUFFOLK NHS FOUNDATION TRUST,502,Gynaecology Service,10439.017395019531,0,0.0,10439.01737,0.0,0.0
RGR,WEST SUFFOLK NHS FOUNDATION TRUST,160,Plastic Surgery Service,6679.764709472656,0,0.0,6679.7647,0.0,0.0
RGR,WEST SUFFOLK NHS FOUNDATION TRUST,130,Ophthalmology Service,5158.918395996094,0,0.0,5158.91838,0.0,0.0
RGR,WEST SUFFOLK NHS FOUNDATION TRUST,120,Ear Nose and Throat Service,10996.517761230469,0,0.0,10996.51775,0.0,0.0
RGR,WEST SUFFOLK NHS FOUNDATION TRUST,110,Trauma and Orthopaedic Service,16713.9599609375,0,0.0,16713.9601,0.0,0.0
RGR,WEST SUFFOLK NHS FOUNDATION TRUST,101,Urology Service,4265.648498535156,0,0.0,4265.6484900000005,0.0,0.0
RGR,WEST SUFFOLK NHS FOUNDATION TRUST,100,General Surgery Service,10448.656005859375,0,0.0,10448.65601,0.0,0.0
RGP,JAMES PAGET UNIVERSITY HOSPITALS NHS FOUNDATION TRUST,502,Gynaecology Service,5451.1273193359375,0,0.0,5451.12733,0.0,0.0
RH5,SOMERSET NHS FOUNDATION TRUST,140,Oral Surgery Service,9395.821166992188,0,0.0,9395.821179999999,0.0,0.0
RH5,SOMERSET NHS FOUNDATION TRUST,160,Plastic Surgery Service,1247.9391860961914,0,0.0,1247.939209,0.0,0.0
RH5,SOMERSET NHS FOUNDATION TRUST,502,Gynaecology Service,13858.088256835938,0,0.0,13858.0882,0.0,0.0
RH8,ROYAL DEVON UNIVERSITY HEALTHCARE NHS FOUNDATION TRUST,100,General Surgery Service,3703.358123779297,0,0.0,3703.35811,0.0,0.0
RHU,PORTSMOUTH HOSPITALS UNIVERSITY NHS TRUST,120,Ear Nose and Throat Service,15148.732788085938,0,0.0,15148.7328,0.0,0.0
RHU,PORTSMOUTH HOSPITALS UNIVERSITY NHS TRUST,110,Trauma and Orthopaedic Service,35022.5068359375,0,0.0,35022.5069,0.0,0.0
RHU,PORTSMOUTH HOSPITALS UNIVERSITY NHS TRUST,101,Urology Service,7539.035583496094,0,0.0,7539.0355899999995,0.0,0.0
RHU,PORTSMOUTH HOSPITALS UNIVERSITY NHS TRUST,100,General Surgery Service,18040.929931640625,0,0.0,18040.93,0.0,0.0
RHM,UNIVERSITY HOSPITAL SOUTHAMPTON NHS FOUNDATION TRUST,502,Gynaecology Service,10588.110656738281,0,0.0,10588.11067,0.0,0.0
RN5,HAMPSHIRE HOSPITALS NHS FOUNDATION TRUST,170,Cardiothoracic Surgery Service,50.39469337463379,0,0.0,50.3946934,0.0,0.0
RHM,UNIVERSITY HOSPITAL SOUTHAMPTON NHS FOUNDATION TRUST,150,Neurosurgical Service,3396.930450439453,0,0.0,3396.93044,0.0,0.0
RHM,UNIVERSITY HOSPITAL SOUTHAMPTON NHS FOUNDATION TRUST,140,Oral Surgery Service,6209.723815917969,0,0.0,6209.7238,0.0,0.0
RHM,UNIVERSITY HOSPITAL SOUTHAMPTON NHS FOUNDATION TRUST,130,Ophthalmology Service,14502.444213867188,0,0.0,14502.4442,0.0,0.0
RHM,UNIVERSITY HOSPITAL SOUTHAMPTON NHS FOUNDATION TRUST,120,Ear Nose and Throat Service,3107.9435119628906,0,0.0,3107.9435,0.0,0.0
RHM,UNIVERSITY HOSPITAL SOUTHAMPTON NHS FOUNDATION TRUST,110,Trauma and Orthopaedic Service,31734.659912109375,0,0.0,31734.6599,0.0,0.0
RHM,UNIVERSITY HOSPITAL SOUTHAMPTON NHS FOUNDATION TRUST,101,Urology Service,10314.29052734375,0,0.0,10314.29052,0.0,0.0
RHM,UNIVERSITY HOSPITAL SOUTHAMPTON NHS FOUNDATION TRUST,100,General Surgery Service,4978.937805175781,0,0.0,4978.93779,0.0,0.0
RH8,ROYAL DEVON UNIVERSITY HEALTHCARE NHS FOUNDATION TRUST,502,Gynaecology Service,16249.326538085938,0,0.0,16249.3266,0.0,0.0
RH8,ROYAL DEVON UNIVERSITY HEALTHCARE NHS FOUNDATION TRUST,170,Cardiothoracic Surgery Service,255.4176549911499,0,0.0,255.417655,0.0,0.0
RH8,ROYAL DEVON UNIVERSITY HEALTHCARE NHS FOUNDATION TRUST,160,Plastic Surgery Service,8160.676208496094,0,0.0,8160.67622,0.0,0.0
RH8,ROYAL DEVON UNIVERSITY HEALTHCARE NHS FOUNDATION TRUST,140,Oral Surgery Service,8985.417785644531,0,0.0,8985.41777,0.0,0.0
RH8,ROYAL DEVON UNIVERSITY HEALTHCARE NHS FOUNDATION TRUST,130,Ophthalmology Service,33198.758544921875,0,0.0,33198.7585,0.0,0.0
RH8,ROYAL DEVON UNIVERSITY HEALTHCARE NHS FOUNDATION TRUST,120,Ear Nose and Throat Service,13575.581665039062,0,0.0,13575.5818,0.0,0.0
RH8,ROYAL DEVON UNIVERSITY HEALTHCARE NHS FOUNDATION TRUST,110,Trauma and Orthopaedic Service,74224.2607421875,0,0.0,74224.2606,0.0,0.0
RH8,ROYAL DEVON UNIVERSITY HEALTHCARE NHS FOUNDATION TRUST,101,Urology Service,18427.1357421875,0,0.0,18427.1358,0.0,0.0
RGP,JAMES PAGET UNIVERSITY HOSPITALS NHS FOUNDATION TRUST,160,Plastic Surgery Service,889.9580917358398,0,0.0,889.958091,0.0,0.0
RGP,JAMES PAGET UNIVERSITY HOSPITALS NHS FOUNDATION TRUST,130,Ophthalmology Service,6228.117370605469,0,0.0,6228.11738,0.0,0.0
REM,LIVERPOOL UNIVERSITY HOSPITALS NHS FOUNDATION TRUST,101,Urology Service,7108.561279296875,0,0.0,7108.56127,0.0,0.0
RF4,"BARKING, HAVERING AND REDBRIDGE UNIVERSITY HOSPITALS NHS TRUST",140,Oral Surgery Service,5605.043304443359,0,0.0,5605.0433,0.0,0.0
RFR,THE ROTHERHAM NHS FOUNDATION TRUST,100,General Surgery Service,8704.643981933594,0,0.0,8704.64398,0.0,0.0
RFF,BARNSLEY HOSPITAL NHS FOUNDATION TRUST,502,Gynaecology Service,9344.548767089844,0,0.0,9344.54876,0.0,0.0
RFF,BARNSLEY HOSPITAL NHS FOUNDATION TRUST,140,Oral Surgery Service,10686.102233886719,0,0.0,10686.10224,0.0,0.0
RFF,BARNSLEY HOSPITAL NHS FOUNDATION TRUST,130,Ophthalmology Service,6517.1451416015625,0,0.0,6517.1451400000005,0.0,0.0
RFF,BARNSLEY HOSPITAL NHS FOUNDATION TRUST,120,Ear Nose and Throat Service,5394.432861328125,0,0.0,5394.43286,0.0,0.0
RFF,BARNSLEY HOSPITAL NHS FOUNDATION TRUST,110,Trauma and Orthopaedic Service,14762.649291992188,0,0.0,14762.649300000001,0.0,0.0
RFF,BARNSLEY HOSPITAL NHS FOUNDATION TRUST,101,Urology Service,5114.829284667969,0,0.0,5114.82928,0.0,0.0
RFF,BARNSLEY HOSPITAL NHS FOUNDATION TRUST,100,General Surgery Service,14147.624145507812,0,0.0,14147.6243,0.0,0.0
RF4,"BARKING, HAVERING AND REDBRIDGE UNIVERSITY HOSPITALS NHS TRUST",502,Gynaecology Service,5890.807525634766,0,0.0,5890.80752,0.0,0.0
RF4,"BARKING, HAVERING AND REDBRIDGE UNIVERSITY HOSPITALS NHS TRUST",150,Neurosurgical Service,1722.834373474121,0,0.0,1722.83437,0.0,0.0
RF4,"BARKING, HAVERING AND REDBRIDGE UNIVERSITY HOSPITALS NHS TRUST",130,Ophthalmology Service,4434.806854248047,0,0.0,4434.80685,0.0,0.0
RGP,JAMES PAGET UNIVERSITY HOSPITALS NHS FOUNDATION TRUST,120,Ear Nose and Throat Service,2947.197235107422,0,0.0,2947.19722,0.0,0.0
RF4,"BARKING, HAVERING AND REDBRIDGE UNIVERSITY HOSPITALS NHS TRUST",120,Ear Nose and Throat Service,9874.071594238281,0,0.0,9874.07159,0.0,0.0
RF4,"BARKING, HAVERING AND REDBRIDGE UNIVERSITY HOSPITALS NHS TRUST",110,Trauma and Orthopaedic Service,8752.833801269531,0,0.0,8752.83381,0.0,0.0
RF4,"BARKING, HAVERING AND REDBRIDGE UNIVERSITY HOSPITALS NHS TRUST",101,Urology Service,3704.224151611328,0,0.0,3704.2241599999998,0.0,0.0
RF4,"BARKING, HAVERING AND REDBRIDGE UNIVERSITY HOSPITALS NHS TRUST",100,General Surgery Service,8561.064392089844,0,0.0,8561.06439,0.0,0.0
RET,THE WALTON CENTRE NHS FOUNDATION TRUST,150,Neurosurgical Service,14209.305419921875,0,0.0,14209.3054,0.0,0.0
REP,LIVERPOOL WOMEN'S NHS FOUNDATION TRUST,502,Gynaecology Service,27539.609985351562,0,0.0,27539.61,0.0,0.0
REM,LIVERPOOL UNIVERSITY HOSPITALS NHS FOUNDATION TRUST,140,Oral Surgery Service,9109.004638671875,0,0.0,9109.00464,0.0,0.0
REM,LIVERPOOL UNIVERSITY HOSPITALS NHS FOUNDATION TRUST,130,Ophthalmology Service,20279.121337890625,0,0.0,20279.1214,0.0,0.0
REM,LIVERPOOL UNIVERSITY HOSPITALS NHS FOUNDATION TRUST,120,Ear Nose and Throat Service,10161.853515625,0,0.0,10161.85352,0.0,0.0
REM,LIVERPOOL UNIVERSITY HOSPITALS NHS FOUNDATION TRUST,110,Trauma and Orthopaedic Service,16180.909301757812,0,0.0,16180.9093,0.0,0.0
RFR,THE ROTHERHAM NHS FOUNDATION TRUST,101,Urology Service,5578.542510986328,0,0.0,5578.54251,0.0,0.0
RFR,THE ROTHERHAM NHS FOUNDATION TRUST,110,Trauma and Orthopaedic Service,29776.76416015625,0,0.0,29776.7641,0.0,0.0
RFR,THE ROTHERHAM NHS FOUNDATION TRUST,120,Ear Nose and Throat Service,9732.335693359375,0,0.0,9732.33569,0.0,0.0
RFR,THE ROTHERHAM NHS FOUNDATION TRUST,130,Ophthalmology Service,4294.699676513672,0,0.0,4294.69968,0.0,0.0
RGP,JAMES PAGET UNIVERSITY HOSPITALS NHS FOUNDATION TRUST,110,Trauma and Orthopaedic Service,13123.914672851562,0,0.0,13123.9147,0.0,0.0
RGP,JAMES PAGET UNIVERSITY HOSPITALS NHS FOUNDATION TRUST,101,Urology Service,3672.5853576660156,0,0.0,3672.58536,0.0,0.0
RGP,JAMES PAGET UNIVERSITY HOSPITALS NHS FOUNDATION TRUST,100,General Surgery Service,13257.610961914062,0,0.0,13257.6109,0.0,0.0
RGN,NORTH WEST ANGLIA NHS FOUNDATION TRUST,502,Gynaecology Service,7593.914611816406,0,0.0,7593.9146200000005,0.0,0.0
RGN,NORTH WEST ANGLIA NHS FOUNDATION TRUST,160,Plastic Surgery Service,10128.993225097656,0,0.0,10128.99324,0.0,0.0
RGN,NORTH WEST ANGLIA NHS FOUNDATION TRUST,140,Oral Surgery Service,4474.640075683594,0,0.0,4474.64008,0.0,0.0
RGN,NORTH WEST ANGLIA NHS FOUNDATION TRUST,130,Ophthalmology Service,9791.4443359375,0,0.0,9791.44433,0.0,0.0
RGN,NORTH WEST ANGLIA NHS FOUNDATION TRUST,120,Ear Nose and Throat Service,9595.936096191406,0,0.0,9595.93609,0.0,0.0
RGN,NORTH WEST ANGLIA NHS FOUNDATION TRUST,110,Trauma and Orthopaedic Service,28945.83203125,0,0.0,28945.832,0.0,0.0
RGN,NORTH WEST ANGLIA NHS FOUNDATION TRUST,101,Urology Service,6744.273895263672,0,0.0,6744.27391,0.0,0.0
RGN,NORTH WEST ANGLIA NHS FOUNDATION TRUST,100,General Surgery Service,13652.069213867188,0,0.0,13652.0692,0.0,0.0
RGM,ROYAL PAPWORTH HOSPITAL NHS FOUNDATION TRUST,170,Cardiothoracic Surgery Service,3010.139678955078,0,0.0,3010.1396799999998,0.0,0.0
RFS,CHESTERFIELD ROYAL HOSPITAL NHS FOUNDATION TRUST,502,Gynaecology Service,7330.419494628906,0,0.0,7330.41951,0.0,0.0
RFS,CHESTERFIELD ROYAL HOSPITAL NHS FOUNDATION TRUST,140,Oral Surgery Service,3071.3455200195312,0,0.0,3071.34551,0.0,0.0
RFS,CHESTERFIELD ROYAL HOSPITAL NHS FOUNDATION TRUST,130,Ophthalmology Service,3518.939697265625,0,0.0,3518.93969,0.0,0.0
RFS,CHESTERFIELD ROYAL HOSPITAL NHS FOUNDATION TRUST,120,Ear Nose and Throat Service,5107.292572021484,0,0.0,5107.29257,0.0,0.0
RFS,CHESTERFIELD ROYAL HOSPITAL NHS FOUNDATION TRUST,110,Trauma and Orthopaedic Service,19483.147216796875,0,0.0,19483.1472,0.0,0.0
RFS,CHESTERFIELD ROYAL HOSPITAL NHS FOUNDATION TRUST,101,Urology Service,4497.422302246094,0,0.0,4497.4223,0.0,0.0
RFS,CHESTERFIELD ROYAL HOSPITAL NHS FOUNDATION TRUST,100,General Surgery Service,10349.831848144531,0,0.0,10349.83184,0.0,0.0
RFR,THE ROTHERHAM NHS FOUNDATION TRUST,502,Gynaecology Service,11443.326965332031,0,0.0,11443.32695,0.0,0.0
RFR,THE ROTHERHAM NHS FOUNDATION TRUST,140,Oral Surgery Service,9601.177124023438,0,0.0,9601.17712,0.0,0.0
RN5,HAMPSHIRE HOSPITALS NHS FOUNDATION TRUST,140,Oral Surgery Service,3271.4417724609375,0,0.0,3271.4417599999997,0.0,0.0
RNA,THE DUDLEY GROUP NHS FOUNDATION TRUST,120,Ear Nose and Throat Service,10921.120788574219,0,0.0,10921.12078,0.0,0.0
RN5,HAMPSHIRE HOSPITALS NHS FOUNDATION TRUST,502,Gynaecology Service,6768.368103027344,0,0.0,6768.3681,0.0,0.0
RWH,EAST AND NORTH HERTFORDSHIRE TEACHING NHS TRUST,140,Oral Surgery Service,1849.7852478027344,0,0.0,1849.78524,0.0,0.0
RWJ,STOCKPORT NHS FOUNDATION TRUST,502,Gynaecology Service,4490.333282470703,0,0.0,4490.33329,0.0,0.0
RWJ,STOCKPORT NHS FOUNDATION TRUST,140,Oral Surgery Service,167.87009143829346,0,0.0,167.8700902,0.0,0.0
RWJ,STOCKPORT NHS FOUNDATION TRUST,130,Ophthalmology Service,9793.713012695312,0,0.0,9793.71301,0.0,0.0
RWJ,STOCKPORT NHS FOUNDATION TRUST,120,Ear Nose and Throat Service,6892.712646484375,0,0.0,6892.71264,0.0,0.0
RWJ,STOCKPORT NHS FOUNDATION TRUST,110,Trauma and Orthopaedic Service,29459.776123046875,0,0.0,29459.775999999998,0.0,0.0
RWJ,STOCKPORT NHS FOUNDATION TRUST,101,Urology Service,10208.032653808594,0,0.0,10208.032659999999,0.0,0.0
RWJ,STOCKPORT NHS FOUNDATION TRUST,100,General Surgery Service,9159.806518554688,0,0.0,9159.80652,0.0,0.0
RWH,EAST AND NORTH HERTFORDSHIRE TEACHING NHS TRUST,502,Gynaecology Service,5481.334991455078,0,0.0,5481.33501,0.0,0.0
RWH,EAST AND NORTH HERTFORDSHIRE TEACHING NHS TRUST,170,Cardiothoracic Surgery Service,272.2083854675293,0,0.0,272.208387,0.0,0.0
RWH,EAST AND NORTH HERTFORDSHIRE TEACHING NHS TRUST,160,Plastic Surgery Service,17447.890991210938,0,0.0,17447.891,0.0,0.0
RWH,EAST AND NORTH HERTFORDSHIRE TEACHING NHS TRUST,130,Ophthalmology Service,6149.048004150391,0,0.0,6149.04799,0.0,0.0
RWP,WORCESTERSHIRE ACUTE HOSPITALS NHS TRUST,101,Urology Service,16971.349853515625,0,0.0,16971.3498,0.0,0.0
RWH,EAST AND NORTH HERTFORDSHIRE TEACHING NHS TRUST,120,Ear Nose and Throat Service,12166.973571777344,0,0.0,12166.97355,0.0,0.0
RWH,EAST AND NORTH HERTFORDSHIRE TEACHING NHS TRUST,110,Trauma and Orthopaedic Service,15324.325561523438,0,0.0,15324.3256,0.0,0.0
RWH,EAST AND NORTH HERTFORDSHIRE TEACHING NHS TRUST,101,Urology Service,7254.927978515625,0,0.0,7254.92798,0.0,0.0
RWH,EAST AND NORTH HERTFORDSHIRE TEACHING NHS TRUST,100,General Surgery Service,5639.567596435547,0,0.0,5639.5676,0.0,0.0
RWG,WEST HERTFORDSHIRE TEACHING HOSPITALS NHS TRUST,502,Gynaecology Service,6304.972961425781,0,0.0,6304.97296,0.0,0.0
RWG,WEST HERTFORDSHIRE TEACHING HOSPITALS NHS TRUST,140,Oral Surgery Service,8504.910888671875,0,0.0,8504.91091,0.0,0.0
RWG,WEST HERTFORDSHIRE TEACHING HOSPITALS NHS TRUST,130,Ophthalmology Service,6176.6942138671875,0,0.0,6176.6942,0.0,0.0
RWG,WEST HERTFORDSHIRE TEACHING HOSPITALS NHS TRUST,120,Ear Nose and Throat Service,7389.749694824219,0,0.0,7389.7497,0.0,0.0
RWG,WEST HERTFORDSHIRE TEACHING HOSPITALS NHS TRUST,110,Trauma and Orthopaedic Service,25188.632568359375,0,0.0,25188.6325,0.0,0.0
RWG,WEST HERTFORDSHIRE TEACHING HOSPITALS NHS TRUST,101,Urology Service,5818.78076171875,0,0.0,5818.78076,0.0,0.0
RWP,WORCESTERSHIRE ACUTE HOSPITALS NHS TRUST,100,General Surgery Service,13341.313720703125,0,0.0,13341.313699999999,0.0,0.0
RWP,WORCESTERSHIRE ACUTE HOSPITALS NHS TRUST,110,Trauma and Orthopaedic Service,36663.10693359375,0,0.0,36663.107,0.0,0.0
RVJ,NORTH BRISTOL NHS TRUST,170,Cardiothoracic Surgery Service,116.24531745910645,0,0.0,116.2453178,0.0,0.0
RWY,CALDERDALE AND HUDDERSFIELD NHS FOUNDATION TRUST,101,Urology Service,6487.873291015625,0,0.0,6487.8732899999995,0.0,0.0
RX1,NOTTINGHAM UNIVERSITY HOSPITALS NHS TRUST,120,Ear Nose and Throat Service,10069.757507324219,0,0.0,10069.7575,0.0,0.0
RX1,NOTTINGHAM UNIVERSITY HOSPITALS NHS TRUST,110,Trauma and Orthopaedic Service,15142.487670898438,0,0.0,15142.4876,0.0,0.0
RX1,NOTTINGHAM UNIVERSITY HOSPITALS NHS TRUST,101,Urology Service,5796.455749511719,0,0.0,5796.4557700000005,0.0,0.0
RX1,NOTTINGHAM UNIVERSITY HOSPITALS NHS TRUST,100,General Surgery Service,3519.48193359375,0,0.0,3519.48193,0.0,0.0
RWY,CALDERDALE AND HUDDERSFIELD NHS FOUNDATION TRUST,502,Gynaecology Service,6632.577697753906,0,0.0,6632.5777100000005,0.0,0.0
RWY,CALDERDALE AND HUDDERSFIELD NHS FOUNDATION TRUST,160,Plastic Surgery Service,3145.9689331054688,0,0.0,3145.9689200000003,0.0,0.0
RWY,CALDERDALE AND HUDDERSFIELD NHS FOUNDATION TRUST,140,Oral Surgery Service,2385.1172637939453,0,0.0,2385.11727,0.0,0.0
RWY,CALDERDALE AND HUDDERSFIELD NHS FOUNDATION TRUST,130,Ophthalmology Service,8542.749572753906,0,0.0,8542.74957,0.0,0.0
RWY,CALDERDALE AND HUDDERSFIELD NHS FOUNDATION TRUST,120,Ear Nose and Throat Service,6884.11083984375,0,0.0,6884.11083,0.0,0.0
RWY,CALDERDALE AND HUDDERSFIELD NHS FOUNDATION TRUST,110,Trauma and Orthopaedic Service,14039.751953125,0,0.0,14039.7519,0.0,0.0
RWY,CALDERDALE AND HUDDERSFIELD NHS FOUNDATION TRUST,100,General Surgery Service,22473.201171875,0,0.0,22473.201,0.0,0.0
RWP,WORCESTERSHIRE ACUTE HOSPITALS NHS TRUST,120,Ear Nose and Throat Service,13246.579711914062,0,0.0,13246.5796,0.0,0.0
RWW,NORTH CHESHIRE AND MERSEY NHS FOUNDATION TRUST,502,Gynaecology Service,4819.316650390625,0,0.0,4819.31666,0.0,0.0
RWW,NORTH CHESHIRE AND MERSEY NHS FOUNDATION TRUST,130,Ophthalmology Service,7534.456481933594,0,0.0,7534.45649,0.0,0.0
RWW,NORTH CHESHIRE AND MERSEY NHS FOUNDATION TRUST,120,Ear Nose and Throat Service,4935.840179443359,0,0.0,4935.84018,0.0,0.0
RWW,NORTH CHESHIRE AND MERSEY NHS FOUNDATION TRUST,110,Trauma and Orthopaedic Service,18374.70458984375,0,0.0,18374.7044,0.0,0.0
RWW,NORTH CHESHIRE AND MERSEY NHS FOUNDATION TRUST,101,Urology Service,5041.627990722656,0,0.0,5041.62799,0.0,0.0
RWW,NORTH CHESHIRE AND MERSEY NHS FOUNDATION TRUST,100,General Surgery Service,3469.2901306152344,0,0.0,3469.29015,0.0,0.0
RWP,WORCESTERSHIRE ACUTE HOSPITALS NHS TRUST,502,Gynaecology Service,11259.152893066406,0,0.0,11259.15289,0.0,0.0
RWP,WORCESTERSHIRE ACUTE HOSPITALS NHS TRUST,160,Plastic Surgery Service,59.3831729888916,0,0.0,59.3831731,0.0,0.0
RWP,WORCESTERSHIRE ACUTE HOSPITALS NHS TRUST,140,Oral Surgery Service,9721.612060546875,0,0.0,9721.61205,0.0,0.0
RWP,WORCESTERSHIRE ACUTE HOSPITALS NHS TRUST,130,Ophthalmology Service,13822.908203125,0,0.0,13822.9083,0.0,0.0
RWG,WEST HERTFORDSHIRE TEACHING HOSPITALS NHS TRUST,100,General Surgery Service,13995.119873046875,0,0.0,13995.1199,0.0,0.0
RWF,MAIDSTONE AND TUNBRIDGE WELLS NHS TRUST,502,Gynaecology Service,11291.626586914062,0,0.0,11291.62659,0.0,0.0
RWF,MAIDSTONE AND TUNBRIDGE WELLS NHS TRUST,130,Ophthalmology Service,17178.448974609375,0,0.0,17178.449,0.0,0.0
RVV,EAST KENT HOSPITALS UNIVERSITY NHS FOUNDATION TRUST,130,Ophthalmology Service,16305.277465820312,0,0.0,16305.2777,0.0,0.0
RWA,HULL UNIVERSITY TEACHING HOSPITALS NHS TRUST,110,Trauma and Orthopaedic Service,28565.571044921875,0,0.0,28565.5711,0.0,0.0
RWA,HULL UNIVERSITY TEACHING HOSPITALS NHS TRUST,101,Urology Service,12041.923583984375,0,0.0,12041.92356,0.0,0.0
RWA,HULL UNIVERSITY TEACHING HOSPITALS NHS TRUST,100,General Surgery Service,23657.584594726562,0,0.0,23657.5847,0.0,0.0
RW1,HAMPSHIRE AND ISLE OF WIGHT HEALTHCARE NHS FOUNDATION TRUST,100,General Surgery Service,120.1825680732727,0,0.0,120.1825679,0.0,0.0
RVW,NORTH TEES AND HARTLEPOOL NHS FOUNDATION TRUST,502,Gynaecology Service,10232.76806640625,0,0.0,10232.76806,0.0,0.0
RVW,NORTH TEES AND HARTLEPOOL NHS FOUNDATION TRUST,110,Trauma and Orthopaedic Service,27893.473876953125,0,0.0,27893.4739,0.0,0.0
RVW,NORTH TEES AND HARTLEPOOL NHS FOUNDATION TRUST,101,Urology Service,7339.307312011719,0,0.0,7339.30731,0.0,0.0
RVW,NORTH TEES AND HARTLEPOOL NHS FOUNDATION TRUST,100,General Surgery Service,6438.346252441406,0,0.0,6438.34624,0.0,0.0
RVV,EAST KENT HOSPITALS UNIVERSITY NHS FOUNDATION TRUST,502,Gynaecology Service,6097.989807128906,0,0.0,6097.98982,0.0,0.0
RVV,EAST KENT HOSPITALS UNIVERSITY NHS FOUNDATION TRUST,140,Oral Surgery Service,8266.159790039062,0,0.0,8266.1598,0.0,0.0
RVV,EAST KENT HOSPITALS UNIVERSITY NHS FOUNDATION TRUST,120,Ear Nose and Throat Service,28816.5576171875,0,0.0,28816.5574,0.0,0.0
RWF,MAIDSTONE AND TUNBRIDGE WELLS NHS TRUST,120,Ear Nose and Throat Service,9022.518737792969,0,0.0,9022.51874,0.0,0.0
RVV,EAST KENT HOSPITALS UNIVERSITY NHS FOUNDATION TRUST,110,Trauma and Orthopaedic Service,52914.9384765625,0,0.0,52914.9385,0.0,0.0
RVV,EAST KENT HOSPITALS UNIVERSITY NHS FOUNDATION TRUST,101,Urology Service,14690.414916992188,0,0.0,14690.4148,0.0,0.0
RVV,EAST KENT HOSPITALS UNIVERSITY NHS FOUNDATION TRUST,100,General Surgery Service,39044.243896484375,0,0.0,39044.244,0.0,0.0
RVR,EPSOM AND ST HELIER UNIVERSITY HOSPITALS NHS TRUST,502,Gynaecology Service,7880.828186035156,0,0.0,7880.82819,0.0,0.0
RVR,EPSOM AND ST HELIER UNIVERSITY HOSPITALS NHS TRUST,140,Oral Surgery Service,1911.4325408935547,0,0.0,1911.43254,0.0,0.0
RVR,EPSOM AND ST HELIER UNIVERSITY HOSPITALS NHS TRUST,130,Ophthalmology Service,6660.81005859375,0,0.0,6660.8100699999995,0.0,0.0
RVR,EPSOM AND ST HELIER UNIVERSITY HOSPITALS NHS TRUST,120,Ear Nose and Throat Service,2723.744415283203,0,0.0,2723.74444,0.0,0.0
RVR,EPSOM AND ST HELIER UNIVERSITY HOSPITALS NHS TRUST,110,Trauma and Orthopaedic Service,58280.4912109375,0,0.0,58280.491200000004,0.0,0.0
RVR,EPSOM AND ST HELIER UNIVERSITY HOSPITALS NHS TRUST,101,Urology Service,5165.350860595703,0,0.0,5165.35087,0.0,0.0
RVR,EPSOM AND ST HELIER UNIVERSITY HOSPITALS NHS TRUST,100,General Surgery Service,9174.784973144531,0,0.0,9174.78498,0.0,0.0
RWA,HULL UNIVERSITY TEACHING HOSPITALS NHS TRUST,120,Ear Nose and Throat Service,14524.175903320312,0,0.0,14524.176,0.0,0.0
RWA,HULL UNIVERSITY TEACHING HOSPITALS NHS TRUST,130,Ophthalmology Service,33398.33251953125,0,0.0,33398.3325,0.0,0.0
RWA,HULL UNIVERSITY TEACHING HOSPITALS NHS TRUST,140,Oral Surgery Service,5213.076080322266,0,0.0,5213.07609,0.0,0.0
RWA,HULL UNIVERSITY TEACHING HOSPITALS NHS TRUST,150,Neurosurgical Service,8531.379150390625,0,0.0,8531.37916,0.0,0.0
RWF,MAIDSTONE AND TUNBRIDGE WELLS NHS TRUST,110,Trauma and Orthopaedic Service,26377.95361328125,0,0.0,26377.9535,0.0,0.0
RWF,MAIDSTONE AND TUNBRIDGE WELLS NHS TRUST,101,Urology Service,8483.193725585938,0,0.0,8483.19373,0.0,0.0
RWF,MAIDSTONE AND TUNBRIDGE WELLS NHS TRUST,100,General Surgery Service,29171.0888671875,0,0.0,29171.089,0.0,0.0
RWE,UNIVERSITY HOSPITALS OF LEICESTER NHS TRUST,502,Gynaecology Service,11039.487487792969,0,0.0,11039.48747,0.0,0.0
RWE,UNIVERSITY HOSPITALS OF LEICESTER NHS TRUST,170,Cardiothoracic Surgery Service,2138.8790283203125,0,0.0,2138.87902,0.0,0.0
RWE,UNIVERSITY HOSPITALS OF LEICESTER NHS TRUST,160,Plastic Surgery Service,7967.068420410156,0,0.0,7967.06843,0.0,0.0
RWE,UNIVERSITY HOSPITALS OF LEICESTER NHS TRUST,140,Oral Surgery Service,6211.045074462891,0,0.0,6211.04507,0.0,0.0
RWE,UNIVERSITY HOSPITALS OF LEICESTER NHS TRUST,130,Ophthalmology Service,14214.208984375,0,0.0,14214.2089,0.0,0.0
RWE,UNIVERSITY HOSPITALS OF LEICESTER NHS TRUST,120,Ear Nose and Throat Service,10413.037658691406,0,0.0,10413.03763,0.0,0.0
RWE,UNIVERSITY HOSPITALS OF LEICESTER NHS TRUST,110,Trauma and Orthopaedic Service,32339.97265625,0,0.0,32339.972700000002,0.0,0.0
RWE,UNIVERSITY HOSPITALS OF LEICESTER NHS TRUST,101,Urology Service,9415.28564453125,0,0.0,9415.28564,0.0,0.0
RWE,UNIVERSITY HOSPITALS OF LEICESTER NHS TRUST,100,General Surgery Service,11579.630737304688,0,0.0,11579.63078,0.0,0.0
RWD,UNITED LINCOLNSHIRE TEACHING HOSPITALS NHS TRUST,502,Gynaecology Service,7084.254638671875,0,0.0,7084.25464,0.0,0.0
RWD,UNITED LINCOLNSHIRE TEACHING HOSPITALS NHS TRUST,130,Ophthalmology Service,7626.2177734375,0,0.0,7626.2177599999995,0.0,0.0
RWD,UNITED LINCOLNSHIRE TEACHING HOSPITALS NHS TRUST,120,Ear Nose and Throat Service,9388.992736816406,0,0.0,9388.99273,0.0,0.0
RWD,UNITED LINCOLNSHIRE TEACHING HOSPITALS NHS TRUST,110,Trauma and Orthopaedic Service,31989.838134765625,0,0.0,31989.8381,0.0,0.0
RWD,UNITED LINCOLNSHIRE TEACHING HOSPITALS NHS TRUST,101,Urology Service,7280.699645996094,0,0.0,7280.69963,0.0,0.0
RWD,UNITED LINCOLNSHIRE TEACHING HOSPITALS NHS TRUST,100,General Surgery Service,25132.78466796875,0,0.0,25132.7846,0.0,0.0
RWA,HULL UNIVERSITY TEACHING HOSPITALS NHS TRUST,502,Gynaecology Service,14690.436767578125,0,0.0,14690.4368,0.0,0.0
RWA,HULL UNIVERSITY TEACHING HOSPITALS NHS TRUST,170,Cardiothoracic Surgery Service,1247.578514099121,0,0.0,1247.57852,0.0,0.0
RWA,HULL UNIVERSITY TEACHING HOSPITALS NHS TRUST,160,Plastic Surgery Service,23359.526611328125,0,0.0,23359.526700000002,0.0,0.0
RX1,NOTTINGHAM UNIVERSITY HOSPITALS NHS TRUST,130,Ophthalmology Service,5127.524444580078,0,0.0,5127.52445,0.0,0.0
RX1,NOTTINGHAM UNIVERSITY HOSPITALS NHS TRUST,140,Oral Surgery Service,3005.6446533203125,0,0.0,3005.64464,0.0,0.0
RX1,NOTTINGHAM UNIVERSITY HOSPITALS NHS TRUST,150,Neurosurgical Service,1727.9944610595703,0,0.0,1727.9944699999999,0.0,0.0
RXR,EAST LANCASHIRE HOSPITALS NHS TRUST,120,Ear Nose and Throat Service,9848.989135742188,0,0.0,9848.98913,0.0,0.0
RXW,THE SHREWSBURY AND TELFORD HOSPITAL NHS TRUST,170,Cardiothoracic Surgery Service,474.1919136047363,0,0.0,474.191912,0.0,0.0
RXW,THE SHREWSBURY AND TELFORD HOSPITAL NHS TRUST,140,Oral Surgery Service,3385.744354248047,0,0.0,3385.74436,0.0,0.0
RXW,THE SHREWSBURY AND TELFORD HOSPITAL NHS TRUST,130,Ophthalmology Service,10270.112365722656,0,0.0,10270.11236,0.0,0.0
RXW,THE SHREWSBURY AND TELFORD HOSPITAL NHS TRUST,120,Ear Nose and Throat Service,7415.671691894531,0,0.0,7415.67169,0.0,0.0
RXW,THE SHREWSBURY AND TELFORD HOSPITAL NHS TRUST,110,Trauma and Orthopaedic Service,17228.857666015625,0,0.0,17228.8578,0.0,0.0
RXW,THE SHREWSBURY AND TELFORD HOSPITAL NHS TRUST,101,Urology Service,8522.788635253906,0,0.0,8522.78865,0.0,0.0
RXW,THE SHREWSBURY AND TELFORD HOSPITAL NHS TRUST,100,General Surgery Service,22095.7041015625,0,0.0,22095.7041,0.0,0.0
RXR,EAST LANCASHIRE HOSPITALS NHS TRUST,502,Gynaecology Service,14132.508911132812,0,0.0,14132.5088,0.0,0.0
RXR,EAST LANCASHIRE HOSPITALS NHS TRUST,140,Oral Surgery Service,19723.07763671875,0,0.0,19723.0778,0.0,0.0
RXR,EAST LANCASHIRE HOSPITALS NHS TRUST,130,Ophthalmology Service,12168.692565917969,0,0.0,12168.69249,0.0,0.0
RXR,EAST LANCASHIRE HOSPITALS NHS TRUST,110,Trauma and Orthopaedic Service,15362.370727539062,0,0.0,15362.3705,0.0,0.0
RXP,COUNTY DURHAM AND DARLINGTON NHS FOUNDATION TRUST,170,Cardiothoracic Surgery Service,141.2482204437256,0,0.0,141.2482214,0.0,0.0
RXR,EAST LANCASHIRE HOSPITALS NHS TRUST,101,Urology Service,5076.875457763672,0,0.0,5076.87546,0.0,0.0
RXR,EAST LANCASHIRE HOSPITALS NHS TRUST,100,General Surgery Service,11889.244506835938,0,0.0,11889.24451,0.0,0.0
RXQ,BUCKINGHAMSHIRE HEALTHCARE NHS TRUST,502,Gynaecology Service,10538.57373046875,0,0.0,10538.57372,0.0,0.0
RXQ,BUCKINGHAMSHIRE HEALTHCARE NHS TRUST,160,Plastic Surgery Service,9849.274841308594,0,0.0,9849.27484,0.0,0.0
RXQ,BUCKINGHAMSHIRE HEALTHCARE NHS TRUST,140,Oral Surgery Service,3420.7967224121094,0,0.0,3420.7967200000003,0.0,0.0
RXQ,BUCKINGHAMSHIRE HEALTHCARE NHS TRUST,130,Ophthalmology Service,11980.120056152344,0,0.0,11980.11997,0.0,0.0
RXQ,BUCKINGHAMSHIRE HEALTHCARE NHS TRUST,120,Ear Nose and Throat Service,7250.9832763671875,0,0.0,7250.98327,0.0,0.0
RXQ,BUCKINGHAMSHIRE HEALTHCARE NHS TRUST,110,Trauma and Orthopaedic Service,26710.61376953125,0,0.0,26710.6138,0.0,0.0
RXQ,BUCKINGHAMSHIRE HEALTHCARE NHS TRUST,101,Urology Service,7256.063781738281,0,0.0,7256.06378,0.0,0.0
RXQ,BUCKINGHAMSHIRE HEALTHCARE NHS TRUST,100,General Surgery Service,15203.850219726562,0,0.0,15203.8503,0.0,0.0
RXW,THE SHREWSBURY AND TELFORD HOSPITAL NHS TRUST,502,Gynaecology Service,9474.39013671875,0,0.0,9474.39012,0.0,0.0
RYJ,IMPERIAL COLLEGE HEALTHCARE NHS TRUST,100,General Surgery Service,9124.950256347656,0,0.0,9124.95027,0.0,0.0
RYJ,IMPERIAL COLLEGE HEALTHCARE NHS TRUST,101,Urology Service,5025.648376464844,0,0.0,5025.64839,0.0,0.0
RYJ,IMPERIAL COLLEGE HEALTHCARE NHS TRUST,110,Trauma and Orthopaedic Service,7125.537048339844,0,0.0,7125.53704,0.0,0.0
Y8L9S,SPAMEDICA BROMLEY,130,Ophthalmology Service,2884.8328704833984,0,0.0,2884.83286,0.0,0.0
V4U1Y,SPAMEDICA CHESTER,130,Ophthalmology Service,2235.3616485595703,0,0.0,2235.36165,0.0,0.0
T8V3L,SPAMEDICA DONCASTER,130,Ophthalmology Service,2407.930160522461,0,0.0,2407.93015,0.0,0.0
T8R5I,SPAMEDICA WOKINGHAM,130,Ophthalmology Service,1311.003646850586,0,0.0,1311.003625,0.0,0.0
S1Z4X,NEWMEDICA - BIRMINGHAM,130,Ophthalmology Service,3606.004364013672,0,0.0,3606.00435,0.0,0.0
RYR,UNIVERSITY HOSPITALS SUSSEX NHS FOUNDATION TRUST,502,Gynaecology Service,17071.455322265625,0,0.0,17071.4553,0.0,0.0
RYR,UNIVERSITY HOSPITALS SUSSEX NHS FOUNDATION TRUST,170,Cardiothoracic Surgery Service,855.353157043457,0,0.0,855.353158,0.0,0.0
RYR,UNIVERSITY HOSPITALS SUSSEX NHS FOUNDATION TRUST,150,Neurosurgical Service,2111.387008666992,0,0.0,2111.38701,0.0,0.0
RYR,UNIVERSITY HOSPITALS SUSSEX NHS FOUNDATION TRUST,140,Oral Surgery Service,19946.673461914062,0,0.0,19946.6734,0.0,0.0
RYR,UNIVERSITY HOSPITALS SUSSEX NHS FOUNDATION TRUST,130,Ophthalmology Service,29916.197998046875,0,0.0,29916.198,0.0,0.0
RYR,UNIVERSITY HOSPITALS SUSSEX NHS FOUNDATION TRUST,120,Ear Nose and Throat Service,14582.946899414062,0,0.0,14582.947,0.0,0.0
RYR,UNIVERSITY HOSPITALS SUSSEX NHS FOUNDATION TRUST,110,Trauma and Orthopaedic Service,41280.856201171875,0,0.0,41280.8561,0.0,0.0
RYR,UNIVERSITY HOSPITALS SUSSEX NHS FOUNDATION TRUST,101,Urology Service,11965.326782226562,0,0.0,11965.32678,0.0,0.0
RYR,UNIVERSITY HOSPITALS SUSSEX NHS FOUNDATION TRUST,100,General Surgery Service,13928.013427734375,0,0.0,13928.0134,0.0,0.0
RYJ,IMPERIAL COLLEGE HEALTHCARE NHS TRUST,502,Gynaecology Service,8770.201293945312,0,0.0,8770.20129,0.0,0.0
RYJ,IMPERIAL COLLEGE HEALTHCARE NHS TRUST,170,Cardiothoracic Surgery Service,2170.947463989258,0,0.0,2170.94747,0.0,0.0
RYJ,IMPERIAL COLLEGE HEALTHCARE NHS TRUST,160,Plastic Surgery Service,5435.925598144531,0,0.0,5435.9256000000005,0.0,0.0
RYJ,IMPERIAL COLLEGE HEALTHCARE NHS TRUST,150,Neurosurgical Service,2646.183364868164,0,0.0,2646.18337,0.0,0.0
RYJ,IMPERIAL COLLEGE HEALTHCARE NHS TRUST,140,Oral Surgery Service,934.3346786499023,0,0.0,934.3346779999999,0.0,0.0
RYJ,IMPERIAL COLLEGE HEALTHCARE NHS TRUST,130,Ophthalmology Service,12781.665161132812,0,0.0,12781.6652,0.0,0.0
RYJ,IMPERIAL COLLEGE HEALTHCARE NHS TRUST,120,Ear Nose and Throat Service,14416.90771484375,0,0.0,14416.9077,0.0,0.0
RXP,COUNTY DURHAM AND DARLINGTON NHS FOUNDATION TRUST,502,Gynaecology Service,10506.960571289062,0,0.0,10506.96057,0.0,0.0
RXP,COUNTY DURHAM AND DARLINGTON NHS FOUNDATION TRUST,160,Plastic Surgery Service,8527.161010742188,0,0.0,8527.16102,0.0,0.0
RX1,NOTTINGHAM UNIVERSITY HOSPITALS NHS TRUST,160,Plastic Surgery Service,3885.1473999023438,0,0.0,3885.1474200000002,0.0,0.0
RXF,MID YORKSHIRE TEACHING NHS TRUST,110,Trauma and Orthopaedic Service,38749.98583984375,0,0.0,38749.9858,0.0,0.0
RXK,SANDWELL AND WEST BIRMINGHAM HOSPITALS NHS TRUST,130,Ophthalmology Service,18295.633911132812,0,0.0,18295.6339,0.0,0.0
RXK,SANDWELL AND WEST BIRMINGHAM HOSPITALS NHS TRUST,120,Ear Nose and Throat Service,4241.3944091796875,0,0.0,4241.3944,0.0,0.0
RXK,SANDWELL AND WEST BIRMINGHAM HOSPITALS NHS TRUST,110,Trauma and Orthopaedic Service,20835.876953125,0,0.0,20835.8768,0.0,0.0
RXK,SANDWELL AND WEST BIRMINGHAM HOSPITALS NHS TRUST,101,Urology Service,5462.366027832031,0,0.0,5462.36602,0.0,0.0
RXK,SANDWELL AND WEST BIRMINGHAM HOSPITALS NHS TRUST,100,General Surgery Service,9522.379577636719,0,0.0,9522.37958,0.0,0.0
RXF,MID YORKSHIRE TEACHING NHS TRUST,502,Gynaecology Service,7357.073059082031,0,0.0,7357.07304,0.0,0.0
RXF,MID YORKSHIRE TEACHING NHS TRUST,160,Plastic Surgery Service,9326.416931152344,0,0.0,9326.41695,0.0,0.0
RXF,MID YORKSHIRE TEACHING NHS TRUST,140,Oral Surgery Service,11072.980712890625,0,0.0,11072.98071,0.0,0.0
RXF,MID YORKSHIRE TEACHING NHS TRUST,130,Ophthalmology Service,11180.911804199219,0,0.0,11180.91177,0.0,0.0
RXF,MID YORKSHIRE TEACHING NHS TRUST,120,Ear Nose and Throat Service,11279.622680664062,0,0.0,11279.62267,0.0,0.0
RXF,MID YORKSHIRE TEACHING NHS TRUST,101,Urology Service,12740.927490234375,0,0.0,12740.927599999999,0.0,0.0
RXP,COUNTY DURHAM AND DARLINGTON NHS FOUNDATION TRUST,140,Oral Surgery Service,2477.206527709961,0,0.0,2477.20652,0.0,0.0
RXF,MID YORKSHIRE TEACHING NHS TRUST,100,General Surgery Service,8146.013916015625,0,0.0,8146.0139,0.0,0.0
RXC,EAST SUSSEX HEALTHCARE NHS TRUST,502,Gynaecology Service,7658.057861328125,0,0.0,7658.05786,0.0,0.0
RXC,EAST SUSSEX HEALTHCARE NHS TRUST,140,Oral Surgery Service,2894.8458709716797,0,0.0,2894.84588,0.0,0.0
RXC,EAST SUSSEX HEALTHCARE NHS TRUST,130,Ophthalmology Service,16893.193237304688,0,0.0,16893.1932,0.0,0.0
RXC,EAST SUSSEX HEALTHCARE NHS TRUST,120,Ear Nose and Throat Service,9888.684692382812,0,0.0,9888.68468,0.0,0.0
RXC,EAST SUSSEX HEALTHCARE NHS TRUST,110,Trauma and Orthopaedic Service,30404.6630859375,0,0.0,30404.6631,0.0,0.0
RXC,EAST SUSSEX HEALTHCARE NHS TRUST,101,Urology Service,9159.461364746094,0,0.0,9159.46137,0.0,0.0
RXC,EAST SUSSEX HEALTHCARE NHS TRUST,100,General Surgery Service,8942.402038574219,0,0.0,8942.40203,0.0,0.0
RX1,NOTTINGHAM UNIVERSITY HOSPITALS NHS TRUST,502,Gynaecology Service,3070.966812133789,0,0.0,3070.96681,0.0,0.0
RX1,NOTTINGHAM UNIVERSITY HOSPITALS NHS TRUST,170,Cardiothoracic Surgery Service,1252.4059371948242,0,0.0,1252.405934,0.0,0.0
RXK,SANDWELL AND WEST BIRMINGHAM HOSPITALS NHS TRUST,140,Oral Surgery Service,4774.703948974609,0,0.0,4774.70396,0.0,0.0
RXK,SANDWELL AND WEST BIRMINGHAM HOSPITALS NHS TRUST,160,Plastic Surgery Service,3164.503143310547,0,0.0,3164.50313,0.0,0.0
RXK,SANDWELL AND WEST BIRMINGHAM HOSPITALS NHS TRUST,170,Cardiothoracic Surgery Service,121.43695163726807,0,0.0,121.4369513,0.0,0.0
RXK,SANDWELL AND WEST BIRMINGHAM HOSPITALS NHS TRUST,502,Gynaecology Service,5701.90283203125,0,0.0,5701.90283,0.0,0.0
RXP,COUNTY DURHAM AND DARLINGTON NHS FOUNDATION TRUST,130,Ophthalmology Service,7317.7952880859375,0,0.0,7317.79529,0.0,0.0
RXP,COUNTY DURHAM AND DARLINGTON NHS FOUNDATION TRUST,120,Ear Nose and Throat Service,3861.6668395996094,0,0.0,3861.66684,0.0,0.0
RXP,COUNTY DURHAM AND DARLINGTON NHS FOUNDATION TRUST,110,Trauma and Orthopaedic Service,33755.444580078125,0,0.0,33755.4445,0.0,0.0
RXP,COUNTY DURHAM AND DARLINGTON NHS FOUNDATION TRUST,100,General Surgery Service,17379.349487304688,0,0.0,17379.3495,0.0,0.0
RXN,LANCASHIRE TEACHING HOSPITALS NHS FOUNDATION TRUST,502,Gynaecology Service,5526.538024902344,0,0.0,5526.53803,0.0,0.0
RXN,LANCASHIRE TEACHING HOSPITALS NHS FOUNDATION TRUST,160,Plastic Surgery Service,37610.513916015625,0,0.0,37610.5138,0.0,0.0
RXN,LANCASHIRE TEACHING HOSPITALS NHS FOUNDATION TRUST,150,Neurosurgical Service,4911.531097412109,0,0.0,4911.53108,0.0,0.0
RXN,LANCASHIRE TEACHING HOSPITALS NHS FOUNDATION TRUST,140,Oral Surgery Service,9010.943054199219,0,0.0,9010.94305,0.0,0.0
RXN,LANCASHIRE TEACHING HOSPITALS NHS FOUNDATION TRUST,130,Ophthalmology Service,10410.352783203125,0,0.0,10410.35278,0.0,0.0
RXN,LANCASHIRE TEACHING HOSPITALS NHS FOUNDATION TRUST,120,Ear Nose and Throat Service,8843.469665527344,0,0.0,8843.46967,0.0,0.0
RXN,LANCASHIRE TEACHING HOSPITALS NHS FOUNDATION TRUST,110,Trauma and Orthopaedic Service,19481.890258789062,0,0.0,19481.8904,0.0,0.0
RXN,LANCASHIRE TEACHING HOSPITALS NHS FOUNDATION TRUST,101,Urology Service,8155.178405761719,0,0.0,8155.1784,0.0,0.0
RXN,LANCASHIRE TEACHING HOSPITALS NHS FOUNDATION TRUST,100,General Surgery Service,1132.2581100463867,0,0.0,1132.25811,0.0,0.0
RXL,BLACKPOOL TEACHING HOSPITALS NHS FOUNDATION TRUST,502,Gynaecology Service,3233.9058227539062,0,0.0,3233.9058,0.0,0.0
RXL,BLACKPOOL TEACHING HOSPITALS NHS FOUNDATION TRUST,170,Cardiothoracic Surgery Service,3921.6390991210938,0,0.0,3921.63909,0.0,0.0
RXL,BLACKPOOL TEACHING HOSPITALS NHS FOUNDATION TRUST,140,Oral Surgery Service,4362.4989013671875,0,0.0,4362.49891,0.0,0.0
RXL,BLACKPOOL TEACHING HOSPITALS NHS FOUNDATION TRUST,130,Ophthalmology Service,8144.0548095703125,0,0.0,8144.05481,0.0,0.0
RXL,BLACKPOOL TEACHING HOSPITALS NHS FOUNDATION TRUST,120,Ear Nose and Throat Service,6267.2567138671875,0,0.0,6267.25672,0.0,0.0
RXL,BLACKPOOL TEACHING HOSPITALS NHS FOUNDATION TRUST,110,Trauma and Orthopaedic Service,15420.214599609375,0,0.0,15420.2146,0.0,0.0
RXL,BLACKPOOL TEACHING HOSPITALS NHS FOUNDATION TRUST,101,Urology Service,5454.415863037109,0,0.0,5454.41586,0.0,0.0
RXL,BLACKPOOL TEACHING HOSPITALS NHS FOUNDATION TRUST,100,General Surgery Service,4488.183502197266,0,0.0,4488.18349,0.0,0.0
RVJ,NORTH BRISTOL NHS TRUST,502,Gynaecology Service,17977.435913085938,0,0.0,17977.4358,0.0,0.0
RVJ,NORTH BRISTOL NHS TRUST,160,Plastic Surgery Service,20670.05078125,0,0.0,20670.0507,0.0,0.0
RN7,DARTFORD AND GRAVESHAM NHS TRUST,100,General Surgery Service,27440.609619140625,0,0.0,27440.6096,0.0,0.0
RPY,THE ROYAL MARSDEN NHS FOUNDATION TRUST,140,Oral Surgery Service,411.56746101379395,0,0.0,411.567461,0.0,0.0
RQM,CHELSEA AND WESTMINSTER HOSPITAL NHS FOUNDATION TRUST,502,Gynaecology Service,11036.765747070312,0,0.0,11036.76573,0.0,0.0
RQM,CHELSEA AND WESTMINSTER HOSPITAL NHS FOUNDATION TRUST,160,Plastic Surgery Service,6693.8299560546875,0,0.0,6693.82996,0.0,0.0
RQM,CHELSEA AND WESTMINSTER HOSPITAL NHS FOUNDATION TRUST,140,Oral Surgery Service,938.8316421508789,0,0.0,938.831642,0.0,0.0
RQM,CHELSEA AND WESTMINSTER HOSPITAL NHS FOUNDATION TRUST,130,Ophthalmology Service,5225.960540771484,0,0.0,5225.96054,0.0,0.0
RQM,CHELSEA AND WESTMINSTER HOSPITAL NHS FOUNDATION TRUST,120,Ear Nose and Throat Service,7555.9840087890625,0,0.0,7555.98402,0.0,0.0
RQM,CHELSEA AND WESTMINSTER HOSPITAL NHS FOUNDATION TRUST,110,Trauma and Orthopaedic Service,12143.967163085938,0,0.0,12143.96714,0.0,0.0
RQM,CHELSEA AND WESTMINSTER HOSPITAL NHS FOUNDATION TRUST,101,Urology Service,8682.713684082031,0,0.0,8682.71368,0.0,0.0
RQM,CHELSEA AND WESTMINSTER HOSPITAL NHS FOUNDATION TRUST,100,General Surgery Service,15632.361572265625,0,0.0,15632.3615,0.0,0.0
RQ3,BIRMINGHAM WOMEN'S AND CHILDREN'S NHS FOUNDATION TRUST,502,Gynaecology Service,8619.639343261719,0,0.0,8619.63934,0.0,0.0
RPY,THE ROYAL MARSDEN NHS FOUNDATION TRUST,160,Plastic Surgery Service,289.5143508911133,0,0.0,289.51435100000003,0.0,0.0
RPY,THE ROYAL MARSDEN NHS FOUNDATION TRUST,101,Urology Service,291.6475067138672,0,0.0,291.647506,0.0,0.0
RQW,THE PRINCESS ALEXANDRA HOSPITAL NHS TRUST,101,Urology Service,1574.4421920776367,0,0.0,1574.44219,0.0,0.0
RPY,THE ROYAL MARSDEN NHS FOUNDATION TRUST,100,General Surgery Service,429.78575897216797,0,0.0,429.785759,0.0,0.0
RPC,QUEEN VICTORIA HOSPITAL NHS FOUNDATION TRUST,160,Plastic Surgery Service,40323.541015625,0,0.0,40323.5409,0.0,0.0
RPC,QUEEN VICTORIA HOSPITAL NHS FOUNDATION TRUST,140,Oral Surgery Service,11222.014282226562,0,0.0,11222.01423,0.0,0.0
RPC,QUEEN VICTORIA HOSPITAL NHS FOUNDATION TRUST,130,Ophthalmology Service,6381.2728271484375,0,0.0,6381.27282,0.0,0.0
RPC,QUEEN VICTORIA HOSPITAL NHS FOUNDATION TRUST,120,Ear Nose and Throat Service,657.6700553894043,0,0.0,657.670055,0.0,0.0
RPA,MEDWAY NHS FOUNDATION TRUST,502,Gynaecology Service,7052.881286621094,0,0.0,7052.8813,0.0,0.0
RPA,MEDWAY NHS FOUNDATION TRUST,120,Ear Nose and Throat Service,15859.056030273438,0,0.0,15859.0561,0.0,0.0
RPA,MEDWAY NHS FOUNDATION TRUST,110,Trauma and Orthopaedic Service,22762.387329101562,0,0.0,22762.3872,0.0,0.0
RPA,MEDWAY NHS FOUNDATION TRUST,101,Urology Service,5015.134002685547,0,0.0,5015.13401,0.0,0.0
RPA,MEDWAY NHS FOUNDATION TRUST,100,General Surgery Service,3641.1884765625,0,0.0,3641.18846,0.0,0.0
RQW,THE PRINCESS ALEXANDRA HOSPITAL NHS TRUST,100,General Surgery Service,4102.569610595703,0,0.0,4102.5696,0.0,0.0
RQW,THE PRINCESS ALEXANDRA HOSPITAL NHS TRUST,110,Trauma and Orthopaedic Service,3228.0048065185547,0,0.0,3228.00483,0.0,0.0
RVJ,NORTH BRISTOL NHS TRUST,150,Neurosurgical Service,4658.43017578125,0,0.0,4658.43017,0.0,0.0
RR7,GATESHEAD HEALTH NHS FOUNDATION TRUST,101,Urology Service,991.6899719238281,0,0.0,991.689972,0.0,0.0
RR8,LEEDS TEACHING HOSPITALS NHS TRUST,160,Plastic Surgery Service,13540.75732421875,0,0.0,13540.7574,0.0,0.0
RR8,LEEDS TEACHING HOSPITALS NHS TRUST,150,Neurosurgical Service,3391.7738342285156,0,0.0,3391.77384,0.0,0.0
RR8,LEEDS TEACHING HOSPITALS NHS TRUST,140,Oral Surgery Service,4953.799163818359,0,0.0,4953.79915,0.0,0.0
RR8,LEEDS TEACHING HOSPITALS NHS TRUST,130,Ophthalmology Service,13078.376708984375,0,0.0,13078.3764,0.0,0.0
RR8,LEEDS TEACHING HOSPITALS NHS TRUST,120,Ear Nose and Throat Service,19775.26953125,0,0.0,19775.2697,0.0,0.0
RR8,LEEDS TEACHING HOSPITALS NHS TRUST,110,Trauma and Orthopaedic Service,44238.794921875,0,0.0,44238.7949,0.0,0.0
RR8,LEEDS TEACHING HOSPITALS NHS TRUST,101,Urology Service,9923.761169433594,0,0.0,9923.76116,0.0,0.0
RR8,LEEDS TEACHING HOSPITALS NHS TRUST,100,General Surgery Service,9224.59521484375,0,0.0,9224.59524,0.0,0.0
RR7,GATESHEAD HEALTH NHS FOUNDATION TRUST,502,Gynaecology Service,4828.490692138672,0,0.0,4828.4907,0.0,0.0
RR7,GATESHEAD HEALTH NHS FOUNDATION TRUST,110,Trauma and Orthopaedic Service,16069.216430664062,0,0.0,16069.2166,0.0,0.0
RR7,GATESHEAD HEALTH NHS FOUNDATION TRUST,100,General Surgery Service,9140.941345214844,0,0.0,9140.941350000001,0.0,0.0
RQW,THE PRINCESS ALEXANDRA HOSPITAL NHS TRUST,120,Ear Nose and Throat Service,1152.8607864379883,0,0.0,1152.860782,0.0,0.0
RQX,HOMERTON HEALTHCARE NHS FOUNDATION TRUST,502,Gynaecology Service,12668.375122070312,0,0.0,12668.375240000001,0.0,0.0
RQX,HOMERTON HEALTHCARE NHS FOUNDATION TRUST,160,Plastic Surgery Service,907.7535629272461,0,0.0,907.753563,0.0,0.0
RQX,HOMERTON HEALTHCARE NHS FOUNDATION TRUST,140,Oral Surgery Service,11243.526489257812,0,0.0,11243.52644,0.0,0.0
RQX,HOMERTON HEALTHCARE NHS FOUNDATION TRUST,120,Ear Nose and Throat Service,13262.88623046875,0,0.0,13262.8865,0.0,0.0
RQX,HOMERTON HEALTHCARE NHS FOUNDATION TRUST,110,Trauma and Orthopaedic Service,17210.612426757812,0,0.0,17210.6124,0.0,0.0
RQX,HOMERTON HEALTHCARE NHS FOUNDATION TRUST,101,Urology Service,9291.102844238281,0,0.0,9291.10284,0.0,0.0
RQX,HOMERTON HEALTHCARE NHS FOUNDATION TRUST,100,General Surgery Service,16530.256713867188,0,0.0,16530.2566,0.0,0.0
RQW,THE PRINCESS ALEXANDRA HOSPITAL NHS TRUST,502,Gynaecology Service,1049.4191665649414,0,0.0,1049.4191720000001,0.0,0.0
RQW,THE PRINCESS ALEXANDRA HOSPITAL NHS TRUST,140,Oral Surgery Service,719.5959320068359,0,0.0,719.595933,0.0,0.0
RQW,THE PRINCESS ALEXANDRA HOSPITAL NHS TRUST,130,Ophthalmology Service,1114.7351913452148,0,0.0,1114.7351899999999,0.0,0.0
RP6,MOORFIELDS EYE HOSPITAL NHS FOUNDATION TRUST,130,Ophthalmology Service,77899.65478515625,0,0.0,77899.6546,0.0,0.0
RP5,DONCASTER AND BASSETLAW TEACHING HOSPITALS NHS FOUNDATION TRUST,502,Gynaecology Service,7756.552429199219,0,0.0,7756.5524399999995,0.0,0.0
RP5,DONCASTER AND BASSETLAW TEACHING HOSPITALS NHS FOUNDATION TRUST,140,Oral Surgery Service,4324.5997314453125,0,0.0,4324.59973,0.0,0.0
RNN,NORTH CUMBRIA INTEGRATED CARE NHS FOUNDATION TRUST,100,General Surgery Service,5035.630920410156,0,0.0,5035.63093,0.0,0.0
RNQ,KETTERING GENERAL HOSPITAL NHS FOUNDATION TRUST,120,Ear Nose and Throat Service,4904.331604003906,0,0.0,4904.33161,0.0,0.0
RNQ,KETTERING GENERAL HOSPITAL NHS FOUNDATION TRUST,110,Trauma and Orthopaedic Service,12545.561096191406,0,0.0,12545.5611,0.0,0.0
RNQ,KETTERING GENERAL HOSPITAL NHS FOUNDATION TRUST,101,Urology Service,4644.203674316406,0,0.0,4644.20368,0.0,0.0
RNQ,KETTERING GENERAL HOSPITAL NHS FOUNDATION TRUST,100,General Surgery Service,6889.527526855469,0,0.0,6889.527520000001,0.0,0.0
RNN,NORTH CUMBRIA INTEGRATED CARE NHS FOUNDATION TRUST,502,Gynaecology Service,10503.744445800781,0,0.0,10503.74445,0.0,0.0
RNN,NORTH CUMBRIA INTEGRATED CARE NHS FOUNDATION TRUST,140,Oral Surgery Service,1003.8044204711914,0,0.0,1003.8044199999999,0.0,0.0
RNN,NORTH CUMBRIA INTEGRATED CARE NHS FOUNDATION TRUST,130,Ophthalmology Service,5863.624298095703,0,0.0,5863.62428,0.0,0.0
RNN,NORTH CUMBRIA INTEGRATED CARE NHS FOUNDATION TRUST,120,Ear Nose and Throat Service,6985.591125488281,0,0.0,6985.5911399999995,0.0,0.0
RNN,NORTH CUMBRIA INTEGRATED CARE NHS FOUNDATION TRUST,110,Trauma and Orthopaedic Service,18733.914184570312,0,0.0,18733.9142,0.0,0.0
RNN,NORTH CUMBRIA INTEGRATED CARE NHS FOUNDATION TRUST,101,Urology Service,6288.360778808594,0,0.0,6288.360769999999,0.0,0.0
RNA,THE DUDLEY GROUP NHS FOUNDATION TRUST,502,Gynaecology Service,10073.925964355469,0,0.0,10073.92596,0.0,0.0
RP5,DONCASTER AND BASSETLAW TEACHING HOSPITALS NHS FOUNDATION TRUST,130,Ophthalmology Service,8675.451538085938,0,0.0,8675.45152,0.0,0.0
RNA,THE DUDLEY GROUP NHS FOUNDATION TRUST,160,Plastic Surgery Service,11290.371337890625,0,0.0,11290.37134,0.0,0.0
RNA,THE DUDLEY GROUP NHS FOUNDATION TRUST,140,Oral Surgery Service,4125.5001220703125,0,0.0,4125.50012,0.0,0.0
RNA,THE DUDLEY GROUP NHS FOUNDATION TRUST,130,Ophthalmology Service,13648.958740234375,0,0.0,13648.958700000001,0.0,0.0
RBL,WIRRAL UNIVERSITY TEACHING HOSPITAL NHS FOUNDATION TRUST,100,General Surgery Service,534.612907409668,0,0.0,534.612907,0.0,0.0
RNA,THE DUDLEY GROUP NHS FOUNDATION TRUST,110,Trauma and Orthopaedic Service,38483.6865234375,0,0.0,38483.6865,0.0,0.0
RNA,THE DUDLEY GROUP NHS FOUNDATION TRUST,101,Urology Service,9543.72607421875,0,0.0,9543.72608,0.0,0.0
RNA,THE DUDLEY GROUP NHS FOUNDATION TRUST,100,General Surgery Service,11092.230834960938,0,0.0,11092.23083,0.0,0.0
RN7,DARTFORD AND GRAVESHAM NHS TRUST,502,Gynaecology Service,11614.083129882812,0,0.0,11614.08314,0.0,0.0
RN7,DARTFORD AND GRAVESHAM NHS TRUST,110,Trauma and Orthopaedic Service,24044.427001953125,0,0.0,24044.4271,0.0,0.0
RN7,DARTFORD AND GRAVESHAM NHS TRUST,101,Urology Service,11888.05029296875,0,0.0,11888.05036,0.0,0.0
RNQ,KETTERING GENERAL HOSPITAL NHS FOUNDATION TRUST,130,Ophthalmology Service,8638.74560546875,0,0.0,8638.74561,0.0,0.0
RNQ,KETTERING GENERAL HOSPITAL NHS FOUNDATION TRUST,140,Oral Surgery Service,6441.0537109375,0,0.0,6441.0537,0.0,0.0
RNQ,KETTERING GENERAL HOSPITAL NHS FOUNDATION TRUST,160,Plastic Surgery Service,480.97997665405273,0,0.0,480.979976,0.0,0.0
RNQ,KETTERING GENERAL HOSPITAL NHS FOUNDATION TRUST,502,Gynaecology Service,2171.589385986328,0,0.0,2171.58939,0.0,0.0
RP5,DONCASTER AND BASSETLAW TEACHING HOSPITALS NHS FOUNDATION TRUST,120,Ear Nose and Throat Service,7965.6494140625,0,0.0,7965.64942,0.0,0.0
RP5,DONCASTER AND BASSETLAW TEACHING HOSPITALS NHS FOUNDATION TRUST,110,Trauma and Orthopaedic Service,70005.662109375,0,0.0,70005.6621,0.0,0.0
RP5,DONCASTER AND BASSETLAW TEACHING HOSPITALS NHS FOUNDATION TRUST,101,Urology Service,3446.4986572265625,0,0.0,3446.49866,0.0,0.0
RP5,DONCASTER AND BASSETLAW TEACHING HOSPITALS NHS FOUNDATION TRUST,100,General Surgery Service,13981.4697265625,0,0.0,13981.4697,0.0,0.0
RNZ,SALISBURY NHS FOUNDATION TRUST,502,Gynaecology Service,6219.230224609375,0,0.0,6219.23022,0.0,0.0
RNZ,SALISBURY NHS FOUNDATION TRUST,160,Plastic Surgery Service,11989.638305664062,0,0.0,11989.63828,0.0,0.0
RNZ,SALISBURY NHS FOUNDATION TRUST,140,Oral Surgery Service,3412.2606506347656,0,0.0,3412.26065,0.0,0.0
RNZ,SALISBURY NHS FOUNDATION TRUST,130,Ophthalmology Service,3143.3299865722656,0,0.0,3143.32999,0.0,0.0
RNZ,SALISBURY NHS FOUNDATION TRUST,120,Ear Nose and Throat Service,2544.8863067626953,0,0.0,2544.8863,0.0,0.0
RNZ,SALISBURY NHS FOUNDATION TRUST,110,Trauma and Orthopaedic Service,12782.752319335938,0,0.0,12782.7524,0.0,0.0
RNZ,SALISBURY NHS FOUNDATION TRUST,101,Urology Service,5995.784576416016,0,0.0,5995.78458,0.0,0.0
RNZ,SALISBURY NHS FOUNDATION TRUST,100,General Surgery Service,4432.223937988281,0,0.0,4432.22395,0.0,0.0
RNS,NORTHAMPTON GENERAL HOSPITAL NHS TRUST,502,Gynaecology Service,5183.639465332031,0,0.0,5183.63947,0.0,0.0
RNS,NORTHAMPTON GENERAL HOSPITAL NHS TRUST,170,Cardiothoracic Surgery Service,198.39135932922363,0,0.0,198.391359,0.0,0.0
RNS,NORTHAMPTON GENERAL HOSPITAL NHS TRUST,160,Plastic Surgery Service,629.5176544189453,0,0.0,629.517656,0.0,0.0
RNS,NORTHAMPTON GENERAL HOSPITAL NHS TRUST,140,Oral Surgery Service,8227.27587890625,0,0.0,8227.27589,0.0,0.0
RNS,NORTHAMPTON GENERAL HOSPITAL NHS TRUST,130,Ophthalmology Service,6534.448669433594,0,0.0,6534.44866,0.0,0.0
RNS,NORTHAMPTON GENERAL HOSPITAL NHS TRUST,120,Ear Nose and Throat Service,9679.794860839844,0,0.0,9679.79485,0.0,0.0
RNS,NORTHAMPTON GENERAL HOSPITAL NHS TRUST,110,Trauma and Orthopaedic Service,11126.850036621094,0,0.0,11126.85004,0.0,0.0
RNS,NORTHAMPTON GENERAL HOSPITAL NHS TRUST,101,Urology Service,4483.110076904297,0,0.0,4483.11009,0.0,0.0
RNS,NORTHAMPTON GENERAL HOSPITAL NHS TRUST,100,General Surgery Service,11351.739440917969,0,0.0,11351.73943,0.0,0.0
RR8,LEEDS TEACHING HOSPITALS NHS TRUST,170,Cardiothoracic Surgery Service,2850.8897094726562,0,0.0,2850.8897,0.0,0.0
RR8,LEEDS TEACHING HOSPITALS NHS TRUST,502,Gynaecology Service,5010.441009521484,0,0.0,5010.44102,0.0,0.0
RRF,"WRIGHTINGTON, WIGAN AND LEIGH TEACHING HOSPITALS NHS FOUNDATION TRUST",100,General Surgery Service,11184.943786621094,0,0.0,11184.94379,0.0,0.0
RTH,OXFORD UNIVERSITY HOSPITALS NHS FOUNDATION TRUST,160,Plastic Surgery Service,9883.127990722656,0,0.0,9883.128,0.0,0.0
RTP,SURREY AND SUSSEX HEALTHCARE NHS TRUST,100,General Surgery Service,3141.9583435058594,0,0.0,3141.95835,0.0,0.0
RTK,ASHFORD AND ST PETER'S HOSPITALS NHS FOUNDATION TRUST,502,Gynaecology Service,4417.213897705078,0,0.0,4417.2139,0.0,0.0
RTK,ASHFORD AND ST PETER'S HOSPITALS NHS FOUNDATION TRUST,160,Plastic Surgery Service,86.7144546508789,0,0.0,86.7144546,0.0,0.0
RTK,ASHFORD AND ST PETER'S HOSPITALS NHS FOUNDATION TRUST,140,Oral Surgery Service,4525.91552734375,0,0.0,4525.91553,0.0,0.0
RTK,ASHFORD AND ST PETER'S HOSPITALS NHS FOUNDATION TRUST,130,Ophthalmology Service,10476.193908691406,0,0.0,10476.1939,0.0,0.0
RTK,ASHFORD AND ST PETER'S HOSPITALS NHS FOUNDATION TRUST,120,Ear Nose and Throat Service,5277.511962890625,0,0.0,5277.51195,0.0,0.0
RTK,ASHFORD AND ST PETER'S HOSPITALS NHS FOUNDATION TRUST,110,Trauma and Orthopaedic Service,12493.485778808594,0,0.0,12493.4859,0.0,0.0
RTK,ASHFORD AND ST PETER'S HOSPITALS NHS FOUNDATION TRUST,101,Urology Service,2500.1305389404297,0,0.0,2500.13054,0.0,0.0
RTK,ASHFORD AND ST PETER'S HOSPITALS NHS FOUNDATION TRUST,100,General Surgery Service,1046.452278137207,0,0.0,1046.452278,0.0,0.0
RTH,OXFORD UNIVERSITY HOSPITALS NHS FOUNDATION TRUST,502,Gynaecology Service,24450.2509765625,0,0.0,24450.2509,0.0,0.0
RTH,OXFORD UNIVERSITY HOSPITALS NHS FOUNDATION TRUST,150,Neurosurgical Service,2687.8756713867188,0,0.0,2687.87567,0.0,0.0
RTG,UNIVERSITY HOSPITALS OF DERBY AND BURTON NHS FOUNDATION TRUST,110,Trauma and Orthopaedic Service,114377.0849609375,0,0.0,114377.08469999999,0.0,0.0
RTH,OXFORD UNIVERSITY HOSPITALS NHS FOUNDATION TRUST,140,Oral Surgery Service,8897.7724609375,0,0.0,8897.77246,0.0,0.0
RTH,OXFORD UNIVERSITY HOSPITALS NHS FOUNDATION TRUST,130,Ophthalmology Service,27562.929443359375,0,0.0,27562.9295,0.0,0.0
RTH,OXFORD UNIVERSITY HOSPITALS NHS FOUNDATION TRUST,120,Ear Nose and Throat Service,10102.222961425781,0,0.0,10102.22296,0.0,0.0
RTH,OXFORD UNIVERSITY HOSPITALS NHS FOUNDATION TRUST,110,Trauma and Orthopaedic Service,46241.324951171875,0,0.0,46241.325,0.0,0.0
RTH,OXFORD UNIVERSITY HOSPITALS NHS FOUNDATION TRUST,101,Urology Service,9928.555297851562,0,0.0,9928.55529,0.0,0.0
RTH,OXFORD UNIVERSITY HOSPITALS NHS FOUNDATION TRUST,100,General Surgery Service,9274.518615722656,0,0.0,9274.51861,0.0,0.0
RTG,UNIVERSITY HOSPITALS OF DERBY AND BURTON NHS FOUNDATION TRUST,502,Gynaecology Service,17502.632080078125,0,0.0,17502.632,0.0,0.0
RTG,UNIVERSITY HOSPITALS OF DERBY AND BURTON NHS FOUNDATION TRUST,160,Plastic Surgery Service,3434.6017150878906,0,0.0,3434.60171,0.0,0.0
RTG,UNIVERSITY HOSPITALS OF DERBY AND BURTON NHS FOUNDATION TRUST,140,Oral Surgery Service,7305.786376953125,0,0.0,7305.78637,0.0,0.0
RTG,UNIVERSITY HOSPITALS OF DERBY AND BURTON NHS FOUNDATION TRUST,130,Ophthalmology Service,21215.994750976562,0,0.0,21215.9947,0.0,0.0
RTP,SURREY AND SUSSEX HEALTHCARE NHS TRUST,101,Urology Service,10314.700988769531,0,0.0,10314.70099,0.0,0.0
RTP,SURREY AND SUSSEX HEALTHCARE NHS TRUST,110,Trauma and Orthopaedic Service,21978.884887695312,0,0.0,21978.8851,0.0,0.0
RTP,SURREY AND SUSSEX HEALTHCARE NHS TRUST,120,Ear Nose and Throat Service,10199.894348144531,0,0.0,10199.89435,0.0,0.0
RTP,SURREY AND SUSSEX HEALTHCARE NHS TRUST,130,Ophthalmology Service,5802.187927246094,0,0.0,5802.18793,0.0,0.0
RVJ,NORTH BRISTOL NHS TRUST,110,Trauma and Orthopaedic Service,60387.80078125,0,0.0,60387.8008,0.0,0.0
RVJ,NORTH BRISTOL NHS TRUST,101,Urology Service,25829.956298828125,0,0.0,25829.9563,0.0,0.0
RVJ,NORTH BRISTOL NHS TRUST,100,General Surgery Service,3129.1713104248047,0,0.0,3129.17132,0.0,0.0
RTX,UNIVERSITY HOSPITALS OF MORECAMBE BAY NHS FOUNDATION TRUST,502,Gynaecology Service,4018.952423095703,0,0.0,4018.95241,0.0,0.0
RTX,UNIVERSITY HOSPITALS OF MORECAMBE BAY NHS FOUNDATION TRUST,140,Oral Surgery Service,2987.2833709716797,0,0.0,2987.28338,0.0,0.0
RTX,UNIVERSITY HOSPITALS OF MORECAMBE BAY NHS FOUNDATION TRUST,130,Ophthalmology Service,6135.409393310547,0,0.0,6135.40939,0.0,0.0
RTX,UNIVERSITY HOSPITALS OF MORECAMBE BAY NHS FOUNDATION TRUST,120,Ear Nose and Throat Service,4901.6075439453125,0,0.0,4901.60755,0.0,0.0
RTX,UNIVERSITY HOSPITALS OF MORECAMBE BAY NHS FOUNDATION TRUST,110,Trauma and Orthopaedic Service,40277.4111328125,0,0.0,40277.4113,0.0,0.0
RTX,UNIVERSITY HOSPITALS OF MORECAMBE BAY NHS FOUNDATION TRUST,101,Urology Service,4878.532501220703,0,0.0,4878.53251,0.0,0.0
RTX,UNIVERSITY HOSPITALS OF MORECAMBE BAY NHS FOUNDATION TRUST,100,General Surgery Service,6521.6912841796875,0,0.0,6521.6912999999995,0.0,0.0
RTR,SOUTH TEES HOSPITALS NHS FOUNDATION TRUST,502,Gynaecology Service,11514.042602539062,0,0.0,11514.04262,0.0,0.0
RTR,SOUTH TEES HOSPITALS NHS FOUNDATION TRUST,170,Cardiothoracic Surgery Service,1557.1965637207031,0,0.0,1557.1965599999999,0.0,0.0
RTR,SOUTH TEES HOSPITALS NHS FOUNDATION TRUST,160,Plastic Surgery Service,15325.503784179688,0,0.0,15325.5039,0.0,0.0
RTR,SOUTH TEES HOSPITALS NHS FOUNDATION TRUST,150,Neurosurgical Service,3174.8253326416016,0,0.0,3174.82531,0.0,0.0
RTR,SOUTH TEES HOSPITALS NHS FOUNDATION TRUST,130,Ophthalmology Service,12079.465698242188,0,0.0,12079.46567,0.0,0.0
RTR,SOUTH TEES HOSPITALS NHS FOUNDATION TRUST,120,Ear Nose and Throat Service,10786.248168945312,0,0.0,10786.24817,0.0,0.0
RTR,SOUTH TEES HOSPITALS NHS FOUNDATION TRUST,110,Trauma and Orthopaedic Service,41606.53076171875,0,0.0,41606.5308,0.0,0.0
RTR,SOUTH TEES HOSPITALS NHS FOUNDATION TRUST,101,Urology Service,7525.470642089844,0,0.0,7525.4706400000005,0.0,0.0
RTR,SOUTH TEES HOSPITALS NHS FOUNDATION TRUST,100,General Surgery Service,9911.653198242188,0,0.0,9911.6532,0.0,0.0
RTP,SURREY AND SUSSEX HEALTHCARE NHS TRUST,502,Gynaecology Service,13842.292114257812,0,0.0,13842.292,0.0,0.0
RTP,SURREY AND SUSSEX HEALTHCARE NHS TRUST,140,Oral Surgery Service,2563.8330078125,0,0.0,2563.83301,0.0,0.0
RTG,UNIVERSITY HOSPITALS OF DERBY AND BURTON NHS FOUNDATION TRUST,120,Ear Nose and Throat Service,16745.73828125,0,0.0,16745.7383,0.0,0.0
RTG,UNIVERSITY HOSPITALS OF DERBY AND BURTON NHS FOUNDATION TRUST,101,Urology Service,7831.514099121094,0,0.0,7831.5141,0.0,0.0
RRF,"WRIGHTINGTON, WIGAN AND LEIGH TEACHING HOSPITALS NHS FOUNDATION TRUST",101,Urology Service,6898.494384765625,0,0.0,6898.49439,0.0,0.0
RRK,UNIVERSITY HOSPITALS BIRMINGHAM NHS FOUNDATION TRUST,130,Ophthalmology Service,16087.493774414062,0,0.0,16087.4939,0.0,0.0
RRV,UNIVERSITY COLLEGE LONDON HOSPITALS NHS FOUNDATION TRUST,140,Oral Surgery Service,13489.354614257812,0,0.0,13489.3547,0.0,0.0
RRV,UNIVERSITY COLLEGE LONDON HOSPITALS NHS FOUNDATION TRUST,120,Ear Nose and Throat Service,18540.991455078125,0,0.0,18540.9913,0.0,0.0
RRV,UNIVERSITY COLLEGE LONDON HOSPITALS NHS FOUNDATION TRUST,110,Trauma and Orthopaedic Service,20167.4521484375,0,0.0,20167.4521,0.0,0.0
RRV,UNIVERSITY COLLEGE LONDON HOSPITALS NHS FOUNDATION TRUST,101,Urology Service,12988.120361328125,0,0.0,12988.120499999999,0.0,0.0
RRV,UNIVERSITY COLLEGE LONDON HOSPITALS NHS FOUNDATION TRUST,100,General Surgery Service,145.4655704498291,0,0.0,145.46557,0.0,0.0
RRK,UNIVERSITY HOSPITALS BIRMINGHAM NHS FOUNDATION TRUST,502,Gynaecology Service,3784.527099609375,0,0.0,3784.5271,0.0,0.0
RRK,UNIVERSITY HOSPITALS BIRMINGHAM NHS FOUNDATION TRUST,170,Cardiothoracic Surgery Service,1234.0233154296875,0,0.0,1234.023313,0.0,0.0
RRK,UNIVERSITY HOSPITALS BIRMINGHAM NHS FOUNDATION TRUST,160,Plastic Surgery Service,3055.7969512939453,0,0.0,3055.79695,0.0,0.0
RRK,UNIVERSITY HOSPITALS BIRMINGHAM NHS FOUNDATION TRUST,150,Neurosurgical Service,1897.7099914550781,0,0.0,1897.71,0.0,0.0
RRK,UNIVERSITY HOSPITALS BIRMINGHAM NHS FOUNDATION TRUST,140,Oral Surgery Service,1770.9350128173828,0,0.0,1770.9350100000001,0.0,0.0
RRK,UNIVERSITY HOSPITALS BIRMINGHAM NHS FOUNDATION TRUST,120,Ear Nose and Throat Service,10804.869873046875,0,0.0,10804.86986,0.0,0.0
RTG,UNIVERSITY HOSPITALS OF DERBY AND BURTON NHS FOUNDATION TRUST,100,General Surgery Service,12693.234252929688,0,0.0,12693.2342,0.0,0.0
RRK,UNIVERSITY HOSPITALS BIRMINGHAM NHS FOUNDATION TRUST,110,Trauma and Orthopaedic Service,9287.797973632812,0,0.0,9287.79796,0.0,0.0
RRK,UNIVERSITY HOSPITALS BIRMINGHAM NHS FOUNDATION TRUST,101,Urology Service,11234.824890136719,0,0.0,11234.8249,0.0,0.0
RRK,UNIVERSITY HOSPITALS BIRMINGHAM NHS FOUNDATION TRUST,100,General Surgery Service,11512.426879882812,0,0.0,11512.426879999999,0.0,0.0
RRJ,THE ROYAL ORTHOPAEDIC HOSPITAL NHS FOUNDATION TRUST,110,Trauma and Orthopaedic Service,37340.703125,0,0.0,37340.703,0.0,0.0
RRF,"WRIGHTINGTON, WIGAN AND LEIGH TEACHING HOSPITALS NHS FOUNDATION TRUST",502,Gynaecology Service,5803.963226318359,0,0.0,5803.96321,0.0,0.0
RRF,"WRIGHTINGTON, WIGAN AND LEIGH TEACHING HOSPITALS NHS FOUNDATION TRUST",160,Plastic Surgery Service,2402.7010498046875,0,0.0,2402.70106,0.0,0.0
RRF,"WRIGHTINGTON, WIGAN AND LEIGH TEACHING HOSPITALS NHS FOUNDATION TRUST",140,Oral Surgery Service,4502.869384765625,0,0.0,4502.86937,0.0,0.0
RRF,"WRIGHTINGTON, WIGAN AND LEIGH TEACHING HOSPITALS NHS FOUNDATION TRUST",130,Ophthalmology Service,4723.35791015625,0,0.0,4723.35792,0.0,0.0
RRF,"WRIGHTINGTON, WIGAN AND LEIGH TEACHING HOSPITALS NHS FOUNDATION TRUST",120,Ear Nose and Throat Service,10575.086791992188,0,0.0,10575.086800000001,0.0,0.0
RRF,"WRIGHTINGTON, WIGAN AND LEIGH TEACHING HOSPITALS NHS FOUNDATION TRUST",110,Trauma and Orthopaedic Service,77320.5126953125,0,0.0,77320.5126,0.0,0.0
RRV,UNIVERSITY COLLEGE LONDON HOSPITALS NHS FOUNDATION TRUST,150,Neurosurgical Service,7331.443359375,0,0.0,7331.44335,0.0,0.0
RRV,UNIVERSITY COLLEGE LONDON HOSPITALS NHS FOUNDATION TRUST,502,Gynaecology Service,6152.472717285156,0,0.0,6152.47271,0.0,0.0
RTD,THE NEWCASTLE UPON TYNE HOSPITALS NHS FOUNDATION TRUST,100,General Surgery Service,2700.9041595458984,0,0.0,2700.90417,0.0,0.0
RTD,THE NEWCASTLE UPON TYNE HOSPITALS NHS FOUNDATION TRUST,101,Urology Service,16264.098266601562,0,0.0,16264.0983,0.0,0.0
RTF,NORTHUMBRIA HEALTHCARE NHS FOUNDATION TRUST,502,Gynaecology Service,6262.564788818359,0,0.0,6262.5648,0.0,0.0
RTF,NORTHUMBRIA HEALTHCARE NHS FOUNDATION TRUST,160,Plastic Surgery Service,12738.545166015625,0,0.0,12738.5451,0.0,0.0
RTF,NORTHUMBRIA HEALTHCARE NHS FOUNDATION TRUST,140,Oral Surgery Service,9818.798706054688,0,0.0,9818.79871,0.0,0.0
RTF,NORTHUMBRIA HEALTHCARE NHS FOUNDATION TRUST,110,Trauma and Orthopaedic Service,48163.2099609375,0,0.0,48163.21,0.0,0.0
RTF,NORTHUMBRIA HEALTHCARE NHS FOUNDATION TRUST,101,Urology Service,3126.05029296875,0,0.0,3126.05029,0.0,0.0
RTF,NORTHUMBRIA HEALTHCARE NHS FOUNDATION TRUST,100,General Surgery Service,16183.52294921875,0,0.0,16183.523,0.0,0.0
RTE,GLOUCESTERSHIRE HOSPITALS NHS FOUNDATION TRUST,502,Gynaecology Service,7812.754638671875,0,0.0,7812.75464,0.0,0.0
RTE,GLOUCESTERSHIRE HOSPITALS NHS FOUNDATION TRUST,140,Oral Surgery Service,5652.065185546875,0,0.0,5652.06518,0.0,0.0
RTE,GLOUCESTERSHIRE HOSPITALS NHS FOUNDATION TRUST,130,Ophthalmology Service,9508.40234375,0,0.0,9508.40235,0.0,0.0
RTE,GLOUCESTERSHIRE HOSPITALS NHS FOUNDATION TRUST,120,Ear Nose and Throat Service,10053.7431640625,0,0.0,10053.74316,0.0,0.0
RTE,GLOUCESTERSHIRE HOSPITALS NHS FOUNDATION TRUST,110,Trauma and Orthopaedic Service,48579.38720703125,0,0.0,48579.3872,0.0,0.0
RTE,GLOUCESTERSHIRE HOSPITALS NHS FOUNDATION TRUST,101,Urology Service,14452.342041015625,0,0.0,14452.3421,0.0,0.0
RTE,GLOUCESTERSHIRE HOSPITALS NHS FOUNDATION TRUST,100,General Surgery Service,67.08690690994263,0,0.0,67.0869069,0.0,0.0
RTD,THE NEWCASTLE UPON TYNE HOSPITALS NHS FOUNDATION TRUST,502,Gynaecology Service,7336.3912353515625,0,0.0,7336.391250000001,0.0,0.0
RTD,THE NEWCASTLE UPON TYNE HOSPITALS NHS FOUNDATION TRUST,170,Cardiothoracic Surgery Service,579.3552513122559,0,0.0,579.355251,0.0,0.0
RTD,THE NEWCASTLE UPON TYNE HOSPITALS NHS FOUNDATION TRUST,160,Plastic Surgery Service,13052.904663085938,0,0.0,13052.9048,0.0,0.0
RTD,THE NEWCASTLE UPON TYNE HOSPITALS NHS FOUNDATION TRUST,150,Neurosurgical Service,2794.5323028564453,0,0.0,2794.53231,0.0,0.0
RTD,THE NEWCASTLE UPON TYNE HOSPITALS NHS FOUNDATION TRUST,140,Oral Surgery Service,3322.756118774414,0,0.0,3322.75612,0.0,0.0
RTD,THE NEWCASTLE UPON TYNE HOSPITALS NHS FOUNDATION TRUST,130,Ophthalmology Service,36051.9775390625,0,0.0,36051.9777,0.0,0.0
RTD,THE NEWCASTLE UPON TYNE HOSPITALS NHS FOUNDATION TRUST,120,Ear Nose and Throat Service,19978.978393554688,0,0.0,19978.9785,0.0,0.0
RTD,THE NEWCASTLE UPON TYNE HOSPITALS NHS FOUNDATION TRUST,110,Trauma and Orthopaedic Service,63714.8642578125,0,0.0,63714.8643,0.0,0.0
RBL,WIRRAL UNIVERSITY TEACHING HOSPITAL NHS FOUNDATION TRUST,101,Urology Service,5279.623046875,0,0.0,5279.62306,0.0,0.0
RBD,DORSET COUNTY HOSPITAL NHS FOUNDATION TRUST,101,Urology Service,3359.7486724853516,0,0.0,3359.74869,0.0,0.0
RBK,WALSALL HEALTHCARE NHS TRUST,502,Gynaecology Service,7534.748046875,0,0.0,7534.74805,0.0,0.0
NT343,SPIRE THAMES VALLEY HOSPITAL,100,General Surgery Service,83.92038822174072,0,0.0,83.9203883,0.0,0.0
NT347,SPIRE FYLDE COAST HOSPITAL,110,Trauma and Orthopaedic Service,5201.8267822265625,0,0.0,5201.8268,0.0,0.0
NT347,SPIRE FYLDE COAST HOSPITAL,101,Urology Service,178.04948234558105,0,0.0,178.049482,0.0,0.0
NT347,SPIRE FYLDE COAST HOSPITAL,100,General Surgery Service,1447.563217163086,0,0.0,1447.56322,0.0,0.0
NT345,SPIRE CLARE PARK HOSPITAL,120,Ear Nose and Throat Service,58.492629051208496,0,0.0,58.492629,0.0,0.0
NT345,SPIRE CLARE PARK HOSPITAL,110,Trauma and Orthopaedic Service,300.5591335296631,0,0.0,300.55913400000003,0.0,0.0
NT345,SPIRE CLARE PARK HOSPITAL,101,Urology Service,87.83487176895142,0,0.0,87.8348717,0.0,0.0
NT345,SPIRE CLARE PARK HOSPITAL,100,General Surgery Service,160.69315814971924,0,0.0,160.693159,0.0,0.0
NT344,SPIRE DUNEDIN HOSPITAL,110,Trauma and Orthopaedic Service,693.8788299560547,0,0.0,693.878831,0.0,0.0
NT344,SPIRE DUNEDIN HOSPITAL,100,General Surgery Service,169.63408660888672,0,0.0,169.634088,0.0,0.0
NT343,SPIRE THAMES VALLEY HOSPITAL,110,Trauma and Orthopaedic Service,757.6396293640137,0,0.0,757.639628,0.0,0.0
NT339,SPIRE REGENCY HOSPITAL,502,Gynaecology Service,751.3308410644531,0,0.0,751.330842,0.0,0.0
NT333,SPIRE WASHINGTON HOSPITAL,150,Neurosurgical Service,251.36089897155762,0,0.0,251.360898,0.0,0.0
NT339,SPIRE REGENCY HOSPITAL,150,Neurosurgical Service,84.91984844207764,0,0.0,84.9198483,0.0,0.0
NT339,SPIRE REGENCY HOSPITAL,120,Ear Nose and Throat Service,254.0869655609131,0,0.0,254.086965,0.0,0.0
NT339,SPIRE REGENCY HOSPITAL,110,Trauma and Orthopaedic Service,3579.660430908203,0,0.0,3579.66043,0.0,0.0
NT339,SPIRE REGENCY HOSPITAL,101,Urology Service,89.20534181594849,0,0.0,89.2053418,0.0,0.0
NT339,SPIRE REGENCY HOSPITAL,100,General Surgery Service,1002.9153900146484,0,0.0,1002.915389,0.0,0.0
NT337,SPIRE LIVERPOOL HOSPITAL,160,Plastic Surgery Service,160.56998348236084,0,0.0,160.5699825,0.0,0.0
NT337,SPIRE LIVERPOOL HOSPITAL,120,Ear Nose and Throat Service,342.30272674560547,0,0.0,342.302728,0.0,0.0
NT337,SPIRE LIVERPOOL HOSPITAL,110,Trauma and Orthopaedic Service,2645.2742614746094,0,0.0,2645.27426,0.0,0.0
NT337,SPIRE LIVERPOOL HOSPITAL,101,Urology Service,426.77772521972656,0,0.0,426.77772500000003,0.0,0.0
NT337,SPIRE LIVERPOOL HOSPITAL,100,General Surgery Service,1163.8452377319336,0,0.0,1163.845236,0.0,0.0
NT347,SPIRE FYLDE COAST HOSPITAL,120,Ear Nose and Throat Service,231.38718795776367,0,0.0,231.387189,0.0,0.0
NT347,SPIRE FYLDE COAST HOSPITAL,150,Neurosurgical Service,191.39711380004883,0,0.0,191.3971133,0.0,0.0
NT347,SPIRE FYLDE COAST HOSPITAL,502,Gynaecology Service,478.59521102905273,0,0.0,478.595212,0.0,0.0
NT348,SPIRE ELLAND HOSPITAL,100,General Surgery Service,799.8463516235352,0,0.0,799.846352,0.0,0.0
NT3X3,SPIRE ST ANTHONY'S HOSPITAL,502,Gynaecology Service,83.41973209381104,0,0.0,83.4197321,0.0,0.0
NT3X3,SPIRE ST ANTHONY'S HOSPITAL,150,Neurosurgical Service,80.6030740737915,0,0.0,80.6030741,0.0,0.0
NT3X3,SPIRE ST ANTHONY'S HOSPITAL,120,Ear Nose and Throat Service,60.87165927886963,0,0.0,60.8716594,0.0,0.0
NT3X3,SPIRE ST ANTHONY'S HOSPITAL,110,Trauma and Orthopaedic Service,331.1936912536621,0,0.0,331.193691,0.0,0.0
NT3X3,SPIRE ST ANTHONY'S HOSPITAL,100,General Surgery Service,1021.205810546875,0,0.0,1021.205809,0.0,0.0
NT364,SPIRE MONTEFIORE HOSPITAL,110,Trauma and Orthopaedic Service,1417.164421081543,0,0.0,1417.1644000000001,0.0,0.0
NT364,SPIRE MONTEFIORE HOSPITAL,100,General Surgery Service,312.5718936920166,0,0.0,312.571894,0.0,0.0
NT351,SPIRE HULL AND EAST RIDING HOSPITAL,502,Gynaecology Service,104.77896118164062,0,0.0,104.77896129999999,0.0,0.0
NT351,SPIRE HULL AND EAST RIDING HOSPITAL,150,Neurosurgical Service,333.4678764343262,0,0.0,333.467877,0.0,0.0
NT351,SPIRE HULL AND EAST RIDING HOSPITAL,120,Ear Nose and Throat Service,97.41889476776123,0,0.0,97.4188949,0.0,0.0
NT351,SPIRE HULL AND EAST RIDING HOSPITAL,110,Trauma and Orthopaedic Service,4705.885711669922,0,0.0,4705.88572,0.0,0.0
NT351,SPIRE HULL AND EAST RIDING HOSPITAL,101,Urology Service,62.9012336730957,0,0.0,62.9012338,0.0,0.0
NT351,SPIRE HULL AND EAST RIDING HOSPITAL,100,General Surgery Service,2399.9810485839844,0,0.0,2399.98103,0.0,0.0
NT350,SPIRE METHLEY PARK HOSPITAL,160,Plastic Surgery Service,122.45036315917969,0,0.0,122.4503636,0.0,0.0
NT350,SPIRE METHLEY PARK HOSPITAL,150,Neurosurgical Service,53.045652866363525,0,0.0,53.0456529,0.0,0.0
NT350,SPIRE METHLEY PARK HOSPITAL,110,Trauma and Orthopaedic Service,1614.034294128418,0,0.0,1614.0343,0.0,0.0
NT350,SPIRE METHLEY PARK HOSPITAL,101,Urology Service,70.328444480896,0,0.0,70.3284445,0.0,0.0
NT350,SPIRE METHLEY PARK HOSPITAL,100,General Surgery Service,535.9036140441895,0,0.0,535.903614,0.0,0.0
NT348,SPIRE ELLAND HOSPITAL,502,Gynaecology Service,87.43766355514526,0,0.0,87.4376637,0.0,0.0
NT348,SPIRE ELLAND HOSPITAL,110,Trauma and Orthopaedic Service,2850.9837646484375,0,0.0,2850.98377,0.0,0.0
NT348,SPIRE ELLAND HOSPITAL,101,Urology Service,109.51992702484131,0,0.0,109.519927,0.0,0.0
NT333,SPIRE WASHINGTON HOSPITAL,160,Plastic Surgery Service,667.1811485290527,0,0.0,667.181149,0.0,0.0
NT333,SPIRE WASHINGTON HOSPITAL,110,Trauma and Orthopaedic Service,5061.118316650391,0,0.0,5061.11833,0.0,0.0
NT401,ALEXANDRA HOSPITAL,110,Trauma and Orthopaedic Service,1179.9092254638672,0,0.0,1179.909224,0.0,0.0
NT315,SPIRE BUSHEY HOSPITAL,100,General Surgery Service,455.4606590270996,0,0.0,455.460659,0.0,0.0
NT317,SPIRE CAMBRIDGE LEA HOSPITAL,150,Neurosurgical Service,55.15738868713379,0,0.0,55.157388600000004,0.0,0.0
NT317,SPIRE CAMBRIDGE LEA HOSPITAL,120,Ear Nose and Throat Service,110.68366479873657,0,0.0,110.68366470000001,0.0,0.0
NT317,SPIRE CAMBRIDGE LEA HOSPITAL,110,Trauma and Orthopaedic Service,1249.065559387207,0,0.0,1249.06556,0.0,0.0
NT317,SPIRE CAMBRIDGE LEA HOSPITAL,100,General Surgery Service,128.6730136871338,0,0.0,128.6730129,0.0,0.0
NT316,SPIRE HARPENDEN HOSPITAL,120,Ear Nose and Throat Service,287.31173515319824,0,0.0,287.311736,0.0,0.0
NT316,SPIRE HARPENDEN HOSPITAL,110,Trauma and Orthopaedic Service,1280.3503189086914,0,0.0,1280.35032,0.0,0.0
NT316,SPIRE HARPENDEN HOSPITAL,100,General Surgery Service,444.51384353637695,0,0.0,444.513843,0.0,0.0
NT315,SPIRE BUSHEY HOSPITAL,502,Gynaecology Service,235.26890563964844,0,0.0,235.26890600000002,0.0,0.0
NT315,SPIRE BUSHEY HOSPITAL,120,Ear Nose and Throat Service,256.2758541107178,0,0.0,256.275854,0.0,0.0
NT315,SPIRE BUSHEY HOSPITAL,110,Trauma and Orthopaedic Service,1164.682273864746,0,0.0,1164.6822769999999,0.0,0.0
NT314,SPIRE LONDON EAST,502,Gynaecology Service,310.7805652618408,0,0.0,310.780567,0.0,0.0
NT333,SPIRE WASHINGTON HOSPITAL,100,General Surgery Service,544.737060546875,0,0.0,544.737059,0.0,0.0
NT314,SPIRE LONDON EAST,160,Plastic Surgery Service,90.10731410980225,0,0.0,90.1073141,0.0,0.0
NT314,SPIRE LONDON EAST,150,Neurosurgical Service,296.5518264770508,0,0.0,296.551825,0.0,0.0
NT314,SPIRE LONDON EAST,110,Trauma and Orthopaedic Service,1540.2152252197266,0,0.0,1540.21522,0.0,0.0
NT314,SPIRE LONDON EAST,100,General Surgery Service,707.6316528320312,0,0.0,707.631652,0.0,0.0
NT313,SPIRE WELLESLEY HOSPITAL,160,Plastic Surgery Service,567.6700706481934,0,0.0,567.670072,0.0,0.0
NT313,SPIRE WELLESLEY HOSPITAL,110,Trauma and Orthopaedic Service,1937.5684661865234,0,0.0,1937.56846,0.0,0.0
NT313,SPIRE WELLESLEY HOSPITAL,100,General Surgery Service,277.30870819091797,0,0.0,277.308708,0.0,0.0
NT312,SPIRE ALEXANDRA HOSPITAL,502,Gynaecology Service,153.60467910766602,0,0.0,153.6046785,0.0,0.0
NT312,SPIRE ALEXANDRA HOSPITAL,160,Plastic Surgery Service,124.53788423538208,0,0.0,124.537885,0.0,0.0
NT312,SPIRE ALEXANDRA HOSPITAL,110,Trauma and Orthopaedic Service,1215.8866806030273,0,0.0,1215.886674,0.0,0.0
NT318,SPIRE NORWICH HOSPITAL,100,General Surgery Service,379.2771167755127,0,0.0,379.277117,0.0,0.0
NT318,SPIRE NORWICH HOSPITAL,110,Trauma and Orthopaedic Service,2190.722930908203,0,0.0,2190.72293,0.0,0.0
NT319,SPIRE HARTSWOOD HOSPITAL,100,General Surgery Service,501.33770751953125,0,0.0,501.337708,0.0,0.0
NT319,SPIRE HARTSWOOD HOSPITAL,110,Trauma and Orthopaedic Service,3347.0743103027344,0,0.0,3347.07429,0.0,0.0
NT332,SPIRE LEEDS HOSPITAL,160,Plastic Surgery Service,364.4675598144531,0,0.0,364.46756,0.0,0.0
NT332,SPIRE LEEDS HOSPITAL,110,Trauma and Orthopaedic Service,1917.9057006835938,0,0.0,1917.9057,0.0,0.0
NT332,SPIRE LEEDS HOSPITAL,100,General Surgery Service,574.7802581787109,0,0.0,574.780259,0.0,0.0
NT327,SPIRE MANCHESTER HOSPITAL,110,Trauma and Orthopaedic Service,1397.7182083129883,0,0.0,1397.718221,0.0,0.0
NT327,SPIRE MANCHESTER HOSPITAL,100,General Surgery Service,224.76177597045898,0,0.0,224.761776,0.0,0.0
NT325,SPIRE MURRAYFIELD HOSPITAL,110,Trauma and Orthopaedic Service,1574.0835876464844,0,0.0,1574.08358,0.0,0.0
NT325,SPIRE MURRAYFIELD HOSPITAL,101,Urology Service,105.2067985534668,0,0.0,105.2067986,0.0,0.0
NT325,SPIRE MURRAYFIELD HOSPITAL,100,General Surgery Service,747.9186973571777,0,0.0,747.918698,0.0,0.0
NT324,SPIRE CHESHIRE HOSPITAL,160,Plastic Surgery Service,310.2369327545166,0,0.0,310.236932,0.0,0.0
NT324,SPIRE CHESHIRE HOSPITAL,120,Ear Nose and Throat Service,376.3513774871826,0,0.0,376.351379,0.0,0.0
NT324,SPIRE CHESHIRE HOSPITAL,110,Trauma and Orthopaedic Service,2215.9813079833984,0,0.0,2215.98131,0.0,0.0
NT324,SPIRE CHESHIRE HOSPITAL,101,Urology Service,210.96736907958984,0,0.0,210.96737,0.0,0.0
NT324,SPIRE CHESHIRE HOSPITAL,100,General Surgery Service,1038.2512741088867,0,0.0,1038.251274,0.0,0.0
NT322,SPIRE LEICESTER HOSPITAL,110,Trauma and Orthopaedic Service,1316.3859558105469,0,0.0,1316.385957,0.0,0.0
NT322,SPIRE LEICESTER HOSPITAL,100,General Surgery Service,79.60800123214722,0,0.0,79.6080012,0.0,0.0
NT321,SPIRE LITTLE ASTON HOSPITAL,502,Gynaecology Service,112.86947870254517,0,0.0,112.8694787,0.0,0.0
NT321,SPIRE LITTLE ASTON HOSPITAL,110,Trauma and Orthopaedic Service,2330.400360107422,0,0.0,2330.40036,0.0,0.0
NT321,SPIRE LITTLE ASTON HOSPITAL,100,General Surgery Service,732.338924407959,0,0.0,732.338925,0.0,0.0
NT320,SPIRE PARKWAY HOSPITAL,502,Gynaecology Service,144.34906196594238,0,0.0,144.349061,0.0,0.0
NT320,SPIRE PARKWAY HOSPITAL,110,Trauma and Orthopaedic Service,2399.3956146240234,0,0.0,2399.39561,0.0,0.0
NT320,SPIRE PARKWAY HOSPITAL,100,General Surgery Service,365.30336570739746,0,0.0,365.303365,0.0,0.0
NT401,ALEXANDRA HOSPITAL,100,General Surgery Service,530.6553955078125,0,0.0,530.655394,0.0,0.0
NT402,BATH CLINIC,100,General Surgery Service,98.18820762634277,0,0.0,98.1882076,0.0,0.0
NT436,SHIRLEY OAKS HOSPITAL,110,Trauma and Orthopaedic Service,957.6521987915039,0,0.0,957.652201,0.0,0.0
NT421,KINGS OAK HOSPITAL,502,Gynaecology Service,70.03129816055298,0,0.0,70.0312981,0.0,0.0
NT424,MERIDEN HOSPITAL,100,General Surgery Service,808.6182022094727,0,0.0,808.618203,0.0,0.0
NT423,MANOR HOSPITAL,502,Gynaecology Service,374.9256286621094,0,0.0,374.925629,0.0,0.0
NT423,MANOR HOSPITAL,110,Trauma and Orthopaedic Service,764.5453605651855,0,0.0,764.54536,0.0,0.0
NT423,MANOR HOSPITAL,100,General Surgery Service,223.85205459594727,0,0.0,223.852055,0.0,0.0
NT422,LONDON INDEPENDENT HOSPITAL,502,Gynaecology Service,174.70242023468018,0,0.0,174.70242,0.0,0.0
NT422,LONDON INDEPENDENT HOSPITAL,150,Neurosurgical Service,122.85712623596191,0,0.0,122.8571268,0.0,0.0
NT422,LONDON INDEPENDENT HOSPITAL,130,Ophthalmology Service,262.38356590270996,0,0.0,262.383567,0.0,0.0
NT422,LONDON INDEPENDENT HOSPITAL,110,Trauma and Orthopaedic Service,4293.235870361328,0,0.0,4293.23586,0.0,0.0
NT422,LONDON INDEPENDENT HOSPITAL,101,Urology Service,391.86502838134766,0,0.0,391.865029,0.0,0.0
NT422,LONDON INDEPENDENT HOSPITAL,100,General Surgery Service,2578.492904663086,0,0.0,2578.49291,0.0,0.0
NT421,KINGS OAK HOSPITAL,110,Trauma and Orthopaedic Service,588.8601264953613,0,0.0,588.860126,0.0,0.0
NT416,HENDON HOSPITAL,502,Gynaecology Service,237.60958576202393,0,0.0,237.60958599999998,0.0,0.0
NT421,KINGS OAK HOSPITAL,101,Urology Service,132.00969791412354,0,0.0,132.0096992,0.0,0.0
NT421,KINGS OAK HOSPITAL,100,General Surgery Service,148.55722045898438,0,0.0,148.557219,0.0,0.0
NT420,HIGHFIELD HOSPITAL,110,Trauma and Orthopaedic Service,2297.3379669189453,0,0.0,2297.33796,0.0,0.0
NT420,HIGHFIELD HOSPITAL,100,General Surgery Service,486.1961975097656,0,0.0,486.196198,0.0,0.0
NT419,HARBOUR HOSPITAL,110,Trauma and Orthopaedic Service,644.2203216552734,0,0.0,644.220323,0.0,0.0
NT418,HAMPSHIRE CLINIC,502,Gynaecology Service,218.4255256652832,0,0.0,218.425526,0.0,0.0
NT418,HAMPSHIRE CLINIC,110,Trauma and Orthopaedic Service,519.670223236084,0,0.0,519.670223,0.0,0.0
NT418,HAMPSHIRE CLINIC,101,Urology Service,58.37815570831299,0,0.0,58.3781559,0.0,0.0
NT418,HAMPSHIRE CLINIC,100,General Surgery Service,92.27001762390137,0,0.0,92.2700177,0.0,0.0
NT417,GORING HALL HOSPITAL,110,Trauma and Orthopaedic Service,1579.4736785888672,0,0.0,1579.47369,0.0,0.0
NT424,MERIDEN HOSPITAL,110,Trauma and Orthopaedic Service,2781.959030151367,0,0.0,2781.95903,0.0,0.0
NT424,MERIDEN HOSPITAL,150,Neurosurgical Service,411.49133682250977,0,0.0,411.491338,0.0,0.0
NT427,PARK HOSPITAL,100,General Surgery Service,209.6913719177246,0,0.0,209.691371,0.0,0.0
NT427,PARK HOSPITAL,101,Urology Service,67.79338121414185,0,0.0,67.7933812,0.0,0.0
NT436,SHIRLEY OAKS HOSPITAL,100,General Surgery Service,201.72793006896973,0,0.0,201.72793,0.0,0.0
NT435,SHELBURNE HOSPITAL,110,Trauma and Orthopaedic Service,294.9088249206543,0,0.0,294.908825,0.0,0.0
NT435,SHELBURNE HOSPITAL,101,Urology Service,61.10484313964844,0,0.0,61.104843100000004,0.0,0.0
NT435,SHELBURNE HOSPITAL,100,General Surgery Service,46.68416213989258,0,0.0,46.6841624,0.0,0.0
NT434,SAXON CLINIC,110,Trauma and Orthopaedic Service,957.899299621582,0,0.0,957.8993,0.0,0.0
NT434,SAXON CLINIC,100,General Surgery Service,537.611644744873,0,0.0,537.611644,0.0,0.0
NT433,SARUM ROAD HOSPITAL,110,Trauma and Orthopaedic Service,754.2868843078613,0,0.0,754.286882,0.0,0.0
NT433,SARUM ROAD HOSPITAL,100,General Surgery Service,67.04767608642578,0,0.0,67.047676,0.0,0.0
NT431,RUNNYMEDE HOSPITAL,130,Ophthalmology Service,78.32609796524048,0,0.0,78.326098,0.0,0.0
NT431,RUNNYMEDE HOSPITAL,110,Trauma and Orthopaedic Service,269.0214385986328,0,0.0,269.021438,0.0,0.0
NT431,RUNNYMEDE HOSPITAL,100,General Surgery Service,188.01566791534424,0,0.0,188.015667,0.0,0.0
NT430,RIDGEWAY HOSPITAL,502,Gynaecology Service,126.79684638977051,0,0.0,126.7968464,0.0,0.0
NT430,RIDGEWAY HOSPITAL,130,Ophthalmology Service,435.9019584655762,0,0.0,435.901958,0.0,0.0
NT430,RIDGEWAY HOSPITAL,110,Trauma and Orthopaedic Service,99.33599901199341,0,0.0,99.335999,0.0,0.0
NT430,RIDGEWAY HOSPITAL,100,General Surgery Service,164.44913482666016,0,0.0,164.449133,0.0,0.0
NT429,PRIORY HOSPITAL,110,Trauma and Orthopaedic Service,634.4346580505371,0,0.0,634.434658,0.0,0.0
NT428,PRINCESS MARGARET HOSPITAL,110,Trauma and Orthopaedic Service,178.03881359100342,0,0.0,178.038813,0.0,0.0
NT428,PRINCESS MARGARET HOSPITAL,100,General Surgery Service,137.5198106765747,0,0.0,137.519811,0.0,0.0
NT427,PARK HOSPITAL,502,Gynaecology Service,114.08916854858398,0,0.0,114.089168,0.0,0.0
NT427,PARK HOSPITAL,150,Neurosurgical Service,88.13267135620117,0,0.0,88.1326713,0.0,0.0
NT427,PARK HOSPITAL,110,Trauma and Orthopaedic Service,1826.6763305664062,0,0.0,1826.67633,0.0,0.0
NT417,GORING HALL HOSPITAL,100,General Surgery Service,143.70743083953857,0,0.0,143.7074323,0.0,0.0
NT416,HENDON HOSPITAL,130,Ophthalmology Service,337.250696182251,0,0.0,337.250694,0.0,0.0
NT402,BATH CLINIC,110,Trauma and Orthopaedic Service,1772.2156677246094,0,0.0,1772.21569,0.0,0.0
NT404,BEAUMONT HOSPITAL,502,Gynaecology Service,432.8942985534668,0,0.0,432.894298,0.0,0.0
NT406,BLACKHEATH HOSPITAL,150,Neurosurgical Service,44.56270170211792,0,0.0,44.5627017,0.0,0.0
NT406,BLACKHEATH HOSPITAL,130,Ophthalmology Service,145.87326908111572,0,0.0,145.873268,0.0,0.0
NT406,BLACKHEATH HOSPITAL,110,Trauma and Orthopaedic Service,1390.3251495361328,0,0.0,1390.3251520000001,0.0,0.0
NT406,BLACKHEATH HOSPITAL,101,Urology Service,140.29053211212158,0,0.0,140.29053199999998,0.0,0.0
NT406,BLACKHEATH HOSPITAL,100,General Surgery Service,228.11307525634766,0,0.0,228.11307499999998,0.0,0.0
NT405,BISHOPS WOOD HOSPITAL,502,Gynaecology Service,50.76011562347412,0,0.0,50.7601156,0.0,0.0
NT405,BISHOPS WOOD HOSPITAL,130,Ophthalmology Service,41.499165058135986,0,0.0,41.499165,0.0,0.0
NT405,BISHOPS WOOD HOSPITAL,110,Trauma and Orthopaedic Service,905.3550720214844,0,0.0,905.355073,0.0,0.0
NT405,BISHOPS WOOD HOSPITAL,101,Urology Service,103.3108344078064,0,0.0,103.3108345,0.0,0.0
NT405,BISHOPS WOOD HOSPITAL,100,General Surgery Service,118.89122200012207,0,0.0,118.89122280000001,0.0,0.0
NT404,BEAUMONT HOSPITAL,120,Ear Nose and Throat Service,201.04201126098633,0,0.0,201.042011,0.0,0.0
NT416,HENDON HOSPITAL,110,Trauma and Orthopaedic Service,486.13922119140625,0,0.0,486.139222,0.0,0.0
NT404,BEAUMONT HOSPITAL,110,Trauma and Orthopaedic Service,2820.5518646240234,0,0.0,2820.55186,0.0,0.0
NT404,BEAUMONT HOSPITAL,101,Urology Service,309.95008277893066,0,0.0,309.950081,0.0,0.0
NT404,BEAUMONT HOSPITAL,100,General Surgery Service,1553.3176956176758,0,0.0,1553.31769,0.0,0.0
NT403,BEARDWOOD HOSPITAL,502,Gynaecology Service,368.12772941589355,0,0.0,368.127728,0.0,0.0
NT403,BEARDWOOD HOSPITAL,150,Neurosurgical Service,100.4829626083374,0,0.0,100.4829626,0.0,0.0
NT403,BEARDWOOD HOSPITAL,120,Ear Nose and Throat Service,184.86110019683838,0,0.0,184.8611,0.0,0.0
NT403,BEARDWOOD HOSPITAL,110,Trauma and Orthopaedic Service,5448.708343505859,0,0.0,5448.70835,0.0,0.0
NT403,BEARDWOOD HOSPITAL,101,Urology Service,229.6099510192871,0,0.0,229.609951,0.0,0.0
NT403,BEARDWOOD HOSPITAL,100,General Surgery Service,929.9368515014648,0,0.0,929.936852,0.0,0.0
NT402,BATH CLINIC,130,Ophthalmology Service,266.8975238800049,0,0.0,266.89752599999997,0.0,0.0
NT406,BLACKHEATH HOSPITAL,502,Gynaecology Service,432.03057861328125,0,0.0,432.03058,0.0,0.0
NT408,CHAUCER HOSPITAL,100,General Surgery Service,267.8659267425537,0,0.0,267.865928,0.0,0.0
NT408,CHAUCER HOSPITAL,101,Urology Service,71.23367357254028,0,0.0,71.2336736,0.0,0.0
NT408,CHAUCER HOSPITAL,110,Trauma and Orthopaedic Service,2085.9149169921875,0,0.0,2085.91492,0.0,0.0
NT416,HENDON HOSPITAL,101,Urology Service,166.29635429382324,0,0.0,166.296354,0.0,0.0
NT416,HENDON HOSPITAL,100,General Surgery Service,599.9051856994629,0,0.0,599.905187,0.0,0.0
NT412,DROITWICH SPA HOSPITAL,130,Ophthalmology Service,63.035964488983154,0,0.0,63.0359645,0.0,0.0
NT412,DROITWICH SPA HOSPITAL,120,Ear Nose and Throat Service,51.22074890136719,0,0.0,51.220749,0.0,0.0
NT412,DROITWICH SPA HOSPITAL,110,Trauma and Orthopaedic Service,2920.8052520751953,0,0.0,2920.80527,0.0,0.0
NT412,DROITWICH SPA HOSPITAL,100,General Surgery Service,1289.5671844482422,0,0.0,1289.56718,0.0,0.0
NT411,CLEMENTINE CHURCHILL HOSPITAL,502,Gynaecology Service,152.86939811706543,0,0.0,152.869396,0.0,0.0
NT411,CLEMENTINE CHURCHILL HOSPITAL,130,Ophthalmology Service,195.26378917694092,0,0.0,195.263789,0.0,0.0
NT411,CLEMENTINE CHURCHILL HOSPITAL,120,Ear Nose and Throat Service,113.15691947937012,0,0.0,113.1569205,0.0,0.0
NT411,CLEMENTINE CHURCHILL HOSPITAL,110,Trauma and Orthopaedic Service,1686.899673461914,0,0.0,1686.89965,0.0,0.0
NT411,CLEMENTINE CHURCHILL HOSPITAL,101,Urology Service,81.68752098083496,0,0.0,81.687521,0.0,0.0
NT411,CLEMENTINE CHURCHILL HOSPITAL,100,General Surgery Service,779.8196716308594,0,0.0,779.81967,0.0,0.0
NT410,CHILTERN HOSPITAL,110,Trauma and Orthopaedic Service,1808.8232727050781,0,0.0,1808.82326,0.0,0.0
NT410,CHILTERN HOSPITAL,101,Urology Service,54.08041191101074,0,0.0,54.080412100000004,0.0,0.0
NT410,CHILTERN HOSPITAL,100,General Surgery Service,102.49706411361694,0,0.0,102.4970642,0.0,0.0
NT409,CHELSFIELD PARK HOSPITAL,502,Gynaecology Service,242.77254962921143,0,0.0,242.772551,0.0,0.0
NT409,CHELSFIELD PARK HOSPITAL,120,Ear Nose and Throat Service,71.11508655548096,0,0.0,71.1150865,0.0,0.0
NT409,CHELSFIELD PARK HOSPITAL,110,Trauma and Orthopaedic Service,778.1135902404785,0,0.0,778.113591,0.0,0.0
NT409,CHELSFIELD PARK HOSPITAL,101,Urology Service,73.79317092895508,0,0.0,73.7931709,0.0,0.0
NT409,CHELSFIELD PARK HOSPITAL,100,General Surgery Service,354.7355251312256,0,0.0,354.735525,0.0,0.0
NT408,CHAUCER HOSPITAL,130,Ophthalmology Service,496.64163970947266,0,0.0,496.641641,0.0,0.0
NT312,SPIRE ALEXANDRA HOSPITAL,100,General Surgery Service,348.52480125427246,0,0.0,348.524802,0.0,0.0
NT30A,SPIRE NOTTINGHAM HOSPITAL,110,Trauma and Orthopaedic Service,1171.8803176879883,0,0.0,1171.880325,0.0,0.0
NT30A,SPIRE NOTTINGHAM HOSPITAL,101,Urology Service,57.8908371925354,0,0.0,57.8908371,0.0,0.0
H4I8B,NUFFIELD HEALTH THE HOLLY HOSPITAL,100,General Surgery Service,1791.5467681884766,0,0.0,1791.54677,0.0,0.0
K8I4X,GLENDON WOOD HOSPITAL,110,Trauma and Orthopaedic Service,1144.5156021118164,0,0.0,1144.515611,0.0,0.0
K8I4X,GLENDON WOOD HOSPITAL,100,General Surgery Service,527.850025177002,0,0.0,527.850025,0.0,0.0
J7V1N,SPAMEDICA SOLIHULL,130,Ophthalmology Service,2563.2181396484375,0,0.0,2563.21816,0.0,0.0
I9A4A,SPAMEDICA BRIGHTON,130,Ophthalmology Service,1559.2172241210938,0,0.0,1559.21723,0.0,0.0
I2C7H,SPAMEDICA BRADFORD,130,Ophthalmology Service,1419.6243591308594,0,0.0,1419.62436,0.0,0.0
H4J9P,NEWMEDICA AZTEC WEST,130,Ophthalmology Service,1967.7925415039062,0,0.0,1967.7925400000001,0.0,0.0
H4I8B,NUFFIELD HEALTH THE HOLLY HOSPITAL,502,Gynaecology Service,224.53257656097412,0,0.0,224.532578,0.0,0.0
H4I8B,NUFFIELD HEALTH THE HOLLY HOSPITAL,130,Ophthalmology Service,762.1295623779297,0,0.0,762.129562,0.0,0.0
H4I8B,NUFFIELD HEALTH THE HOLLY HOSPITAL,120,Ear Nose and Throat Service,273.8717727661133,0,0.0,273.871774,0.0,0.0
H4I8B,NUFFIELD HEALTH THE HOLLY HOSPITAL,110,Trauma and Orthopaedic Service,8049.783630371094,0,0.0,8049.78362,0.0,0.0
G3Z1Q,SULIS HOSPITAL BATH (FOXCOTE AVENUE),502,Gynaecology Service,769.077766418457,0,0.0,769.077767,0.0,0.0
F9Z4V,CIRCLE READING HOSPITAL,130,Ophthalmology Service,563.000904083252,0,0.0,563.000904,0.0,0.0
G3Z1Q,SULIS HOSPITAL BATH (FOXCOTE AVENUE),130,Ophthalmology Service,1873.3622741699219,0,0.0,1873.36228,0.0,0.0
G3Z1Q,SULIS HOSPITAL BATH (FOXCOTE AVENUE),120,Ear Nose and Throat Service,1111.5552444458008,0,0.0,1111.555245,0.0,0.0
G3Z1Q,SULIS HOSPITAL BATH (FOXCOTE AVENUE),110,Trauma and Orthopaedic Service,14365.19677734375,0,0.0,14365.1968,0.0,0.0
G3Z1Q,SULIS HOSPITAL BATH (FOXCOTE AVENUE),101,Urology Service,820.6139907836914,0,0.0,820.6139900000001,0.0,0.0
G3Z1Q,SULIS HOSPITAL BATH (FOXCOTE AVENUE),100,General Surgery Service,2223.3675079345703,0,0.0,2223.36751,0.0,0.0
G3Q3Z,NUFFIELD HEALTH HIGHGATE HOSPITAL,160,Plastic Surgery Service,315.72299575805664,0,0.0,315.722994,0.0,0.0
G3Q3Z,NUFFIELD HEALTH HIGHGATE HOSPITAL,120,Ear Nose and Throat Service,330.54836654663086,0,0.0,330.548366,0.0,0.0
G3Q3Z,NUFFIELD HEALTH HIGHGATE HOSPITAL,110,Trauma and Orthopaedic Service,1093.2708129882812,0,0.0,1093.27081,0.0,0.0
G3Q3Z,NUFFIELD HEALTH HIGHGATE HOSPITAL,100,General Surgery Service,605.4363250732422,0,0.0,605.436325,0.0,0.0
G3O5P,SPAMEDICA NEWARK,130,Ophthalmology Service,3038.188278198242,0,0.0,3038.18828,0.0,0.0
K8I4X,GLENDON WOOD HOSPITAL,130,Ophthalmology Service,1311.9822235107422,0,0.0,1311.98223,0.0,0.0
L0D9W,NEWMEDICA - GLOUCESTER (BRIGHOUSE COURT),130,Ophthalmology Service,4685.654479980469,0,0.0,4685.65449,0.0,0.0
L6O7H,SPAMEDICA POOLE,130,Ophthalmology Service,4330.7586669921875,0,0.0,4330.75867,0.0,0.0
M3R0W,SPAMEDICA NORWICH,130,Ophthalmology Service,1782.5193176269531,0,0.0,1782.5193399999998,0.0,0.0
NN4,TYNESIDE SURGICAL SERVICES LTD,502,Gynaecology Service,153.7653570175171,0,0.0,153.7653569,0.0,0.0
NN4,TYNESIDE SURGICAL SERVICES LTD,160,Plastic Surgery Service,1678.7064056396484,0,0.0,1678.70639,0.0,0.0
NN4,TYNESIDE SURGICAL SERVICES LTD,110,Trauma and Orthopaedic Service,2801.4017944335938,0,0.0,2801.40179,0.0,0.0
NN4,TYNESIDE SURGICAL SERVICES LTD,101,Urology Service,218.4977321624756,0,0.0,218.497732,0.0,0.0
NN4,TYNESIDE SURGICAL SERVICES LTD,100,General Surgery Service,376.6537036895752,0,0.0,376.653701,0.0,0.0
NLX,SIRONA CARE & HEALTH,110,Trauma and Orthopaedic Service,2457.230422973633,0,0.0,2457.23042,0.0,0.0
NLE01,LANCASTER HOUSE CONSULTING DIAGNOSTICS SURGICAL LTD HQ,101,Urology Service,236.46213340759277,0,0.0,236.462135,0.0,0.0
NFH,SOMERSET SURGICAL SERVICES HQ,160,Plastic Surgery Service,1157.9433898925781,0,0.0,1157.9433920000001,0.0,0.0
NFH,SOMERSET SURGICAL SERVICES HQ,140,Oral Surgery Service,3315.3229370117188,0,0.0,3315.32294,0.0,0.0
NFH,SOMERSET SURGICAL SERVICES HQ,130,Ophthalmology Service,1976.3887786865234,0,0.0,1976.38878,0.0,0.0
NFH,SOMERSET SURGICAL SERVICES HQ,110,Trauma and Orthopaedic Service,3104.0347747802734,0,0.0,3104.03478,0.0,0.0
NEY,PIONEER HEALTHCARE LIMITED,150,Neurosurgical Service,317.5349597930908,0,0.0,317.534961,0.0,0.0
NEY,PIONEER HEALTHCARE LIMITED,110,Trauma and Orthopaedic Service,305.59951400756836,0,0.0,305.599513,0.0,0.0
NEQ,PHOENIX HEALTH SOLUTIONS LIMITED HQ,130,Ophthalmology Service,1096.5636520385742,0,0.0,1096.563654,0.0,0.0
NCR,ISIGHT,130,Ophthalmology Service,4733.619934082031,0,0.0,4733.61992,0.0,0.0
NAM01,PROBUS SURGICAL CENTRE,130,Ophthalmology Service,1739.0798645019531,0,0.0,1739.07987,0.0,0.0
NAM01,PROBUS SURGICAL CENTRE,110,Trauma and Orthopaedic Service,1316.0190505981445,0,0.0,1316.019055,0.0,0.0
NAM01,PROBUS SURGICAL CENTRE,101,Urology Service,482.66492462158203,0,0.0,482.664923,0.0,0.0
NAM01,PROBUS SURGICAL CENTRE,100,General Surgery Service,1549.4476165771484,0,0.0,1549.4476300000001,0.0,0.0
N6Z0R,NEWMEDICA - LINCOLN,130,Ophthalmology Service,187.59780025482178,0,0.0,187.5978,0.0,0.0
M4C5R,NEWMEDICA - NORTHAMPTON,130,Ophthalmology Service,5582.030090332031,0,0.0,5582.03008,0.0,0.0
F9Z4V,CIRCLE READING HOSPITAL,502,Gynaecology Service,121.19887828826904,0,0.0,121.1988762,0.0,0.0
F9Z4V,CIRCLE READING HOSPITAL,120,Ear Nose and Throat Service,109.08062839508057,0,0.0,109.0806285,0.0,0.0
NT30A,SPIRE NOTTINGHAM HOSPITAL,100,General Surgery Service,263.63184928894043,0,0.0,263.63185,0.0,0.0
AAV,COMMUNITY HEALTH AND EYECARE LIMITED,130,Ophthalmology Service,63749.48681640625,0,0.0,63749.4869,0.0,0.0
ACG38,NEWMEDICA - LANGFORD,130,Ophthalmology Service,1026.901252746582,0,0.0,1026.9012539999999,0.0,0.0
ACG36,NEWMEDICA - EXETER - GLEN HOUSE,130,Ophthalmology Service,1972.4893188476562,0,0.0,1972.48931,0.0,0.0
ACG31,NEWMEDICA - WORCESTER,130,Ophthalmology Service,2067.0382232666016,0,0.0,2067.03822,0.0,0.0
ACG30,NEWMEDICA - WORKSOP - DUKERIES,130,Ophthalmology Service,440.7026557922363,0,0.0,440.702658,0.0,0.0
ACG26,NEWMEDICA - NORTH DERBYSHIRE - MIDLAND COURT,130,Ophthalmology Service,5305.384246826172,0,0.0,5305.38425,0.0,0.0
ACG24,NEWMEDICA - TEESSIDE - NORTH ORMESBY,130,Ophthalmology Service,8545.4892578125,0,0.0,8545.48927,0.0,0.0
ACG20,NEWMEDICA - BRISTOL - LITFIELD HOUSE,130,Ophthalmology Service,1647.160545349121,0,0.0,1647.16055,0.0,0.0
ACG19,NEWMEDICA COMMUNITY OPHTHALMOLOGY - LEEDS,130,Ophthalmology Service,2560.7662506103516,0,0.0,2560.76626,0.0,0.0
ACG13,NEWMEDICA - GLOUCESTER (ASPEN MEDICAL CENTRE),130,Ophthalmology Service,367.71307945251465,0,0.0,367.71308,0.0,0.0
ACG12,NEWMEDICA COMMUNITY OPHTHALMOLOGY - NORTH EAST LINCOLNSHIRE - GRIMSBY,130,Ophthalmology Service,3893.4363708496094,0,0.0,3893.43638,0.0,0.0
AAH,TETBURY HOSPITAL TRUST LTD,502,Gynaecology Service,144.19513702392578,0,0.0,144.195137,0.0,0.0
F9Z4V,CIRCLE READING HOSPITAL,110,Trauma and Orthopaedic Service,2181.192398071289,0,0.0,2181.19241,0.0,0.0
AAH,TETBURY HOSPITAL TRUST LTD,140,Oral Surgery Service,348.2800178527832,0,0.0,348.280017,0.0,0.0
AAH,TETBURY HOSPITAL TRUST LTD,130,Ophthalmology Service,1319.521499633789,0,0.0,1319.521502,0.0,0.0
AAH,TETBURY HOSPITAL TRUST LTD,120,Ear Nose and Throat Service,193.70461559295654,0,0.0,193.704617,0.0,0.0
AAH,TETBURY HOSPITAL TRUST LTD,110,Trauma and Orthopaedic Service,190.77172470092773,0,0.0,190.771726,0.0,0.0
AAH,TETBURY HOSPITAL TRUST LTD,101,Urology Service,65.88541793823242,0,0.0,65.88541790000001,0.0,0.0
AAH,TETBURY HOSPITAL TRUST LTD,100,General Surgery Service,350.9632263183594,0,0.0,350.963228,0.0,0.0
A4M8P,BUCKSHAW HOSPITAL,502,Gynaecology Service,946.897533416748,0,0.0,946.8975340000001,0.0,0.0
A4M8P,BUCKSHAW HOSPITAL,120,Ear Nose and Throat Service,692.2202606201172,0,0.0,692.220261,0.0,0.0
A4M8P,BUCKSHAW HOSPITAL,110,Trauma and Orthopaedic Service,973.4444999694824,0,0.0,973.4445,0.0,0.0
A4M8P,BUCKSHAW HOSPITAL,101,Urology Service,1710.3115692138672,0,0.0,1710.31157,0.0,0.0
ACG40,NEWMEDICA - WAKEFIELD,130,Ophthalmology Service,2414.8497009277344,0,0.0,2414.8496999999998,0.0,0.0
ADP02,KIMS HOSPITAL (NEWNHAM COURT),100,General Surgery Service,304.8498821258545,0,0.0,304.849881,0.0,0.0
ADP02,KIMS HOSPITAL (NEWNHAM COURT),101,Urology Service,48.79224157333374,0,0.0,48.7922416,0.0,0.0
ADP02,KIMS HOSPITAL (NEWNHAM COURT),110,Trauma and Orthopaedic Service,5615.48828125,0,0.0,5615.48827,0.0,0.0
F9Z4V,CIRCLE READING HOSPITAL,100,General Surgery Service,511.3530387878418,0,0.0,511.35304,0.0,0.0
DX1,THE NEW FOSCOTE HOSPITAL LTD,110,Trauma and Orthopaedic Service,671.0036392211914,0,0.0,671.003638,0.0,0.0
DX1,THE NEW FOSCOTE HOSPITAL LTD,100,General Surgery Service,760.3999080657959,0,0.0,760.399909,0.0,0.0
DFQ,NORWICH & NORFOLK SURGICAL LTD (N2S),160,Plastic Surgery Service,63.78263568878174,0,0.0,63.7826358,0.0,0.0
DFQ,NORWICH & NORFOLK SURGICAL LTD (N2S),130,Ophthalmology Service,1715.2330169677734,0,0.0,1715.23303,0.0,0.0
DFQ,NORWICH & NORFOLK SURGICAL LTD (N2S),110,Trauma and Orthopaedic Service,1918.0648040771484,0,0.0,1918.06481,0.0,0.0
DFQ,NORWICH & NORFOLK SURGICAL LTD (N2S),100,General Surgery Service,1427.4053573608398,0,0.0,1427.40537,0.0,0.0
D3O0Z,PLYMOUTH NEWMEDICA LTD,130,Ophthalmology Service,3349.6221923828125,0,0.0,3349.62218,0.0,0.0
B9M3W,SPAMEDICA SOUTHAMPTON,130,Ophthalmology Service,1652.9576568603516,0,0.0,1652.95766,0.0,0.0
B9J4U,SPAMEDICA PETERBOROUGH,130,Ophthalmology Service,1941.5671081542969,0,0.0,1941.56711,0.0,0.0
B5M7B,NEWMEDICA - NORWICH,130,Ophthalmology Service,8299.221801757812,0,0.0,8299.2218,0.0,0.0
B4N1U,SPAMEDICA ROMFORD,130,Ophthalmology Service,6346.0999755859375,0,0.0,6346.09998,0.0,0.0
B3M1X,CLAREMONT PRIVATE HOSPITAL,502,Gynaecology Service,478.8323211669922,0,0.0,478.832321,0.0,0.0
B3M1X,CLAREMONT PRIVATE HOSPITAL,150,Neurosurgical Service,1217.7755889892578,0,0.0,1217.775591,0.0,0.0
B3M1X,CLAREMONT PRIVATE HOSPITAL,130,Ophthalmology Service,84.84369945526123,0,0.0,84.84369939999999,0.0,0.0
B3M1X,CLAREMONT PRIVATE HOSPITAL,120,Ear Nose and Throat Service,392.07216453552246,0,0.0,392.072164,0.0,0.0
B3M1X,CLAREMONT PRIVATE HOSPITAL,110,Trauma and Orthopaedic Service,5559.778137207031,0,0.0,5559.77814,0.0,0.0
B3M1X,CLAREMONT PRIVATE HOSPITAL,101,Urology Service,379.3082637786865,0,0.0,379.308263,0.0,0.0
B3M1X,CLAREMONT PRIVATE HOSPITAL,100,General Surgery Service,1373.3031387329102,0,0.0,1373.30316,0.0,0.0
ADP02,KIMS HOSPITAL (NEWNHAM COURT),502,Gynaecology Service,437.5096740722656,0,0.0,437.509675,0.0,0.0
ADP02,KIMS HOSPITAL (NEWNHAM COURT),120,Ear Nose and Throat Service,51.327176570892334,0,0.0,51.3271766,0.0,0.0
NN5,MANCHESTER SURGICAL SERVICES LTD,100,General Surgery Service,936.8562164306641,0,0.0,936.856218,0.0,0.0
NN5,MANCHESTER SURGICAL SERVICES LTD,110,Trauma and Orthopaedic Service,497.7348213195801,0,0.0,497.734822,0.0,0.0
NN8,SPENCER PRIVATE HOSPITALS LTD,100,General Surgery Service,3290.577362060547,0,0.0,3290.57737,0.0,0.0
NT233,"NUFFIELD HEALTH, PLYMOUTH HOSPITAL",101,Urology Service,65.58874607086182,0,0.0,65.5887461,0.0,0.0
NT238,"NUFFIELD HEALTH, TAUNTON HOSPITAL",110,Trauma and Orthopaedic Service,3613.3775024414062,0,0.0,3613.37752,0.0,0.0
NT237,"NUFFIELD HEALTH, TEES HOSPITAL",130,Ophthalmology Service,2570.9663696289062,0,0.0,2570.96637,0.0,0.0
NT237,"NUFFIELD HEALTH, TEES HOSPITAL",110,Trauma and Orthopaedic Service,5673.417877197266,0,0.0,5673.41787,0.0,0.0
NT237,"NUFFIELD HEALTH, TEES HOSPITAL",101,Urology Service,61.10284948348999,0,0.0,61.1028495,0.0,0.0
NT237,"NUFFIELD HEALTH, TEES HOSPITAL",100,General Surgery Service,901.2720565795898,0,0.0,901.272057,0.0,0.0
NT235,"NUFFIELD HEALTH, SHREWSBURY HOSPITAL",130,Ophthalmology Service,1605.8772583007812,0,0.0,1605.87727,0.0,0.0
NT235,"NUFFIELD HEALTH, SHREWSBURY HOSPITAL",110,Trauma and Orthopaedic Service,2628.6437072753906,0,0.0,2628.64371,0.0,0.0
NT233,"NUFFIELD HEALTH, PLYMOUTH HOSPITAL",160,Plastic Surgery Service,236.5894947052002,0,0.0,236.589496,0.0,0.0
NT233,"NUFFIELD HEALTH, PLYMOUTH HOSPITAL",150,Neurosurgical Service,470.3121032714844,0,0.0,470.312103,0.0,0.0
NT233,"NUFFIELD HEALTH, PLYMOUTH HOSPITAL",110,Trauma and Orthopaedic Service,3651.8344116210938,0,0.0,3651.83442,0.0,0.0
NT233,"NUFFIELD HEALTH, PLYMOUTH HOSPITAL",100,General Surgery Service,836.6844711303711,0,0.0,836.6844719999999,0.0,0.0
NN8,SPENCER PRIVATE HOSPITALS LTD,101,Urology Service,904.8458557128906,0,0.0,904.845856,0.0,0.0
NT230,"NUFFIELD HEALTH, NORTH STAFFORDSHIRE HOSPITAL",130,Ophthalmology Service,710.0927429199219,0,0.0,710.092744,0.0,0.0
NT230,"NUFFIELD HEALTH, NORTH STAFFORDSHIRE HOSPITAL",110,Trauma and Orthopaedic Service,5054.299407958984,0,0.0,5054.29941,0.0,0.0
NT230,"NUFFIELD HEALTH, NORTH STAFFORDSHIRE HOSPITAL",100,General Surgery Service,263.65125465393066,0,0.0,263.651254,0.0,0.0
NT229,"NUFFIELD HEALTH, NEWCASTLE UPON TYNE HOSPITAL",110,Trauma and Orthopaedic Service,2606.106979370117,0,0.0,2606.10698,0.0,0.0
NT229,"NUFFIELD HEALTH, NEWCASTLE UPON TYNE HOSPITAL",100,General Surgery Service,73.07549905776978,0,0.0,73.0754992,0.0,0.0
NT226,"NUFFIELD HEALTH, LEICESTER HOSPITAL",160,Plastic Surgery Service,136.36600875854492,0,0.0,136.366009,0.0,0.0
NT226,"NUFFIELD HEALTH, LEICESTER HOSPITAL",110,Trauma and Orthopaedic Service,2383.66015625,0,0.0,2383.66017,0.0,0.0
NT226,"NUFFIELD HEALTH, LEICESTER HOSPITAL",100,General Surgery Service,110.853675365448,0,0.0,110.853675,0.0,0.0
NT224,"NUFFIELD HEALTH, WARWICKSHIRE HOSPITAL",110,Trauma and Orthopaedic Service,1399.4652481079102,0,0.0,1399.46525,0.0,0.0
NT224,"NUFFIELD HEALTH, WARWICKSHIRE HOSPITAL",100,General Surgery Service,520.623291015625,0,0.0,520.623291,0.0,0.0
NT239,"NUFFIELD HEALTH, TUNBRIDGE WELLS HOSPITAL",100,General Surgery Service,136.1679449081421,0,0.0,136.1679452,0.0,0.0
NT239,"NUFFIELD HEALTH, TUNBRIDGE WELLS HOSPITAL",101,Urology Service,47.69325256347656,0,0.0,47.6932525,0.0,0.0
NT239,"NUFFIELD HEALTH, TUNBRIDGE WELLS HOSPITAL",110,Trauma and Orthopaedic Service,1127.7140731811523,0,0.0,1127.714066,0.0,0.0
NT239,"NUFFIELD HEALTH, TUNBRIDGE WELLS HOSPITAL",120,Ear Nose and Throat Service,65.9835033416748,0,0.0,65.9835033,0.0,0.0
NT308,SPIRE GATWICK PARK HOSPITAL,110,Trauma and Orthopaedic Service,2632.9647216796875,0,0.0,2632.96471,0.0,0.0
NT308,SPIRE GATWICK PARK HOSPITAL,100,General Surgery Service,247.1746425628662,0,0.0,247.174644,0.0,0.0
NT305,SPIRE PORTSMOUTH HOSPITAL,110,Trauma and Orthopaedic Service,1027.5078201293945,0,0.0,1027.507821,0.0,0.0
NT304,SPIRE SOUTHAMPTON HOSPITAL,150,Neurosurgical Service,94.3368911743164,0,0.0,94.3368912,0.0,0.0
NT304,SPIRE SOUTHAMPTON HOSPITAL,110,Trauma and Orthopaedic Service,1140.750099182129,0,0.0,1140.750098,0.0,0.0
NT304,SPIRE SOUTHAMPTON HOSPITAL,100,General Surgery Service,176.94996643066406,0,0.0,176.949967,0.0,0.0
NT302,SPIRE BRISTOL HOSPITAL,110,Trauma and Orthopaedic Service,5931.210205078125,0,0.0,5931.21021,0.0,0.0
NT302,SPIRE BRISTOL HOSPITAL,100,General Surgery Service,71.5286693572998,0,0.0,71.5286694,0.0,0.0
NT301,SPIRE SOUTH BANK HOSPITAL,110,Trauma and Orthopaedic Service,1356.7140426635742,0,0.0,1356.71405,0.0,0.0
NT301,SPIRE SOUTH BANK HOSPITAL,100,General Surgery Service,613.3230667114258,0,0.0,613.323067,0.0,0.0
NT245,"NUFFIELD HEALTH, YORK HOSPITAL",110,Trauma and Orthopaedic Service,6342.330749511719,0,0.0,6342.33076,0.0,0.0
NT245,"NUFFIELD HEALTH, YORK HOSPITAL",101,Urology Service,60.84627056121826,0,0.0,60.846270600000004,0.0,0.0
NT244,NUFFIELD HOSPITAL OXFORD (THE MANOR),110,Trauma and Orthopaedic Service,1095.687156677246,0,0.0,1095.68715,0.0,0.0
NT242,"NUFFIELD HEALTH, WOLVERHAMPTON HOSPITAL",110,Trauma and Orthopaedic Service,1408.7341003417969,0,0.0,1408.73409,0.0,0.0
NT242,"NUFFIELD HEALTH, WOLVERHAMPTON HOSPITAL",100,General Surgery Service,146.83239364624023,0,0.0,146.832393,0.0,0.0
NT241,"NUFFIELD HEALTH, WOKING HOSPITAL",502,Gynaecology Service,240.43220329284668,0,0.0,240.432204,0.0,0.0
NT241,"NUFFIELD HEALTH, WOKING HOSPITAL",110,Trauma and Orthopaedic Service,1403.8533172607422,0,0.0,1403.85331,0.0,0.0
NT241,"NUFFIELD HEALTH, WOKING HOSPITAL",101,Urology Service,85.77917575836182,0,0.0,85.7791756,0.0,0.0
NT241,"NUFFIELD HEALTH, WOKING HOSPITAL",100,General Surgery Service,86.61259269714355,0,0.0,86.6125925,0.0,0.0
NT239,"NUFFIELD HEALTH, TUNBRIDGE WELLS HOSPITAL",502,Gynaecology Service,114.20394611358643,0,0.0,114.2039464,0.0,0.0
NT239,"NUFFIELD HEALTH, TUNBRIDGE WELLS HOSPITAL",150,Neurosurgical Service,135.97478199005127,0,0.0,135.974782,0.0,0.0
NT219,"NUFFIELD HEALTH, HEREFORD HOSPITAL",110,Trauma and Orthopaedic Service,2045.340103149414,0,0.0,2045.34011,0.0,0.0
NT219,"NUFFIELD HEALTH, HEREFORD HOSPITAL",100,General Surgery Service,414.86479568481445,0,0.0,414.864794,0.0,0.0
NT218,"NUFFIELD HEALTH, HAYWARDS HEATH HOSPITAL",130,Ophthalmology Service,59.605884075164795,0,0.0,59.6058842,0.0,0.0
NT204,"NUFFIELD HEALTH, BRENTWOOD HOSPITAL",110,Trauma and Orthopaedic Service,1963.7801666259766,0,0.0,1963.78017,0.0,0.0
NT204,"NUFFIELD HEALTH, BRENTWOOD HOSPITAL",100,General Surgery Service,377.3514518737793,0,0.0,377.351452,0.0,0.0
NT202,"NUFFIELD HEALTH, BOURNEMOUTH HOSPITAL",110,Trauma and Orthopaedic Service,1924.7061767578125,0,0.0,1924.70616,0.0,0.0
NT202,"NUFFIELD HEALTH, BOURNEMOUTH HOSPITAL",101,Urology Service,102.27673292160034,0,0.0,102.27673300000001,0.0,0.0
NT202,"NUFFIELD HEALTH, BOURNEMOUTH HOSPITAL",100,General Surgery Service,275.1716842651367,0,0.0,275.171684,0.0,0.0
NQM01,ORTHOPAEDICS & SPINE SPECIALIST HOSPITAL SITE,110,Trauma and Orthopaedic Service,1049.2427520751953,0,0.0,1049.242751,0.0,0.0
NPG23,SPAMEDICA DERBY,130,Ophthalmology Service,2370.7886505126953,0,0.0,2370.78866,0.0,0.0
NPG22,SPAMEDICA STOCKTON-ON-TEES,130,Ophthalmology Service,2331.3529663085938,0,0.0,2331.35297,0.0,0.0
NPG21,SPAMEDICA COVENTRY,130,Ophthalmology Service,3648.0664672851562,0,0.0,3648.06644,0.0,0.0
NPG20,SPAMEDICA WOLVERHAMPTON,130,Ophthalmology Service,6224.121673583984,0,0.0,6224.12168,0.0,0.0
NPG18,SPAMEDICA HULL,130,Ophthalmology Service,4314.955810546875,0,0.0,4314.95581,0.0,0.0
NPG17,SPAMEDICA PRESTON,130,Ophthalmology Service,2067.0877532958984,0,0.0,2067.08775,0.0,0.0
NPG16,SPAMEDICA CHELMSFORD,130,Ophthalmology Service,4099.971160888672,0,0.0,4099.97116,0.0,0.0
NPG15,SPAMEDICA NEWCASTLE-UNDER-LYME,130,Ophthalmology Service,2098.650588989258,0,0.0,2098.65057,0.0,0.0
NPG14,SPAMEDICA WIDNES,130,Ophthalmology Service,1777.645523071289,0,0.0,1777.64552,0.0,0.0
NPG10,SPAMEDICA SHEFFIELD,130,Ophthalmology Service,3380.1390380859375,0,0.0,3380.13904,0.0,0.0
NPG08,SPAMEDICA BOLTON,130,Ophthalmology Service,4709.836212158203,0,0.0,4709.8362,0.0,0.0
NPG06,SPAMEDICA LIVERPOOL,130,Ophthalmology Service,3204.3941345214844,0,0.0,3204.39414,0.0,0.0
NPG02,SPAMEDICA WIRRAL,130,Ophthalmology Service,2549.133758544922,0,0.0,2549.13375,0.0,0.0
NN8,SPENCER PRIVATE HOSPITALS LTD,502,Gynaecology Service,4330.390350341797,0,0.0,4330.39036,0.0,0.0
NN8,SPENCER PRIVATE HOSPITALS LTD,120,Ear Nose and Throat Service,470.9969959259033,0,0.0,470.996995,0.0,0.0
NN8,SPENCER PRIVATE HOSPITALS LTD,110,Trauma and Orthopaedic Service,7468.0994873046875,0,0.0,7468.09948,0.0,0.0
NT204,"NUFFIELD HEALTH, BRENTWOOD HOSPITAL",101,Urology Service,267.59576416015625,0,0.0,267.59576400000003,0.0,0.0
NT204,"NUFFIELD HEALTH, BRENTWOOD HOSPITAL",120,Ear Nose and Throat Service,380.9984474182129,0,0.0,380.998446,0.0,0.0
NT218,"NUFFIELD HEALTH, HAYWARDS HEATH HOSPITAL",110,Trauma and Orthopaedic Service,1834.890609741211,0,0.0,1834.8906200000001,0.0,0.0
NT204,"NUFFIELD HEALTH, BRENTWOOD HOSPITAL",150,Neurosurgical Service,126.52604007720947,0,0.0,126.5260413,0.0,0.0
NT218,"NUFFIELD HEALTH, HAYWARDS HEATH HOSPITAL",100,General Surgery Service,174.90958786010742,0,0.0,174.90958799999999,0.0,0.0
NT215,"NUFFIELD HEALTH, EXETER HOSPITAL",110,Trauma and Orthopaedic Service,979.2832641601562,0,0.0,979.283265,0.0,0.0
NT215,"NUFFIELD HEALTH, EXETER HOSPITAL",100,General Surgery Service,725.6013069152832,0,0.0,725.601307,0.0,0.0
NT214,"NUFFIELD HEALTH, WESSEX HOSPITAL",110,Trauma and Orthopaedic Service,3503.5237731933594,0,0.0,3503.52376,0.0,0.0
NT213,"NUFFIELD HEALTH, DERBY HOSPITAL",110,Trauma and Orthopaedic Service,6628.462951660156,0,0.0,6628.46296,0.0,0.0
NT213,"NUFFIELD HEALTH, DERBY HOSPITAL",100,General Surgery Service,599.5704078674316,0,0.0,599.57041,0.0,0.0
NT212,"NUFFIELD HEALTH, CHICHESTER HOSPITAL",502,Gynaecology Service,94.87956380844116,0,0.0,94.8795638,0.0,0.0
NT212,"NUFFIELD HEALTH, CHICHESTER HOSPITAL",110,Trauma and Orthopaedic Service,2755.8717193603516,0,0.0,2755.87172,0.0,0.0
NT212,"NUFFIELD HEALTH, CHICHESTER HOSPITAL",100,General Surgery Service,149.89611530303955,0,0.0,149.8961161,0.0,0.0
NT211,"NUFFIELD HEALTH, CHELTENHAM HOSPITAL",110,Trauma and Orthopaedic Service,364.15954780578613,0,0.0,364.159549,0.0,0.0
NT210,"NUFFIELD HEALTH, THE GROSVENOR HOSPITAL, CHESTER",110,Trauma and Orthopaedic Service,2171.9190521240234,0,0.0,2171.91906,0.0,0.0
NT210,"NUFFIELD HEALTH, THE GROSVENOR HOSPITAL, CHESTER",100,General Surgery Service,174.94697093963623,0,0.0,174.946971,0.0,0.0
NT209,"NUFFIELD HEALTH, CAMBRIDGE HOSPITAL",150,Neurosurgical Service,130.19017124176025,0,0.0,130.1901702,0.0,0.0
NT209,"NUFFIELD HEALTH, CAMBRIDGE HOSPITAL",110,Trauma and Orthopaedic Service,1330.6934280395508,0,0.0,1330.693432,0.0,0.0
NT206,"NUFFIELD HEALTH, BRISTOL HOSPITAL (CHESTERFIELD)",110,Trauma and Orthopaedic Service,3347.0599670410156,0,0.0,3347.0599700000002,0.0,0.0
NT206,"NUFFIELD HEALTH, BRISTOL HOSPITAL (CHESTERFIELD)",100,General Surgery Service,120.4992094039917,0,0.0,120.4992099,0.0,0.0
NT205,"NUFFIELD HEALTH, BRIGHTON HOSPITAL",160,Plastic Surgery Service,344.41500091552734,0,0.0,344.415,0.0,0.0
NT205,"NUFFIELD HEALTH, BRIGHTON HOSPITAL",110,Trauma and Orthopaedic Service,984.2741546630859,0,0.0,984.2741530000001,0.0,0.0
NT205,"NUFFIELD HEALTH, BRIGHTON HOSPITAL",101,Urology Service,629.6321258544922,0,0.0,629.632127,0.0,0.0
NT205,"NUFFIELD HEALTH, BRIGHTON HOSPITAL",100,General Surgery Service,220.13994789123535,0,0.0,220.139949,0.0,0.0
NT204,"NUFFIELD HEALTH, BRENTWOOD HOSPITAL",502,Gynaecology Service,1626.9339447021484,0,0.0,1626.9339400000001,0.0,0.0
NT436,SHIRLEY OAKS HOSPITAL,101,Urology Service,345.81241607666016,0,0.0,345.812417,0.0,0.0
NT436,SHIRLEY OAKS HOSPITAL,130,Ophthalmology Service,185.8066749572754,0,0.0,185.806675,0.0,0.0
RBK,WALSALL HEALTHCARE NHS TRUST,140,Oral Surgery Service,2379.656494140625,0,0.0,2379.65649,0.0,0.0
NXP,INDEPENDENT HEALTH GROUP,100,General Surgery Service,1189.1030044555664,0,0.0,1189.103001,0.0,0.0
Q1W6P,SPAMEDICA WATFORD,130,Ophthalmology Service,1906.2602081298828,0,0.0,1906.26021,0.0,0.0
P5Y6K,NEWMEDICA - SHREWSBURY,130,Ophthalmology Service,2828.5614471435547,0,0.0,2828.56147,0.0,0.0
P1B7M,SPAMEDICA BRISTOL,130,Ophthalmology Service,1086.2923736572266,0,0.0,1086.2923739999999,0.0,0.0
P0C3F,SPAMEDICA LEEDS,130,Ophthalmology Service,2201.0799407958984,0,0.0,2201.07995,0.0,0.0
O5Y9D,SPAMEDICA OXFORD,130,Ophthalmology Service,2015.2798614501953,0,0.0,2015.27986,0.0,0.0
O1P6X,SPAMEDICA OLDHAM,130,Ophthalmology Service,4803.006805419922,0,0.0,4803.00679,0.0,0.0
NYR,CORA HEALTH DIAGNOSTICS (FORMERLY HEALTHSHARE DIAGNOSTICS),110,Trauma and Orthopaedic Service,1661.4034805297852,0,0.0,1661.40347,0.0,0.0
NXP,INDEPENDENT HEALTH GROUP,130,Ophthalmology Service,1329.4136962890625,0,0.0,1329.413704,0.0,0.0
NXP,INDEPENDENT HEALTH GROUP,110,Trauma and Orthopaedic Service,1762.9970245361328,0,0.0,1762.99702,0.0,0.0
NXP,INDEPENDENT HEALTH GROUP,101,Urology Service,1196.9308319091797,0,0.0,1196.930842,0.0,0.0
NXM01,THE HORDER CENTRE - ST JOHNS ROAD,110,Trauma and Orthopaedic Service,5160.666595458984,0,0.0,5160.6666,0.0,0.0
NVM,EPSOMEDICAL GROUP,100,General Surgery Service,1147.042953491211,0,0.0,1147.042958,0.0,0.0
NWF01,BENENDEN HOSPITAL,502,Gynaecology Service,830.7107925415039,0,0.0,830.710791,0.0,0.0
NWF01,BENENDEN HOSPITAL,130,Ophthalmology Service,427.08595275878906,0,0.0,427.085953,0.0,0.0
NWF01,BENENDEN HOSPITAL,120,Ear Nose and Throat Service,196.3639965057373,0,0.0,196.363997,0.0,0.0
NWF01,BENENDEN HOSPITAL,110,Trauma and Orthopaedic Service,3192.3639526367188,0,0.0,3192.36394,0.0,0.0
NWF01,BENENDEN HOSPITAL,101,Urology Service,168.01566982269287,0,0.0,168.01567,0.0,0.0
NWF01,BENENDEN HOSPITAL,100,General Surgery Service,450.0629348754883,0,0.0,450.062934,0.0,0.0
NVM,EPSOMEDICAL GROUP,502,Gynaecology Service,948.6554718017578,0,0.0,948.655472,0.0,0.0
NVM,EPSOMEDICAL GROUP,160,Plastic Surgery Service,2014.1592559814453,0,0.0,2014.15925,0.0,0.0
NVM,EPSOMEDICAL GROUP,130,Ophthalmology Service,1609.3546447753906,0,0.0,1609.35466,0.0,0.0
NVM,EPSOMEDICAL GROUP,110,Trauma and Orthopaedic Service,384.9533576965332,0,0.0,384.953359,0.0,0.0
R0A,MANCHESTER UNIVERSITY NHS FOUNDATION TRUST,100,General Surgery Service,20130.376586914062,0,0.0,20130.3766,0.0,0.0
R0A,MANCHESTER UNIVERSITY NHS FOUNDATION TRUST,101,Urology Service,14517.6875,0,0.0,14517.6875,0.0,0.0
R0A,MANCHESTER UNIVERSITY NHS FOUNDATION TRUST,110,Trauma and Orthopaedic Service,117000.07421875,0,0.0,117000.07430000001,0.0,0.0
R0A,MANCHESTER UNIVERSITY NHS FOUNDATION TRUST,120,Ear Nose and Throat Service,31990.092041015625,0,0.0,31990.092,0.0,0.0
R0F4N,NUFFIELD HEALTH PARKSIDE HOSPITAL,101,Urology Service,571.340747833252,0,0.0,571.340748,0.0,0.0
R0F4N,NUFFIELD HEALTH PARKSIDE HOSPITAL,100,General Surgery Service,275.7190628051758,0,0.0,275.719062,0.0,0.0
R0D,UNIVERSITY HOSPITALS DORSET NHS FOUNDATION TRUST,502,Gynaecology Service,19777.019897460938,0,0.0,19777.0199,0.0,0.0
R0D,UNIVERSITY HOSPITALS DORSET NHS FOUNDATION TRUST,140,Oral Surgery Service,16366.1630859375,0,0.0,16366.163199999999,0.0,0.0
R0D,UNIVERSITY HOSPITALS DORSET NHS FOUNDATION TRUST,130,Ophthalmology Service,20958.5478515625,0,0.0,20958.5479,0.0,0.0
R0D,UNIVERSITY HOSPITALS DORSET NHS FOUNDATION TRUST,120,Ear Nose and Throat Service,11549.796752929688,0,0.0,11549.79675,0.0,0.0
R0D,UNIVERSITY HOSPITALS DORSET NHS FOUNDATION TRUST,110,Trauma and Orthopaedic Service,53986.79052734375,0,0.0,53986.7906,0.0,0.0
R0D,UNIVERSITY HOSPITALS DORSET NHS FOUNDATION TRUST,101,Urology Service,10964.746704101562,0,0.0,10964.74671,0.0,0.0
R0D,UNIVERSITY HOSPITALS DORSET NHS FOUNDATION TRUST,100,General Surgery Service,2654.796859741211,0,0.0,2654.79686,0.0,0.0
R0B,SOUTH TYNESIDE AND SUNDERLAND NHS FOUNDATION TRUST,502,Gynaecology Service,7294.291442871094,0,0.0,7294.29145,0.0,0.0
R0B,SOUTH TYNESIDE AND SUNDERLAND NHS FOUNDATION TRUST,140,Oral Surgery Service,15721.6953125,0,0.0,15721.6954,0.0,0.0
R0B,SOUTH TYNESIDE AND SUNDERLAND NHS FOUNDATION TRUST,130,Ophthalmology Service,22610.160034179688,0,0.0,22610.1601,0.0,0.0
R0B,SOUTH TYNESIDE AND SUNDERLAND NHS FOUNDATION TRUST,120,Ear Nose and Throat Service,13210.845947265625,0,0.0,13210.846,0.0,0.0
R0B,SOUTH TYNESIDE AND SUNDERLAND NHS FOUNDATION TRUST,110,Trauma and Orthopaedic Service,40180.011474609375,0,0.0,40180.0114,0.0,0.0
R0B,SOUTH TYNESIDE AND SUNDERLAND NHS FOUNDATION TRUST,101,Urology Service,14770.174560546875,0,0.0,14770.1746,0.0,0.0
R0B,SOUTH TYNESIDE AND SUNDERLAND NHS FOUNDATION TRUST,100,General Surgery Service,18229.354370117188,0,0.0,18229.3542,0.0,0.0
R0A,MANCHESTER UNIVERSITY NHS FOUNDATION TRUST,502,Gynaecology Service,25454.855590820312,0,0.0,25454.855499999998,0.0,0.0
R0A,MANCHESTER UNIVERSITY NHS FOUNDATION TRUST,170,Cardiothoracic Surgery Service,3222.490203857422,0,0.0,3222.4902,0.0,0.0
R0A,MANCHESTER UNIVERSITY NHS FOUNDATION TRUST,160,Plastic Surgery Service,37018.333984375,0,0.0,37018.3339,0.0,0.0
R0A,MANCHESTER UNIVERSITY NHS FOUNDATION TRUST,140,Oral Surgery Service,64494.04541015625,0,0.0,64494.0455,0.0,0.0
R0A,MANCHESTER UNIVERSITY NHS FOUNDATION TRUST,130,Ophthalmology Service,73718.4423828125,0,0.0,73718.4424,0.0,0.0
NVM,EPSOMEDICAL GROUP,101,Urology Service,279.27108573913574,0,0.0,279.271087,0.0,0.0
NVC44,THE WESTBOURNE CENTRE,140,Oral Surgery Service,2289.9801483154297,0,0.0,2289.98015,0.0,0.0
R0F4N,NUFFIELD HEALTH PARKSIDE HOSPITAL,120,Ear Nose and Throat Service,131.5453805923462,0,0.0,131.54538,0.0,0.0
NVC21,WEST MIDLANDS HOSPITAL,110,Trauma and Orthopaedic Service,1195.1502380371094,0,0.0,1195.150245,0.0,0.0
NVC23,WOODLAND HOSPITAL,110,Trauma and Orthopaedic Service,4642.9632568359375,0,0.0,4642.96325,0.0,0.0
NVC23,WOODLAND HOSPITAL,101,Urology Service,363.0783290863037,0,0.0,363.07833,0.0,0.0
NVC23,WOODLAND HOSPITAL,100,General Surgery Service,887.0656280517578,0,0.0,887.065628,0.0,0.0
NVC22,WINFIELD HOSPITAL,160,Plastic Surgery Service,56.92459487915039,0,0.0,56.924595,0.0,0.0
NVC22,WINFIELD HOSPITAL,120,Ear Nose and Throat Service,57.8183479309082,0,0.0,57.8183478,0.0,0.0
NVC22,WINFIELD HOSPITAL,110,Trauma and Orthopaedic Service,2268.445999145508,0,0.0,2268.44601,0.0,0.0
NVC22,WINFIELD HOSPITAL,101,Urology Service,72.89875173568726,0,0.0,72.8987516,0.0,0.0
NVC22,WINFIELD HOSPITAL,100,General Surgery Service,421.4261894226074,0,0.0,421.42619,0.0,0.0
NVC21,WEST MIDLANDS HOSPITAL,502,Gynaecology Service,81.10296154022217,0,0.0,81.1029615,0.0,0.0
NVC21,WEST MIDLANDS HOSPITAL,130,Ophthalmology Service,196.28751754760742,0,0.0,196.287517,0.0,0.0
NVC21,WEST MIDLANDS HOSPITAL,101,Urology Service,75.5586485862732,0,0.0,75.5586487,0.0,0.0
NVC44,THE WESTBOURNE CENTRE,130,Ophthalmology Service,112.24947547912598,0,0.0,112.2494755,0.0,0.0
NVC21,WEST MIDLANDS HOSPITAL,100,General Surgery Service,94.49595785140991,0,0.0,94.4959581,0.0,0.0
NVC20,THE YORKSHIRE CLINIC,502,Gynaecology Service,303.4144992828369,0,0.0,303.4145,0.0,0.0
NVC20,THE YORKSHIRE CLINIC,160,Plastic Surgery Service,510.5949287414551,0,0.0,510.59493000000003,0.0,0.0
NVC20,THE YORKSHIRE CLINIC,130,Ophthalmology Service,2892.2990112304688,0,0.0,2892.29902,0.0,0.0
NVC20,THE YORKSHIRE CLINIC,120,Ear Nose and Throat Service,777.7961235046387,0,0.0,777.796124,0.0,0.0
NVC20,THE YORKSHIRE CLINIC,110,Trauma and Orthopaedic Service,3416.2234649658203,0,0.0,3416.22346,0.0,0.0
NVC20,THE YORKSHIRE CLINIC,101,Urology Service,1063.0024719238281,0,0.0,1063.0024740000001,0.0,0.0
NVC20,THE YORKSHIRE CLINIC,100,General Surgery Service,1863.1543502807617,0,0.0,1863.15435,0.0,0.0
NVC1H,STOURSIDE HOSPITAL,502,Gynaecology Service,840.3010139465332,0,0.0,840.301012,0.0,0.0
NVC1H,STOURSIDE HOSPITAL,160,Plastic Surgery Service,85.46058988571167,0,0.0,85.4605899,0.0,0.0
NVC23,WOODLAND HOSPITAL,130,Ophthalmology Service,95.53321313858032,0,0.0,95.5332132,0.0,0.0
NVC23,WOODLAND HOSPITAL,160,Plastic Surgery Service,172.98456478118896,0,0.0,172.984566,0.0,0.0
NVC23,WOODLAND HOSPITAL,502,Gynaecology Service,371.08294105529785,0,0.0,371.08294,0.0,0.0
NVC25,THE CHERWELL HOSPITAL,110,Trauma and Orthopaedic Service,5114.83984375,0,0.0,5114.83985,0.0,0.0
NVC44,THE WESTBOURNE CENTRE,110,Trauma and Orthopaedic Service,447.33012771606445,0,0.0,447.330128,0.0,0.0
NVC44,THE WESTBOURNE CENTRE,100,General Surgery Service,732.8869132995605,0,0.0,732.886913,0.0,0.0
NVC40,WOODTHORPE HOSPITAL,502,Gynaecology Service,478.89351654052734,0,0.0,478.893517,0.0,0.0
NVC40,WOODTHORPE HOSPITAL,130,Ophthalmology Service,1179.1341857910156,0,0.0,1179.134192,0.0,0.0
NVC40,WOODTHORPE HOSPITAL,110,Trauma and Orthopaedic Service,6961.6519775390625,0,0.0,6961.65197,0.0,0.0
NVC40,WOODTHORPE HOSPITAL,101,Urology Service,373.8822898864746,0,0.0,373.882289,0.0,0.0
NVC40,WOODTHORPE HOSPITAL,100,General Surgery Service,349.5079574584961,0,0.0,349.507958,0.0,0.0
NVC31,BLAKELANDS HOSPITAL,130,Ophthalmology Service,648.2106246948242,0,0.0,648.210626,0.0,0.0
NVC31,BLAKELANDS HOSPITAL,110,Trauma and Orthopaedic Service,1705.256492614746,0,0.0,1705.25649,0.0,0.0
NVC31,BLAKELANDS HOSPITAL,101,Urology Service,206.0710220336914,0,0.0,206.071022,0.0,0.0
NVC31,BLAKELANDS HOSPITAL,100,General Surgery Service,943.886848449707,0,0.0,943.886846,0.0,0.0
NVC29,COBALT HOSPITAL,160,Plastic Surgery Service,2016.8997344970703,0,0.0,2016.89973,0.0,0.0
NVC29,COBALT HOSPITAL,110,Trauma and Orthopaedic Service,1838.8262100219727,0,0.0,1838.82621,0.0,0.0
NVC29,COBALT HOSPITAL,100,General Surgery Service,647.1243858337402,0,0.0,647.124386,0.0,0.0
NVC28,CLIFTON PARK HOSPITAL,110,Trauma and Orthopaedic Service,3958.5580444335938,0,0.0,3958.55805,0.0,0.0
NVC27,BOSTON WEST HOSPITAL,502,Gynaecology Service,248.96942329406738,0,0.0,248.969423,0.0,0.0
NVC27,BOSTON WEST HOSPITAL,130,Ophthalmology Service,1628.2590942382812,0,0.0,1628.2591,0.0,0.0
NVC27,BOSTON WEST HOSPITAL,110,Trauma and Orthopaedic Service,1563.3274002075195,0,0.0,1563.32739,0.0,0.0
NVC27,BOSTON WEST HOSPITAL,101,Urology Service,287.9607677459717,0,0.0,287.960769,0.0,0.0
NVC27,BOSTON WEST HOSPITAL,100,General Surgery Service,522.5677146911621,0,0.0,522.567713,0.0,0.0
NVC25,THE CHERWELL HOSPITAL,130,Ophthalmology Service,338.0038032531738,0,0.0,338.003801,0.0,0.0
R0F4N,NUFFIELD HEALTH PARKSIDE HOSPITAL,110,Trauma and Orthopaedic Service,1609.858139038086,0,0.0,1609.85814,0.0,0.0
R0F4N,NUFFIELD HEALTH PARKSIDE HOSPITAL,160,Plastic Surgery Service,475.19648361206055,0,0.0,475.196484,0.0,0.0
NT436,SHIRLEY OAKS HOSPITAL,502,Gynaecology Service,94.80102443695068,0,0.0,94.8010245,0.0,0.0
RAL,ROYAL FREE LONDON NHS FOUNDATION TRUST,110,Trauma and Orthopaedic Service,24048.68212890625,0,0.0,24048.6821,0.0,0.0
RAS,THE HILLINGDON HOSPITALS NHS FOUNDATION TRUST,100,General Surgery Service,5684.178405761719,0,0.0,5684.1784,0.0,0.0
RAN,ROYAL NATIONAL ORTHOPAEDIC HOSPITAL NHS TRUST,160,Plastic Surgery Service,86.23797607421875,0,0.0,86.237976,0.0,0.0
RAN,ROYAL NATIONAL ORTHOPAEDIC HOSPITAL NHS TRUST,110,Trauma and Orthopaedic Service,20369.765502929688,0,0.0,20369.7655,0.0,0.0
RAN,ROYAL NATIONAL ORTHOPAEDIC HOSPITAL NHS TRUST,101,Urology Service,229.33258438110352,0,0.0,229.332584,0.0,0.0
RAL,ROYAL FREE LONDON NHS FOUNDATION TRUST,502,Gynaecology Service,12863.223999023438,0,0.0,12863.224,0.0,0.0
RAL,ROYAL FREE LONDON NHS FOUNDATION TRUST,160,Plastic Surgery Service,20502.310302734375,0,0.0,20502.3103,0.0,0.0
RAL,ROYAL FREE LONDON NHS FOUNDATION TRUST,150,Neurosurgical Service,173.18919563293457,0,0.0,173.189195,0.0,0.0
RAL,ROYAL FREE LONDON NHS FOUNDATION TRUST,140,Oral Surgery Service,3416.549606323242,0,0.0,3416.54963,0.0,0.0
RAL,ROYAL FREE LONDON NHS FOUNDATION TRUST,130,Ophthalmology Service,6203.338623046875,0,0.0,6203.33863,0.0,0.0
RAL,ROYAL FREE LONDON NHS FOUNDATION TRUST,120,Ear Nose and Throat Service,13231.114624023438,0,0.0,13231.1146,0.0,0.0
RAL,ROYAL FREE LONDON NHS FOUNDATION TRUST,101,Urology Service,9926.754089355469,0,0.0,9926.75408,0.0,0.0
RAE,BRADFORD TEACHING HOSPITALS NHS FOUNDATION TRUST,502,Gynaecology Service,3751.317596435547,0,0.0,3751.31762,0.0,0.0
RAL,ROYAL FREE LONDON NHS FOUNDATION TRUST,100,General Surgery Service,13562.136108398438,0,0.0,13562.1359,0.0,0.0
RAJ,MID AND SOUTH ESSEX NHS FOUNDATION TRUST,502,Gynaecology Service,14595.168701171875,0,0.0,14595.168599999999,0.0,0.0
RAJ,MID AND SOUTH ESSEX NHS FOUNDATION TRUST,170,Cardiothoracic Surgery Service,79.99654054641724,0,0.0,79.9965406,0.0,0.0
RAJ,MID AND SOUTH ESSEX NHS FOUNDATION TRUST,160,Plastic Surgery Service,35488.87353515625,0,0.0,35488.8735,0.0,0.0
RAJ,MID AND SOUTH ESSEX NHS FOUNDATION TRUST,150,Neurosurgical Service,259.2423973083496,0,0.0,259.242398,0.0,0.0
RAJ,MID AND SOUTH ESSEX NHS FOUNDATION TRUST,140,Oral Surgery Service,8126.4349365234375,0,0.0,8126.43494,0.0,0.0
RAJ,MID AND SOUTH ESSEX NHS FOUNDATION TRUST,130,Ophthalmology Service,22401.418090820312,0,0.0,22401.4183,0.0,0.0
RAJ,MID AND SOUTH ESSEX NHS FOUNDATION TRUST,120,Ear Nose and Throat Service,9509.594787597656,0,0.0,9509.5948,0.0,0.0
RAJ,MID AND SOUTH ESSEX NHS FOUNDATION TRUST,110,Trauma and Orthopaedic Service,40303.150634765625,0,0.0,40303.1507,0.0,0.0
RAJ,MID AND SOUTH ESSEX NHS FOUNDATION TRUST,101,Urology Service,13770.35205078125,0,0.0,13770.352,0.0,0.0
RAS,THE HILLINGDON HOSPITALS NHS FOUNDATION TRUST,101,Urology Service,4106.4525146484375,0,0.0,4106.45252,0.0,0.0
RAS,THE HILLINGDON HOSPITALS NHS FOUNDATION TRUST,110,Trauma and Orthopaedic Service,14565.37841796875,0,0.0,14565.3786,0.0,0.0
RAS,THE HILLINGDON HOSPITALS NHS FOUNDATION TRUST,120,Ear Nose and Throat Service,754.7981872558594,0,0.0,754.798187,0.0,0.0
RAS,THE HILLINGDON HOSPITALS NHS FOUNDATION TRUST,130,Ophthalmology Service,3094.0372924804688,0,0.0,3094.03731,0.0,0.0
RBK,WALSALL HEALTHCARE NHS TRUST,130,Ophthalmology Service,1428.934669494629,0,0.0,1428.934663,0.0,0.0
RBK,WALSALL HEALTHCARE NHS TRUST,120,Ear Nose and Throat Service,7323.3895263671875,0,0.0,7323.38954,0.0,0.0
RBK,WALSALL HEALTHCARE NHS TRUST,110,Trauma and Orthopaedic Service,25088.213500976562,0,0.0,25088.2136,0.0,0.0
RBK,WALSALL HEALTHCARE NHS TRUST,100,General Surgery Service,10121.781188964844,0,0.0,10121.78118,0.0,0.0
RBD,DORSET COUNTY HOSPITAL NHS FOUNDATION TRUST,502,Gynaecology Service,6817.870788574219,0,0.0,6817.8707699999995,0.0,0.0
RBD,DORSET COUNTY HOSPITAL NHS FOUNDATION TRUST,140,Oral Surgery Service,8244.708435058594,0,0.0,8244.708419999999,0.0,0.0
RBD,DORSET COUNTY HOSPITAL NHS FOUNDATION TRUST,130,Ophthalmology Service,6718.408966064453,0,0.0,6718.40896,0.0,0.0
RBD,DORSET COUNTY HOSPITAL NHS FOUNDATION TRUST,120,Ear Nose and Throat Service,5363.713775634766,0,0.0,5363.71378,0.0,0.0
RBD,DORSET COUNTY HOSPITAL NHS FOUNDATION TRUST,110,Trauma and Orthopaedic Service,25111.136962890625,0,0.0,25111.137,0.0,0.0
A4M8P,BUCKSHAW HOSPITAL,100,General Surgery Service,3479.8368530273438,0,0.0,3479.83686,0.0,0.0
RBD,DORSET COUNTY HOSPITAL NHS FOUNDATION TRUST,100,General Surgery Service,3821.9264221191406,0,0.0,3821.92642,0.0,0.0
RAX,KINGSTON AND RICHMOND NHS FOUNDATION TRUST,502,Gynaecology Service,10858.4208984375,0,0.0,10858.4209,0.0,0.0
RAX,KINGSTON AND RICHMOND NHS FOUNDATION TRUST,160,Plastic Surgery Service,2207.0034790039062,0,0.0,2207.00348,0.0,0.0
RAX,KINGSTON AND RICHMOND NHS FOUNDATION TRUST,140,Oral Surgery Service,3392.451934814453,0,0.0,3392.45193,0.0,0.0
RAX,KINGSTON AND RICHMOND NHS FOUNDATION TRUST,130,Ophthalmology Service,18269.201416015625,0,0.0,18269.2013,0.0,0.0
RAX,KINGSTON AND RICHMOND NHS FOUNDATION TRUST,120,Ear Nose and Throat Service,15583.481201171875,0,0.0,15583.4812,0.0,0.0
RAX,KINGSTON AND RICHMOND NHS FOUNDATION TRUST,110,Trauma and Orthopaedic Service,9477.77978515625,0,0.0,9477.779770000001,0.0,0.0
RAX,KINGSTON AND RICHMOND NHS FOUNDATION TRUST,101,Urology Service,6314.3428955078125,0,0.0,6314.3429,0.0,0.0
RAX,KINGSTON AND RICHMOND NHS FOUNDATION TRUST,100,General Surgery Service,2455.255584716797,0,0.0,2455.25558,0.0,0.0
RAS,THE HILLINGDON HOSPITALS NHS FOUNDATION TRUST,502,Gynaecology Service,2050.932815551758,0,0.0,2050.93282,0.0,0.0
RAS,THE HILLINGDON HOSPITALS NHS FOUNDATION TRUST,140,Oral Surgery Service,1891.520767211914,0,0.0,1891.5207599999999,0.0,0.0
RAJ,MID AND SOUTH ESSEX NHS FOUNDATION TRUST,100,General Surgery Service,28907.6298828125,0,0.0,28907.6299,0.0,0.0
RAE,BRADFORD TEACHING HOSPITALS NHS FOUNDATION TRUST,160,Plastic Surgery Service,4867.4171142578125,0,0.0,4867.41712,0.0,0.0
R1D,SHROPSHIRE COMMUNITY HEALTH NHS TRUST,140,Oral Surgery Service,3130.8035430908203,0,0.0,3130.80355,0.0,0.0
R1H,BARTS HEALTH NHS TRUST,120,Ear Nose and Throat Service,17684.080932617188,0,0.0,17684.0809,0.0,0.0
R1K,LONDON NORTH WEST UNIVERSITY HEALTHCARE NHS TRUST,120,Ear Nose and Throat Service,14237.0615234375,0,0.0,14237.0616,0.0,0.0
R1K,LONDON NORTH WEST UNIVERSITY HEALTHCARE NHS TRUST,110,Trauma and Orthopaedic Service,23071.50732421875,0,0.0,23071.5075,0.0,0.0
R1K,LONDON NORTH WEST UNIVERSITY HEALTHCARE NHS TRUST,101,Urology Service,12652.86474609375,0,0.0,12652.8649,0.0,0.0
R1K,LONDON NORTH WEST UNIVERSITY HEALTHCARE NHS TRUST,100,General Surgery Service,20531.788330078125,0,0.0,20531.7884,0.0,0.0
R1H,BARTS HEALTH NHS TRUST,502,Gynaecology Service,13950.284545898438,0,0.0,13950.2847,0.0,0.0
R1H,BARTS HEALTH NHS TRUST,170,Cardiothoracic Surgery Service,60.26472997665405,0,0.0,60.2647299,0.0,0.0
R1H,BARTS HEALTH NHS TRUST,160,Plastic Surgery Service,8487.850036621094,0,0.0,8487.85004,0.0,0.0
R1H,BARTS HEALTH NHS TRUST,150,Neurosurgical Service,2658.285446166992,0,0.0,2658.28544,0.0,0.0
R1H,BARTS HEALTH NHS TRUST,140,Oral Surgery Service,6367.373474121094,0,0.0,6367.37348,0.0,0.0
R1H,BARTS HEALTH NHS TRUST,130,Ophthalmology Service,9976.257019042969,0,0.0,9976.25701,0.0,0.0
R1H,BARTS HEALTH NHS TRUST,110,Trauma and Orthopaedic Service,21119.036376953125,0,0.0,21119.0365,0.0,0.0
RAE,BRADFORD TEACHING HOSPITALS NHS FOUNDATION TRUST,140,Oral Surgery Service,2012.0352783203125,0,0.0,2012.0352699999999,0.0,0.0
R1H,BARTS HEALTH NHS TRUST,101,Urology Service,11036.085693359375,0,0.0,11036.08569,0.0,0.0
R1H,BARTS HEALTH NHS TRUST,100,General Surgery Service,18348.320556640625,0,0.0,18348.3205,0.0,0.0
R1G7E,SPAMEDICA KENDAL,130,Ophthalmology Service,2739.8336029052734,0,0.0,2739.8336,0.0,0.0
R1F,ISLE OF WIGHT NHS TRUST,502,Gynaecology Service,2565.054397583008,0,0.0,2565.0543900000002,0.0,0.0
R1F,ISLE OF WIGHT NHS TRUST,140,Oral Surgery Service,1100.7722396850586,0,0.0,1100.77224,0.0,0.0
R1F,ISLE OF WIGHT NHS TRUST,130,Ophthalmology Service,6958.481872558594,0,0.0,6958.48188,0.0,0.0
R1F,ISLE OF WIGHT NHS TRUST,120,Ear Nose and Throat Service,1404.3365859985352,0,0.0,1404.33659,0.0,0.0
R1F,ISLE OF WIGHT NHS TRUST,110,Trauma and Orthopaedic Service,17816.654296875,0,0.0,17816.6544,0.0,0.0
R1F,ISLE OF WIGHT NHS TRUST,101,Urology Service,879.8113327026367,0,0.0,879.811332,0.0,0.0
R1F,ISLE OF WIGHT NHS TRUST,100,General Surgery Service,4644.2178955078125,0,0.0,4644.21788,0.0,0.0
R1K,LONDON NORTH WEST UNIVERSITY HEALTHCARE NHS TRUST,130,Ophthalmology Service,3252.8948364257812,0,0.0,3252.89482,0.0,0.0
R1K,LONDON NORTH WEST UNIVERSITY HEALTHCARE NHS TRUST,140,Oral Surgery Service,8148.412780761719,0,0.0,8148.41279,0.0,0.0
R1K,LONDON NORTH WEST UNIVERSITY HEALTHCARE NHS TRUST,160,Plastic Surgery Service,182.19825267791748,0,0.0,182.198253,0.0,0.0
R1K,LONDON NORTH WEST UNIVERSITY HEALTHCARE NHS TRUST,502,Gynaecology Service,8454.82421875,0,0.0,8454.82422,0.0,0.0
RAE,BRADFORD TEACHING HOSPITALS NHS FOUNDATION TRUST,130,Ophthalmology Service,4499.023956298828,0,0.0,4499.02395,0.0,0.0
RAE,BRADFORD TEACHING HOSPITALS NHS FOUNDATION TRUST,120,Ear Nose and Throat Service,5366.683166503906,0,0.0,5366.68318,0.0,0.0
RAE,BRADFORD TEACHING HOSPITALS NHS FOUNDATION TRUST,110,Trauma and Orthopaedic Service,12849.302490234375,0,0.0,12849.3025,0.0,0.0
RAE,BRADFORD TEACHING HOSPITALS NHS FOUNDATION TRUST,101,Urology Service,4701.547698974609,0,0.0,4701.54769,0.0,0.0
RAE,BRADFORD TEACHING HOSPITALS NHS FOUNDATION TRUST,100,General Surgery Service,2201.429214477539,0,0.0,2201.42922,0.0,0.0
RA7,UNIVERSITY HOSPITALS BRISTOL AND WESTON NHS FOUNDATION TRUST,502,Gynaecology Service,6997.234710693359,0,0.0,6997.23474,0.0,0.0
RA7,UNIVERSITY HOSPITALS BRISTOL AND WESTON NHS FOUNDATION TRUST,170,Cardiothoracic Surgery Service,2788.580520629883,0,0.0,2788.58051,0.0,0.0
RA7,UNIVERSITY HOSPITALS BRISTOL AND WESTON NHS FOUNDATION TRUST,140,Oral Surgery Service,6208.260986328125,0,0.0,6208.26099,0.0,0.0
RA7,UNIVERSITY HOSPITALS BRISTOL AND WESTON NHS FOUNDATION TRUST,130,Ophthalmology Service,24701.422973632812,0,0.0,24701.4229,0.0,0.0
RA7,UNIVERSITY HOSPITALS BRISTOL AND WESTON NHS FOUNDATION TRUST,120,Ear Nose and Throat Service,17561.392578125,0,0.0,17561.3925,0.0,0.0
RA7,UNIVERSITY HOSPITALS BRISTOL AND WESTON NHS FOUNDATION TRUST,110,Trauma and Orthopaedic Service,9968.779235839844,0,0.0,9968.77923,0.0,0.0
RA7,UNIVERSITY HOSPITALS BRISTOL AND WESTON NHS FOUNDATION TRUST,100,General Surgery Service,285.1470241546631,0,0.0,285.147025,0.0,0.0
RA2,ROYAL SURREY NHS FOUNDATION TRUST,502,Gynaecology Service,5425.430267333984,0,0.0,5425.43026,0.0,0.0
RA2,ROYAL SURREY NHS FOUNDATION TRUST,160,Plastic Surgery Service,1265.3080596923828,0,0.0,1265.308059,0.0,0.0
RA2,ROYAL SURREY NHS FOUNDATION TRUST,140,Oral Surgery Service,7131.713623046875,0,0.0,7131.71362,0.0,0.0
RA2,ROYAL SURREY NHS FOUNDATION TRUST,130,Ophthalmology Service,4418.970611572266,0,0.0,4418.97061,0.0,0.0
RA2,ROYAL SURREY NHS FOUNDATION TRUST,120,Ear Nose and Throat Service,6439.580322265625,0,0.0,6439.58031,0.0,0.0
RA2,ROYAL SURREY NHS FOUNDATION TRUST,110,Trauma and Orthopaedic Service,13786.524291992188,0,0.0,13786.5245,0.0,0.0
RA2,ROYAL SURREY NHS FOUNDATION TRUST,101,Urology Service,3836.525665283203,0,0.0,3836.5256600000002,0.0,0.0
RA2,ROYAL SURREY NHS FOUNDATION TRUST,100,General Surgery Service,7224.077697753906,0,0.0,7224.0777,0.0,0.0
R7W2O,NEWCASTLE NEWMEDICA LTD,130,Ophthalmology Service,4964.330230712891,0,0.0,4964.33021,0.0,0.0
NVC1H,STOURSIDE HOSPITAL,130,Ophthalmology Service,1131.8512954711914,0,0.0,1131.851303,0.0,0.0
NVC1H,STOURSIDE HOSPITAL,110,Trauma and Orthopaedic Service,2765.007125854492,0,0.0,2765.00714,0.0,0.0
NVC1H,STOURSIDE HOSPITAL,101,Urology Service,390.5656147003174,0,0.0,390.565616,0.0,0.0
NTP15,PRACTICE PLUS GROUP HOSPITAL - ILFORD,101,Urology Service,681.2599143981934,0,0.0,681.259916,0.0,0.0
NTPAD,PRACTICE PLUS GROUP SURGICAL CENTRE - ST MARYS PORTSMOUTH,110,Trauma and Orthopaedic Service,2964.1895141601562,0,0.0,2964.18952,0.0,0.0
NTPAD,PRACTICE PLUS GROUP SURGICAL CENTRE - ST MARYS PORTSMOUTH,101,Urology Service,641.4248237609863,0,0.0,641.4248240000001,0.0,0.0
NTPAD,PRACTICE PLUS GROUP SURGICAL CENTRE - ST MARYS PORTSMOUTH,100,General Surgery Service,2668.933151245117,0,0.0,2668.93314,0.0,0.0
NTP16,PRACTICE PLUS GROUP SURGICAL CENTRE - GILLINGHAM,130,Ophthalmology Service,2626.2900390625,0,0.0,2626.29004,0.0,0.0
NTP16,PRACTICE PLUS GROUP SURGICAL CENTRE - GILLINGHAM,110,Trauma and Orthopaedic Service,1203.430030822754,0,0.0,1203.430012,0.0,0.0
NTP16,PRACTICE PLUS GROUP SURGICAL CENTRE - GILLINGHAM,100,General Surgery Service,1815.9817657470703,0,0.0,1815.9817600000001,0.0,0.0
NTP15,PRACTICE PLUS GROUP HOSPITAL - ILFORD,502,Gynaecology Service,2777.9212799072266,0,0.0,2777.92128,0.0,0.0
NTP15,PRACTICE PLUS GROUP HOSPITAL - ILFORD,130,Ophthalmology Service,1158.7541122436523,0,0.0,1158.754104,0.0,0.0
NTP15,PRACTICE PLUS GROUP HOSPITAL - ILFORD,120,Ear Nose and Throat Service,550.7533836364746,0,0.0,550.753385,0.0,0.0
NTP15,PRACTICE PLUS GROUP HOSPITAL - ILFORD,110,Trauma and Orthopaedic Service,7185.435241699219,0,0.0,7185.43525,0.0,0.0
NTP15,PRACTICE PLUS GROUP HOSPITAL - ILFORD,100,General Surgery Service,3046.949432373047,0,0.0,3046.94943,0.0,0.0
NTE02,ST HUGH'S HOSPITAL,101,Urology Service,279.4713382720947,0,0.0,279.471338,0.0,0.0
NTP13,PRACTICE PLUS GROUP HOSPITAL - BARLBOROUGH,130,Ophthalmology Service,853.1112060546875,0,0.0,853.111207,0.0,0.0
NTP13,PRACTICE PLUS GROUP HOSPITAL - BARLBOROUGH,110,Trauma and Orthopaedic Service,16518.628540039062,0,0.0,16518.6287,0.0,0.0
NTP13,PRACTICE PLUS GROUP HOSPITAL - BARLBOROUGH,100,General Surgery Service,186.47340393066406,0,0.0,186.473404,0.0,0.0
NTP11,PRACTICE PLUS GROUP HOSPITAL - SOUTHAMPTON,502,Gynaecology Service,3384.8500061035156,0,0.0,3384.85,0.0,0.0
NTP11,PRACTICE PLUS GROUP HOSPITAL - SOUTHAMPTON,140,Oral Surgery Service,9749.539916992188,0,0.0,9749.539929999999,0.0,0.0
NTP11,PRACTICE PLUS GROUP HOSPITAL - SOUTHAMPTON,120,Ear Nose and Throat Service,2038.4375457763672,0,0.0,2038.43753,0.0,0.0
NTP11,PRACTICE PLUS GROUP HOSPITAL - SOUTHAMPTON,110,Trauma and Orthopaedic Service,8166.8109130859375,0,0.0,8166.81091,0.0,0.0
NTP11,PRACTICE PLUS GROUP HOSPITAL - SOUTHAMPTON,101,Urology Service,1798.7528533935547,0,0.0,1798.75286,0.0,0.0
NTP11,PRACTICE PLUS GROUP HOSPITAL - SOUTHAMPTON,100,General Surgery Service,3585.5865783691406,0,0.0,3585.58656,0.0,0.0
NTE02,ST HUGH'S HOSPITAL,502,Gynaecology Service,508.08907318115234,0,0.0,508.089072,0.0,0.0
NTPAD,PRACTICE PLUS GROUP SURGICAL CENTRE - ST MARYS PORTSMOUTH,120,Ear Nose and Throat Service,360.9650173187256,0,0.0,360.965017,0.0,0.0
NTPAD,PRACTICE PLUS GROUP SURGICAL CENTRE - ST MARYS PORTSMOUTH,130,Ophthalmology Service,1946.8359375,0,0.0,1946.83595,0.0,0.0
NTPAE,PRACTICE PLUS GROUP OPHTHALMOLOGY - NORTH WEST,130,Ophthalmology Service,3942.2249450683594,0,0.0,3942.22494,0.0,0.0
NTPH1,PRACTICE PLUS GROUP HOSPITAL - SHEPTON MALLET,100,General Surgery Service,1584.0294342041016,0,0.0,1584.02943,0.0,0.0
NTPH5,PRACTICE PLUS GROUP HOSPITAL - PLYMOUTH,130,Ophthalmology Service,747.3248710632324,0,0.0,747.324871,0.0,0.0
NTPH5,PRACTICE PLUS GROUP HOSPITAL - PLYMOUTH,110,Trauma and Orthopaedic Service,12643.293823242188,0,0.0,12643.2936,0.0,0.0
NTPH5,PRACTICE PLUS GROUP HOSPITAL - PLYMOUTH,100,General Surgery Service,611.8121871948242,0,0.0,611.812186,0.0,0.0
NTPH3,PRACTICE PLUS GROUP SURGICAL CENTRE - DEVIZES,502,Gynaecology Service,753.6762466430664,0,0.0,753.676247,0.0,0.0
NTPH3,PRACTICE PLUS GROUP SURGICAL CENTRE - DEVIZES,140,Oral Surgery Service,3199.6400756835938,0,0.0,3199.64008,0.0,0.0
NTPH3,PRACTICE PLUS GROUP SURGICAL CENTRE - DEVIZES,130,Ophthalmology Service,1691.1425476074219,0,0.0,1691.14255,0.0,0.0
NTPH3,PRACTICE PLUS GROUP SURGICAL CENTRE - DEVIZES,120,Ear Nose and Throat Service,313.0924777984619,0,0.0,313.09248,0.0,0.0
NTPH3,PRACTICE PLUS GROUP SURGICAL CENTRE - DEVIZES,110,Trauma and Orthopaedic Service,2666.595169067383,0,0.0,2666.59518,0.0,0.0
NTPH3,PRACTICE PLUS GROUP SURGICAL CENTRE - DEVIZES,101,Urology Service,509.9096488952637,0,0.0,509.909649,0.0,0.0
NTPH3,PRACTICE PLUS GROUP SURGICAL CENTRE - DEVIZES,100,General Surgery Service,812.0112228393555,0,0.0,812.011223,0.0,0.0
NTPH2,PRACTICE PLUS GROUP HOSPITAL - EMERSONS GREEN,502,Gynaecology Service,1949.847152709961,0,0.0,1949.84717,0.0,0.0
NTPH2,PRACTICE PLUS GROUP HOSPITAL - EMERSONS GREEN,140,Oral Surgery Service,7182.4349365234375,0,0.0,7182.43492,0.0,0.0
NTPH2,PRACTICE PLUS GROUP HOSPITAL - EMERSONS GREEN,120,Ear Nose and Throat Service,864.9090423583984,0,0.0,864.909043,0.0,0.0
NTPH2,PRACTICE PLUS GROUP HOSPITAL - EMERSONS GREEN,110,Trauma and Orthopaedic Service,6328.643310546875,0,0.0,6328.64329,0.0,0.0
NTPH2,PRACTICE PLUS GROUP HOSPITAL - EMERSONS GREEN,101,Urology Service,485.14130783081055,0,0.0,485.141307,0.0,0.0
NTPH2,PRACTICE PLUS GROUP HOSPITAL - EMERSONS GREEN,100,General Surgery Service,1586.6419982910156,0,0.0,1586.64199,0.0,0.0
NTPH1,PRACTICE PLUS GROUP HOSPITAL - SHEPTON MALLET,502,Gynaecology Service,304.34279441833496,0,0.0,304.342794,0.0,0.0
NTPH1,PRACTICE PLUS GROUP HOSPITAL - SHEPTON MALLET,130,Ophthalmology Service,3947.2544860839844,0,0.0,3947.2545,0.0,0.0
NTPH1,PRACTICE PLUS GROUP HOSPITAL - SHEPTON MALLET,120,Ear Nose and Throat Service,729.8779220581055,0,0.0,729.877922,0.0,0.0
NTPH1,PRACTICE PLUS GROUP HOSPITAL - SHEPTON MALLET,110,Trauma and Orthopaedic Service,13361.28271484375,0,0.0,13361.2827,0.0,0.0
NTPH1,PRACTICE PLUS GROUP HOSPITAL - SHEPTON MALLET,101,Urology Service,311.6649475097656,0,0.0,311.664946,0.0,0.0
NTE02,ST HUGH'S HOSPITAL,110,Trauma and Orthopaedic Service,9514.907958984375,0,0.0,9514.90795,0.0,0.0
NTE02,ST HUGH'S HOSPITAL,100,General Surgery Service,725.7350273132324,0,0.0,725.7350270000001,0.0,0.0
NVC1H,STOURSIDE HOSPITAL,100,General Surgery Service,1009.2260284423828,0,0.0,1009.226028,0.0,0.0
NT443,WINTERBOURNE HOSPITAL,100,General Surgery Service,264.45229721069336,0,0.0,264.452298,0.0,0.0
NT448,HUDDERSFIELD PRIVATE HOSPITAL,100,General Surgery Service,608.4901962280273,0,0.0,608.490198,0.0,0.0
NT447,DUCHY HOSPITAL,150,Neurosurgical Service,85.24556255340576,0,0.0,85.2455625,0.0,0.0
NT447,DUCHY HOSPITAL,110,Trauma and Orthopaedic Service,549.7329788208008,0,0.0,549.732978,0.0,0.0
NT447,DUCHY HOSPITAL,101,Urology Service,59.10932731628418,0,0.0,59.1093273,0.0,0.0
NT447,DUCHY HOSPITAL,100,General Surgery Service,146.58396816253662,0,0.0,146.583967,0.0,0.0
NT446,ST EDMUNDS HOSPITAL,130,Ophthalmology Service,63.770615100860596,0,0.0,63.770615,0.0,0.0
NT446,ST EDMUNDS HOSPITAL,110,Trauma and Orthopaedic Service,1648.0166015625,0,0.0,1648.01661,0.0,0.0
NT446,ST EDMUNDS HOSPITAL,101,Urology Service,74.18062162399292,0,0.0,74.1806216,0.0,0.0
NT446,ST EDMUNDS HOSPITAL,100,General Surgery Service,187.79788398742676,0,0.0,187.797884,0.0,0.0
NT443,WINTERBOURNE HOSPITAL,110,Trauma and Orthopaedic Service,2371.1516723632812,0,0.0,2371.15167,0.0,0.0
NT441,THREE SHIRES HOSPITAL,502,Gynaecology Service,868.1575889587402,0,0.0,868.157588,0.0,0.0
NT490,SOUTHEND PRIVATE HOSPITAL,130,Ophthalmology Service,1881.9616088867188,0,0.0,1881.96162,0.0,0.0
NT441,THREE SHIRES HOSPITAL,150,Neurosurgical Service,129.3763427734375,0,0.0,129.3763439,0.0,0.0
NT441,THREE SHIRES HOSPITAL,110,Trauma and Orthopaedic Service,4964.367584228516,0,0.0,4964.36759,0.0,0.0
NT441,THREE SHIRES HOSPITAL,100,General Surgery Service,2116.1019592285156,0,0.0,2116.10198,0.0,0.0
NT440,THORNBURY HOSPITAL,502,Gynaecology Service,137.9327974319458,0,0.0,137.9327973,0.0,0.0
NT440,THORNBURY HOSPITAL,110,Trauma and Orthopaedic Service,982.3908996582031,0,0.0,982.3909,0.0,0.0
NT440,THORNBURY HOSPITAL,100,General Surgery Service,289.5799865722656,0,0.0,289.579987,0.0,0.0
NT437,SLOANE HOSPITAL,150,Neurosurgical Service,51.27718162536621,0,0.0,51.2771816,0.0,0.0
NT437,SLOANE HOSPITAL,110,Trauma and Orthopaedic Service,866.734317779541,0,0.0,866.734318,0.0,0.0
NT437,SLOANE HOSPITAL,101,Urology Service,163.5881929397583,0,0.0,163.58819499999998,0.0,0.0
NT437,SLOANE HOSPITAL,100,General Surgery Service,258.6437644958496,0,0.0,258.643764,0.0,0.0
NT448,HUDDERSFIELD PRIVATE HOSPITAL,101,Urology Service,141.0024538040161,0,0.0,141.0024529,0.0,0.0
NT448,HUDDERSFIELD PRIVATE HOSPITAL,110,Trauma and Orthopaedic Service,1275.6481323242188,0,0.0,1275.648129,0.0,0.0
NT448,HUDDERSFIELD PRIVATE HOSPITAL,502,Gynaecology Service,246.49470901489258,0,0.0,246.494709,0.0,0.0
NT449,LANCASTER PRIVATE HOSPITAL,100,General Surgery Service,117.6232500076294,0,0.0,117.6232496,0.0,0.0
NT490,SOUTHEND PRIVATE HOSPITAL,110,Trauma and Orthopaedic Service,301.38695526123047,0,0.0,301.386956,0.0,0.0
NT490,SOUTHEND PRIVATE HOSPITAL,100,General Surgery Service,86.617506980896,0,0.0,86.617507,0.0,0.0
NT457,WOODLANDS HOSPITAL,502,Gynaecology Service,634.7381553649902,0,0.0,634.738156,0.0,0.0
NT457,WOODLANDS HOSPITAL,130,Ophthalmology Service,2885.947784423828,0,0.0,2885.94779,0.0,0.0
NT457,WOODLANDS HOSPITAL,120,Ear Nose and Throat Service,248.34196853637695,0,0.0,248.34197,0.0,0.0
NT457,WOODLANDS HOSPITAL,110,Trauma and Orthopaedic Service,3840.7998046875,0,0.0,3840.79981,0.0,0.0
NT457,WOODLANDS HOSPITAL,101,Urology Service,498.87361907958984,0,0.0,498.873617,0.0,0.0
NT457,WOODLANDS HOSPITAL,100,General Surgery Service,1477.5773544311523,0,0.0,1477.57738,0.0,0.0
NT455,MOUNT ALVERNIA HOSPITAL,110,Trauma and Orthopaedic Service,267.9241580963135,0,0.0,267.924156,0.0,0.0
NT455,MOUNT ALVERNIA HOSPITAL,101,Urology Service,113.41902351379395,0,0.0,113.4190234,0.0,0.0
NT455,MOUNT ALVERNIA HOSPITAL,100,General Surgery Service,119.32919216156006,0,0.0,119.329192,0.0,0.0
NT451,CAVELL HOSPITAL,502,Gynaecology Service,111.31663227081299,0,0.0,111.3166328,0.0,0.0
NT451,CAVELL HOSPITAL,110,Trauma and Orthopaedic Service,621.2052268981934,0,0.0,621.205225,0.0,0.0
NT451,CAVELL HOSPITAL,101,Urology Service,89.02191734313965,0,0.0,89.0219174,0.0,0.0
NT451,CAVELL HOSPITAL,100,General Surgery Service,176.3761625289917,0,0.0,176.376163,0.0,0.0
NT450,LINCOLN PRIVATE HOSPITAL,130,Ophthalmology Service,231.96012687683105,0,0.0,231.960126,0.0,0.0
NT450,LINCOLN PRIVATE HOSPITAL,110,Trauma and Orthopaedic Service,2841.339370727539,0,0.0,2841.33939,0.0,0.0
NT450,LINCOLN PRIVATE HOSPITAL,101,Urology Service,76.36868906021118,0,0.0,76.3686891,0.0,0.0
NT450,LINCOLN PRIVATE HOSPITAL,100,General Surgery Service,67.15073442459106,0,0.0,67.1507344,0.0,0.0
NT449,LANCASTER PRIVATE HOSPITAL,502,Gynaecology Service,150.58615589141846,0,0.0,150.586158,0.0,0.0
NT449,LANCASTER PRIVATE HOSPITAL,110,Trauma and Orthopaedic Service,877.6479263305664,0,0.0,877.647927,0.0,0.0
NTX,THE ONE HEALTH GROUP PLC,100,General Surgery Service,1846.0417022705078,0,0.0,1846.0417,0.0,0.0
NTX,THE ONE HEALTH GROUP PLC,101,Urology Service,984.8361358642578,0,0.0,984.836135,0.0,0.0
NTX,THE ONE HEALTH GROUP PLC,110,Trauma and Orthopaedic Service,5932.230285644531,0,0.0,5932.23031,0.0,0.0
NVC12,OAKLANDS HOSPITAL,100,General Surgery Service,1459.6737899780273,0,0.0,1459.67379,0.0,0.0
NVC14,PARK HILL HOSPITAL,110,Trauma and Orthopaedic Service,1847.3214721679688,0,0.0,1847.32148,0.0,0.0
NVC14,PARK HILL HOSPITAL,100,General Surgery Service,484.5225715637207,0,0.0,484.522572,0.0,0.0
NVC13,OAKS HOSPITAL,502,Gynaecology Service,173.71295642852783,0,0.0,173.712956,0.0,0.0
NVC13,OAKS HOSPITAL,130,Ophthalmology Service,75.2856035232544,0,0.0,75.2856035,0.0,0.0
NVC13,OAKS HOSPITAL,120,Ear Nose and Throat Service,74.45469808578491,0,0.0,74.454698,0.0,0.0
NVC13,OAKS HOSPITAL,110,Trauma and Orthopaedic Service,764.1639709472656,0,0.0,764.163971,0.0,0.0
NVC13,OAKS HOSPITAL,101,Urology Service,69.77837324142456,0,0.0,69.7783731,0.0,0.0
NVC13,OAKS HOSPITAL,100,General Surgery Service,334.6719036102295,0,0.0,334.671903,0.0,0.0
NVC12,OAKLANDS HOSPITAL,110,Trauma and Orthopaedic Service,4348.904876708984,0,0.0,4348.90488,0.0,0.0
NVC12,OAKLANDS HOSPITAL,101,Urology Service,143.16176795959473,0,0.0,143.16176959999999,0.0,0.0
NVC11,NORTH DOWNS HOSPITAL,502,Gynaecology Service,346.1214427947998,0,0.0,346.121444,0.0,0.0
NTX,THE ONE HEALTH GROUP PLC,150,Neurosurgical Service,3738.3509216308594,0,0.0,3738.35092,0.0,0.0
NVC11,NORTH DOWNS HOSPITAL,160,Plastic Surgery Service,83.06564378738403,0,0.0,83.0656437,0.0,0.0
NVC11,NORTH DOWNS HOSPITAL,130,Ophthalmology Service,436.8624668121338,0,0.0,436.862466,0.0,0.0
NVC11,NORTH DOWNS HOSPITAL,110,Trauma and Orthopaedic Service,2579.3515625,0,0.0,2579.35156,0.0,0.0
NVC11,NORTH DOWNS HOSPITAL,101,Urology Service,211.82518196105957,0,0.0,211.825181,0.0,0.0
NVC11,NORTH DOWNS HOSPITAL,100,General Surgery Service,524.8413619995117,0,0.0,524.841362,0.0,0.0
NVC0Y,EXETER MEDICAL,160,Plastic Surgery Service,178.2658567428589,0,0.0,178.265855,0.0,0.0
NVC0Y,EXETER MEDICAL,110,Trauma and Orthopaedic Service,259.4115924835205,0,0.0,259.411595,0.0,0.0
NVC0Y,EXETER MEDICAL,101,Urology Service,348.1436080932617,0,0.0,348.143606,0.0,0.0
NVC0R,TEES VALLEY HOSPITAL,502,Gynaecology Service,545.6318893432617,0,0.0,545.63189,0.0,0.0
NVC0R,TEES VALLEY HOSPITAL,160,Plastic Surgery Service,1986.1907653808594,0,0.0,1986.19077,0.0,0.0
NVC15,PINEHILL HOSPITAL,100,General Surgery Service,714.8642196655273,0,0.0,714.86422,0.0,0.0
NVC15,PINEHILL HOSPITAL,101,Urology Service,62.2065224647522,0,0.0,62.2065225,0.0,0.0
NVC15,PINEHILL HOSPITAL,110,Trauma and Orthopaedic Service,2472.249740600586,0,0.0,2472.24973,0.0,0.0
NVC15,PINEHILL HOSPITAL,120,Ear Nose and Throat Service,272.07624435424805,0,0.0,272.07624400000003,0.0,0.0
NVC19,RIVERS HOSPITAL,502,Gynaecology Service,378.62133979797363,0,0.0,378.62134100000003,0.0,0.0
NVC19,RIVERS HOSPITAL,120,Ear Nose and Throat Service,219.04129791259766,0,0.0,219.041295,0.0,0.0
NVC19,RIVERS HOSPITAL,110,Trauma and Orthopaedic Service,3452.4510192871094,0,0.0,3452.45102,0.0,0.0
NVC19,RIVERS HOSPITAL,101,Urology Service,946.5351104736328,0,0.0,946.535112,0.0,0.0
NVC19,RIVERS HOSPITAL,100,General Surgery Service,1765.9058380126953,0,0.0,1765.90583,0.0,0.0
NVC18,SPRINGFIELD HOSPITAL,502,Gynaecology Service,371.0724220275879,0,0.0,371.072422,0.0,0.0
NVC18,SPRINGFIELD HOSPITAL,160,Plastic Surgery Service,106.74382972717285,0,0.0,106.7438297,0.0,0.0
NVC18,SPRINGFIELD HOSPITAL,120,Ear Nose and Throat Service,446.68860244750977,0,0.0,446.688603,0.0,0.0
NVC18,SPRINGFIELD HOSPITAL,110,Trauma and Orthopaedic Service,3520.5730895996094,0,0.0,3520.57309,0.0,0.0
NVC18,SPRINGFIELD HOSPITAL,101,Urology Service,1254.2200012207031,0,0.0,1254.2200090000001,0.0,0.0
NVC18,SPRINGFIELD HOSPITAL,100,General Surgery Service,1021.2881393432617,0,0.0,1021.288139,0.0,0.0
NVC17,ROWLEY HALL HOSPITAL,502,Gynaecology Service,531.1496353149414,0,0.0,531.149636,0.0,0.0
NVC17,ROWLEY HALL HOSPITAL,130,Ophthalmology Service,2125.254440307617,0,0.0,2125.25445,0.0,0.0
NVC17,ROWLEY HALL HOSPITAL,110,Trauma and Orthopaedic Service,3615.7410278320312,0,0.0,3615.74105,0.0,0.0
NVC17,ROWLEY HALL HOSPITAL,101,Urology Service,169.53988933563232,0,0.0,169.53989099999998,0.0,0.0
NVC17,ROWLEY HALL HOSPITAL,100,General Surgery Service,348.6698913574219,0,0.0,348.669892,0.0,0.0
NVC16,RENACRES HOSPITAL,120,Ear Nose and Throat Service,119.2793493270874,0,0.0,119.2793488,0.0,0.0
NVC16,RENACRES HOSPITAL,110,Trauma and Orthopaedic Service,4470.517028808594,0,0.0,4470.51704,0.0,0.0
NVC16,RENACRES HOSPITAL,101,Urology Service,509.5884666442871,0,0.0,509.58846600000004,0.0,0.0
NVC16,RENACRES HOSPITAL,100,General Surgery Service,637.7455749511719,0,0.0,637.745575,0.0,0.0
NVC15,PINEHILL HOSPITAL,130,Ophthalmology Service,707.3072814941406,0,0.0,707.307281,0.0,0.0
NVC0R,TEES VALLEY HOSPITAL,140,Oral Surgery Service,2104.5877838134766,0,0.0,2104.5878000000002,0.0,0.0
NVC0R,TEES VALLEY HOSPITAL,110,Trauma and Orthopaedic Service,3256.2622680664062,0,0.0,3256.26229,0.0,0.0
NVC0R,TEES VALLEY HOSPITAL,101,Urology Service,603.4219207763672,0,0.0,603.42192,0.0,0.0
NVC06,FITZWILLIAM HOSPITAL,101,Urology Service,450.7275638580322,0,0.0,450.727564,0.0,0.0
NVC05,EUXTON HALL HOSPITAL,502,Gynaecology Service,264.1262435913086,0,0.0,264.126244,0.0,0.0
NVC05,EUXTON HALL HOSPITAL,160,Plastic Surgery Service,82.90377616882324,0,0.0,82.9037761,0.0,0.0
NVC05,EUXTON HALL HOSPITAL,120,Ear Nose and Throat Service,61.24183368682861,0,0.0,61.2418338,0.0,0.0
NVC05,EUXTON HALL HOSPITAL,110,Trauma and Orthopaedic Service,3226.7364196777344,0,0.0,3226.73642,0.0,0.0
NVC05,EUXTON HALL HOSPITAL,101,Urology Service,45.85395383834839,0,0.0,45.8539538,0.0,0.0
NVC05,EUXTON HALL HOSPITAL,100,General Surgery Service,1514.6090393066406,0,0.0,1514.60905,0.0,0.0
NVC04,DUCHY HOSPITAL,110,Trauma and Orthopaedic Service,2899.7644805908203,0,0.0,2899.76449,0.0,0.0
NVC04,DUCHY HOSPITAL,100,General Surgery Service,1053.8010559082031,0,0.0,1053.801057,0.0,0.0
NVC02,THE BERKSHIRE INDEPENDENT HOSPITAL,502,Gynaecology Service,111.00506353378296,0,0.0,111.0050644,0.0,0.0
NVC02,THE BERKSHIRE INDEPENDENT HOSPITAL,160,Plastic Surgery Service,316.2367706298828,0,0.0,316.23677,0.0,0.0
NVC02,THE BERKSHIRE INDEPENDENT HOSPITAL,130,Ophthalmology Service,253.7549991607666,0,0.0,253.755,0.0,0.0
NVC02,THE BERKSHIRE INDEPENDENT HOSPITAL,110,Trauma and Orthopaedic Service,1262.4650421142578,0,0.0,1262.465031,0.0,0.0
NVC02,THE BERKSHIRE INDEPENDENT HOSPITAL,101,Urology Service,578.8573608398438,0,0.0,578.857361,0.0,0.0
NVC02,THE BERKSHIRE INDEPENDENT HOSPITAL,100,General Surgery Service,265.1768341064453,0,0.0,265.176833,0.0,0.0
NVC01,ASHTEAD HOSPITAL,502,Gynaecology Service,228.7626371383667,0,0.0,228.762638,0.0,0.0
NVC01,ASHTEAD HOSPITAL,160,Plastic Surgery Service,127.84011459350586,0,0.0,127.84011459999999,0.0,0.0
NVC01,ASHTEAD HOSPITAL,130,Ophthalmology Service,608.2937965393066,0,0.0,608.293796,0.0,0.0
NVC01,ASHTEAD HOSPITAL,110,Trauma and Orthopaedic Service,1469.3522186279297,0,0.0,1469.352203,0.0,0.0
NVC01,ASHTEAD HOSPITAL,101,Urology Service,253.43046951293945,0,0.0,253.430468,0.0,0.0
NVC01,ASHTEAD HOSPITAL,100,General Surgery Service,867.6369705200195,0,0.0,867.636972,0.0,0.0
NTX,THE ONE HEALTH GROUP PLC,502,Gynaecology Service,2097.4306640625,0,0.0,2097.43066,0.0,0.0
NVC06,FITZWILLIAM HOSPITAL,100,General Surgery Service,1273.4669036865234,0,0.0,1273.466881,0.0,0.0
NVC06,FITZWILLIAM HOSPITAL,110,Trauma and Orthopaedic Service,5879.671600341797,0,0.0,5879.67159,0.0,0.0
NVC0R,TEES VALLEY HOSPITAL,100,General Surgery Service,1724.207160949707,0,0.0,1724.20718,0.0,0.0
NVC06,FITZWILLIAM HOSPITAL,130,Ophthalmology Service,603.2499580383301,0,0.0,603.249958,0.0,0.0
NVC0I,BEACON PARK HOSPITAL,502,Gynaecology Service,274.2563991546631,0,0.0,274.256398,0.0,0.0
NVC0I,BEACON PARK HOSPITAL,130,Ophthalmology Service,773.5021820068359,0,0.0,773.5021810000001,0.0,0.0
NVC0I,BEACON PARK HOSPITAL,110,Trauma and Orthopaedic Service,1205.9678192138672,0,0.0,1205.967809,0.0,0.0
NVC0I,BEACON PARK HOSPITAL,101,Urology Service,314.15492057800293,0,0.0,314.15492,0.0,0.0
NVC0I,BEACON PARK HOSPITAL,100,General Surgery Service,140.23792266845703,0,0.0,140.2379221,0.0,0.0
NVC09,NEW HALL HOSPITAL,502,Gynaecology Service,252.00071907043457,0,0.0,252.000719,0.0,0.0
NVC09,NEW HALL HOSPITAL,130,Ophthalmology Service,866.7053527832031,0,0.0,866.705354,0.0,0.0
NVC09,NEW HALL HOSPITAL,110,Trauma and Orthopaedic Service,7498.940490722656,0,0.0,7498.94049,0.0,0.0
NVC09,NEW HALL HOSPITAL,101,Urology Service,244.4550437927246,0,0.0,244.455043,0.0,0.0
NVC09,NEW HALL HOSPITAL,100,General Surgery Service,175.25786876678467,0,0.0,175.257868,0.0,0.0
NVC08,MOUNT STUART HOSPITAL,502,Gynaecology Service,901.7528076171875,0,0.0,901.7528090000001,0.0,0.0
NVC08,MOUNT STUART HOSPITAL,160,Plastic Surgery Service,138.68084144592285,0,0.0,138.680841,0.0,0.0
NVC08,MOUNT STUART HOSPITAL,110,Trauma and Orthopaedic Service,2126.0562744140625,0,0.0,2126.05627,0.0,0.0
NVC08,MOUNT STUART HOSPITAL,101,Urology Service,244.38013648986816,0,0.0,244.380134,0.0,0.0
NVC08,MOUNT STUART HOSPITAL,100,General Surgery Service,1274.0018157958984,0,0.0,1274.00182,0.0,0.0
NVC07,FULWOOD HALL HOSPITAL,502,Gynaecology Service,454.6681213378906,0,0.0,454.66812,0.0,0.0
NVC07,FULWOOD HALL HOSPITAL,160,Plastic Surgery Service,86.36249780654907,0,0.0,86.3624979,0.0,0.0
NVC07,FULWOOD HALL HOSPITAL,110,Trauma and Orthopaedic Service,5206.980224609375,0,0.0,5206.98023,0.0,0.0
NVC07,FULWOOD HALL HOSPITAL,101,Urology Service,709.5306549072266,0,0.0,709.530655,0.0,0.0
NVC07,FULWOOD HALL HOSPITAL,100,General Surgery Service,1593.4311447143555,0,0.0,1593.43116,0.0,0.0
NVC06,FITZWILLIAM HOSPITAL,502,Gynaecology Service,543.7065277099609,0,0.0,543.706529,0.0,0.0
Z9Z1G,SPAMEDICA GATESHEAD,130,Ophthalmology Service,4337.058746337891,0,0.0,4337.05874,0.0,0.0
