scenario,trust_code,trust_name,specialty_code,specialty_name,baseline_predicted_backlog,sessions_allocated,simulated_completed_pathways,remaining_backlog,allocation_cost,percent_reduction,solver_status,sessions_used,unused_sessions,baseline_predicted_backlog_national,remaining_backlog_national,simulated_completed_pathways_national
optimistic_p10,O1P6X,SPAMEDICA OLDHAM,130,Ophthalmology Service,2445.6018981933594,96,960.0,1485.60191,86.4,39.25414028788501,Optimal,500,0,6874707.747728985,6869707.747494217,5000.0
optimistic_p10,RXW,THE SHREWSBURY AND TELFORD HOSPITAL NHS TRUST,130,Ophthalmology Service,6230.7435302734375,64,640.0,5590.74353,57.6,10.271647306463816,Optimal,500,0,6874707.747728985,6869707.747494217,5000.0
optimistic_p10,NPG19,SPAMEDICA BEDFORD,130,Ophthalmology Service,989.989990234375,24,240.0,749.9899896,21.6,24.242669357008474,Optimal,500,0,6874707.747728985,6869707.747494217,5000.0
optimistic_p10,NPG11,SPAMEDICA BIRMINGHAM,130,Ophthalmology Service,2311.5423583984375,24,240.0,2071.542358,21.6,10.382678004061543,Optimal,500,0,6874707.747728985,6869707.747494217,5000.0
optimistic_p10,AAV,COMMUNITY HEALTH AND EYECARE LIMITED,130,Ophthalmology Service,36298.380859375,24,240.0,36058.3808,21.6,0.6611865166377353,Optimal,500,0,6874707.747728985,6869707.747494217,5000.0
optimistic_p10,ACG40,NEWMEDICA - WAKEFIELD,130,Ophthalmology Service,1126.4738082885742,17,170.0,956.4738050999999,15.3,15.091340672916052,Optimal,500,0,6874707.747728985,6869707.747494217,5000.0
optimistic_p10,ACG37,NEWMEDICA - IPSWICH,130,Ophthalmology Service,3274.7266845703125,12,120.0,3154.72669,10.8,3.6644279525802803,Optimal,500,0,6874707.747728985,6869707.747494217,5000.0
optimistic_p10,B4N1U,SPAMEDICA ROMFORD,130,Ophthalmology Service,3105.895721435547,12,120.0,2985.89572,10.8,3.8636197336508107,Optimal,500,0,6874707.747728985,6869707.747494217,5000.0
optimistic_p10,ACG22,NEWMEDICA - BRIGG - RIVERSIDE SURGERY,130,Ophthalmology Service,1771.7266540527344,12,120.0,1651.726649,10.8,6.773053830031067,Optimal,500,0,6874707.747728985,6869707.747494217,5000.0
optimistic_p10,NPG01,SPAMEDICA MANCHESTER,130,Ophthalmology Service,1505.3987579345703,12,120.0,1385.3987473,10.8,7.971309885006269,Optimal,500,0,6874707.747728985,6869707.747494217,5000.0
optimistic_p10,NPG07,SPAMEDICA EYE HOSPITAL (WAKEFIELD),130,Ophthalmology Service,2791.897018432617,12,120.0,2671.89703,10.8,4.298152804624882,Optimal,500,0,6874707.747728985,6869707.747494217,5000.0
optimistic_p10,NPG21,SPAMEDICA COVENTRY,130,Ophthalmology Service,1925.2082824707031,12,120.0,1805.20829,10.8,6.233091821420943,Optimal,500,0,6874707.747728985,6869707.747494217,5000.0
optimistic_p10,NPG20,SPAMEDICA WOLVERHAMPTON,130,Ophthalmology Service,3603.8922424316406,12,120.0,3483.89223,10.8,3.32973329743713,Optimal,500,0,6874707.747728985,6869707.747494217,5000.0
optimistic_p10,M7C9Q,SPAMEDICA EPSOM,130,Ophthalmology Service,775.272144317627,12,120.0,655.2721433,10.8,15.478435653794923,Optimal,500,0,6874707.747728985,6869707.747494217,5000.0
optimistic_p10,ACG19,NEWMEDICA COMMUNITY OPHTHALMOLOGY - LEEDS,130,Ophthalmology Service,1433.1297225952148,11,110.0,1323.1297326,9.9,7.675508941423953,Optimal,500,0,6874707.747728985,6869707.747494217,5000.0
optimistic_p10,J7V1N,SPAMEDICA SOLIHULL,130,Ophthalmology Service,1350.2238693237305,11,110.0,1240.2238647,9.9,8.146797171871528,Optimal,500,0,6874707.747728985,6869707.747494217,5000.0
optimistic_p10,NVC20,THE YORKSHIRE CLINIC,130,Ophthalmology Service,1368.8725814819336,11,110.0,1258.8725779,9.9,8.035810015342307,Optimal,500,0,6874707.747728985,6869707.747494217,5000.0
optimistic_p10,NNH05,OPTEGRA (BIRMINGHAM EYE HOSPITAL),130,Ophthalmology Service,1216.4993209838867,10,100.0,1116.4993108,9.0,8.220308739598924,Optimal,500,0,6874707.747728985,6869707.747494217,5000.0
optimistic_p10,NPG02,SPAMEDICA WIRRAL,130,Ophthalmology Service,1256.2194595336914,10,100.0,1156.219455,9.0,7.9603925286366755,Optimal,500,0,6874707.747728985,6869707.747494217,5000.0
optimistic_p10,NT237,"NUFFIELD HEALTH, TEES HOSPITAL",130,Ophthalmology Service,1202.189079284668,10,100.0,1102.1890918,9.0,8.318159075234858,Optimal,500,0,6874707.747728985,6869707.747494217,5000.0
optimistic_p10,NTPH3,PRACTICE PLUS GROUP SURGICAL CENTRE - DEVIZES,130,Ophthalmology Service,867.605842590332,8,80.0,787.6058439,7.2,9.22077700181816,Optimal,500,0,6874707.747728985,6869707.747494217,5000.0
optimistic_p10,NTPH2,PRACTICE PLUS GROUP HOSPITAL - EMERSONS GREEN,130,Ophthalmology Service,1001.3900756835938,8,80.0,921.3900747,7.2,7.988894831555866,Optimal,500,0,6874707.747728985,6869707.747494217,5000.0
optimistic_p10,NTPAD,PRACTICE PLUS GROUP SURGICAL CENTRE - ST MARYS PORTSMOUTH,130,Ophthalmology Service,1015.0156173706055,8,80.0,935.0156183,7.2,7.881652127406643,Optimal,500,0,6874707.747728985,6869707.747494217,5000.0
optimistic_p10,B9J4U,SPAMEDICA PETERBOROUGH,130,Ophthalmology Service,943.9728088378906,8,80.0,863.9728101000001,7.2,8.474820381583521,Optimal,500,0,6874707.747728985,6869707.747494217,5000.0
optimistic_p10,NPG17,SPAMEDICA PRESTON,130,Ophthalmology Service,1017.3719253540039,8,80.0,937.3719267,7.2,7.863397643114957,Optimal,500,0,6874707.747728985,6869707.747494217,5000.0
optimistic_p10,NVC19,RIVERS HOSPITAL,130,Ophthalmology Service,571.5266761779785,8,80.0,491.5266775,7.2,13.997596846220926,Optimal,500,0,6874707.747728985,6869707.747494217,5000.0
optimistic_p10,ACG36,NEWMEDICA - EXETER - GLEN HOUSE,130,Ophthalmology Service,968.7462463378906,8,80.0,888.746247,7.2,8.258096514171852,Optimal,500,0,6874707.747728985,6869707.747494217,5000.0
optimistic_p10,NFH,SOMERSET SURGICAL SERVICES HQ,130,Ophthalmology Service,930.3743667602539,6,60.0,870.3743664,5.4,6.449016884346435,Optimal,500,0,6874707.747728985,6869707.747494217,5000.0
optimistic_p10,NT235,"NUFFIELD HEALTH, SHREWSBURY HOSPITAL",130,Ophthalmology Service,725.5305137634277,6,60.0,665.5305144,5.4,8.269810691871752,Optimal,500,0,6874707.747728985,6869707.747494217,5000.0
optimistic_p10,L9D3Z,SPAMEDICA LEICESTER,130,Ophthalmology Service,716.7922096252441,6,60.0,656.7922086,5.4,8.370626688502853,Optimal,500,0,6874707.747728985,6869707.747494217,5000.0
optimistic_p10,NVC17,ROWLEY HALL HOSPITAL,130,Ophthalmology Service,696.3188896179199,5,50.0,646.3188904,4.5,7.180618068172143,Optimal,500,0,6874707.747728985,6869707.747494217,5000.0
optimistic_p10,D5P5H,SPAMEDICA BEXHILL,130,Ophthalmology Service,656.6959228515625,5,50.0,606.6959226,4.5,7.613873980347803,Optimal,500,0,6874707.747728985,6869707.747494217,5000.0
optimistic_p10,NVC07,FULWOOD HALL HOSPITAL,130,Ophthalmology Service,398.72670555114746,3,30.0,368.7267055,2.7,7.523950511047897,Optimal,500,0,6874707.747728985,6869707.747494217,5000.0
optimistic_p10,M0N7E,SPAMEDICA SITTINGBOURNE,130,Ophthalmology Service,353.54608154296875,2,20.0,333.5460831,1.8,5.656971196714924,Optimal,500,0,6874707.747728985,6869707.747494217,5000.0
optimistic_p10,NT242,"NUFFIELD HEALTH, WOLVERHAMPTON HOSPITAL",130,Ophthalmology Service,397.48556327819824,2,20.0,377.4855619,1.8,5.031629283602961,Optimal,500,0,6874707.747728985,6869707.747494217,5000.0
optimistic_p10,NT417,GORING HALL HOSPITAL,130,Ophthalmology Service,148.8487205505371,1,10.0,138.8487213,0.9,6.718230404005925,Optimal,500,0,6874707.747728985,6869707.747494217,5000.0
optimistic_p10,RJR,COUNTESS OF CHESTER HOSPITAL NHS FOUNDATION TRUST,140,Oral Surgery Service,2117.8800506591797,0,0.0,2117.88006,0.0,0.0,Optimal,500,0,6874707.747728985,6869707.747494217,5000.0
optimistic_p10,RJR,COUNTESS OF CHESTER HOSPITAL NHS FOUNDATION TRUST,130,Ophthalmology Service,1467.1378784179688,0,0.0,1467.13788,0.0,0.0,Optimal,500,0,6874707.747728985,6869707.747494217,5000.0
optimistic_p10,RJR,COUNTESS OF CHESTER HOSPITAL NHS FOUNDATION TRUST,100,General Surgery Service,1892.2063446044922,0,0.0,1892.20633,0.0,0.0,Optimal,500,0,6874707.747728985,6869707.747494217,5000.0
optimistic_p10,RJR,COUNTESS OF CHESTER HOSPITAL NHS FOUNDATION TRUST,120,Ear Nose and Throat Service,2779.6519317626953,0,0.0,2779.65193,0.0,0.0,Optimal,500,0,6874707.747728985,6869707.747494217,5000.0
optimistic_p10,RJR,COUNTESS OF CHESTER HOSPITAL NHS FOUNDATION TRUST,110,Trauma and Orthopaedic Service,5670.832092285156,0,0.0,5670.8321,0.0,0.0,Optimal,500,0,6874707.747728985,6869707.747494217,5000.0
optimistic_p10,RJR,COUNTESS OF CHESTER HOSPITAL NHS FOUNDATION TRUST,101,Urology Service,1129.1299514770508,0,0.0,1129.129952,0.0,0.0,Optimal,500,0,6874707.747728985,6869707.747494217,5000.0
optimistic_p10,RJ2,LEWISHAM AND GREENWICH NHS TRUST,120,Ear Nose and Throat Service,20577.674194335938,0,0.0,20577.6741,0.0,0.0,Optimal,500,0,6874707.747728985,6869707.747494217,5000.0
optimistic_p10,RJ1,GUY'S AND ST THOMAS' NHS FOUNDATION TRUST,120,Ear Nose and Throat Service,11331.063293457031,0,0.0,11331.06329,0.0,0.0,Optimal,500,0,6874707.747728985,6869707.747494217,5000.0
optimistic_p10,RJN,EAST CHESHIRE NHS TRUST,502,Gynaecology Service,2240.8656311035156,0,0.0,2240.86561,0.0,0.0,Optimal,500,0,6874707.747728985,6869707.747494217,5000.0
optimistic_p10,RJN,EAST CHESHIRE NHS TRUST,160,Plastic Surgery Service,38.995211362838745,0,0.0,38.9952113,0.0,0.0,Optimal,500,0,6874707.747728985,6869707.747494217,5000.0
optimistic_p10,RJN,EAST CHESHIRE NHS TRUST,120,Ear Nose and Throat Service,1262.121078491211,0,0.0,1262.121079,0.0,0.0,Optimal,500,0,6874707.747728985,6869707.747494217,5000.0
optimistic_p10,RJN,EAST CHESHIRE NHS TRUST,110,Trauma and Orthopaedic Service,3854.2299194335938,0,0.0,3854.2299199999998,0.0,0.0,Optimal,500,0,6874707.747728985,6869707.747494217,5000.0
optimistic_p10,RJ1,GUY'S AND ST THOMAS' NHS FOUNDATION TRUST,130,Ophthalmology Service,5616.569000244141,0,0.0,5616.5689999999995,0.0,0.0,Optimal,500,0,6874707.747728985,6869707.747494217,5000.0
optimistic_p10,RJN,EAST CHESHIRE NHS TRUST,101,Urology Service,671.936767578125,0,0.0,671.936768,0.0,0.0,Optimal,500,0,6874707.747728985,6869707.747494217,5000.0
optimistic_p10,RJN,EAST CHESHIRE NHS TRUST,100,General Surgery Service,2594.382583618164,0,0.0,2594.38258,0.0,0.0,Optimal,500,0,6874707.747728985,6869707.747494217,5000.0
optimistic_p10,RJL,NORTHERN LINCOLNSHIRE AND GOOLE NHS FOUNDATION TRUST,502,Gynaecology Service,7148.059875488281,0,0.0,7148.05985,0.0,0.0,Optimal,500,0,6874707.747728985,6869707.747494217,5000.0
optimistic_p10,RJN,EAST CHESHIRE NHS TRUST,130,Ophthalmology Service,1708.0853271484375,0,0.0,1708.08533,0.0,0.0,Optimal,500,0,6874707.747728985,6869707.747494217,5000.0
optimistic_p10,RJR,COUNTESS OF CHESTER HOSPITAL NHS FOUNDATION TRUST,502,Gynaecology Service,2864.9646606445312,0,0.0,2864.96467,0.0,0.0,Optimal,500,0,6874707.747728985,6869707.747494217,5000.0
optimistic_p10,RJR,COUNTESS OF CHESTER HOSPITAL NHS FOUNDATION TRUST,160,Plastic Surgery Service,3773.658203125,0,0.0,3773.65819,0.0,0.0,Optimal,500,0,6874707.747728985,6869707.747494217,5000.0
optimistic_p10,RK5,SHERWOOD FOREST HOSPITALS NHS FOUNDATION TRUST,100,General Surgery Service,6437.200836181641,0,0.0,6437.20084,0.0,0.0,Optimal,500,0,6874707.747728985,6869707.747494217,5000.0
optimistic_p10,RHW,ROYAL BERKSHIRE NHS FOUNDATION TRUST,130,Ophthalmology Service,3095.625732421875,0,0.0,3095.62573,0.0,0.0,Optimal,500,0,6874707.747728985,6869707.747494217,5000.0
optimistic_p10,RHW,ROYAL BERKSHIRE NHS FOUNDATION TRUST,140,Oral Surgery Service,303.43458366394043,0,0.0,303.434584,0.0,0.0,Optimal,500,0,6874707.747728985,6869707.747494217,5000.0
optimistic_p10,RHW,ROYAL BERKSHIRE NHS FOUNDATION TRUST,160,Plastic Surgery Service,449.74770736694336,0,0.0,449.747709,0.0,0.0,Optimal,500,0,6874707.747728985,6869707.747494217,5000.0
optimistic_p10,RK5,SHERWOOD FOREST HOSPITALS NHS FOUNDATION TRUST,130,Ophthalmology Service,2566.722198486328,0,0.0,2566.72221,0.0,0.0,Optimal,500,0,6874707.747728985,6869707.747494217,5000.0
optimistic_p10,RHW,ROYAL BERKSHIRE NHS FOUNDATION TRUST,502,Gynaecology Service,1354.1987533569336,0,0.0,1354.19876,0.0,0.0,Optimal,500,0,6874707.747728985,6869707.747494217,5000.0
optimistic_p10,RK5,SHERWOOD FOREST HOSPITALS NHS FOUNDATION TRUST,120,Ear Nose and Throat Service,5208.943145751953,0,0.0,5208.94314,0.0,0.0,Optimal,500,0,6874707.747728985,6869707.747494217,5000.0
optimistic_p10,RK5,SHERWOOD FOREST HOSPITALS NHS FOUNDATION TRUST,110,Trauma and Orthopaedic Service,19742.767700195312,0,0.0,19742.7677,0.0,0.0,Optimal,500,0,6874707.747728985,6869707.747494217,5000.0
optimistic_p10,RJ1,GUY'S AND ST THOMAS' NHS FOUNDATION TRUST,100,General Surgery Service,2765.3067779541016,0,0.0,2765.30678,0.0,0.0,Optimal,500,0,6874707.747728985,6869707.747494217,5000.0
optimistic_p10,RK5,SHERWOOD FOREST HOSPITALS NHS FOUNDATION TRUST,101,Urology Service,2788.1048736572266,0,0.0,2788.10488,0.0,0.0,Optimal,500,0,6874707.747728985,6869707.747494217,5000.0
optimistic_p10,RJ1,GUY'S AND ST THOMAS' NHS FOUNDATION TRUST,101,Urology Service,9161.37060546875,0,0.0,9161.37062,0.0,0.0,Optimal,500,0,6874707.747728985,6869707.747494217,5000.0
optimistic_p10,RJ1,GUY'S AND ST THOMAS' NHS FOUNDATION TRUST,110,Trauma and Orthopaedic Service,17799.08349609375,0,0.0,17799.0835,0.0,0.0,Optimal,500,0,6874707.747728985,6869707.747494217,5000.0
optimistic_p10,RJ1,GUY'S AND ST THOMAS' NHS FOUNDATION TRUST,140,Oral Surgery Service,9173.08447265625,0,0.0,9173.084490000001,0.0,0.0,Optimal,500,0,6874707.747728985,6869707.747494217,5000.0
optimistic_p10,RJZ,KING'S COLLEGE HOSPITAL NHS FOUNDATION TRUST,502,Gynaecology Service,7265.0938720703125,0,0.0,7265.09388,0.0,0.0,Optimal,500,0,6874707.747728985,6869707.747494217,5000.0
optimistic_p10,RJZ,KING'S COLLEGE HOSPITAL NHS FOUNDATION TRUST,170,Cardiothoracic Surgery Service,288.99489402770996,0,0.0,288.994894,0.0,0.0,Optimal,500,0,6874707.747728985,6869707.747494217,5000.0
optimistic_p10,RJZ,KING'S COLLEGE HOSPITAL NHS FOUNDATION TRUST,160,Plastic Surgery Service,90.64848804473877,0,0.0,90.648488,0.0,0.0,Optimal,500,0,6874707.747728985,6869707.747494217,5000.0
optimistic_p10,RJZ,KING'S COLLEGE HOSPITAL NHS FOUNDATION TRUST,150,Neurosurgical Service,6049.5635986328125,0,0.0,6049.5636,0.0,0.0,Optimal,500,0,6874707.747728985,6869707.747494217,5000.0
optimistic_p10,RJZ,KING'S COLLEGE HOSPITAL NHS FOUNDATION TRUST,140,Oral Surgery Service,14748.332641601562,0,0.0,14748.3325,0.0,0.0,Optimal,500,0,6874707.747728985,6869707.747494217,5000.0
optimistic_p10,RJZ,KING'S COLLEGE HOSPITAL NHS FOUNDATION TRUST,130,Ophthalmology Service,54272.4609375,0,0.0,54272.4607,0.0,0.0,Optimal,500,0,6874707.747728985,6869707.747494217,5000.0
optimistic_p10,RJZ,KING'S COLLEGE HOSPITAL NHS FOUNDATION TRUST,120,Ear Nose and Throat Service,574.4360427856445,0,0.0,574.436043,0.0,0.0,Optimal,500,0,6874707.747728985,6869707.747494217,5000.0
optimistic_p10,RJZ,KING'S COLLEGE HOSPITAL NHS FOUNDATION TRUST,110,Trauma and Orthopaedic Service,14217.464477539062,0,0.0,14217.464399999999,0.0,0.0,Optimal,500,0,6874707.747728985,6869707.747494217,5000.0
optimistic_p10,RJZ,KING'S COLLEGE HOSPITAL NHS FOUNDATION TRUST,101,Urology Service,6158.654357910156,0,0.0,6158.65435,0.0,0.0,Optimal,500,0,6874707.747728985,6869707.747494217,5000.0
optimistic_p10,RJZ,KING'S COLLEGE HOSPITAL NHS FOUNDATION TRUST,100,General Surgery Service,14281.598876953125,0,0.0,14281.5988,0.0,0.0,Optimal,500,0,6874707.747728985,6869707.747494217,5000.0
optimistic_p10,RJL,NORTHERN LINCOLNSHIRE AND GOOLE NHS FOUNDATION TRUST,140,Oral Surgery Service,2592.4815521240234,0,0.0,2592.48157,0.0,0.0,Optimal,500,0,6874707.747728985,6869707.747494217,5000.0
optimistic_p10,RJ1,GUY'S AND ST THOMAS' NHS FOUNDATION TRUST,170,Cardiothoracic Surgery Service,185.56475257873535,0,0.0,185.564752,0.0,0.0,Optimal,500,0,6874707.747728985,6869707.747494217,5000.0
optimistic_p10,RJL,NORTHERN LINCOLNSHIRE AND GOOLE NHS FOUNDATION TRUST,130,Ophthalmology Service,3907.8328857421875,0,0.0,3907.8329,0.0,0.0,Optimal,500,0,6874707.747728985,6869707.747494217,5000.0
optimistic_p10,RJ1,GUY'S AND ST THOMAS' NHS FOUNDATION TRUST,160,Plastic Surgery Service,16143.40771484375,0,0.0,16143.4076,0.0,0.0,Optimal,500,0,6874707.747728985,6869707.747494217,5000.0
optimistic_p10,RJ7,ST GEORGE'S UNIVERSITY HOSPITALS NHS FOUNDATION TRUST,170,Cardiothoracic Surgery Service,448.48023986816406,0,0.0,448.48024,0.0,0.0,Optimal,500,0,6874707.747728985,6869707.747494217,5000.0
optimistic_p10,RJ7,ST GEORGE'S UNIVERSITY HOSPITALS NHS FOUNDATION TRUST,160,Plastic Surgery Service,5917.281524658203,0,0.0,5917.28153,0.0,0.0,Optimal,500,0,6874707.747728985,6869707.747494217,5000.0
optimistic_p10,RJ7,ST GEORGE'S UNIVERSITY HOSPITALS NHS FOUNDATION TRUST,150,Neurosurgical Service,3175.1895599365234,0,0.0,3175.18957,0.0,0.0,Optimal,500,0,6874707.747728985,6869707.747494217,5000.0
optimistic_p10,RJ7,ST GEORGE'S UNIVERSITY HOSPITALS NHS FOUNDATION TRUST,140,Oral Surgery Service,3206.1717681884766,0,0.0,3206.17176,0.0,0.0,Optimal,500,0,6874707.747728985,6869707.747494217,5000.0
optimistic_p10,RJ7,ST GEORGE'S UNIVERSITY HOSPITALS NHS FOUNDATION TRUST,130,Ophthalmology Service,149.10377407073975,0,0.0,149.103774,0.0,0.0,Optimal,500,0,6874707.747728985,6869707.747494217,5000.0
optimistic_p10,RJ7,ST GEORGE'S UNIVERSITY HOSPITALS NHS FOUNDATION TRUST,120,Ear Nose and Throat Service,6728.126159667969,0,0.0,6728.12618,0.0,0.0,Optimal,500,0,6874707.747728985,6869707.747494217,5000.0
optimistic_p10,RJ7,ST GEORGE'S UNIVERSITY HOSPITALS NHS FOUNDATION TRUST,110,Trauma and Orthopaedic Service,4432.7928466796875,0,0.0,4432.79285,0.0,0.0,Optimal,500,0,6874707.747728985,6869707.747494217,5000.0
optimistic_p10,RJ7,ST GEORGE'S UNIVERSITY HOSPITALS NHS FOUNDATION TRUST,101,Urology Service,5078.1658935546875,0,0.0,5078.1659,0.0,0.0,Optimal,500,0,6874707.747728985,6869707.747494217,5000.0
optimistic_p10,RJ2,LEWISHAM AND GREENWICH NHS TRUST,100,General Surgery Service,13761.362915039062,0,0.0,13761.363,0.0,0.0,Optimal,500,0,6874707.747728985,6869707.747494217,5000.0
optimistic_p10,RJ7,ST GEORGE'S UNIVERSITY HOSPITALS NHS FOUNDATION TRUST,100,General Surgery Service,3266.290771484375,0,0.0,3266.29079,0.0,0.0,Optimal,500,0,6874707.747728985,6869707.747494217,5000.0
optimistic_p10,RJ2,LEWISHAM AND GREENWICH NHS TRUST,101,Urology Service,2944.839126586914,0,0.0,2944.83913,0.0,0.0,Optimal,500,0,6874707.747728985,6869707.747494217,5000.0
optimistic_p10,RJ6,CROYDON HEALTH SERVICES NHS TRUST,502,Gynaecology Service,2985.4781494140625,0,0.0,2985.47815,0.0,0.0,Optimal,500,0,6874707.747728985,6869707.747494217,5000.0
optimistic_p10,RJ6,CROYDON HEALTH SERVICES NHS TRUST,160,Plastic Surgery Service,43.23956871032715,0,0.0,43.2395685,0.0,0.0,Optimal,500,0,6874707.747728985,6869707.747494217,5000.0
optimistic_p10,RJ2,LEWISHAM AND GREENWICH NHS TRUST,110,Trauma and Orthopaedic Service,17167.111206054688,0,0.0,17167.1111,0.0,0.0,Optimal,500,0,6874707.747728985,6869707.747494217,5000.0
optimistic_p10,RJ6,CROYDON HEALTH SERVICES NHS TRUST,140,Oral Surgery Service,3290.3365783691406,0,0.0,3290.33658,0.0,0.0,Optimal,500,0,6874707.747728985,6869707.747494217,5000.0
optimistic_p10,RJ6,CROYDON HEALTH SERVICES NHS TRUST,120,Ear Nose and Throat Service,1843.697250366211,0,0.0,1843.69723,0.0,0.0,Optimal,500,0,6874707.747728985,6869707.747494217,5000.0
optimistic_p10,RJ6,CROYDON HEALTH SERVICES NHS TRUST,110,Trauma and Orthopaedic Service,8115.3447265625,0,0.0,8115.34473,0.0,0.0,Optimal,500,0,6874707.747728985,6869707.747494217,5000.0
optimistic_p10,RJ6,CROYDON HEALTH SERVICES NHS TRUST,101,Urology Service,1541.5252227783203,0,0.0,1541.52522,0.0,0.0,Optimal,500,0,6874707.747728985,6869707.747494217,5000.0
optimistic_p10,RJ6,CROYDON HEALTH SERVICES NHS TRUST,100,General Surgery Service,5679.0169677734375,0,0.0,5679.01696,0.0,0.0,Optimal,500,0,6874707.747728985,6869707.747494217,5000.0
optimistic_p10,RJ2,LEWISHAM AND GREENWICH NHS TRUST,502,Gynaecology Service,5238.169006347656,0,0.0,5238.16902,0.0,0.0,Optimal,500,0,6874707.747728985,6869707.747494217,5000.0
optimistic_p10,RJ2,LEWISHAM AND GREENWICH NHS TRUST,160,Plastic Surgery Service,22.89877486228943,0,0.0,22.8987749,0.0,0.0,Optimal,500,0,6874707.747728985,6869707.747494217,5000.0
optimistic_p10,RJ7,ST GEORGE'S UNIVERSITY HOSPITALS NHS FOUNDATION TRUST,502,Gynaecology Service,4698.053466796875,0,0.0,4698.05346,0.0,0.0,Optimal,500,0,6874707.747728985,6869707.747494217,5000.0
optimistic_p10,RJC,SOUTH WARWICKSHIRE UNIVERSITY NHS FOUNDATION TRUST,100,General Surgery Service,2127.150177001953,0,0.0,2127.15017,0.0,0.0,Optimal,500,0,6874707.747728985,6869707.747494217,5000.0
optimistic_p10,RJC,SOUTH WARWICKSHIRE UNIVERSITY NHS FOUNDATION TRUST,101,Urology Service,2938.4711303710938,0,0.0,2938.47112,0.0,0.0,Optimal,500,0,6874707.747728985,6869707.747494217,5000.0
optimistic_p10,RJE,UNIVERSITY HOSPITALS OF NORTH MIDLANDS NHS TRUST,130,Ophthalmology Service,12926.390014648438,0,0.0,12926.39,0.0,0.0,Optimal,500,0,6874707.747728985,6869707.747494217,5000.0
optimistic_p10,RJL,NORTHERN LINCOLNSHIRE AND GOOLE NHS FOUNDATION TRUST,120,Ear Nose and Throat Service,5943.832427978516,0,0.0,5943.83243,0.0,0.0,Optimal,500,0,6874707.747728985,6869707.747494217,5000.0
optimistic_p10,RJL,NORTHERN LINCOLNSHIRE AND GOOLE NHS FOUNDATION TRUST,110,Trauma and Orthopaedic Service,11707.281005859375,0,0.0,11707.28098,0.0,0.0,Optimal,500,0,6874707.747728985,6869707.747494217,5000.0
optimistic_p10,RJL,NORTHERN LINCOLNSHIRE AND GOOLE NHS FOUNDATION TRUST,101,Urology Service,4258.400451660156,0,0.0,4258.40045,0.0,0.0,Optimal,500,0,6874707.747728985,6869707.747494217,5000.0
optimistic_p10,RJL,NORTHERN LINCOLNSHIRE AND GOOLE NHS FOUNDATION TRUST,100,General Surgery Service,9611.733215332031,0,0.0,9611.73322,0.0,0.0,Optimal,500,0,6874707.747728985,6869707.747494217,5000.0
optimistic_p10,RJE,UNIVERSITY HOSPITALS OF NORTH MIDLANDS NHS TRUST,502,Gynaecology Service,9520.683532714844,0,0.0,9520.68352,0.0,0.0,Optimal,500,0,6874707.747728985,6869707.747494217,5000.0
optimistic_p10,RJE,UNIVERSITY HOSPITALS OF NORTH MIDLANDS NHS TRUST,170,Cardiothoracic Surgery Service,704.7216110229492,0,0.0,704.721611,0.0,0.0,Optimal,500,0,6874707.747728985,6869707.747494217,5000.0
optimistic_p10,RJE,UNIVERSITY HOSPITALS OF NORTH MIDLANDS NHS TRUST,160,Plastic Surgery Service,3983.9878845214844,0,0.0,3983.98787,0.0,0.0,Optimal,500,0,6874707.747728985,6869707.747494217,5000.0
optimistic_p10,RJE,UNIVERSITY HOSPITALS OF NORTH MIDLANDS NHS TRUST,150,Neurosurgical Service,591.2230834960938,0,0.0,591.223083,0.0,0.0,Optimal,500,0,6874707.747728985,6869707.747494217,5000.0
optimistic_p10,RJE,UNIVERSITY HOSPITALS OF NORTH MIDLANDS NHS TRUST,140,Oral Surgery Service,11755.04638671875,0,0.0,11755.04632,0.0,0.0,Optimal,500,0,6874707.747728985,6869707.747494217,5000.0
optimistic_p10,RJE,UNIVERSITY HOSPITALS OF NORTH MIDLANDS NHS TRUST,120,Ear Nose and Throat Service,9281.189270019531,0,0.0,9281.18927,0.0,0.0,Optimal,500,0,6874707.747728985,6869707.747494217,5000.0
optimistic_p10,RJ1,GUY'S AND ST THOMAS' NHS FOUNDATION TRUST,502,Gynaecology Service,5354.305328369141,0,0.0,5354.30536,0.0,0.0,Optimal,500,0,6874707.747728985,6869707.747494217,5000.0
optimistic_p10,RK5,SHERWOOD FOREST HOSPITALS NHS FOUNDATION TRUST,140,Oral Surgery Service,2162.865768432617,0,0.0,2162.86576,0.0,0.0,Optimal,500,0,6874707.747728985,6869707.747494217,5000.0
optimistic_p10,RJE,UNIVERSITY HOSPITALS OF NORTH MIDLANDS NHS TRUST,101,Urology Service,5267.574798583984,0,0.0,5267.57479,0.0,0.0,Optimal,500,0,6874707.747728985,6869707.747494217,5000.0
optimistic_p10,RJE,UNIVERSITY HOSPITALS OF NORTH MIDLANDS NHS TRUST,100,General Surgery Service,19930.268432617188,0,0.0,19930.2684,0.0,0.0,Optimal,500,0,6874707.747728985,6869707.747494217,5000.0
optimistic_p10,RJC,SOUTH WARWICKSHIRE UNIVERSITY NHS FOUNDATION TRUST,502,Gynaecology Service,2505.58837890625,0,0.0,2505.58838,0.0,0.0,Optimal,500,0,6874707.747728985,6869707.747494217,5000.0
optimistic_p10,RJC,SOUTH WARWICKSHIRE UNIVERSITY NHS FOUNDATION TRUST,160,Plastic Surgery Service,1571.0522689819336,0,0.0,1571.05227,0.0,0.0,Optimal,500,0,6874707.747728985,6869707.747494217,5000.0
optimistic_p10,RJC,SOUTH WARWICKSHIRE UNIVERSITY NHS FOUNDATION TRUST,140,Oral Surgery Service,437.7075653076172,0,0.0,437.707566,0.0,0.0,Optimal,500,0,6874707.747728985,6869707.747494217,5000.0
optimistic_p10,RJC,SOUTH WARWICKSHIRE UNIVERSITY NHS FOUNDATION TRUST,130,Ophthalmology Service,4254.151458740234,0,0.0,4254.15147,0.0,0.0,Optimal,500,0,6874707.747728985,6869707.747494217,5000.0
optimistic_p10,RJC,SOUTH WARWICKSHIRE UNIVERSITY NHS FOUNDATION TRUST,120,Ear Nose and Throat Service,4416.908172607422,0,0.0,4416.90816,0.0,0.0,Optimal,500,0,6874707.747728985,6869707.747494217,5000.0
optimistic_p10,RJC,SOUTH WARWICKSHIRE UNIVERSITY NHS FOUNDATION TRUST,110,Trauma and Orthopaedic Service,11846.970458984375,0,0.0,11846.97051,0.0,0.0,Optimal,500,0,6874707.747728985,6869707.747494217,5000.0
optimistic_p10,RJE,UNIVERSITY HOSPITALS OF NORTH MIDLANDS NHS TRUST,110,Trauma and Orthopaedic Service,22131.76220703125,0,0.0,22131.7621,0.0,0.0,Optimal,500,0,6874707.747728985,6869707.747494217,5000.0
optimistic_p10,A0C5S,SPAMEDICA GLOUCESTER,130,Ophthalmology Service,389.38932609558105,0,0.0,389.389325,0.0,0.0,Optimal,500,0,6874707.747728985,6869707.747494217,5000.0
optimistic_p10,RK5,SHERWOOD FOREST HOSPITALS NHS FOUNDATION TRUST,160,Plastic Surgery Service,744.592357635498,0,0.0,744.592358,0.0,0.0,Optimal,500,0,6874707.747728985,6869707.747494217,5000.0
optimistic_p10,RM3,NORTHERN CARE ALLIANCE NHS FOUNDATION TRUST,101,Urology Service,11942.792541503906,0,0.0,11942.79258,0.0,0.0,Optimal,500,0,6874707.747728985,6869707.747494217,5000.0
optimistic_p10,RMC,BOLTON NHS FOUNDATION TRUST,110,Trauma and Orthopaedic Service,7015.953430175781,0,0.0,7015.95345,0.0,0.0,Optimal,500,0,6874707.747728985,6869707.747494217,5000.0
optimistic_p10,RMC,BOLTON NHS FOUNDATION TRUST,101,Urology Service,4395.120178222656,0,0.0,4395.12017,0.0,0.0,Optimal,500,0,6874707.747728985,6869707.747494217,5000.0
optimistic_p10,RMC,BOLTON NHS FOUNDATION TRUST,100,General Surgery Service,8552.017639160156,0,0.0,8552.01765,0.0,0.0,Optimal,500,0,6874707.747728985,6869707.747494217,5000.0
optimistic_p10,RM3,NORTHERN CARE ALLIANCE NHS FOUNDATION TRUST,502,Gynaecology Service,22259.003540039062,0,0.0,22259.0034,0.0,0.0,Optimal,500,0,6874707.747728985,6869707.747494217,5000.0
optimistic_p10,RM3,NORTHERN CARE ALLIANCE NHS FOUNDATION TRUST,160,Plastic Surgery Service,4890.841705322266,0,0.0,4890.84169,0.0,0.0,Optimal,500,0,6874707.747728985,6869707.747494217,5000.0
optimistic_p10,RM3,NORTHERN CARE ALLIANCE NHS FOUNDATION TRUST,150,Neurosurgical Service,10949.727600097656,0,0.0,10949.72755,0.0,0.0,Optimal,500,0,6874707.747728985,6869707.747494217,5000.0
optimistic_p10,RM3,NORTHERN CARE ALLIANCE NHS FOUNDATION TRUST,140,Oral Surgery Service,702.3998222351074,0,0.0,702.399822,0.0,0.0,Optimal,500,0,6874707.747728985,6869707.747494217,5000.0
optimistic_p10,RM3,NORTHERN CARE ALLIANCE NHS FOUNDATION TRUST,130,Ophthalmology Service,7259.1800537109375,0,0.0,7259.180060000001,0.0,0.0,Optimal,500,0,6874707.747728985,6869707.747494217,5000.0
optimistic_p10,RM3,NORTHERN CARE ALLIANCE NHS FOUNDATION TRUST,120,Ear Nose and Throat Service,13323.998046875,0,0.0,13323.9981,0.0,0.0,Optimal,500,0,6874707.747728985,6869707.747494217,5000.0
optimistic_p10,RM3,NORTHERN CARE ALLIANCE NHS FOUNDATION TRUST,110,Trauma and Orthopaedic Service,43430.281982421875,0,0.0,43430.2819,0.0,0.0,Optimal,500,0,6874707.747728985,6869707.747494217,5000.0
optimistic_p10,RM3,NORTHERN CARE ALLIANCE NHS FOUNDATION TRUST,100,General Surgery Service,16497.954223632812,0,0.0,16497.9543,0.0,0.0,Optimal,500,0,6874707.747728985,6869707.747494217,5000.0
optimistic_p10,RMC,BOLTON NHS FOUNDATION TRUST,130,Ophthalmology Service,5337.337677001953,0,0.0,5337.33768,0.0,0.0,Optimal,500,0,6874707.747728985,6869707.747494217,5000.0
optimistic_p10,RM1,NORFOLK AND NORWICH UNIVERSITY HOSPITALS NHS FOUNDATION TRUST,502,Gynaecology Service,8719.299072265625,0,0.0,8719.29909,0.0,0.0,Optimal,500,0,6874707.747728985,6869707.747494217,5000.0
optimistic_p10,RM1,NORFOLK AND NORWICH UNIVERSITY HOSPITALS NHS FOUNDATION TRUST,160,Plastic Surgery Service,3801.6697387695312,0,0.0,3801.66973,0.0,0.0,Optimal,500,0,6874707.747728985,6869707.747494217,5000.0
optimistic_p10,RM1,NORFOLK AND NORWICH UNIVERSITY HOSPITALS NHS FOUNDATION TRUST,140,Oral Surgery Service,4735.908538818359,0,0.0,4735.90854,0.0,0.0,Optimal,500,0,6874707.747728985,6869707.747494217,5000.0
optimistic_p10,RM1,NORFOLK AND NORWICH UNIVERSITY HOSPITALS NHS FOUNDATION TRUST,130,Ophthalmology Service,6486.649108886719,0,0.0,6486.64911,0.0,0.0,Optimal,500,0,6874707.747728985,6869707.747494217,5000.0
optimistic_p10,RM1,NORFOLK AND NORWICH UNIVERSITY HOSPITALS NHS FOUNDATION TRUST,120,Ear Nose and Throat Service,9998.066772460938,0,0.0,9998.06674,0.0,0.0,Optimal,500,0,6874707.747728985,6869707.747494217,5000.0
optimistic_p10,RM1,NORFOLK AND NORWICH UNIVERSITY HOSPITALS NHS FOUNDATION TRUST,110,Trauma and Orthopaedic Service,29828.522705078125,0,0.0,29828.5226,0.0,0.0,Optimal,500,0,6874707.747728985,6869707.747494217,5000.0
optimistic_p10,RM1,NORFOLK AND NORWICH UNIVERSITY HOSPITALS NHS FOUNDATION TRUST,101,Urology Service,8183.479187011719,0,0.0,8183.47918,0.0,0.0,Optimal,500,0,6874707.747728985,6869707.747494217,5000.0
optimistic_p10,RM1,NORFOLK AND NORWICH UNIVERSITY HOSPITALS NHS FOUNDATION TRUST,100,General Surgery Service,9341.011840820312,0,0.0,9341.01186,0.0,0.0,Optimal,500,0,6874707.747728985,6869707.747494217,5000.0
optimistic_p10,RLT,GEORGE ELIOT HOSPITAL NHS TRUST,502,Gynaecology Service,710.7534370422363,0,0.0,710.753436,0.0,0.0,Optimal,500,0,6874707.747728985,6869707.747494217,5000.0
optimistic_p10,RLT,GEORGE ELIOT HOSPITAL NHS TRUST,160,Plastic Surgery Service,510.03783798217773,0,0.0,510.03783699999997,0.0,0.0,Optimal,500,0,6874707.747728985,6869707.747494217,5000.0
optimistic_p10,RMC,BOLTON NHS FOUNDATION TRUST,120,Ear Nose and Throat Service,6896.930603027344,0,0.0,6896.930609999999,0.0,0.0,Optimal,500,0,6874707.747728985,6869707.747494217,5000.0
optimistic_p10,RMC,BOLTON NHS FOUNDATION TRUST,140,Oral Surgery Service,2065.4657135009766,0,0.0,2065.46573,0.0,0.0,Optimal,500,0,6874707.747728985,6869707.747494217,5000.0
optimistic_p10,RLT,GEORGE ELIOT HOSPITAL NHS TRUST,130,Ophthalmology Service,725.6388511657715,0,0.0,725.638853,0.0,0.0,Optimal,500,0,6874707.747728985,6869707.747494217,5000.0
optimistic_p10,RN3,GREAT WESTERN HOSPITALS NHS FOUNDATION TRUST,130,Ophthalmology Service,5093.300811767578,0,0.0,5093.30081,0.0,0.0,Optimal,500,0,6874707.747728985,6869707.747494217,5000.0
optimistic_p10,RN5,HAMPSHIRE HOSPITALS NHS FOUNDATION TRUST,170,Cardiothoracic Surgery Service,8.124997537583113,0,0.0,8.124997577,0.0,0.0,Optimal,500,0,6874707.747728985,6869707.747494217,5000.0
optimistic_p10,RN5,HAMPSHIRE HOSPITALS NHS FOUNDATION TRUST,140,Oral Surgery Service,1914.6956939697266,0,0.0,1914.69571,0.0,0.0,Optimal,500,0,6874707.747728985,6869707.747494217,5000.0
optimistic_p10,RN5,HAMPSHIRE HOSPITALS NHS FOUNDATION TRUST,130,Ophthalmology Service,6432.9161376953125,0,0.0,6432.91614,0.0,0.0,Optimal,500,0,6874707.747728985,6869707.747494217,5000.0
optimistic_p10,RN5,HAMPSHIRE HOSPITALS NHS FOUNDATION TRUST,120,Ear Nose and Throat Service,6443.376403808594,0,0.0,6443.37641,0.0,0.0,Optimal,500,0,6874707.747728985,6869707.747494217,5000.0
optimistic_p10,RN5,HAMPSHIRE HOSPITALS NHS FOUNDATION TRUST,110,Trauma and Orthopaedic Service,29700.23828125,0,0.0,29700.2381,0.0,0.0,Optimal,500,0,6874707.747728985,6869707.747494217,5000.0
optimistic_p10,RN5,HAMPSHIRE HOSPITALS NHS FOUNDATION TRUST,101,Urology Service,4193.661041259766,0,0.0,4193.66105,0.0,0.0,Optimal,500,0,6874707.747728985,6869707.747494217,5000.0
optimistic_p10,RN5,HAMPSHIRE HOSPITALS NHS FOUNDATION TRUST,100,General Surgery Service,5831.312225341797,0,0.0,5831.31221,0.0,0.0,Optimal,500,0,6874707.747728985,6869707.747494217,5000.0
optimistic_p10,RN3,GREAT WESTERN HOSPITALS NHS FOUNDATION TRUST,502,Gynaecology Service,3948.942352294922,0,0.0,3948.94234,0.0,0.0,Optimal,500,0,6874707.747728985,6869707.747494217,5000.0
optimistic_p10,RN3,GREAT WESTERN HOSPITALS NHS FOUNDATION TRUST,160,Plastic Surgery Service,371.0536003112793,0,0.0,371.053601,0.0,0.0,Optimal,500,0,6874707.747728985,6869707.747494217,5000.0
optimistic_p10,RN3,GREAT WESTERN HOSPITALS NHS FOUNDATION TRUST,140,Oral Surgery Service,1752.1900939941406,0,0.0,1752.19009,0.0,0.0,Optimal,500,0,6874707.747728985,6869707.747494217,5000.0
optimistic_p10,RN3,GREAT WESTERN HOSPITALS NHS FOUNDATION TRUST,120,Ear Nose and Throat Service,5014.374450683594,0,0.0,5014.37446,0.0,0.0,Optimal,500,0,6874707.747728985,6869707.747494217,5000.0
optimistic_p10,RMC,BOLTON NHS FOUNDATION TRUST,160,Plastic Surgery Service,1950.2706909179688,0,0.0,1950.27068,0.0,0.0,Optimal,500,0,6874707.747728985,6869707.747494217,5000.0
optimistic_p10,RN3,GREAT WESTERN HOSPITALS NHS FOUNDATION TRUST,110,Trauma and Orthopaedic Service,14331.635131835938,0,0.0,14331.6351,0.0,0.0,Optimal,500,0,6874707.747728985,6869707.747494217,5000.0
optimistic_p10,RN3,GREAT WESTERN HOSPITALS NHS FOUNDATION TRUST,101,Urology Service,4416.9072265625,0,0.0,4416.90722,0.0,0.0,Optimal,500,0,6874707.747728985,6869707.747494217,5000.0
optimistic_p10,RN3,GREAT WESTERN HOSPITALS NHS FOUNDATION TRUST,100,General Surgery Service,7815.787170410156,0,0.0,7815.78718,0.0,0.0,Optimal,500,0,6874707.747728985,6869707.747494217,5000.0
optimistic_p10,RMP,TAMESIDE AND GLOSSOP INTEGRATED CARE NHS FOUNDATION TRUST,502,Gynaecology Service,4589.073547363281,0,0.0,4589.07354,0.0,0.0,Optimal,500,0,6874707.747728985,6869707.747494217,5000.0
optimistic_p10,RMP,TAMESIDE AND GLOSSOP INTEGRATED CARE NHS FOUNDATION TRUST,140,Oral Surgery Service,2901.168914794922,0,0.0,2901.16892,0.0,0.0,Optimal,500,0,6874707.747728985,6869707.747494217,5000.0
optimistic_p10,RMP,TAMESIDE AND GLOSSOP INTEGRATED CARE NHS FOUNDATION TRUST,120,Ear Nose and Throat Service,2243.6219177246094,0,0.0,2243.62192,0.0,0.0,Optimal,500,0,6874707.747728985,6869707.747494217,5000.0
optimistic_p10,RMP,TAMESIDE AND GLOSSOP INTEGRATED CARE NHS FOUNDATION TRUST,110,Trauma and Orthopaedic Service,15004.399658203125,0,0.0,15004.3997,0.0,0.0,Optimal,500,0,6874707.747728985,6869707.747494217,5000.0
optimistic_p10,RMP,TAMESIDE AND GLOSSOP INTEGRATED CARE NHS FOUNDATION TRUST,101,Urology Service,320.4095516204834,0,0.0,320.409552,0.0,0.0,Optimal,500,0,6874707.747728985,6869707.747494217,5000.0
optimistic_p10,RMP,TAMESIDE AND GLOSSOP INTEGRATED CARE NHS FOUNDATION TRUST,100,General Surgery Service,4865.291046142578,0,0.0,4865.29103,0.0,0.0,Optimal,500,0,6874707.747728985,6869707.747494217,5000.0
optimistic_p10,RMC,BOLTON NHS FOUNDATION TRUST,502,Gynaecology Service,2819.603713989258,0,0.0,2819.6037,0.0,0.0,Optimal,500,0,6874707.747728985,6869707.747494217,5000.0
optimistic_p10,RLT,GEORGE ELIOT HOSPITAL NHS TRUST,140,Oral Surgery Service,440.3075294494629,0,0.0,440.307528,0.0,0.0,Optimal,500,0,6874707.747728985,6869707.747494217,5000.0
optimistic_p10,RLT,GEORGE ELIOT HOSPITAL NHS TRUST,120,Ear Nose and Throat Service,550.6523857116699,0,0.0,550.652383,0.0,0.0,Optimal,500,0,6874707.747728985,6869707.747494217,5000.0
optimistic_p10,RK5,SHERWOOD FOREST HOSPITALS NHS FOUNDATION TRUST,502,Gynaecology Service,5865.3494873046875,0,0.0,5865.34948,0.0,0.0,Optimal,500,0,6874707.747728985,6869707.747494217,5000.0
optimistic_p10,RKB,UNIVERSITY HOSPITALS COVENTRY AND WARWICKSHIRE NHS TRUST,101,Urology Service,3181.669219970703,0,0.0,3181.66923,0.0,0.0,Optimal,500,0,6874707.747728985,6869707.747494217,5000.0
optimistic_p10,RKE,WHITTINGTON HEALTH NHS TRUST,101,Urology Service,1841.4134063720703,0,0.0,1841.41339,0.0,0.0,Optimal,500,0,6874707.747728985,6869707.747494217,5000.0
optimistic_p10,RKE,WHITTINGTON HEALTH NHS TRUST,100,General Surgery Service,9287.796997070312,0,0.0,9287.79699,0.0,0.0,Optimal,500,0,6874707.747728985,6869707.747494217,5000.0
optimistic_p10,RKB,UNIVERSITY HOSPITALS COVENTRY AND WARWICKSHIRE NHS TRUST,502,Gynaecology Service,3661.9098510742188,0,0.0,3661.90984,0.0,0.0,Optimal,500,0,6874707.747728985,6869707.747494217,5000.0
optimistic_p10,RKB,UNIVERSITY HOSPITALS COVENTRY AND WARWICKSHIRE NHS TRUST,170,Cardiothoracic Surgery Service,872.3735275268555,0,0.0,872.373527,0.0,0.0,Optimal,500,0,6874707.747728985,6869707.747494217,5000.0
optimistic_p10,RKB,UNIVERSITY HOSPITALS COVENTRY AND WARWICKSHIRE NHS TRUST,160,Plastic Surgery Service,2157.372848510742,0,0.0,2157.37284,0.0,0.0,Optimal,500,0,6874707.747728985,6869707.747494217,5000.0
optimistic_p10,RKB,UNIVERSITY HOSPITALS COVENTRY AND WARWICKSHIRE NHS TRUST,150,Neurosurgical Service,4326.339447021484,0,0.0,4326.33944,0.0,0.0,Optimal,500,0,6874707.747728985,6869707.747494217,5000.0
optimistic_p10,RKB,UNIVERSITY HOSPITALS COVENTRY AND WARWICKSHIRE NHS TRUST,140,Oral Surgery Service,6536.782470703125,0,0.0,6536.78247,0.0,0.0,Optimal,500,0,6874707.747728985,6869707.747494217,5000.0
optimistic_p10,RKB,UNIVERSITY HOSPITALS COVENTRY AND WARWICKSHIRE NHS TRUST,130,Ophthalmology Service,6714.19873046875,0,0.0,6714.19874,0.0,0.0,Optimal,500,0,6874707.747728985,6869707.747494217,5000.0
optimistic_p10,RKB,UNIVERSITY HOSPITALS COVENTRY AND WARWICKSHIRE NHS TRUST,120,Ear Nose and Throat Service,9682.949768066406,0,0.0,9682.94976,0.0,0.0,Optimal,500,0,6874707.747728985,6869707.747494217,5000.0
optimistic_p10,RKB,UNIVERSITY HOSPITALS COVENTRY AND WARWICKSHIRE NHS TRUST,110,Trauma and Orthopaedic Service,12877.823486328125,0,0.0,12877.8236,0.0,0.0,Optimal,500,0,6874707.747728985,6869707.747494217,5000.0
optimistic_p10,RKB,UNIVERSITY HOSPITALS COVENTRY AND WARWICKSHIRE NHS TRUST,100,General Surgery Service,4401.172790527344,0,0.0,4401.17278,0.0,0.0,Optimal,500,0,6874707.747728985,6869707.747494217,5000.0
optimistic_p10,RKE,WHITTINGTON HEALTH NHS TRUST,120,Ear Nose and Throat Service,188.67111110687256,0,0.0,188.6711108,0.0,0.0,Optimal,500,0,6874707.747728985,6869707.747494217,5000.0
optimistic_p10,RK9,UNIVERSITY HOSPITALS PLYMOUTH NHS TRUST,502,Gynaecology Service,5595.67041015625,0,0.0,5595.67041,0.0,0.0,Optimal,500,0,6874707.747728985,6869707.747494217,5000.0
optimistic_p10,RK9,UNIVERSITY HOSPITALS PLYMOUTH NHS TRUST,170,Cardiothoracic Surgery Service,1960.3209838867188,0,0.0,1960.32099,0.0,0.0,Optimal,500,0,6874707.747728985,6869707.747494217,5000.0
optimistic_p10,RK9,UNIVERSITY HOSPITALS PLYMOUTH NHS TRUST,160,Plastic Surgery Service,5975.854705810547,0,0.0,5975.85469,0.0,0.0,Optimal,500,0,6874707.747728985,6869707.747494217,5000.0
optimistic_p10,RK9,UNIVERSITY HOSPITALS PLYMOUTH NHS TRUST,150,Neurosurgical Service,2726.9471588134766,0,0.0,2726.94717,0.0,0.0,Optimal,500,0,6874707.747728985,6869707.747494217,5000.0
optimistic_p10,RHW,ROYAL BERKSHIRE NHS FOUNDATION TRUST,110,Trauma and Orthopaedic Service,6374.171356201172,0,0.0,6374.1713500000005,0.0,0.0,Optimal,500,0,6874707.747728985,6869707.747494217,5000.0
optimistic_p10,RK9,UNIVERSITY HOSPITALS PLYMOUTH NHS TRUST,130,Ophthalmology Service,9362.672058105469,0,0.0,9362.67206,0.0,0.0,Optimal,500,0,6874707.747728985,6869707.747494217,5000.0
optimistic_p10,RK9,UNIVERSITY HOSPITALS PLYMOUTH NHS TRUST,120,Ear Nose and Throat Service,6961.492370605469,0,0.0,6961.49237,0.0,0.0,Optimal,500,0,6874707.747728985,6869707.747494217,5000.0
optimistic_p10,RK9,UNIVERSITY HOSPITALS PLYMOUTH NHS TRUST,110,Trauma and Orthopaedic Service,13723.105102539062,0,0.0,13723.1051,0.0,0.0,Optimal,500,0,6874707.747728985,6869707.747494217,5000.0
optimistic_p10,RK9,UNIVERSITY HOSPITALS PLYMOUTH NHS TRUST,101,Urology Service,4756.869964599609,0,0.0,4756.8699799999995,0.0,0.0,Optimal,500,0,6874707.747728985,6869707.747494217,5000.0
optimistic_p10,RK9,UNIVERSITY HOSPITALS PLYMOUTH NHS TRUST,100,General Surgery Service,50.769795417785645,0,0.0,50.7697954,0.0,0.0,Optimal,500,0,6874707.747728985,6869707.747494217,5000.0
optimistic_p10,RKE,WHITTINGTON HEALTH NHS TRUST,110,Trauma and Orthopaedic Service,6029.855651855469,0,0.0,6029.8556499999995,0.0,0.0,Optimal,500,0,6874707.747728985,6869707.747494217,5000.0
optimistic_p10,RKE,WHITTINGTON HEALTH NHS TRUST,130,Ophthalmology Service,489.38948822021484,0,0.0,489.389486,0.0,0.0,Optimal,500,0,6874707.747728985,6869707.747494217,5000.0
optimistic_p10,RLT,GEORGE ELIOT HOSPITAL NHS TRUST,110,Trauma and Orthopaedic Service,3425.960662841797,0,0.0,3425.96066,0.0,0.0,Optimal,500,0,6874707.747728985,6869707.747494217,5000.0
optimistic_p10,RLQ,WYE VALLEY NHS TRUST,100,General Surgery Service,2636.8997497558594,0,0.0,2636.89973,0.0,0.0,Optimal,500,0,6874707.747728985,6869707.747494217,5000.0
optimistic_p10,RLT,GEORGE ELIOT HOSPITAL NHS TRUST,101,Urology Service,957.9178237915039,0,0.0,957.917825,0.0,0.0,Optimal,500,0,6874707.747728985,6869707.747494217,5000.0
optimistic_p10,RLT,GEORGE ELIOT HOSPITAL NHS TRUST,100,General Surgery Service,2079.0730895996094,0,0.0,2079.07309,0.0,0.0,Optimal,500,0,6874707.747728985,6869707.747494217,5000.0
optimistic_p10,RLQ,WYE VALLEY NHS TRUST,502,Gynaecology Service,2938.611770629883,0,0.0,2938.61179,0.0,0.0,Optimal,500,0,6874707.747728985,6869707.747494217,5000.0
optimistic_p10,RLQ,WYE VALLEY NHS TRUST,170,Cardiothoracic Surgery Service,44.28849959373474,0,0.0,44.2884995,0.0,0.0,Optimal,500,0,6874707.747728985,6869707.747494217,5000.0
optimistic_p10,RLQ,WYE VALLEY NHS TRUST,160,Plastic Surgery Service,1452.7396926879883,0,0.0,1452.73969,0.0,0.0,Optimal,500,0,6874707.747728985,6869707.747494217,5000.0
optimistic_p10,RLQ,WYE VALLEY NHS TRUST,140,Oral Surgery Service,1655.4050064086914,0,0.0,1655.40502,0.0,0.0,Optimal,500,0,6874707.747728985,6869707.747494217,5000.0
optimistic_p10,RLQ,WYE VALLEY NHS TRUST,130,Ophthalmology Service,4314.861419677734,0,0.0,4314.86142,0.0,0.0,Optimal,500,0,6874707.747728985,6869707.747494217,5000.0
optimistic_p10,RLQ,WYE VALLEY NHS TRUST,120,Ear Nose and Throat Service,3000.7186431884766,0,0.0,3000.71865,0.0,0.0,Optimal,500,0,6874707.747728985,6869707.747494217,5000.0
optimistic_p10,RLQ,WYE VALLEY NHS TRUST,110,Trauma and Orthopaedic Service,18960.375854492188,0,0.0,18960.3759,0.0,0.0,Optimal,500,0,6874707.747728985,6869707.747494217,5000.0
optimistic_p10,RLQ,WYE VALLEY NHS TRUST,101,Urology Service,3290.7163696289062,0,0.0,3290.71637,0.0,0.0,Optimal,500,0,6874707.747728985,6869707.747494217,5000.0
optimistic_p10,RL4,THE ROYAL WOLVERHAMPTON NHS TRUST,502,Gynaecology Service,6394.449615478516,0,0.0,6394.44962,0.0,0.0,Optimal,500,0,6874707.747728985,6869707.747494217,5000.0
optimistic_p10,RKE,WHITTINGTON HEALTH NHS TRUST,140,Oral Surgery Service,1073.1386070251465,0,0.0,1073.13861,0.0,0.0,Optimal,500,0,6874707.747728985,6869707.747494217,5000.0
optimistic_p10,RL4,THE ROYAL WOLVERHAMPTON NHS TRUST,160,Plastic Surgery Service,396.9697151184082,0,0.0,396.969716,0.0,0.0,Optimal,500,0,6874707.747728985,6869707.747494217,5000.0
optimistic_p10,RL4,THE ROYAL WOLVERHAMPTON NHS TRUST,140,Oral Surgery Service,3158.2962646484375,0,0.0,3158.29626,0.0,0.0,Optimal,500,0,6874707.747728985,6869707.747494217,5000.0
optimistic_p10,RL4,THE ROYAL WOLVERHAMPTON NHS TRUST,130,Ophthalmology Service,11331.9228515625,0,0.0,11331.9228,0.0,0.0,Optimal,500,0,6874707.747728985,6869707.747494217,5000.0
optimistic_p10,RL4,THE ROYAL WOLVERHAMPTON NHS TRUST,120,Ear Nose and Throat Service,4753.519775390625,0,0.0,4753.51979,0.0,0.0,Optimal,500,0,6874707.747728985,6869707.747494217,5000.0
optimistic_p10,RL4,THE ROYAL WOLVERHAMPTON NHS TRUST,110,Trauma and Orthopaedic Service,21770.206298828125,0,0.0,21770.2063,0.0,0.0,Optimal,500,0,6874707.747728985,6869707.747494217,5000.0
optimistic_p10,RL4,THE ROYAL WOLVERHAMPTON NHS TRUST,101,Urology Service,8146.539794921875,0,0.0,8146.5398000000005,0.0,0.0,Optimal,500,0,6874707.747728985,6869707.747494217,5000.0
optimistic_p10,RL4,THE ROYAL WOLVERHAMPTON NHS TRUST,100,General Surgery Service,2617.672882080078,0,0.0,2617.67288,0.0,0.0,Optimal,500,0,6874707.747728985,6869707.747494217,5000.0
optimistic_p10,RL1,THE ROBERT JONES AND AGNES HUNT ORTHOPAEDIC HOSPITAL NHS FOUNDATION TRUST,110,Trauma and Orthopaedic Service,52416.99609375,0,0.0,52416.996,0.0,0.0,Optimal,500,0,6874707.747728985,6869707.747494217,5000.0
optimistic_p10,RKE,WHITTINGTON HEALTH NHS TRUST,502,Gynaecology Service,2072.129150390625,0,0.0,2072.12916,0.0,0.0,Optimal,500,0,6874707.747728985,6869707.747494217,5000.0
optimistic_p10,RKE,WHITTINGTON HEALTH NHS TRUST,160,Plastic Surgery Service,262.63388442993164,0,0.0,262.633885,0.0,0.0,Optimal,500,0,6874707.747728985,6869707.747494217,5000.0
optimistic_p10,RHW,ROYAL BERKSHIRE NHS FOUNDATION TRUST,120,Ear Nose and Throat Service,1081.511100769043,0,0.0,1081.511113,0.0,0.0,Optimal,500,0,6874707.747728985,6869707.747494217,5000.0
optimistic_p10,RHM,UNIVERSITY HOSPITAL SOUTHAMPTON NHS FOUNDATION TRUST,140,Oral Surgery Service,3491.339813232422,0,0.0,3491.33982,0.0,0.0,Optimal,500,0,6874707.747728985,6869707.747494217,5000.0
optimistic_p10,RHW,ROYAL BERKSHIRE NHS FOUNDATION TRUST,101,Urology Service,2165.8955841064453,0,0.0,2165.89559,0.0,0.0,Optimal,500,0,6874707.747728985,6869707.747494217,5000.0
optimistic_p10,RD1,ROYAL UNITED HOSPITALS BATH NHS FOUNDATION TRUST,130,Ophthalmology Service,4200.1483154296875,0,0.0,4200.14832,0.0,0.0,Optimal,500,0,6874707.747728985,6869707.747494217,5000.0
optimistic_p10,RDE,EAST SUFFOLK AND NORTH ESSEX NHS FOUNDATION TRUST,100,General Surgery Service,7104.110595703125,0,0.0,7104.11059,0.0,0.0,Optimal,500,0,6874707.747728985,6869707.747494217,5000.0
optimistic_p10,RD8,MILTON KEYNES UNIVERSITY HOSPITAL NHS FOUNDATION TRUST,502,Gynaecology Service,6157.040557861328,0,0.0,6157.04056,0.0,0.0,Optimal,500,0,6874707.747728985,6869707.747494217,5000.0
optimistic_p10,RD8,MILTON KEYNES UNIVERSITY HOSPITAL NHS FOUNDATION TRUST,140,Oral Surgery Service,1730.7210693359375,0,0.0,1730.72107,0.0,0.0,Optimal,500,0,6874707.747728985,6869707.747494217,5000.0
optimistic_p10,RD8,MILTON KEYNES UNIVERSITY HOSPITAL NHS FOUNDATION TRUST,130,Ophthalmology Service,2106.840347290039,0,0.0,2106.84036,0.0,0.0,Optimal,500,0,6874707.747728985,6869707.747494217,5000.0
optimistic_p10,RD8,MILTON KEYNES UNIVERSITY HOSPITAL NHS FOUNDATION TRUST,120,Ear Nose and Throat Service,4024.7861938476562,0,0.0,4024.7862,0.0,0.0,Optimal,500,0,6874707.747728985,6869707.747494217,5000.0
optimistic_p10,RD8,MILTON KEYNES UNIVERSITY HOSPITAL NHS FOUNDATION TRUST,110,Trauma and Orthopaedic Service,5735.832305908203,0,0.0,5735.8323199999995,0.0,0.0,Optimal,500,0,6874707.747728985,6869707.747494217,5000.0
optimistic_p10,RD8,MILTON KEYNES UNIVERSITY HOSPITAL NHS FOUNDATION TRUST,101,Urology Service,5048.037750244141,0,0.0,5048.03774,0.0,0.0,Optimal,500,0,6874707.747728985,6869707.747494217,5000.0
optimistic_p10,RD8,MILTON KEYNES UNIVERSITY HOSPITAL NHS FOUNDATION TRUST,100,General Surgery Service,3996.4530029296875,0,0.0,3996.453,0.0,0.0,Optimal,500,0,6874707.747728985,6869707.747494217,5000.0
optimistic_p10,RD1,ROYAL UNITED HOSPITALS BATH NHS FOUNDATION TRUST,502,Gynaecology Service,4053.7848205566406,0,0.0,4053.78482,0.0,0.0,Optimal,500,0,6874707.747728985,6869707.747494217,5000.0
optimistic_p10,RD1,ROYAL UNITED HOSPITALS BATH NHS FOUNDATION TRUST,140,Oral Surgery Service,2478.0139770507812,0,0.0,2478.01398,0.0,0.0,Optimal,500,0,6874707.747728985,6869707.747494217,5000.0
optimistic_p10,RD1,ROYAL UNITED HOSPITALS BATH NHS FOUNDATION TRUST,120,Ear Nose and Throat Service,4230.642150878906,0,0.0,4230.64217,0.0,0.0,Optimal,500,0,6874707.747728985,6869707.747494217,5000.0
optimistic_p10,RCU,SHEFFIELD CHILDREN'S NHS FOUNDATION TRUST,140,Oral Surgery Service,323.5126247406006,0,0.0,323.512626,0.0,0.0,Optimal,500,0,6874707.747728985,6869707.747494217,5000.0
optimistic_p10,RD1,ROYAL UNITED HOSPITALS BATH NHS FOUNDATION TRUST,110,Trauma and Orthopaedic Service,8847.271240234375,0,0.0,8847.27123,0.0,0.0,Optimal,500,0,6874707.747728985,6869707.747494217,5000.0
optimistic_p10,RD1,ROYAL UNITED HOSPITALS BATH NHS FOUNDATION TRUST,101,Urology Service,2639.9198455810547,0,0.0,2639.91985,0.0,0.0,Optimal,500,0,6874707.747728985,6869707.747494217,5000.0
optimistic_p10,RD1,ROYAL UNITED HOSPITALS BATH NHS FOUNDATION TRUST,100,General Surgery Service,4907.012908935547,0,0.0,4907.01292,0.0,0.0,Optimal,500,0,6874707.747728985,6869707.747494217,5000.0
optimistic_p10,RCX,"THE QUEEN ELIZABETH HOSPITAL, KING'S LYNN, NHS FOUNDATION TRUST",502,Gynaecology Service,2943.8827362060547,0,0.0,2943.88274,0.0,0.0,Optimal,500,0,6874707.747728985,6869707.747494217,5000.0
optimistic_p10,RCX,"THE QUEEN ELIZABETH HOSPITAL, KING'S LYNN, NHS FOUNDATION TRUST",160,Plastic Surgery Service,169.96517181396484,0,0.0,169.965173,0.0,0.0,Optimal,500,0,6874707.747728985,6869707.747494217,5000.0
optimistic_p10,RCX,"THE QUEEN ELIZABETH HOSPITAL, KING'S LYNN, NHS FOUNDATION TRUST",140,Oral Surgery Service,1376.5187759399414,0,0.0,1376.518773,0.0,0.0,Optimal,500,0,6874707.747728985,6869707.747494217,5000.0
optimistic_p10,RCX,"THE QUEEN ELIZABETH HOSPITAL, KING'S LYNN, NHS FOUNDATION TRUST",130,Ophthalmology Service,5232.973724365234,0,0.0,5232.97373,0.0,0.0,Optimal,500,0,6874707.747728985,6869707.747494217,5000.0
optimistic_p10,RCX,"THE QUEEN ELIZABETH HOSPITAL, KING'S LYNN, NHS FOUNDATION TRUST",120,Ear Nose and Throat Service,3759.8613891601562,0,0.0,3759.86138,0.0,0.0,Optimal,500,0,6874707.747728985,6869707.747494217,5000.0
optimistic_p10,RCX,"THE QUEEN ELIZABETH HOSPITAL, KING'S LYNN, NHS FOUNDATION TRUST",110,Trauma and Orthopaedic Service,7783.260986328125,0,0.0,7783.26097,0.0,0.0,Optimal,500,0,6874707.747728985,6869707.747494217,5000.0
optimistic_p10,RCX,"THE QUEEN ELIZABETH HOSPITAL, KING'S LYNN, NHS FOUNDATION TRUST",101,Urology Service,2542.757080078125,0,0.0,2542.75707,0.0,0.0,Optimal,500,0,6874707.747728985,6869707.747494217,5000.0
optimistic_p10,RDE,EAST SUFFOLK AND NORTH ESSEX NHS FOUNDATION TRUST,101,Urology Service,5181.344970703125,0,0.0,5181.34498,0.0,0.0,Optimal,500,0,6874707.747728985,6869707.747494217,5000.0
optimistic_p10,RDE,EAST SUFFOLK AND NORTH ESSEX NHS FOUNDATION TRUST,110,Trauma and Orthopaedic Service,23226.896118164062,0,0.0,23226.8962,0.0,0.0,Optimal,500,0,6874707.747728985,6869707.747494217,5000.0
optimistic_p10,RDE,EAST SUFFOLK AND NORTH ESSEX NHS FOUNDATION TRUST,120,Ear Nose and Throat Service,7091.8511962890625,0,0.0,7091.85117,0.0,0.0,Optimal,500,0,6874707.747728985,6869707.747494217,5000.0
optimistic_p10,RDE,EAST SUFFOLK AND NORTH ESSEX NHS FOUNDATION TRUST,130,Ophthalmology Service,10451.146911621094,0,0.0,10451.14692,0.0,0.0,Optimal,500,0,6874707.747728985,6869707.747494217,5000.0
optimistic_p10,REM,LIVERPOOL UNIVERSITY HOSPITALS NHS FOUNDATION TRUST,110,Trauma and Orthopaedic Service,9698.061340332031,0,0.0,9698.06135,0.0,0.0,Optimal,500,0,6874707.747728985,6869707.747494217,5000.0
optimistic_p10,REM,LIVERPOOL UNIVERSITY HOSPITALS NHS FOUNDATION TRUST,101,Urology Service,4169.375762939453,0,0.0,4169.37576,0.0,0.0,Optimal,500,0,6874707.747728985,6869707.747494217,5000.0
optimistic_p10,REM,LIVERPOOL UNIVERSITY HOSPITALS NHS FOUNDATION TRUST,100,General Surgery Service,4313.353271484375,0,0.0,4313.35328,0.0,0.0,Optimal,500,0,6874707.747728985,6869707.747494217,5000.0
optimistic_p10,REF,ROYAL CORNWALL HOSPITALS NHS TRUST,502,Gynaecology Service,4953.497253417969,0,0.0,4953.49724,0.0,0.0,Optimal,500,0,6874707.747728985,6869707.747494217,5000.0
optimistic_p10,REF,ROYAL CORNWALL HOSPITALS NHS TRUST,140,Oral Surgery Service,6669.237487792969,0,0.0,6669.23748,0.0,0.0,Optimal,500,0,6874707.747728985,6869707.747494217,5000.0
optimistic_p10,REF,ROYAL CORNWALL HOSPITALS NHS TRUST,130,Ophthalmology Service,7884.710876464844,0,0.0,7884.7109,0.0,0.0,Optimal,500,0,6874707.747728985,6869707.747494217,5000.0
optimistic_p10,REF,ROYAL CORNWALL HOSPITALS NHS TRUST,120,Ear Nose and Throat Service,4821.931427001953,0,0.0,4821.93141,0.0,0.0,Optimal,500,0,6874707.747728985,6869707.747494217,5000.0
optimistic_p10,REF,ROYAL CORNWALL HOSPITALS NHS TRUST,110,Trauma and Orthopaedic Service,25544.09228515625,0,0.0,25544.0923,0.0,0.0,Optimal,500,0,6874707.747728985,6869707.747494217,5000.0
optimistic_p10,REF,ROYAL CORNWALL HOSPITALS NHS TRUST,101,Urology Service,2717.877471923828,0,0.0,2717.87747,0.0,0.0,Optimal,500,0,6874707.747728985,6869707.747494217,5000.0
optimistic_p10,REF,ROYAL CORNWALL HOSPITALS NHS TRUST,100,General Surgery Service,3321.0030212402344,0,0.0,3321.00302,0.0,0.0,Optimal,500,0,6874707.747728985,6869707.747494217,5000.0
optimistic_p10,RDU,FRIMLEY HEALTH NHS FOUNDATION TRUST,502,Gynaecology Service,11688.242431640625,0,0.0,11688.24237,0.0,0.0,Optimal,500,0,6874707.747728985,6869707.747494217,5000.0
optimistic_p10,RDU,FRIMLEY HEALTH NHS FOUNDATION TRUST,160,Plastic Surgery Service,8318.202026367188,0,0.0,8318.20202,0.0,0.0,Optimal,500,0,6874707.747728985,6869707.747494217,5000.0
optimistic_p10,RDU,FRIMLEY HEALTH NHS FOUNDATION TRUST,140,Oral Surgery Service,2663.7469024658203,0,0.0,2663.74691,0.0,0.0,Optimal,500,0,6874707.747728985,6869707.747494217,5000.0
optimistic_p10,RDU,FRIMLEY HEALTH NHS FOUNDATION TRUST,130,Ophthalmology Service,13266.015991210938,0,0.0,13266.016,0.0,0.0,Optimal,500,0,6874707.747728985,6869707.747494217,5000.0
optimistic_p10,RDU,FRIMLEY HEALTH NHS FOUNDATION TRUST,120,Ear Nose and Throat Service,9441.421875,0,0.0,9441.42186,0.0,0.0,Optimal,500,0,6874707.747728985,6869707.747494217,5000.0
optimistic_p10,RDU,FRIMLEY HEALTH NHS FOUNDATION TRUST,110,Trauma and Orthopaedic Service,45580.45068359375,0,0.0,45580.4507,0.0,0.0,Optimal,500,0,6874707.747728985,6869707.747494217,5000.0
optimistic_p10,RDU,FRIMLEY HEALTH NHS FOUNDATION TRUST,101,Urology Service,10032.793640136719,0,0.0,10032.79365,0.0,0.0,Optimal,500,0,6874707.747728985,6869707.747494217,5000.0
optimistic_p10,RDU,FRIMLEY HEALTH NHS FOUNDATION TRUST,100,General Surgery Service,2188.1863861083984,0,0.0,2188.18639,0.0,0.0,Optimal,500,0,6874707.747728985,6869707.747494217,5000.0
optimistic_p10,RDE,EAST SUFFOLK AND NORTH ESSEX NHS FOUNDATION TRUST,502,Gynaecology Service,7997.1463623046875,0,0.0,7997.146360000001,0.0,0.0,Optimal,500,0,6874707.747728985,6869707.747494217,5000.0
optimistic_p10,RDE,EAST SUFFOLK AND NORTH ESSEX NHS FOUNDATION TRUST,160,Plastic Surgery Service,777.9806480407715,0,0.0,777.980648,0.0,0.0,Optimal,500,0,6874707.747728985,6869707.747494217,5000.0
optimistic_p10,RDE,EAST SUFFOLK AND NORTH ESSEX NHS FOUNDATION TRUST,140,Oral Surgery Service,3979.677703857422,0,0.0,3979.67771,0.0,0.0,Optimal,500,0,6874707.747728985,6869707.747494217,5000.0
optimistic_p10,RCX,"THE QUEEN ELIZABETH HOSPITAL, KING'S LYNN, NHS FOUNDATION TRUST",100,General Surgery Service,3434.3348999023438,0,0.0,3434.33489,0.0,0.0,Optimal,500,0,6874707.747728985,6869707.747494217,5000.0
optimistic_p10,RCF,AIREDALE NHS FOUNDATION TRUST,502,Gynaecology Service,2721.5686798095703,0,0.0,2721.56867,0.0,0.0,Optimal,500,0,6874707.747728985,6869707.747494217,5000.0
optimistic_p10,RHW,ROYAL BERKSHIRE NHS FOUNDATION TRUST,100,General Surgery Service,3235.769760131836,0,0.0,3235.76975,0.0,0.0,Optimal,500,0,6874707.747728985,6869707.747494217,5000.0
optimistic_p10,RBT,MID CHESHIRE HOSPITALS NHS FOUNDATION TRUST,110,Trauma and Orthopaedic Service,5284.600006103516,0,0.0,5284.60001,0.0,0.0,Optimal,500,0,6874707.747728985,6869707.747494217,5000.0
optimistic_p10,RC9,BEDFORDSHIRE HOSPITALS NHS FOUNDATION TRUST,120,Ear Nose and Throat Service,6523.51171875,0,0.0,6523.51171,0.0,0.0,Optimal,500,0,6874707.747728985,6869707.747494217,5000.0
optimistic_p10,RC9,BEDFORDSHIRE HOSPITALS NHS FOUNDATION TRUST,110,Trauma and Orthopaedic Service,16837.258056640625,0,0.0,16837.258,0.0,0.0,Optimal,500,0,6874707.747728985,6869707.747494217,5000.0
optimistic_p10,RC9,BEDFORDSHIRE HOSPITALS NHS FOUNDATION TRUST,101,Urology Service,5758.131774902344,0,0.0,5758.13178,0.0,0.0,Optimal,500,0,6874707.747728985,6869707.747494217,5000.0
optimistic_p10,RC9,BEDFORDSHIRE HOSPITALS NHS FOUNDATION TRUST,100,General Surgery Service,7826.929504394531,0,0.0,7826.92949,0.0,0.0,Optimal,500,0,6874707.747728985,6869707.747494217,5000.0
optimistic_p10,RBV,THE CHRISTIE NHS FOUNDATION TRUST,502,Gynaecology Service,142.29759407043457,0,0.0,142.297594,0.0,0.0,Optimal,500,0,6874707.747728985,6869707.747494217,5000.0
optimistic_p10,RBV,THE CHRISTIE NHS FOUNDATION TRUST,160,Plastic Surgery Service,944.6890029907227,0,0.0,944.689002,0.0,0.0,Optimal,500,0,6874707.747728985,6869707.747494217,5000.0
optimistic_p10,RBV,THE CHRISTIE NHS FOUNDATION TRUST,101,Urology Service,375.2198677062988,0,0.0,375.219869,0.0,0.0,Optimal,500,0,6874707.747728985,6869707.747494217,5000.0
optimistic_p10,RBT,MID CHESHIRE HOSPITALS NHS FOUNDATION TRUST,502,Gynaecology Service,3503.153594970703,0,0.0,3503.1536,0.0,0.0,Optimal,500,0,6874707.747728985,6869707.747494217,5000.0
optimistic_p10,RBT,MID CHESHIRE HOSPITALS NHS FOUNDATION TRUST,130,Ophthalmology Service,5428.5347900390625,0,0.0,5428.5348,0.0,0.0,Optimal,500,0,6874707.747728985,6869707.747494217,5000.0
optimistic_p10,RBT,MID CHESHIRE HOSPITALS NHS FOUNDATION TRUST,120,Ear Nose and Throat Service,6707.947326660156,0,0.0,6707.94732,0.0,0.0,Optimal,500,0,6874707.747728985,6869707.747494217,5000.0
optimistic_p10,RBT,MID CHESHIRE HOSPITALS NHS FOUNDATION TRUST,101,Urology Service,1935.7532348632812,0,0.0,1935.75325,0.0,0.0,Optimal,500,0,6874707.747728985,6869707.747494217,5000.0
optimistic_p10,RCF,AIREDALE NHS FOUNDATION TRUST,160,Plastic Surgery Service,77.37005949020386,0,0.0,77.3700596,0.0,0.0,Optimal,500,0,6874707.747728985,6869707.747494217,5000.0
optimistic_p10,RBT,MID CHESHIRE HOSPITALS NHS FOUNDATION TRUST,100,General Surgery Service,1555.6720809936523,0,0.0,1555.67208,0.0,0.0,Optimal,500,0,6874707.747728985,6869707.747494217,5000.0
optimistic_p10,RBQ,LIVERPOOL HEART AND CHEST HOSPITAL NHS FOUNDATION TRUST,170,Cardiothoracic Surgery Service,3461.445526123047,0,0.0,3461.44554,0.0,0.0,Optimal,500,0,6874707.747728985,6869707.747494217,5000.0
optimistic_p10,RBN,MERSEY AND WEST LANCASHIRE TEACHING HOSPITALS NHS TRUST,502,Gynaecology Service,13310.42041015625,0,0.0,13310.4203,0.0,0.0,Optimal,500,0,6874707.747728985,6869707.747494217,5000.0
optimistic_p10,RBN,MERSEY AND WEST LANCASHIRE TEACHING HOSPITALS NHS TRUST,160,Plastic Surgery Service,56549.16796875,0,0.0,56549.168,0.0,0.0,Optimal,500,0,6874707.747728985,6869707.747494217,5000.0
optimistic_p10,RBN,MERSEY AND WEST LANCASHIRE TEACHING HOSPITALS NHS TRUST,150,Neurosurgical Service,17.00973153114319,0,0.0,17.009731600000002,0.0,0.0,Optimal,500,0,6874707.747728985,6869707.747494217,5000.0
optimistic_p10,RBN,MERSEY AND WEST LANCASHIRE TEACHING HOSPITALS NHS TRUST,140,Oral Surgery Service,1154.3069381713867,0,0.0,1154.306935,0.0,0.0,Optimal,500,0,6874707.747728985,6869707.747494217,5000.0
optimistic_p10,RBN,MERSEY AND WEST LANCASHIRE TEACHING HOSPITALS NHS TRUST,130,Ophthalmology Service,5076.3267822265625,0,0.0,5076.32679,0.0,0.0,Optimal,500,0,6874707.747728985,6869707.747494217,5000.0
optimistic_p10,RBN,MERSEY AND WEST LANCASHIRE TEACHING HOSPITALS NHS TRUST,120,Ear Nose and Throat Service,7177.426330566406,0,0.0,7177.42633,0.0,0.0,Optimal,500,0,6874707.747728985,6869707.747494217,5000.0
optimistic_p10,RBN,MERSEY AND WEST LANCASHIRE TEACHING HOSPITALS NHS TRUST,110,Trauma and Orthopaedic Service,19992.49609375,0,0.0,19992.496,0.0,0.0,Optimal,500,0,6874707.747728985,6869707.747494217,5000.0
optimistic_p10,RBN,MERSEY AND WEST LANCASHIRE TEACHING HOSPITALS NHS TRUST,101,Urology Service,11025.67578125,0,0.0,11025.67578,0.0,0.0,Optimal,500,0,6874707.747728985,6869707.747494217,5000.0
optimistic_p10,RC9,BEDFORDSHIRE HOSPITALS NHS FOUNDATION TRUST,130,Ophthalmology Service,5362.572662353516,0,0.0,5362.57267,0.0,0.0,Optimal,500,0,6874707.747728985,6869707.747494217,5000.0
optimistic_p10,RC9,BEDFORDSHIRE HOSPITALS NHS FOUNDATION TRUST,140,Oral Surgery Service,9645.993347167969,0,0.0,9645.99335,0.0,0.0,Optimal,500,0,6874707.747728985,6869707.747494217,5000.0
optimistic_p10,RC9,BEDFORDSHIRE HOSPITALS NHS FOUNDATION TRUST,160,Plastic Surgery Service,6151.204315185547,0,0.0,6151.2043300000005,0.0,0.0,Optimal,500,0,6874707.747728985,6869707.747494217,5000.0
optimistic_p10,RC9,BEDFORDSHIRE HOSPITALS NHS FOUNDATION TRUST,502,Gynaecology Service,10700.52001953125,0,0.0,10700.52001,0.0,0.0,Optimal,500,0,6874707.747728985,6869707.747494217,5000.0
optimistic_p10,RCF,AIREDALE NHS FOUNDATION TRUST,140,Oral Surgery Service,596.5535774230957,0,0.0,596.553578,0.0,0.0,Optimal,500,0,6874707.747728985,6869707.747494217,5000.0
optimistic_p10,RCF,AIREDALE NHS FOUNDATION TRUST,130,Ophthalmology Service,626.4167556762695,0,0.0,626.416756,0.0,0.0,Optimal,500,0,6874707.747728985,6869707.747494217,5000.0
optimistic_p10,RCF,AIREDALE NHS FOUNDATION TRUST,120,Ear Nose and Throat Service,724.5520401000977,0,0.0,724.55204,0.0,0.0,Optimal,500,0,6874707.747728985,6869707.747494217,5000.0
optimistic_p10,RCF,AIREDALE NHS FOUNDATION TRUST,110,Trauma and Orthopaedic Service,7248.80908203125,0,0.0,7248.80909,0.0,0.0,Optimal,500,0,6874707.747728985,6869707.747494217,5000.0
optimistic_p10,RCF,AIREDALE NHS FOUNDATION TRUST,101,Urology Service,2256.8382873535156,0,0.0,2256.83828,0.0,0.0,Optimal,500,0,6874707.747728985,6869707.747494217,5000.0
optimistic_p10,RCF,AIREDALE NHS FOUNDATION TRUST,100,General Surgery Service,5101.641815185547,0,0.0,5101.64181,0.0,0.0,Optimal,500,0,6874707.747728985,6869707.747494217,5000.0
optimistic_p10,RCD,HARROGATE AND DISTRICT NHS FOUNDATION TRUST,502,Gynaecology Service,1892.1044006347656,0,0.0,1892.1044,0.0,0.0,Optimal,500,0,6874707.747728985,6869707.747494217,5000.0
optimistic_p10,RCD,HARROGATE AND DISTRICT NHS FOUNDATION TRUST,140,Oral Surgery Service,1468.3961868286133,0,0.0,1468.39618,0.0,0.0,Optimal,500,0,6874707.747728985,6869707.747494217,5000.0
optimistic_p10,RCD,HARROGATE AND DISTRICT NHS FOUNDATION TRUST,130,Ophthalmology Service,3880.8175354003906,0,0.0,3880.81754,0.0,0.0,Optimal,500,0,6874707.747728985,6869707.747494217,5000.0
optimistic_p10,RCD,HARROGATE AND DISTRICT NHS FOUNDATION TRUST,120,Ear Nose and Throat Service,1581.2851257324219,0,0.0,1581.28512,0.0,0.0,Optimal,500,0,6874707.747728985,6869707.747494217,5000.0
optimistic_p10,RCD,HARROGATE AND DISTRICT NHS FOUNDATION TRUST,110,Trauma and Orthopaedic Service,11810.7294921875,0,0.0,11810.72944,0.0,0.0,Optimal,500,0,6874707.747728985,6869707.747494217,5000.0
optimistic_p10,RCD,HARROGATE AND DISTRICT NHS FOUNDATION TRUST,101,Urology Service,1611.4766693115234,0,0.0,1611.47667,0.0,0.0,Optimal,500,0,6874707.747728985,6869707.747494217,5000.0
optimistic_p10,RCD,HARROGATE AND DISTRICT NHS FOUNDATION TRUST,100,General Surgery Service,3155.4876403808594,0,0.0,3155.48763,0.0,0.0,Optimal,500,0,6874707.747728985,6869707.747494217,5000.0
optimistic_p10,RCB,YORK AND SCARBOROUGH TEACHING HOSPITALS NHS FOUNDATION TRUST,502,Gynaecology Service,5668.158599853516,0,0.0,5668.1586,0.0,0.0,Optimal,500,0,6874707.747728985,6869707.747494217,5000.0
optimistic_p10,RCB,YORK AND SCARBOROUGH TEACHING HOSPITALS NHS FOUNDATION TRUST,160,Plastic Surgery Service,1109.905776977539,0,0.0,1109.905776,0.0,0.0,Optimal,500,0,6874707.747728985,6869707.747494217,5000.0
optimistic_p10,RCB,YORK AND SCARBOROUGH TEACHING HOSPITALS NHS FOUNDATION TRUST,140,Oral Surgery Service,4445.226776123047,0,0.0,4445.22678,0.0,0.0,Optimal,500,0,6874707.747728985,6869707.747494217,5000.0
optimistic_p10,RCB,YORK AND SCARBOROUGH TEACHING HOSPITALS NHS FOUNDATION TRUST,130,Ophthalmology Service,9846.193176269531,0,0.0,9846.19317,0.0,0.0,Optimal,500,0,6874707.747728985,6869707.747494217,5000.0
optimistic_p10,RCB,YORK AND SCARBOROUGH TEACHING HOSPITALS NHS FOUNDATION TRUST,120,Ear Nose and Throat Service,7375.604675292969,0,0.0,7375.60468,0.0,0.0,Optimal,500,0,6874707.747728985,6869707.747494217,5000.0
optimistic_p10,RCB,YORK AND SCARBOROUGH TEACHING HOSPITALS NHS FOUNDATION TRUST,110,Trauma and Orthopaedic Service,26012.380126953125,0,0.0,26012.3802,0.0,0.0,Optimal,500,0,6874707.747728985,6869707.747494217,5000.0
optimistic_p10,RCB,YORK AND SCARBOROUGH TEACHING HOSPITALS NHS FOUNDATION TRUST,101,Urology Service,8518.318481445312,0,0.0,8518.31847,0.0,0.0,Optimal,500,0,6874707.747728985,6869707.747494217,5000.0
optimistic_p10,RCB,YORK AND SCARBOROUGH TEACHING HOSPITALS NHS FOUNDATION TRUST,100,General Surgery Service,54.38223218917847,0,0.0,54.3822322,0.0,0.0,Optimal,500,0,6874707.747728985,6869707.747494217,5000.0
optimistic_p10,REM,LIVERPOOL UNIVERSITY HOSPITALS NHS FOUNDATION TRUST,120,Ear Nose and Throat Service,6027.4427490234375,0,0.0,6027.44275,0.0,0.0,Optimal,500,0,6874707.747728985,6869707.747494217,5000.0
optimistic_p10,REM,LIVERPOOL UNIVERSITY HOSPITALS NHS FOUNDATION TRUST,130,Ophthalmology Service,12033.504760742188,0,0.0,12033.50489,0.0,0.0,Optimal,500,0,6874707.747728985,6869707.747494217,5000.0
optimistic_p10,REM,LIVERPOOL UNIVERSITY HOSPITALS NHS FOUNDATION TRUST,140,Oral Surgery Service,5292.535949707031,0,0.0,5292.53595,0.0,0.0,Optimal,500,0,6874707.747728985,6869707.747494217,5000.0
optimistic_p10,RGT,CAMBRIDGE UNIVERSITY HOSPITALS NHS FOUNDATION TRUST,160,Plastic Surgery Service,4574.053863525391,0,0.0,4574.05387,0.0,0.0,Optimal,500,0,6874707.747728985,6869707.747494217,5000.0
optimistic_p10,RH8,ROYAL DEVON UNIVERSITY HEALTHCARE NHS FOUNDATION TRUST,100,General Surgery Service,2230.7928009033203,0,0.0,2230.79279,0.0,0.0,Optimal,500,0,6874707.747728985,6869707.747494217,5000.0
optimistic_p10,RH5,SOMERSET NHS FOUNDATION TRUST,502,Gynaecology Service,8188.68310546875,0,0.0,8188.68311,0.0,0.0,Optimal,500,0,6874707.747728985,6869707.747494217,5000.0
optimistic_p10,RH5,SOMERSET NHS FOUNDATION TRUST,160,Plastic Surgery Service,596.2118492126465,0,0.0,596.211849,0.0,0.0,Optimal,500,0,6874707.747728985,6869707.747494217,5000.0
optimistic_p10,RH5,SOMERSET NHS FOUNDATION TRUST,140,Oral Surgery Service,5291.728118896484,0,0.0,5291.7281,0.0,0.0,Optimal,500,0,6874707.747728985,6869707.747494217,5000.0
optimistic_p10,RH5,SOMERSET NHS FOUNDATION TRUST,130,Ophthalmology Service,8432.661376953125,0,0.0,8432.66137,0.0,0.0,Optimal,500,0,6874707.747728985,6869707.747494217,5000.0
optimistic_p10,RH5,SOMERSET NHS FOUNDATION TRUST,120,Ear Nose and Throat Service,8788.635314941406,0,0.0,8788.63532,0.0,0.0,Optimal,500,0,6874707.747728985,6869707.747494217,5000.0
optimistic_p10,RH5,SOMERSET NHS FOUNDATION TRUST,110,Trauma and Orthopaedic Service,29249.435546875,0,0.0,29249.4355,0.0,0.0,Optimal,500,0,6874707.747728985,6869707.747494217,5000.0
optimistic_p10,RH5,SOMERSET NHS FOUNDATION TRUST,101,Urology Service,6993.994689941406,0,0.0,6993.9947,0.0,0.0,Optimal,500,0,6874707.747728985,6869707.747494217,5000.0
optimistic_p10,RH5,SOMERSET NHS FOUNDATION TRUST,100,General Surgery Service,16543.982177734375,0,0.0,16543.9821,0.0,0.0,Optimal,500,0,6874707.747728985,6869707.747494217,5000.0
optimistic_p10,RGT,CAMBRIDGE UNIVERSITY HOSPITALS NHS FOUNDATION TRUST,502,Gynaecology Service,4376.628021240234,0,0.0,4376.62802,0.0,0.0,Optimal,500,0,6874707.747728985,6869707.747494217,5000.0
optimistic_p10,RGT,CAMBRIDGE UNIVERSITY HOSPITALS NHS FOUNDATION TRUST,150,Neurosurgical Service,3945.9515991210938,0,0.0,3945.95158,0.0,0.0,Optimal,500,0,6874707.747728985,6869707.747494217,5000.0
optimistic_p10,REP,LIVERPOOL WOMEN'S NHS FOUNDATION TRUST,502,Gynaecology Service,15609.1904296875,0,0.0,15609.1903,0.0,0.0,Optimal,500,0,6874707.747728985,6869707.747494217,5000.0
optimistic_p10,RGT,CAMBRIDGE UNIVERSITY HOSPITALS NHS FOUNDATION TRUST,140,Oral Surgery Service,2925.1233673095703,0,0.0,2925.12338,0.0,0.0,Optimal,500,0,6874707.747728985,6869707.747494217,5000.0
optimistic_p10,RGT,CAMBRIDGE UNIVERSITY HOSPITALS NHS FOUNDATION TRUST,130,Ophthalmology Service,10404.841674804688,0,0.0,10404.84167,0.0,0.0,Optimal,500,0,6874707.747728985,6869707.747494217,5000.0
optimistic_p10,RGT,CAMBRIDGE UNIVERSITY HOSPITALS NHS FOUNDATION TRUST,120,Ear Nose and Throat Service,8105.15673828125,0,0.0,8105.15673,0.0,0.0,Optimal,500,0,6874707.747728985,6869707.747494217,5000.0
optimistic_p10,RGT,CAMBRIDGE UNIVERSITY HOSPITALS NHS FOUNDATION TRUST,110,Trauma and Orthopaedic Service,15818.353881835938,0,0.0,15818.354,0.0,0.0,Optimal,500,0,6874707.747728985,6869707.747494217,5000.0
optimistic_p10,RGT,CAMBRIDGE UNIVERSITY HOSPITALS NHS FOUNDATION TRUST,101,Urology Service,4909.683654785156,0,0.0,4909.68364,0.0,0.0,Optimal,500,0,6874707.747728985,6869707.747494217,5000.0
optimistic_p10,RGT,CAMBRIDGE UNIVERSITY HOSPITALS NHS FOUNDATION TRUST,100,General Surgery Service,3209.9837646484375,0,0.0,3209.98377,0.0,0.0,Optimal,500,0,6874707.747728985,6869707.747494217,5000.0
optimistic_p10,RGR,WEST SUFFOLK NHS FOUNDATION TRUST,502,Gynaecology Service,6345.714660644531,0,0.0,6345.71467,0.0,0.0,Optimal,500,0,6874707.747728985,6869707.747494217,5000.0
optimistic_p10,RGR,WEST SUFFOLK NHS FOUNDATION TRUST,160,Plastic Surgery Service,3992.2040100097656,0,0.0,3992.20401,0.0,0.0,Optimal,500,0,6874707.747728985,6869707.747494217,5000.0
optimistic_p10,RGR,WEST SUFFOLK NHS FOUNDATION TRUST,130,Ophthalmology Service,2900.748504638672,0,0.0,2900.74852,0.0,0.0,Optimal,500,0,6874707.747728985,6869707.747494217,5000.0
optimistic_p10,RGR,WEST SUFFOLK NHS FOUNDATION TRUST,120,Ear Nose and Throat Service,6475.744140625,0,0.0,6475.74414,0.0,0.0,Optimal,500,0,6874707.747728985,6869707.747494217,5000.0
optimistic_p10,RH8,ROYAL DEVON UNIVERSITY HEALTHCARE NHS FOUNDATION TRUST,101,Urology Service,11092.774597167969,0,0.0,11092.7746,0.0,0.0,Optimal,500,0,6874707.747728985,6869707.747494217,5000.0
optimistic_p10,RH8,ROYAL DEVON UNIVERSITY HEALTHCARE NHS FOUNDATION TRUST,110,Trauma and Orthopaedic Service,42594.713623046875,0,0.0,42594.7137,0.0,0.0,Optimal,500,0,6874707.747728985,6869707.747494217,5000.0
optimistic_p10,RH8,ROYAL DEVON UNIVERSITY HEALTHCARE NHS FOUNDATION TRUST,120,Ear Nose and Throat Service,8201.689025878906,0,0.0,8201.68903,0.0,0.0,Optimal,500,0,6874707.747728985,6869707.747494217,5000.0
optimistic_p10,RH8,ROYAL DEVON UNIVERSITY HEALTHCARE NHS FOUNDATION TRUST,130,Ophthalmology Service,19445.502319335938,0,0.0,19445.5022,0.0,0.0,Optimal,500,0,6874707.747728985,6869707.747494217,5000.0
optimistic_p10,RHU,PORTSMOUTH HOSPITALS UNIVERSITY NHS TRUST,502,Gynaecology Service,7207.66015625,0,0.0,7207.66014,0.0,0.0,Optimal,500,0,6874707.747728985,6869707.747494217,5000.0
optimistic_p10,RHU,PORTSMOUTH HOSPITALS UNIVERSITY NHS TRUST,160,Plastic Surgery Service,1777.9116821289062,0,0.0,1777.91168,0.0,0.0,Optimal,500,0,6874707.747728985,6869707.747494217,5000.0
optimistic_p10,RHU,PORTSMOUTH HOSPITALS UNIVERSITY NHS TRUST,140,Oral Surgery Service,8833.521545410156,0,0.0,8833.52156,0.0,0.0,Optimal,500,0,6874707.747728985,6869707.747494217,5000.0
optimistic_p10,RHU,PORTSMOUTH HOSPITALS UNIVERSITY NHS TRUST,130,Ophthalmology Service,8584.856811523438,0,0.0,8584.85681,0.0,0.0,Optimal,500,0,6874707.747728985,6869707.747494217,5000.0
optimistic_p10,RHU,PORTSMOUTH HOSPITALS UNIVERSITY NHS TRUST,120,Ear Nose and Throat Service,9109.038635253906,0,0.0,9109.03864,0.0,0.0,Optimal,500,0,6874707.747728985,6869707.747494217,5000.0
optimistic_p10,RHU,PORTSMOUTH HOSPITALS UNIVERSITY NHS TRUST,110,Trauma and Orthopaedic Service,20985.148315429688,0,0.0,20985.1484,0.0,0.0,Optimal,500,0,6874707.747728985,6869707.747494217,5000.0
optimistic_p10,RHU,PORTSMOUTH HOSPITALS UNIVERSITY NHS TRUST,101,Urology Service,4615.6876220703125,0,0.0,4615.68764,0.0,0.0,Optimal,500,0,6874707.747728985,6869707.747494217,5000.0
optimistic_p10,RHU,PORTSMOUTH HOSPITALS UNIVERSITY NHS TRUST,100,General Surgery Service,10729.26953125,0,0.0,10729.26955,0.0,0.0,Optimal,500,0,6874707.747728985,6869707.747494217,5000.0
optimistic_p10,RHM,UNIVERSITY HOSPITAL SOUTHAMPTON NHS FOUNDATION TRUST,502,Gynaecology Service,6407.117126464844,0,0.0,6407.11712,0.0,0.0,Optimal,500,0,6874707.747728985,6869707.747494217,5000.0
optimistic_p10,RHM,UNIVERSITY HOSPITAL SOUTHAMPTON NHS FOUNDATION TRUST,170,Cardiothoracic Surgery Service,1062.834617614746,0,0.0,1062.834619,0.0,0.0,Optimal,500,0,6874707.747728985,6869707.747494217,5000.0
optimistic_p10,RHM,UNIVERSITY HOSPITAL SOUTHAMPTON NHS FOUNDATION TRUST,150,Neurosurgical Service,1803.9096374511719,0,0.0,1803.90966,0.0,0.0,Optimal,500,0,6874707.747728985,6869707.747494217,5000.0
optimistic_p10,RN7,DARTFORD AND GRAVESHAM NHS TRUST,100,General Surgery Service,16539.334594726562,0,0.0,16539.334600000002,0.0,0.0,Optimal,500,0,6874707.747728985,6869707.747494217,5000.0
optimistic_p10,RHM,UNIVERSITY HOSPITAL SOUTHAMPTON NHS FOUNDATION TRUST,130,Ophthalmology Service,8529.07861328125,0,0.0,8529.07862,0.0,0.0,Optimal,500,0,6874707.747728985,6869707.747494217,5000.0
optimistic_p10,RHM,UNIVERSITY HOSPITAL SOUTHAMPTON NHS FOUNDATION TRUST,120,Ear Nose and Throat Service,1834.4574432373047,0,0.0,1834.45744,0.0,0.0,Optimal,500,0,6874707.747728985,6869707.747494217,5000.0
optimistic_p10,RHM,UNIVERSITY HOSPITAL SOUTHAMPTON NHS FOUNDATION TRUST,110,Trauma and Orthopaedic Service,18728.7431640625,0,0.0,18728.7431,0.0,0.0,Optimal,500,0,6874707.747728985,6869707.747494217,5000.0
optimistic_p10,RHM,UNIVERSITY HOSPITAL SOUTHAMPTON NHS FOUNDATION TRUST,101,Urology Service,6163.497894287109,0,0.0,6163.4979,0.0,0.0,Optimal,500,0,6874707.747728985,6869707.747494217,5000.0
optimistic_p10,RHM,UNIVERSITY HOSPITAL SOUTHAMPTON NHS FOUNDATION TRUST,100,General Surgery Service,2623.4564208984375,0,0.0,2623.45641,0.0,0.0,Optimal,500,0,6874707.747728985,6869707.747494217,5000.0
optimistic_p10,RH8,ROYAL DEVON UNIVERSITY HEALTHCARE NHS FOUNDATION TRUST,502,Gynaecology Service,9725.068054199219,0,0.0,9725.06805,0.0,0.0,Optimal,500,0,6874707.747728985,6869707.747494217,5000.0
optimistic_p10,RH8,ROYAL DEVON UNIVERSITY HEALTHCARE NHS FOUNDATION TRUST,170,Cardiothoracic Surgery Service,64.78846979141235,0,0.0,64.7884698,0.0,0.0,Optimal,500,0,6874707.747728985,6869707.747494217,5000.0
optimistic_p10,RH8,ROYAL DEVON UNIVERSITY HEALTHCARE NHS FOUNDATION TRUST,160,Plastic Surgery Service,4939.747772216797,0,0.0,4939.74778,0.0,0.0,Optimal,500,0,6874707.747728985,6869707.747494217,5000.0
optimistic_p10,RH8,ROYAL DEVON UNIVERSITY HEALTHCARE NHS FOUNDATION TRUST,140,Oral Surgery Service,5365.258880615234,0,0.0,5365.258870000001,0.0,0.0,Optimal,500,0,6874707.747728985,6869707.747494217,5000.0
optimistic_p10,RGR,WEST SUFFOLK NHS FOUNDATION TRUST,110,Trauma and Orthopaedic Service,9834.657348632812,0,0.0,9834.65736,0.0,0.0,Optimal,500,0,6874707.747728985,6869707.747494217,5000.0
optimistic_p10,RGR,WEST SUFFOLK NHS FOUNDATION TRUST,101,Urology Service,2546.1310119628906,0,0.0,2546.13101,0.0,0.0,Optimal,500,0,6874707.747728985,6869707.747494217,5000.0
optimistic_p10,RGR,WEST SUFFOLK NHS FOUNDATION TRUST,100,General Surgery Service,6368.751922607422,0,0.0,6368.7519,0.0,0.0,Optimal,500,0,6874707.747728985,6869707.747494217,5000.0
optimistic_p10,RFR,THE ROTHERHAM NHS FOUNDATION TRUST,502,Gynaecology Service,7030.310119628906,0,0.0,7030.31012,0.0,0.0,Optimal,500,0,6874707.747728985,6869707.747494217,5000.0
optimistic_p10,RFR,THE ROTHERHAM NHS FOUNDATION TRUST,130,Ophthalmology Service,2253.4693756103516,0,0.0,2253.46938,0.0,0.0,Optimal,500,0,6874707.747728985,6869707.747494217,5000.0
optimistic_p10,RFR,THE ROTHERHAM NHS FOUNDATION TRUST,120,Ear Nose and Throat Service,5968.526641845703,0,0.0,5968.5266599999995,0.0,0.0,Optimal,500,0,6874707.747728985,6869707.747494217,5000.0
optimistic_p10,RFR,THE ROTHERHAM NHS FOUNDATION TRUST,110,Trauma and Orthopaedic Service,17912.689697265625,0,0.0,17912.6898,0.0,0.0,Optimal,500,0,6874707.747728985,6869707.747494217,5000.0
optimistic_p10,RFR,THE ROTHERHAM NHS FOUNDATION TRUST,101,Urology Service,3206.2667846679688,0,0.0,3206.26679,0.0,0.0,Optimal,500,0,6874707.747728985,6869707.747494217,5000.0
optimistic_p10,RFR,THE ROTHERHAM NHS FOUNDATION TRUST,100,General Surgery Service,5361.670593261719,0,0.0,5361.67058,0.0,0.0,Optimal,500,0,6874707.747728985,6869707.747494217,5000.0
optimistic_p10,RFF,BARNSLEY HOSPITAL NHS FOUNDATION TRUST,502,Gynaecology Service,5858.655548095703,0,0.0,5858.65555,0.0,0.0,Optimal,500,0,6874707.747728985,6869707.747494217,5000.0
optimistic_p10,RFF,BARNSLEY HOSPITAL NHS FOUNDATION TRUST,140,Oral Surgery Service,6139.7587890625,0,0.0,6139.7588,0.0,0.0,Optimal,500,0,6874707.747728985,6869707.747494217,5000.0
optimistic_p10,RFF,BARNSLEY HOSPITAL NHS FOUNDATION TRUST,130,Ophthalmology Service,4034.851776123047,0,0.0,4034.8518,0.0,0.0,Optimal,500,0,6874707.747728985,6869707.747494217,5000.0
optimistic_p10,RFF,BARNSLEY HOSPITAL NHS FOUNDATION TRUST,120,Ear Nose and Throat Service,3230.0730590820312,0,0.0,3230.07305,0.0,0.0,Optimal,500,0,6874707.747728985,6869707.747494217,5000.0
optimistic_p10,RFF,BARNSLEY HOSPITAL NHS FOUNDATION TRUST,110,Trauma and Orthopaedic Service,9038.544311523438,0,0.0,9038.544310000001,0.0,0.0,Optimal,500,0,6874707.747728985,6869707.747494217,5000.0
optimistic_p10,RFF,BARNSLEY HOSPITAL NHS FOUNDATION TRUST,101,Urology Service,3087.6275177001953,0,0.0,3087.62751,0.0,0.0,Optimal,500,0,6874707.747728985,6869707.747494217,5000.0
optimistic_p10,RFF,BARNSLEY HOSPITAL NHS FOUNDATION TRUST,100,General Surgery Service,8700.785461425781,0,0.0,8700.78547,0.0,0.0,Optimal,500,0,6874707.747728985,6869707.747494217,5000.0
optimistic_p10,RF4,"BARKING, HAVERING AND REDBRIDGE UNIVERSITY HOSPITALS NHS TRUST",502,Gynaecology Service,3399.8872680664062,0,0.0,3399.88727,0.0,0.0,Optimal,500,0,6874707.747728985,6869707.747494217,5000.0
optimistic_p10,RF4,"BARKING, HAVERING AND REDBRIDGE UNIVERSITY HOSPITALS NHS TRUST",150,Neurosurgical Service,936.5234260559082,0,0.0,936.523426,0.0,0.0,Optimal,500,0,6874707.747728985,6869707.747494217,5000.0
optimistic_p10,RF4,"BARKING, HAVERING AND REDBRIDGE UNIVERSITY HOSPITALS NHS TRUST",140,Oral Surgery Service,2325.640335083008,0,0.0,2325.64034,0.0,0.0,Optimal,500,0,6874707.747728985,6869707.747494217,5000.0
optimistic_p10,RF4,"BARKING, HAVERING AND REDBRIDGE UNIVERSITY HOSPITALS NHS TRUST",130,Ophthalmology Service,2487.676223754883,0,0.0,2487.67622,0.0,0.0,Optimal,500,0,6874707.747728985,6869707.747494217,5000.0
optimistic_p10,RF4,"BARKING, HAVERING AND REDBRIDGE UNIVERSITY HOSPITALS NHS TRUST",120,Ear Nose and Throat Service,5643.2864990234375,0,0.0,5643.28649,0.0,0.0,Optimal,500,0,6874707.747728985,6869707.747494217,5000.0
optimistic_p10,RF4,"BARKING, HAVERING AND REDBRIDGE UNIVERSITY HOSPITALS NHS TRUST",110,Trauma and Orthopaedic Service,4703.998291015625,0,0.0,4703.99829,0.0,0.0,Optimal,500,0,6874707.747728985,6869707.747494217,5000.0
optimistic_p10,RF4,"BARKING, HAVERING AND REDBRIDGE UNIVERSITY HOSPITALS NHS TRUST",101,Urology Service,1964.7955703735352,0,0.0,1964.79559,0.0,0.0,Optimal,500,0,6874707.747728985,6869707.747494217,5000.0
optimistic_p10,RF4,"BARKING, HAVERING AND REDBRIDGE UNIVERSITY HOSPITALS NHS TRUST",100,General Surgery Service,4887.5404052734375,0,0.0,4887.54041,0.0,0.0,Optimal,500,0,6874707.747728985,6869707.747494217,5000.0
optimistic_p10,RET,THE WALTON CENTRE NHS FOUNDATION TRUST,150,Neurosurgical Service,8594.579345703125,0,0.0,8594.57936,0.0,0.0,Optimal,500,0,6874707.747728985,6869707.747494217,5000.0
optimistic_p10,RFR,THE ROTHERHAM NHS FOUNDATION TRUST,140,Oral Surgery Service,5620.660339355469,0,0.0,5620.66036,0.0,0.0,Optimal,500,0,6874707.747728985,6869707.747494217,5000.0
optimistic_p10,RFS,CHESTERFIELD ROYAL HOSPITAL NHS FOUNDATION TRUST,100,General Surgery Service,6342.127624511719,0,0.0,6342.12762,0.0,0.0,Optimal,500,0,6874707.747728985,6869707.747494217,5000.0
optimistic_p10,RGP,JAMES PAGET UNIVERSITY HOSPITALS NHS FOUNDATION TRUST,502,Gynaecology Service,3375.40966796875,0,0.0,3375.40967,0.0,0.0,Optimal,500,0,6874707.747728985,6869707.747494217,5000.0
optimistic_p10,RFS,CHESTERFIELD ROYAL HOSPITAL NHS FOUNDATION TRUST,101,Urology Service,2694.0977935791016,0,0.0,2694.0978,0.0,0.0,Optimal,500,0,6874707.747728985,6869707.747494217,5000.0
optimistic_p10,RGP,JAMES PAGET UNIVERSITY HOSPITALS NHS FOUNDATION TRUST,160,Plastic Surgery Service,431.58606719970703,0,0.0,431.586067,0.0,0.0,Optimal,500,0,6874707.747728985,6869707.747494217,5000.0
optimistic_p10,RGP,JAMES PAGET UNIVERSITY HOSPITALS NHS FOUNDATION TRUST,140,Oral Surgery Service,550.0705490112305,0,0.0,550.07055,0.0,0.0,Optimal,500,0,6874707.747728985,6869707.747494217,5000.0
optimistic_p10,RGP,JAMES PAGET UNIVERSITY HOSPITALS NHS FOUNDATION TRUST,130,Ophthalmology Service,3618.8648681640625,0,0.0,3618.86486,0.0,0.0,Optimal,500,0,6874707.747728985,6869707.747494217,5000.0
optimistic_p10,RGP,JAMES PAGET UNIVERSITY HOSPITALS NHS FOUNDATION TRUST,120,Ear Nose and Throat Service,1617.4047088623047,0,0.0,1617.40472,0.0,0.0,Optimal,500,0,6874707.747728985,6869707.747494217,5000.0
optimistic_p10,RGP,JAMES PAGET UNIVERSITY HOSPITALS NHS FOUNDATION TRUST,110,Trauma and Orthopaedic Service,7607.936950683594,0,0.0,7607.93695,0.0,0.0,Optimal,500,0,6874707.747728985,6869707.747494217,5000.0
optimistic_p10,RGP,JAMES PAGET UNIVERSITY HOSPITALS NHS FOUNDATION TRUST,101,Urology Service,2250.7687225341797,0,0.0,2250.76872,0.0,0.0,Optimal,500,0,6874707.747728985,6869707.747494217,5000.0
optimistic_p10,RGP,JAMES PAGET UNIVERSITY HOSPITALS NHS FOUNDATION TRUST,100,General Surgery Service,8088.9549560546875,0,0.0,8088.95497,0.0,0.0,Optimal,500,0,6874707.747728985,6869707.747494217,5000.0
optimistic_p10,RGN,NORTH WEST ANGLIA NHS FOUNDATION TRUST,502,Gynaecology Service,4626.446960449219,0,0.0,4626.44696,0.0,0.0,Optimal,500,0,6874707.747728985,6869707.747494217,5000.0
optimistic_p10,RGN,NORTH WEST ANGLIA NHS FOUNDATION TRUST,160,Plastic Surgery Service,5999.807373046875,0,0.0,5999.80738,0.0,0.0,Optimal,500,0,6874707.747728985,6869707.747494217,5000.0
optimistic_p10,RGN,NORTH WEST ANGLIA NHS FOUNDATION TRUST,140,Oral Surgery Service,2460.116683959961,0,0.0,2460.11669,0.0,0.0,Optimal,500,0,6874707.747728985,6869707.747494217,5000.0
optimistic_p10,RGN,NORTH WEST ANGLIA NHS FOUNDATION TRUST,130,Ophthalmology Service,5766.728820800781,0,0.0,5766.72883,0.0,0.0,Optimal,500,0,6874707.747728985,6869707.747494217,5000.0
optimistic_p10,RGN,NORTH WEST ANGLIA NHS FOUNDATION TRUST,120,Ear Nose and Throat Service,5409.556396484375,0,0.0,5409.5564,0.0,0.0,Optimal,500,0,6874707.747728985,6869707.747494217,5000.0
optimistic_p10,RGN,NORTH WEST ANGLIA NHS FOUNDATION TRUST,110,Trauma and Orthopaedic Service,17110.927856445312,0,0.0,17110.928,0.0,0.0,Optimal,500,0,6874707.747728985,6869707.747494217,5000.0
optimistic_p10,RGN,NORTH WEST ANGLIA NHS FOUNDATION TRUST,101,Urology Service,3858.9615783691406,0,0.0,3858.96158,0.0,0.0,Optimal,500,0,6874707.747728985,6869707.747494217,5000.0
optimistic_p10,RGN,NORTH WEST ANGLIA NHS FOUNDATION TRUST,100,General Surgery Service,8182.611755371094,0,0.0,8182.61177,0.0,0.0,Optimal,500,0,6874707.747728985,6869707.747494217,5000.0
optimistic_p10,RGM,ROYAL PAPWORTH HOSPITAL NHS FOUNDATION TRUST,170,Cardiothoracic Surgery Service,1592.0622787475586,0,0.0,1592.06228,0.0,0.0,Optimal,500,0,6874707.747728985,6869707.747494217,5000.0
optimistic_p10,RFS,CHESTERFIELD ROYAL HOSPITAL NHS FOUNDATION TRUST,502,Gynaecology Service,4429.146545410156,0,0.0,4429.1465499999995,0.0,0.0,Optimal,500,0,6874707.747728985,6869707.747494217,5000.0
optimistic_p10,RFS,CHESTERFIELD ROYAL HOSPITAL NHS FOUNDATION TRUST,140,Oral Surgery Service,1681.6568450927734,0,0.0,1681.65687,0.0,0.0,Optimal,500,0,6874707.747728985,6869707.747494217,5000.0
optimistic_p10,RFS,CHESTERFIELD ROYAL HOSPITAL NHS FOUNDATION TRUST,130,Ophthalmology Service,1765.2813873291016,0,0.0,1765.28139,0.0,0.0,Optimal,500,0,6874707.747728985,6869707.747494217,5000.0
optimistic_p10,RFS,CHESTERFIELD ROYAL HOSPITAL NHS FOUNDATION TRUST,120,Ear Nose and Throat Service,3098.6048736572266,0,0.0,3098.60488,0.0,0.0,Optimal,500,0,6874707.747728985,6869707.747494217,5000.0
optimistic_p10,RFS,CHESTERFIELD ROYAL HOSPITAL NHS FOUNDATION TRUST,110,Trauma and Orthopaedic Service,11671.629638671875,0,0.0,11671.62972,0.0,0.0,Optimal,500,0,6874707.747728985,6869707.747494217,5000.0
optimistic_p10,RN5,HAMPSHIRE HOSPITALS NHS FOUNDATION TRUST,502,Gynaecology Service,4020.2515563964844,0,0.0,4020.25156,0.0,0.0,Optimal,500,0,6874707.747728985,6869707.747494217,5000.0
optimistic_p10,RNN,NORTH CUMBRIA INTEGRATED CARE NHS FOUNDATION TRUST,110,Trauma and Orthopaedic Service,11254.809631347656,0,0.0,11254.80963,0.0,0.0,Optimal,500,0,6874707.747728985,6869707.747494217,5000.0
optimistic_p10,RN7,DARTFORD AND GRAVESHAM NHS TRUST,101,Urology Service,7207.1617431640625,0,0.0,7207.16175,0.0,0.0,Optimal,500,0,6874707.747728985,6869707.747494217,5000.0
optimistic_p10,RWH,EAST AND NORTH HERTFORDSHIRE TEACHING NHS TRUST,140,Oral Surgery Service,974.1398315429688,0,0.0,974.139832,0.0,0.0,Optimal,500,0,6874707.747728985,6869707.747494217,5000.0
optimistic_p10,RWJ,STOCKPORT NHS FOUNDATION TRUST,502,Gynaecology Service,2726.1517791748047,0,0.0,2726.15178,0.0,0.0,Optimal,500,0,6874707.747728985,6869707.747494217,5000.0
optimistic_p10,RWJ,STOCKPORT NHS FOUNDATION TRUST,140,Oral Surgery Service,40.11757516860962,0,0.0,40.1175752,0.0,0.0,Optimal,500,0,6874707.747728985,6869707.747494217,5000.0
optimistic_p10,RWJ,STOCKPORT NHS FOUNDATION TRUST,130,Ophthalmology Service,5983.907165527344,0,0.0,5983.90718,0.0,0.0,Optimal,500,0,6874707.747728985,6869707.747494217,5000.0
optimistic_p10,RWJ,STOCKPORT NHS FOUNDATION TRUST,120,Ear Nose and Throat Service,4219.482482910156,0,0.0,4219.48248,0.0,0.0,Optimal,500,0,6874707.747728985,6869707.747494217,5000.0
optimistic_p10,RWJ,STOCKPORT NHS FOUNDATION TRUST,110,Trauma and Orthopaedic Service,17647.142822265625,0,0.0,17647.1429,0.0,0.0,Optimal,500,0,6874707.747728985,6869707.747494217,5000.0
optimistic_p10,RWJ,STOCKPORT NHS FOUNDATION TRUST,101,Urology Service,6170.036926269531,0,0.0,6170.03695,0.0,0.0,Optimal,500,0,6874707.747728985,6869707.747494217,5000.0
optimistic_p10,RWJ,STOCKPORT NHS FOUNDATION TRUST,100,General Surgery Service,5592.3765869140625,0,0.0,5592.37659,0.0,0.0,Optimal,500,0,6874707.747728985,6869707.747494217,5000.0
optimistic_p10,RWH,EAST AND NORTH HERTFORDSHIRE TEACHING NHS TRUST,502,Gynaecology Service,3408.909393310547,0,0.0,3408.9094,0.0,0.0,Optimal,500,0,6874707.747728985,6869707.747494217,5000.0
optimistic_p10,RWH,EAST AND NORTH HERTFORDSHIRE TEACHING NHS TRUST,170,Cardiothoracic Surgery Service,124.19592189788818,0,0.0,124.1959241,0.0,0.0,Optimal,500,0,6874707.747728985,6869707.747494217,5000.0
optimistic_p10,RWH,EAST AND NORTH HERTFORDSHIRE TEACHING NHS TRUST,160,Plastic Surgery Service,10416.73681640625,0,0.0,10416.73681,0.0,0.0,Optimal,500,0,6874707.747728985,6869707.747494217,5000.0
optimistic_p10,RWH,EAST AND NORTH HERTFORDSHIRE TEACHING NHS TRUST,130,Ophthalmology Service,3699.902130126953,0,0.0,3699.90213,0.0,0.0,Optimal,500,0,6874707.747728985,6869707.747494217,5000.0
optimistic_p10,RWF,MAIDSTONE AND TUNBRIDGE WELLS NHS TRUST,502,Gynaecology Service,6894.4705810546875,0,0.0,6894.4705699999995,0.0,0.0,Optimal,500,0,6874707.747728985,6869707.747494217,5000.0
optimistic_p10,RWH,EAST AND NORTH HERTFORDSHIRE TEACHING NHS TRUST,120,Ear Nose and Throat Service,7127.073547363281,0,0.0,7127.07355,0.0,0.0,Optimal,500,0,6874707.747728985,6869707.747494217,5000.0
optimistic_p10,RWH,EAST AND NORTH HERTFORDSHIRE TEACHING NHS TRUST,110,Trauma and Orthopaedic Service,9214.971435546875,0,0.0,9214.97144,0.0,0.0,Optimal,500,0,6874707.747728985,6869707.747494217,5000.0
optimistic_p10,RWH,EAST AND NORTH HERTFORDSHIRE TEACHING NHS TRUST,101,Urology Service,4470.551666259766,0,0.0,4470.55167,0.0,0.0,Optimal,500,0,6874707.747728985,6869707.747494217,5000.0
optimistic_p10,RWH,EAST AND NORTH HERTFORDSHIRE TEACHING NHS TRUST,100,General Surgery Service,3416.9081420898438,0,0.0,3416.90814,0.0,0.0,Optimal,500,0,6874707.747728985,6869707.747494217,5000.0
optimistic_p10,RWG,WEST HERTFORDSHIRE TEACHING HOSPITALS NHS TRUST,502,Gynaecology Service,3851.1790161132812,0,0.0,3851.179,0.0,0.0,Optimal,500,0,6874707.747728985,6869707.747494217,5000.0
optimistic_p10,RWG,WEST HERTFORDSHIRE TEACHING HOSPITALS NHS TRUST,140,Oral Surgery Service,5008.225402832031,0,0.0,5008.2254,0.0,0.0,Optimal,500,0,6874707.747728985,6869707.747494217,5000.0
optimistic_p10,RWG,WEST HERTFORDSHIRE TEACHING HOSPITALS NHS TRUST,130,Ophthalmology Service,3721.6651306152344,0,0.0,3721.6651199999997,0.0,0.0,Optimal,500,0,6874707.747728985,6869707.747494217,5000.0
optimistic_p10,RWG,WEST HERTFORDSHIRE TEACHING HOSPITALS NHS TRUST,120,Ear Nose and Throat Service,4518.7860107421875,0,0.0,4518.786,0.0,0.0,Optimal,500,0,6874707.747728985,6869707.747494217,5000.0
optimistic_p10,RWG,WEST HERTFORDSHIRE TEACHING HOSPITALS NHS TRUST,110,Trauma and Orthopaedic Service,15057.625,0,0.0,15057.6249,0.0,0.0,Optimal,500,0,6874707.747728985,6869707.747494217,5000.0
optimistic_p10,RWG,WEST HERTFORDSHIRE TEACHING HOSPITALS NHS TRUST,101,Urology Service,3643.7244262695312,0,0.0,3643.72444,0.0,0.0,Optimal,500,0,6874707.747728985,6869707.747494217,5000.0
optimistic_p10,RWP,WORCESTERSHIRE ACUTE HOSPITALS NHS TRUST,100,General Surgery Service,7957.500793457031,0,0.0,7957.50079,0.0,0.0,Optimal,500,0,6874707.747728985,6869707.747494217,5000.0
optimistic_p10,RWP,WORCESTERSHIRE ACUTE HOSPITALS NHS TRUST,101,Urology Service,10223.648742675781,0,0.0,10223.64874,0.0,0.0,Optimal,500,0,6874707.747728985,6869707.747494217,5000.0
optimistic_p10,RWP,WORCESTERSHIRE ACUTE HOSPITALS NHS TRUST,110,Trauma and Orthopaedic Service,21695.947998046875,0,0.0,21695.9481,0.0,0.0,Optimal,500,0,6874707.747728985,6869707.747494217,5000.0
optimistic_p10,RWP,WORCESTERSHIRE ACUTE HOSPITALS NHS TRUST,120,Ear Nose and Throat Service,7971.63623046875,0,0.0,7971.63622,0.0,0.0,Optimal,500,0,6874707.747728985,6869707.747494217,5000.0
optimistic_p10,RX1,NOTTINGHAM UNIVERSITY HOSPITALS NHS TRUST,110,Trauma and Orthopaedic Service,9022.424377441406,0,0.0,9022.42438,0.0,0.0,Optimal,500,0,6874707.747728985,6869707.747494217,5000.0
optimistic_p10,RX1,NOTTINGHAM UNIVERSITY HOSPITALS NHS TRUST,101,Urology Service,3124.3131561279297,0,0.0,3124.31316,0.0,0.0,Optimal,500,0,6874707.747728985,6869707.747494217,5000.0
optimistic_p10,RX1,NOTTINGHAM UNIVERSITY HOSPITALS NHS TRUST,100,General Surgery Service,1955.6540985107422,0,0.0,1955.65409,0.0,0.0,Optimal,500,0,6874707.747728985,6869707.747494217,5000.0
optimistic_p10,RWY,CALDERDALE AND HUDDERSFIELD NHS FOUNDATION TRUST,502,Gynaecology Service,4089.128143310547,0,0.0,4089.12812,0.0,0.0,Optimal,500,0,6874707.747728985,6869707.747494217,5000.0
optimistic_p10,RWY,CALDERDALE AND HUDDERSFIELD NHS FOUNDATION TRUST,160,Plastic Surgery Service,1859.2539825439453,0,0.0,1859.2539700000002,0.0,0.0,Optimal,500,0,6874707.747728985,6869707.747494217,5000.0
optimistic_p10,RWY,CALDERDALE AND HUDDERSFIELD NHS FOUNDATION TRUST,140,Oral Surgery Service,1236.755386352539,0,0.0,1236.755374,0.0,0.0,Optimal,500,0,6874707.747728985,6869707.747494217,5000.0
optimistic_p10,RWY,CALDERDALE AND HUDDERSFIELD NHS FOUNDATION TRUST,130,Ophthalmology Service,5063.334899902344,0,0.0,5063.33492,0.0,0.0,Optimal,500,0,6874707.747728985,6869707.747494217,5000.0
optimistic_p10,RWY,CALDERDALE AND HUDDERSFIELD NHS FOUNDATION TRUST,120,Ear Nose and Throat Service,4202.9710693359375,0,0.0,4202.97107,0.0,0.0,Optimal,500,0,6874707.747728985,6869707.747494217,5000.0
optimistic_p10,RWY,CALDERDALE AND HUDDERSFIELD NHS FOUNDATION TRUST,110,Trauma and Orthopaedic Service,8472.404724121094,0,0.0,8472.40472,0.0,0.0,Optimal,500,0,6874707.747728985,6869707.747494217,5000.0
optimistic_p10,RWY,CALDERDALE AND HUDDERSFIELD NHS FOUNDATION TRUST,101,Urology Service,3957.9384155273438,0,0.0,3957.9384,0.0,0.0,Optimal,500,0,6874707.747728985,6869707.747494217,5000.0
optimistic_p10,RWY,CALDERDALE AND HUDDERSFIELD NHS FOUNDATION TRUST,100,General Surgery Service,13504.620361328125,0,0.0,13504.6203,0.0,0.0,Optimal,500,0,6874707.747728985,6869707.747494217,5000.0
optimistic_p10,RWW,NORTH CHESHIRE AND MERSEY NHS FOUNDATION TRUST,502,Gynaecology Service,2741.5452270507812,0,0.0,2741.54526,0.0,0.0,Optimal,500,0,6874707.747728985,6869707.747494217,5000.0
optimistic_p10,RWW,NORTH CHESHIRE AND MERSEY NHS FOUNDATION TRUST,130,Ophthalmology Service,4459.848205566406,0,0.0,4459.84821,0.0,0.0,Optimal,500,0,6874707.747728985,6869707.747494217,5000.0
optimistic_p10,RWW,NORTH CHESHIRE AND MERSEY NHS FOUNDATION TRUST,120,Ear Nose and Throat Service,2963.626235961914,0,0.0,2963.62626,0.0,0.0,Optimal,500,0,6874707.747728985,6869707.747494217,5000.0
optimistic_p10,RWW,NORTH CHESHIRE AND MERSEY NHS FOUNDATION TRUST,110,Trauma and Orthopaedic Service,11136.570007324219,0,0.0,11136.57,0.0,0.0,Optimal,500,0,6874707.747728985,6869707.747494217,5000.0
optimistic_p10,RWW,NORTH CHESHIRE AND MERSEY NHS FOUNDATION TRUST,101,Urology Service,3002.7359771728516,0,0.0,3002.73599,0.0,0.0,Optimal,500,0,6874707.747728985,6869707.747494217,5000.0
optimistic_p10,RWW,NORTH CHESHIRE AND MERSEY NHS FOUNDATION TRUST,100,General Surgery Service,1971.0411682128906,0,0.0,1971.04116,0.0,0.0,Optimal,500,0,6874707.747728985,6869707.747494217,5000.0
optimistic_p10,RWP,WORCESTERSHIRE ACUTE HOSPITALS NHS TRUST,502,Gynaecology Service,6860.079284667969,0,0.0,6860.07929,0.0,0.0,Optimal,500,0,6874707.747728985,6869707.747494217,5000.0
optimistic_p10,RWP,WORCESTERSHIRE ACUTE HOSPITALS NHS TRUST,160,Plastic Surgery Service,16.922562837600708,0,0.0,16.9225628,0.0,0.0,Optimal,500,0,6874707.747728985,6869707.747494217,5000.0
optimistic_p10,RWP,WORCESTERSHIRE ACUTE HOSPITALS NHS TRUST,140,Oral Surgery Service,5686.695495605469,0,0.0,5686.69548,0.0,0.0,Optimal,500,0,6874707.747728985,6869707.747494217,5000.0
optimistic_p10,RWP,WORCESTERSHIRE ACUTE HOSPITALS NHS TRUST,130,Ophthalmology Service,8247.148010253906,0,0.0,8247.14801,0.0,0.0,Optimal,500,0,6874707.747728985,6869707.747494217,5000.0
optimistic_p10,RWG,WEST HERTFORDSHIRE TEACHING HOSPITALS NHS TRUST,100,General Surgery Service,8398.742309570312,0,0.0,8398.74229,0.0,0.0,Optimal,500,0,6874707.747728985,6869707.747494217,5000.0
optimistic_p10,RWF,MAIDSTONE AND TUNBRIDGE WELLS NHS TRUST,130,Ophthalmology Service,10207.352844238281,0,0.0,10207.35284,0.0,0.0,Optimal,500,0,6874707.747728985,6869707.747494217,5000.0
optimistic_p10,RX1,NOTTINGHAM UNIVERSITY HOSPITALS NHS TRUST,130,Ophthalmology Service,2965.0997467041016,0,0.0,2965.09974,0.0,0.0,Optimal,500,0,6874707.747728985,6869707.747494217,5000.0
optimistic_p10,RVV,EAST KENT HOSPITALS UNIVERSITY NHS FOUNDATION TRUST,130,Ophthalmology Service,9736.365417480469,0,0.0,9736.36541,0.0,0.0,Optimal,500,0,6874707.747728985,6869707.747494217,5000.0
optimistic_p10,RWA,HULL UNIVERSITY TEACHING HOSPITALS NHS TRUST,110,Trauma and Orthopaedic Service,17179.0205078125,0,0.0,17179.0203,0.0,0.0,Optimal,500,0,6874707.747728985,6869707.747494217,5000.0
optimistic_p10,RWA,HULL UNIVERSITY TEACHING HOSPITALS NHS TRUST,101,Urology Service,7461.9053955078125,0,0.0,7461.9054,0.0,0.0,Optimal,500,0,6874707.747728985,6869707.747494217,5000.0
optimistic_p10,RWA,HULL UNIVERSITY TEACHING HOSPITALS NHS TRUST,100,General Surgery Service,14269.451171875,0,0.0,14269.4512,0.0,0.0,Optimal,500,0,6874707.747728985,6869707.747494217,5000.0
optimistic_p10,RW1,HAMPSHIRE AND ISLE OF WIGHT HEALTHCARE NHS FOUNDATION TRUST,100,General Surgery Service,36.39735436439514,0,0.0,36.3973542,0.0,0.0,Optimal,500,0,6874707.747728985,6869707.747494217,5000.0
optimistic_p10,RVW,NORTH TEES AND HARTLEPOOL NHS FOUNDATION TRUST,502,Gynaecology Service,6288.313262939453,0,0.0,6288.31325,0.0,0.0,Optimal,500,0,6874707.747728985,6869707.747494217,5000.0
optimistic_p10,RVW,NORTH TEES AND HARTLEPOOL NHS FOUNDATION TRUST,110,Trauma and Orthopaedic Service,16061.46875,0,0.0,16061.4687,0.0,0.0,Optimal,500,0,6874707.747728985,6869707.747494217,5000.0
optimistic_p10,RVW,NORTH TEES AND HARTLEPOOL NHS FOUNDATION TRUST,101,Urology Service,4614.143859863281,0,0.0,4614.14386,0.0,0.0,Optimal,500,0,6874707.747728985,6869707.747494217,5000.0
optimistic_p10,RVW,NORTH TEES AND HARTLEPOOL NHS FOUNDATION TRUST,100,General Surgery Service,4013.8279724121094,0,0.0,4013.82798,0.0,0.0,Optimal,500,0,6874707.747728985,6869707.747494217,5000.0
optimistic_p10,RVV,EAST KENT HOSPITALS UNIVERSITY NHS FOUNDATION TRUST,502,Gynaecology Service,3641.1592712402344,0,0.0,3641.15927,0.0,0.0,Optimal,500,0,6874707.747728985,6869707.747494217,5000.0
optimistic_p10,RVV,EAST KENT HOSPITALS UNIVERSITY NHS FOUNDATION TRUST,140,Oral Surgery Service,4786.832122802734,0,0.0,4786.83213,0.0,0.0,Optimal,500,0,6874707.747728985,6869707.747494217,5000.0
optimistic_p10,RVV,EAST KENT HOSPITALS UNIVERSITY NHS FOUNDATION TRUST,120,Ear Nose and Throat Service,16989.74951171875,0,0.0,16989.7496,0.0,0.0,Optimal,500,0,6874707.747728985,6869707.747494217,5000.0
optimistic_p10,RWF,MAIDSTONE AND TUNBRIDGE WELLS NHS TRUST,120,Ear Nose and Throat Service,5455.520263671875,0,0.0,5455.52026,0.0,0.0,Optimal,500,0,6874707.747728985,6869707.747494217,5000.0
optimistic_p10,RVV,EAST KENT HOSPITALS UNIVERSITY NHS FOUNDATION TRUST,110,Trauma and Orthopaedic Service,31033.0283203125,0,0.0,31033.0281,0.0,0.0,Optimal,500,0,6874707.747728985,6869707.747494217,5000.0
optimistic_p10,RVV,EAST KENT HOSPITALS UNIVERSITY NHS FOUNDATION TRUST,101,Urology Service,8929.613159179688,0,0.0,8929.61317,0.0,0.0,Optimal,500,0,6874707.747728985,6869707.747494217,5000.0
optimistic_p10,RVV,EAST KENT HOSPITALS UNIVERSITY NHS FOUNDATION TRUST,100,General Surgery Service,23188.458618164062,0,0.0,23188.458599999998,0.0,0.0,Optimal,500,0,6874707.747728985,6869707.747494217,5000.0
optimistic_p10,RVR,EPSOM AND ST HELIER UNIVERSITY HOSPITALS NHS TRUST,502,Gynaecology Service,4841.1810302734375,0,0.0,4841.18102,0.0,0.0,Optimal,500,0,6874707.747728985,6869707.747494217,5000.0
optimistic_p10,RVR,EPSOM AND ST HELIER UNIVERSITY HOSPITALS NHS TRUST,140,Oral Surgery Service,1032.8259201049805,0,0.0,1032.8259189999999,0.0,0.0,Optimal,500,0,6874707.747728985,6869707.747494217,5000.0
optimistic_p10,RVR,EPSOM AND ST HELIER UNIVERSITY HOSPITALS NHS TRUST,130,Ophthalmology Service,3925.0493774414062,0,0.0,3925.04937,0.0,0.0,Optimal,500,0,6874707.747728985,6869707.747494217,5000.0
optimistic_p10,RVR,EPSOM AND ST HELIER UNIVERSITY HOSPITALS NHS TRUST,120,Ear Nose and Throat Service,1661.5084686279297,0,0.0,1661.50848,0.0,0.0,Optimal,500,0,6874707.747728985,6869707.747494217,5000.0
optimistic_p10,RVR,EPSOM AND ST HELIER UNIVERSITY HOSPITALS NHS TRUST,110,Trauma and Orthopaedic Service,33762.9130859375,0,0.0,33762.9133,0.0,0.0,Optimal,500,0,6874707.747728985,6869707.747494217,5000.0
optimistic_p10,RVR,EPSOM AND ST HELIER UNIVERSITY HOSPITALS NHS TRUST,101,Urology Service,3224.1070556640625,0,0.0,3224.10705,0.0,0.0,Optimal,500,0,6874707.747728985,6869707.747494217,5000.0
optimistic_p10,RVR,EPSOM AND ST HELIER UNIVERSITY HOSPITALS NHS TRUST,100,General Surgery Service,5620.856597900391,0,0.0,5620.8566,0.0,0.0,Optimal,500,0,6874707.747728985,6869707.747494217,5000.0
optimistic_p10,RWA,HULL UNIVERSITY TEACHING HOSPITALS NHS TRUST,120,Ear Nose and Throat Service,8866.820922851562,0,0.0,8866.82093,0.0,0.0,Optimal,500,0,6874707.747728985,6869707.747494217,5000.0
optimistic_p10,RWA,HULL UNIVERSITY TEACHING HOSPITALS NHS TRUST,130,Ophthalmology Service,19673.022094726562,0,0.0,19673.022100000002,0.0,0.0,Optimal,500,0,6874707.747728985,6869707.747494217,5000.0
optimistic_p10,RWA,HULL UNIVERSITY TEACHING HOSPITALS NHS TRUST,140,Oral Surgery Service,2989.8156127929688,0,0.0,2989.81559,0.0,0.0,Optimal,500,0,6874707.747728985,6869707.747494217,5000.0
optimistic_p10,RWA,HULL UNIVERSITY TEACHING HOSPITALS NHS TRUST,150,Neurosurgical Service,5299.995941162109,0,0.0,5299.99594,0.0,0.0,Optimal,500,0,6874707.747728985,6869707.747494217,5000.0
optimistic_p10,RWF,MAIDSTONE AND TUNBRIDGE WELLS NHS TRUST,110,Trauma and Orthopaedic Service,15810.144897460938,0,0.0,15810.145,0.0,0.0,Optimal,500,0,6874707.747728985,6869707.747494217,5000.0
optimistic_p10,RWF,MAIDSTONE AND TUNBRIDGE WELLS NHS TRUST,101,Urology Service,5262.333038330078,0,0.0,5262.33303,0.0,0.0,Optimal,500,0,6874707.747728985,6869707.747494217,5000.0
optimistic_p10,RWF,MAIDSTONE AND TUNBRIDGE WELLS NHS TRUST,100,General Surgery Service,17656.149047851562,0,0.0,17656.1491,0.0,0.0,Optimal,500,0,6874707.747728985,6869707.747494217,5000.0
optimistic_p10,RWE,UNIVERSITY HOSPITALS OF LEICESTER NHS TRUST,502,Gynaecology Service,6597.9134521484375,0,0.0,6597.91344,0.0,0.0,Optimal,500,0,6874707.747728985,6869707.747494217,5000.0
optimistic_p10,RWE,UNIVERSITY HOSPITALS OF LEICESTER NHS TRUST,170,Cardiothoracic Surgery Service,1247.7418975830078,0,0.0,1247.74189,0.0,0.0,Optimal,500,0,6874707.747728985,6869707.747494217,5000.0
optimistic_p10,RWE,UNIVERSITY HOSPITALS OF LEICESTER NHS TRUST,160,Plastic Surgery Service,4780.564697265625,0,0.0,4780.56469,0.0,0.0,Optimal,500,0,6874707.747728985,6869707.747494217,5000.0
optimistic_p10,RWE,UNIVERSITY HOSPITALS OF LEICESTER NHS TRUST,140,Oral Surgery Service,3477.4151763916016,0,0.0,3477.41517,0.0,0.0,Optimal,500,0,6874707.747728985,6869707.747494217,5000.0
optimistic_p10,RWE,UNIVERSITY HOSPITALS OF LEICESTER NHS TRUST,130,Ophthalmology Service,8357.279296875,0,0.0,8357.27929,0.0,0.0,Optimal,500,0,6874707.747728985,6869707.747494217,5000.0
optimistic_p10,RWE,UNIVERSITY HOSPITALS OF LEICESTER NHS TRUST,120,Ear Nose and Throat Service,6296.846160888672,0,0.0,6296.84616,0.0,0.0,Optimal,500,0,6874707.747728985,6869707.747494217,5000.0
optimistic_p10,RWE,UNIVERSITY HOSPITALS OF LEICESTER NHS TRUST,110,Trauma and Orthopaedic Service,18755.070190429688,0,0.0,18755.0701,0.0,0.0,Optimal,500,0,6874707.747728985,6869707.747494217,5000.0
optimistic_p10,RWE,UNIVERSITY HOSPITALS OF LEICESTER NHS TRUST,101,Urology Service,5840.661560058594,0,0.0,5840.66157,0.0,0.0,Optimal,500,0,6874707.747728985,6869707.747494217,5000.0
optimistic_p10,RWE,UNIVERSITY HOSPITALS OF LEICESTER NHS TRUST,100,General Surgery Service,6912.8238525390625,0,0.0,6912.82387,0.0,0.0,Optimal,500,0,6874707.747728985,6869707.747494217,5000.0
optimistic_p10,RWD,UNITED LINCOLNSHIRE TEACHING HOSPITALS NHS TRUST,502,Gynaecology Service,4244.625640869141,0,0.0,4244.6256300000005,0.0,0.0,Optimal,500,0,6874707.747728985,6869707.747494217,5000.0
optimistic_p10,RWD,UNITED LINCOLNSHIRE TEACHING HOSPITALS NHS TRUST,130,Ophthalmology Service,4560.462982177734,0,0.0,4560.46299,0.0,0.0,Optimal,500,0,6874707.747728985,6869707.747494217,5000.0
optimistic_p10,RWD,UNITED LINCOLNSHIRE TEACHING HOSPITALS NHS TRUST,120,Ear Nose and Throat Service,5630.177764892578,0,0.0,5630.17777,0.0,0.0,Optimal,500,0,6874707.747728985,6869707.747494217,5000.0
optimistic_p10,RWD,UNITED LINCOLNSHIRE TEACHING HOSPITALS NHS TRUST,110,Trauma and Orthopaedic Service,18851.663452148438,0,0.0,18851.6635,0.0,0.0,Optimal,500,0,6874707.747728985,6869707.747494217,5000.0
optimistic_p10,RWD,UNITED LINCOLNSHIRE TEACHING HOSPITALS NHS TRUST,101,Urology Service,4480.2890625,0,0.0,4480.28906,0.0,0.0,Optimal,500,0,6874707.747728985,6869707.747494217,5000.0
optimistic_p10,RWD,UNITED LINCOLNSHIRE TEACHING HOSPITALS NHS TRUST,100,General Surgery Service,15105.179931640625,0,0.0,15105.1799,0.0,0.0,Optimal,500,0,6874707.747728985,6869707.747494217,5000.0
optimistic_p10,RWA,HULL UNIVERSITY TEACHING HOSPITALS NHS TRUST,502,Gynaecology Service,8992.189819335938,0,0.0,8992.18981,0.0,0.0,Optimal,500,0,6874707.747728985,6869707.747494217,5000.0
optimistic_p10,RWA,HULL UNIVERSITY TEACHING HOSPITALS NHS TRUST,170,Cardiothoracic Surgery Service,754.0227546691895,0,0.0,754.022752,0.0,0.0,Optimal,500,0,6874707.747728985,6869707.747494217,5000.0
optimistic_p10,RWA,HULL UNIVERSITY TEACHING HOSPITALS NHS TRUST,160,Plastic Surgery Service,14056.2958984375,0,0.0,14056.295900000001,0.0,0.0,Optimal,500,0,6874707.747728985,6869707.747494217,5000.0
optimistic_p10,RX1,NOTTINGHAM UNIVERSITY HOSPITALS NHS TRUST,120,Ear Nose and Throat Service,5969.563507080078,0,0.0,5969.56352,0.0,0.0,Optimal,500,0,6874707.747728985,6869707.747494217,5000.0
optimistic_p10,RX1,NOTTINGHAM UNIVERSITY HOSPITALS NHS TRUST,140,Oral Surgery Service,1512.3050003051758,0,0.0,1512.305,0.0,0.0,Optimal,500,0,6874707.747728985,6869707.747494217,5000.0
optimistic_p10,RN7,DARTFORD AND GRAVESHAM NHS TRUST,110,Trauma and Orthopaedic Service,14458.653686523438,0,0.0,14458.6535,0.0,0.0,Optimal,500,0,6874707.747728985,6869707.747494217,5000.0
optimistic_p10,RXR,EAST LANCASHIRE HOSPITALS NHS TRUST,110,Trauma and Orthopaedic Service,9083.060729980469,0,0.0,9083.06074,0.0,0.0,Optimal,500,0,6874707.747728985,6869707.747494217,5000.0
optimistic_p10,RXW,THE SHREWSBURY AND TELFORD HOSPITAL NHS TRUST,170,Cardiothoracic Surgery Service,147.34205436706543,0,0.0,147.3420547,0.0,0.0,Optimal,500,0,6874707.747728985,6869707.747494217,5000.0
optimistic_p10,RXW,THE SHREWSBURY AND TELFORD HOSPITAL NHS TRUST,140,Oral Surgery Service,1842.8581848144531,0,0.0,1842.85817,0.0,0.0,Optimal,500,0,6874707.747728985,6869707.747494217,5000.0
optimistic_p10,RXW,THE SHREWSBURY AND TELFORD HOSPITAL NHS TRUST,120,Ear Nose and Throat Service,4473.390411376953,0,0.0,4473.3904,0.0,0.0,Optimal,500,0,6874707.747728985,6869707.747494217,5000.0
optimistic_p10,RXW,THE SHREWSBURY AND TELFORD HOSPITAL NHS TRUST,110,Trauma and Orthopaedic Service,10105.644714355469,0,0.0,10105.6447,0.0,0.0,Optimal,500,0,6874707.747728985,6869707.747494217,5000.0
optimistic_p10,RXW,THE SHREWSBURY AND TELFORD HOSPITAL NHS TRUST,101,Urology Service,5162.5230712890625,0,0.0,5162.52309,0.0,0.0,Optimal,500,0,6874707.747728985,6869707.747494217,5000.0
optimistic_p10,RXW,THE SHREWSBURY AND TELFORD HOSPITAL NHS TRUST,100,General Surgery Service,13288.342041015625,0,0.0,13288.3421,0.0,0.0,Optimal,500,0,6874707.747728985,6869707.747494217,5000.0
optimistic_p10,RXR,EAST LANCASHIRE HOSPITALS NHS TRUST,502,Gynaecology Service,8487.102722167969,0,0.0,8487.10273,0.0,0.0,Optimal,500,0,6874707.747728985,6869707.747494217,5000.0
optimistic_p10,RXR,EAST LANCASHIRE HOSPITALS NHS TRUST,140,Oral Surgery Service,11589.70556640625,0,0.0,11589.70556,0.0,0.0,Optimal,500,0,6874707.747728985,6869707.747494217,5000.0
optimistic_p10,RXR,EAST LANCASHIRE HOSPITALS NHS TRUST,130,Ophthalmology Service,7336.18017578125,0,0.0,7336.18017,0.0,0.0,Optimal,500,0,6874707.747728985,6869707.747494217,5000.0
optimistic_p10,RXR,EAST LANCASHIRE HOSPITALS NHS TRUST,120,Ear Nose and Throat Service,5908.1435546875,0,0.0,5908.14355,0.0,0.0,Optimal,500,0,6874707.747728985,6869707.747494217,5000.0
optimistic_p10,RXR,EAST LANCASHIRE HOSPITALS NHS TRUST,101,Urology Service,2879.5301361083984,0,0.0,2879.53013,0.0,0.0,Optimal,500,0,6874707.747728985,6869707.747494217,5000.0
optimistic_p10,RXP,COUNTY DURHAM AND DARLINGTON NHS FOUNDATION TRUST,160,Plastic Surgery Service,5034.555755615234,0,0.0,5034.55576,0.0,0.0,Optimal,500,0,6874707.747728985,6869707.747494217,5000.0
optimistic_p10,RXR,EAST LANCASHIRE HOSPITALS NHS TRUST,100,General Surgery Service,7258.361145019531,0,0.0,7258.36116,0.0,0.0,Optimal,500,0,6874707.747728985,6869707.747494217,5000.0
optimistic_p10,RXQ,BUCKINGHAMSHIRE HEALTHCARE NHS TRUST,502,Gynaecology Service,6219.479644775391,0,0.0,6219.47965,0.0,0.0,Optimal,500,0,6874707.747728985,6869707.747494217,5000.0
optimistic_p10,RXQ,BUCKINGHAMSHIRE HEALTHCARE NHS TRUST,160,Plastic Surgery Service,5888.3807373046875,0,0.0,5888.3807400000005,0.0,0.0,Optimal,500,0,6874707.747728985,6869707.747494217,5000.0
optimistic_p10,RXQ,BUCKINGHAMSHIRE HEALTHCARE NHS TRUST,140,Oral Surgery Service,1938.2068328857422,0,0.0,1938.20684,0.0,0.0,Optimal,500,0,6874707.747728985,6869707.747494217,5000.0
optimistic_p10,RXQ,BUCKINGHAMSHIRE HEALTHCARE NHS TRUST,130,Ophthalmology Service,7157.100158691406,0,0.0,7157.10016,0.0,0.0,Optimal,500,0,6874707.747728985,6869707.747494217,5000.0
optimistic_p10,RXQ,BUCKINGHAMSHIRE HEALTHCARE NHS TRUST,120,Ear Nose and Throat Service,4422.8162841796875,0,0.0,4422.81629,0.0,0.0,Optimal,500,0,6874707.747728985,6869707.747494217,5000.0
optimistic_p10,RXQ,BUCKINGHAMSHIRE HEALTHCARE NHS TRUST,110,Trauma and Orthopaedic Service,15975.697875976562,0,0.0,15975.6977,0.0,0.0,Optimal,500,0,6874707.747728985,6869707.747494217,5000.0
optimistic_p10,RXQ,BUCKINGHAMSHIRE HEALTHCARE NHS TRUST,101,Urology Service,4359.711761474609,0,0.0,4359.71178,0.0,0.0,Optimal,500,0,6874707.747728985,6869707.747494217,5000.0
optimistic_p10,RXQ,BUCKINGHAMSHIRE HEALTHCARE NHS TRUST,100,General Surgery Service,8938.821166992188,0,0.0,8938.82117,0.0,0.0,Optimal,500,0,6874707.747728985,6869707.747494217,5000.0
optimistic_p10,RXP,COUNTY DURHAM AND DARLINGTON NHS FOUNDATION TRUST,502,Gynaecology Service,6153.340881347656,0,0.0,6153.34088,0.0,0.0,Optimal,500,0,6874707.747728985,6869707.747494217,5000.0
optimistic_p10,RXW,THE SHREWSBURY AND TELFORD HOSPITAL NHS TRUST,502,Gynaecology Service,5663.3349609375,0,0.0,5663.33497,0.0,0.0,Optimal,500,0,6874707.747728985,6869707.747494217,5000.0
optimistic_p10,RYJ,IMPERIAL COLLEGE HEALTHCARE NHS TRUST,100,General Surgery Service,5378.0723876953125,0,0.0,5378.07237,0.0,0.0,Optimal,500,0,6874707.747728985,6869707.747494217,5000.0
optimistic_p10,RYJ,IMPERIAL COLLEGE HEALTHCARE NHS TRUST,101,Urology Service,2964.1912536621094,0,0.0,2964.19125,0.0,0.0,Optimal,500,0,6874707.747728985,6869707.747494217,5000.0
optimistic_p10,RYJ,IMPERIAL COLLEGE HEALTHCARE NHS TRUST,110,Trauma and Orthopaedic Service,4171.921142578125,0,0.0,4171.92114,0.0,0.0,Optimal,500,0,6874707.747728985,6869707.747494217,5000.0
optimistic_p10,Y8L9S,SPAMEDICA BROMLEY,130,Ophthalmology Service,1521.0329208374023,0,0.0,1521.03291,0.0,0.0,Optimal,500,0,6874707.747728985,6869707.747494217,5000.0
optimistic_p10,V4U1Y,SPAMEDICA CHESTER,130,Ophthalmology Service,810.0741806030273,0,0.0,810.074181,0.0,0.0,Optimal,500,0,6874707.747728985,6869707.747494217,5000.0
optimistic_p10,T8V3L,SPAMEDICA DONCASTER,130,Ophthalmology Service,1286.7859649658203,0,0.0,1286.785947,0.0,0.0,Optimal,500,0,6874707.747728985,6869707.747494217,5000.0
optimistic_p10,T8R5I,SPAMEDICA WOKINGHAM,130,Ophthalmology Service,634.9597587585449,0,0.0,634.959758,0.0,0.0,Optimal,500,0,6874707.747728985,6869707.747494217,5000.0
optimistic_p10,S1Z4X,NEWMEDICA - BIRMINGHAM,130,Ophthalmology Service,1929.8126373291016,0,0.0,1929.81264,0.0,0.0,Optimal,500,0,6874707.747728985,6869707.747494217,5000.0
optimistic_p10,RYR,UNIVERSITY HOSPITALS SUSSEX NHS FOUNDATION TRUST,502,Gynaecology Service,10263.647583007812,0,0.0,10263.64758,0.0,0.0,Optimal,500,0,6874707.747728985,6869707.747494217,5000.0
optimistic_p10,RYR,UNIVERSITY HOSPITALS SUSSEX NHS FOUNDATION TRUST,170,Cardiothoracic Surgery Service,419.98851013183594,0,0.0,419.988509,0.0,0.0,Optimal,500,0,6874707.747728985,6869707.747494217,5000.0
optimistic_p10,RYR,UNIVERSITY HOSPITALS SUSSEX NHS FOUNDATION TRUST,150,Neurosurgical Service,1114.8661422729492,0,0.0,1114.866142,0.0,0.0,Optimal,500,0,6874707.747728985,6869707.747494217,5000.0
optimistic_p10,RYR,UNIVERSITY HOSPITALS SUSSEX NHS FOUNDATION TRUST,140,Oral Surgery Service,11775.095642089844,0,0.0,11775.09564,0.0,0.0,Optimal,500,0,6874707.747728985,6869707.747494217,5000.0
optimistic_p10,RYR,UNIVERSITY HOSPITALS SUSSEX NHS FOUNDATION TRUST,130,Ophthalmology Service,17543.931884765625,0,0.0,17543.9318,0.0,0.0,Optimal,500,0,6874707.747728985,6869707.747494217,5000.0
optimistic_p10,RYR,UNIVERSITY HOSPITALS SUSSEX NHS FOUNDATION TRUST,120,Ear Nose and Throat Service,8700.284973144531,0,0.0,8700.28498,0.0,0.0,Optimal,500,0,6874707.747728985,6869707.747494217,5000.0
optimistic_p10,RYR,UNIVERSITY HOSPITALS SUSSEX NHS FOUNDATION TRUST,110,Trauma and Orthopaedic Service,24396.309936523438,0,0.0,24396.3099,0.0,0.0,Optimal,500,0,6874707.747728985,6869707.747494217,5000.0
optimistic_p10,RYR,UNIVERSITY HOSPITALS SUSSEX NHS FOUNDATION TRUST,101,Urology Service,7087.3817138671875,0,0.0,7087.3817,0.0,0.0,Optimal,500,0,6874707.747728985,6869707.747494217,5000.0
optimistic_p10,RYR,UNIVERSITY HOSPITALS SUSSEX NHS FOUNDATION TRUST,100,General Surgery Service,8211.112731933594,0,0.0,8211.11273,0.0,0.0,Optimal,500,0,6874707.747728985,6869707.747494217,5000.0
optimistic_p10,RYJ,IMPERIAL COLLEGE HEALTHCARE NHS TRUST,502,Gynaecology Service,5323.04541015625,0,0.0,5323.0454,0.0,0.0,Optimal,500,0,6874707.747728985,6869707.747494217,5000.0
optimistic_p10,RYJ,IMPERIAL COLLEGE HEALTHCARE NHS TRUST,170,Cardiothoracic Surgery Service,1164.302749633789,0,0.0,1164.30275,0.0,0.0,Optimal,500,0,6874707.747728985,6869707.747494217,5000.0
optimistic_p10,RYJ,IMPERIAL COLLEGE HEALTHCARE NHS TRUST,160,Plastic Surgery Service,3243.0509643554688,0,0.0,3243.0509700000002,0.0,0.0,Optimal,500,0,6874707.747728985,6869707.747494217,5000.0
optimistic_p10,RYJ,IMPERIAL COLLEGE HEALTHCARE NHS TRUST,150,Neurosurgical Service,1406.916603088379,0,0.0,1406.91661,0.0,0.0,Optimal,500,0,6874707.747728985,6869707.747494217,5000.0
optimistic_p10,RYJ,IMPERIAL COLLEGE HEALTHCARE NHS TRUST,140,Oral Surgery Service,430.8696517944336,0,0.0,430.86965100000003,0.0,0.0,Optimal,500,0,6874707.747728985,6869707.747494217,5000.0
optimistic_p10,RYJ,IMPERIAL COLLEGE HEALTHCARE NHS TRUST,130,Ophthalmology Service,7589.6903076171875,0,0.0,7589.69032,0.0,0.0,Optimal,500,0,6874707.747728985,6869707.747494217,5000.0
optimistic_p10,RYJ,IMPERIAL COLLEGE HEALTHCARE NHS TRUST,120,Ear Nose and Throat Service,8476.973693847656,0,0.0,8476.97369,0.0,0.0,Optimal,500,0,6874707.747728985,6869707.747494217,5000.0
optimistic_p10,RXP,COUNTY DURHAM AND DARLINGTON NHS FOUNDATION TRUST,170,Cardiothoracic Surgery Service,40.208550214767456,0,0.0,40.2085502,0.0,0.0,Optimal,500,0,6874707.747728985,6869707.747494217,5000.0
optimistic_p10,RXP,COUNTY DURHAM AND DARLINGTON NHS FOUNDATION TRUST,140,Oral Surgery Service,929.9252510070801,0,0.0,929.925252,0.0,0.0,Optimal,500,0,6874707.747728985,6869707.747494217,5000.0
optimistic_p10,RX1,NOTTINGHAM UNIVERSITY HOSPITALS NHS TRUST,150,Neurosurgical Service,883.3851776123047,0,0.0,883.385176,0.0,0.0,Optimal,500,0,6874707.747728985,6869707.747494217,5000.0
optimistic_p10,RXF,MID YORKSHIRE TEACHING NHS TRUST,101,Urology Service,7684.323303222656,0,0.0,7684.3233,0.0,0.0,Optimal,500,0,6874707.747728985,6869707.747494217,5000.0
optimistic_p10,RXK,SANDWELL AND WEST BIRMINGHAM HOSPITALS NHS TRUST,120,Ear Nose and Throat Service,2390.401626586914,0,0.0,2390.40163,0.0,0.0,Optimal,500,0,6874707.747728985,6869707.747494217,5000.0
optimistic_p10,RXK,SANDWELL AND WEST BIRMINGHAM HOSPITALS NHS TRUST,110,Trauma and Orthopaedic Service,12564.669555664062,0,0.0,12564.66951,0.0,0.0,Optimal,500,0,6874707.747728985,6869707.747494217,5000.0
optimistic_p10,RXK,SANDWELL AND WEST BIRMINGHAM HOSPITALS NHS TRUST,101,Urology Service,3148.8966064453125,0,0.0,3148.8966,0.0,0.0,Optimal,500,0,6874707.747728985,6869707.747494217,5000.0
optimistic_p10,RXK,SANDWELL AND WEST BIRMINGHAM HOSPITALS NHS TRUST,100,General Surgery Service,5697.5003662109375,0,0.0,5697.50037,0.0,0.0,Optimal,500,0,6874707.747728985,6869707.747494217,5000.0
optimistic_p10,RXF,MID YORKSHIRE TEACHING NHS TRUST,502,Gynaecology Service,4397.701354980469,0,0.0,4397.70135,0.0,0.0,Optimal,500,0,6874707.747728985,6869707.747494217,5000.0
optimistic_p10,RXF,MID YORKSHIRE TEACHING NHS TRUST,160,Plastic Surgery Service,5630.367614746094,0,0.0,5630.36761,0.0,0.0,Optimal,500,0,6874707.747728985,6869707.747494217,5000.0
optimistic_p10,RXF,MID YORKSHIRE TEACHING NHS TRUST,140,Oral Surgery Service,6240.94677734375,0,0.0,6240.94679,0.0,0.0,Optimal,500,0,6874707.747728985,6869707.747494217,5000.0
optimistic_p10,RXF,MID YORKSHIRE TEACHING NHS TRUST,130,Ophthalmology Service,6435.779541015625,0,0.0,6435.77953,0.0,0.0,Optimal,500,0,6874707.747728985,6869707.747494217,5000.0
optimistic_p10,RXF,MID YORKSHIRE TEACHING NHS TRUST,120,Ear Nose and Throat Service,6642.13330078125,0,0.0,6642.1333,0.0,0.0,Optimal,500,0,6874707.747728985,6869707.747494217,5000.0
optimistic_p10,RXF,MID YORKSHIRE TEACHING NHS TRUST,110,Trauma and Orthopaedic Service,22629.059204101562,0,0.0,22629.0592,0.0,0.0,Optimal,500,0,6874707.747728985,6869707.747494217,5000.0
optimistic_p10,RXF,MID YORKSHIRE TEACHING NHS TRUST,100,General Surgery Service,4811.1834716796875,0,0.0,4811.18347,0.0,0.0,Optimal,500,0,6874707.747728985,6869707.747494217,5000.0
optimistic_p10,RXP,COUNTY DURHAM AND DARLINGTON NHS FOUNDATION TRUST,130,Ophthalmology Service,4372.565643310547,0,0.0,4372.56565,0.0,0.0,Optimal,500,0,6874707.747728985,6869707.747494217,5000.0
optimistic_p10,RXC,EAST SUSSEX HEALTHCARE NHS TRUST,502,Gynaecology Service,4600.740325927734,0,0.0,4600.74034,0.0,0.0,Optimal,500,0,6874707.747728985,6869707.747494217,5000.0
optimistic_p10,RXC,EAST SUSSEX HEALTHCARE NHS TRUST,140,Oral Surgery Service,1519.0813827514648,0,0.0,1519.08138,0.0,0.0,Optimal,500,0,6874707.747728985,6869707.747494217,5000.0
optimistic_p10,RXC,EAST SUSSEX HEALTHCARE NHS TRUST,130,Ophthalmology Service,10027.896301269531,0,0.0,10027.8963,0.0,0.0,Optimal,500,0,6874707.747728985,6869707.747494217,5000.0
optimistic_p10,RXC,EAST SUSSEX HEALTHCARE NHS TRUST,120,Ear Nose and Throat Service,5792.117858886719,0,0.0,5792.1178500000005,0.0,0.0,Optimal,500,0,6874707.747728985,6869707.747494217,5000.0
optimistic_p10,RXC,EAST SUSSEX HEALTHCARE NHS TRUST,110,Trauma and Orthopaedic Service,17130.002075195312,0,0.0,17130.002,0.0,0.0,Optimal,500,0,6874707.747728985,6869707.747494217,5000.0
optimistic_p10,RXC,EAST SUSSEX HEALTHCARE NHS TRUST,101,Urology Service,5586.5634765625,0,0.0,5586.56347,0.0,0.0,Optimal,500,0,6874707.747728985,6869707.747494217,5000.0
optimistic_p10,RXC,EAST SUSSEX HEALTHCARE NHS TRUST,100,General Surgery Service,5397.608856201172,0,0.0,5397.60887,0.0,0.0,Optimal,500,0,6874707.747728985,6869707.747494217,5000.0
optimistic_p10,RX1,NOTTINGHAM UNIVERSITY HOSPITALS NHS TRUST,502,Gynaecology Service,1429.4181365966797,0,0.0,1429.41814,0.0,0.0,Optimal,500,0,6874707.747728985,6869707.747494217,5000.0
optimistic_p10,RX1,NOTTINGHAM UNIVERSITY HOSPITALS NHS TRUST,170,Cardiothoracic Surgery Service,609.1244583129883,0,0.0,609.124458,0.0,0.0,Optimal,500,0,6874707.747728985,6869707.747494217,5000.0
optimistic_p10,RX1,NOTTINGHAM UNIVERSITY HOSPITALS NHS TRUST,160,Plastic Surgery Service,2191.5476837158203,0,0.0,2191.54767,0.0,0.0,Optimal,500,0,6874707.747728985,6869707.747494217,5000.0
optimistic_p10,RXK,SANDWELL AND WEST BIRMINGHAM HOSPITALS NHS TRUST,130,Ophthalmology Service,9800.353088378906,0,0.0,9800.35309,0.0,0.0,Optimal,500,0,6874707.747728985,6869707.747494217,5000.0
optimistic_p10,RXK,SANDWELL AND WEST BIRMINGHAM HOSPITALS NHS TRUST,140,Oral Surgery Service,2687.0234985351562,0,0.0,2687.02349,0.0,0.0,Optimal,500,0,6874707.747728985,6869707.747494217,5000.0
optimistic_p10,RXK,SANDWELL AND WEST BIRMINGHAM HOSPITALS NHS TRUST,160,Plastic Surgery Service,1754.038558959961,0,0.0,1754.03857,0.0,0.0,Optimal,500,0,6874707.747728985,6869707.747494217,5000.0
optimistic_p10,RXK,SANDWELL AND WEST BIRMINGHAM HOSPITALS NHS TRUST,170,Cardiothoracic Surgery Service,50.88733100891113,0,0.0,50.887331,0.0,0.0,Optimal,500,0,6874707.747728985,6869707.747494217,5000.0
optimistic_p10,RXP,COUNTY DURHAM AND DARLINGTON NHS FOUNDATION TRUST,120,Ear Nose and Throat Service,2157.5045471191406,0,0.0,2157.50453,0.0,0.0,Optimal,500,0,6874707.747728985,6869707.747494217,5000.0
optimistic_p10,RXP,COUNTY DURHAM AND DARLINGTON NHS FOUNDATION TRUST,110,Trauma and Orthopaedic Service,19628.482666015625,0,0.0,19628.4828,0.0,0.0,Optimal,500,0,6874707.747728985,6869707.747494217,5000.0
optimistic_p10,RXP,COUNTY DURHAM AND DARLINGTON NHS FOUNDATION TRUST,100,General Surgery Service,10411.224670410156,0,0.0,10411.22468,0.0,0.0,Optimal,500,0,6874707.747728985,6869707.747494217,5000.0
optimistic_p10,RXN,LANCASHIRE TEACHING HOSPITALS NHS FOUNDATION TRUST,502,Gynaecology Service,3345.1647338867188,0,0.0,3345.16474,0.0,0.0,Optimal,500,0,6874707.747728985,6869707.747494217,5000.0
optimistic_p10,RXN,LANCASHIRE TEACHING HOSPITALS NHS FOUNDATION TRUST,160,Plastic Surgery Service,22255.099243164062,0,0.0,22255.0994,0.0,0.0,Optimal,500,0,6874707.747728985,6869707.747494217,5000.0
optimistic_p10,RXN,LANCASHIRE TEACHING HOSPITALS NHS FOUNDATION TRUST,150,Neurosurgical Service,3040.4814453125,0,0.0,3040.48144,0.0,0.0,Optimal,500,0,6874707.747728985,6869707.747494217,5000.0
optimistic_p10,RXN,LANCASHIRE TEACHING HOSPITALS NHS FOUNDATION TRUST,140,Oral Surgery Service,5493.723175048828,0,0.0,5493.72319,0.0,0.0,Optimal,500,0,6874707.747728985,6869707.747494217,5000.0
optimistic_p10,RXN,LANCASHIRE TEACHING HOSPITALS NHS FOUNDATION TRUST,130,Ophthalmology Service,6393.339691162109,0,0.0,6393.33968,0.0,0.0,Optimal,500,0,6874707.747728985,6869707.747494217,5000.0
optimistic_p10,RXN,LANCASHIRE TEACHING HOSPITALS NHS FOUNDATION TRUST,120,Ear Nose and Throat Service,5414.790802001953,0,0.0,5414.7908,0.0,0.0,Optimal,500,0,6874707.747728985,6869707.747494217,5000.0
optimistic_p10,RXN,LANCASHIRE TEACHING HOSPITALS NHS FOUNDATION TRUST,110,Trauma and Orthopaedic Service,11799.832397460938,0,0.0,11799.83245,0.0,0.0,Optimal,500,0,6874707.747728985,6869707.747494217,5000.0
optimistic_p10,RXN,LANCASHIRE TEACHING HOSPITALS NHS FOUNDATION TRUST,101,Urology Service,5041.780914306641,0,0.0,5041.7809,0.0,0.0,Optimal,500,0,6874707.747728985,6869707.747494217,5000.0
optimistic_p10,RXN,LANCASHIRE TEACHING HOSPITALS NHS FOUNDATION TRUST,100,General Surgery Service,618.9393539428711,0,0.0,618.939353,0.0,0.0,Optimal,500,0,6874707.747728985,6869707.747494217,5000.0
optimistic_p10,RXL,BLACKPOOL TEACHING HOSPITALS NHS FOUNDATION TRUST,502,Gynaecology Service,1804.9766693115234,0,0.0,1804.97667,0.0,0.0,Optimal,500,0,6874707.747728985,6869707.747494217,5000.0
optimistic_p10,RXL,BLACKPOOL TEACHING HOSPITALS NHS FOUNDATION TRUST,170,Cardiothoracic Surgery Service,2208.389862060547,0,0.0,2208.38986,0.0,0.0,Optimal,500,0,6874707.747728985,6869707.747494217,5000.0
optimistic_p10,RXL,BLACKPOOL TEACHING HOSPITALS NHS FOUNDATION TRUST,140,Oral Surgery Service,2279.927932739258,0,0.0,2279.92794,0.0,0.0,Optimal,500,0,6874707.747728985,6869707.747494217,5000.0
optimistic_p10,RXL,BLACKPOOL TEACHING HOSPITALS NHS FOUNDATION TRUST,130,Ophthalmology Service,4665.160186767578,0,0.0,4665.1602,0.0,0.0,Optimal,500,0,6874707.747728985,6869707.747494217,5000.0
optimistic_p10,RXL,BLACKPOOL TEACHING HOSPITALS NHS FOUNDATION TRUST,120,Ear Nose and Throat Service,3640.0383911132812,0,0.0,3640.0383899999997,0.0,0.0,Optimal,500,0,6874707.747728985,6869707.747494217,5000.0
optimistic_p10,RXL,BLACKPOOL TEACHING HOSPITALS NHS FOUNDATION TRUST,110,Trauma and Orthopaedic Service,9229.331848144531,0,0.0,9229.33186,0.0,0.0,Optimal,500,0,6874707.747728985,6869707.747494217,5000.0
optimistic_p10,RXL,BLACKPOOL TEACHING HOSPITALS NHS FOUNDATION TRUST,101,Urology Service,3220.6438598632812,0,0.0,3220.64385,0.0,0.0,Optimal,500,0,6874707.747728985,6869707.747494217,5000.0
optimistic_p10,RXL,BLACKPOOL TEACHING HOSPITALS NHS FOUNDATION TRUST,100,General Surgery Service,2492.6822357177734,0,0.0,2492.68225,0.0,0.0,Optimal,500,0,6874707.747728985,6869707.747494217,5000.0
optimistic_p10,RXK,SANDWELL AND WEST BIRMINGHAM HOSPITALS NHS TRUST,502,Gynaecology Service,3302.5962524414062,0,0.0,3302.5962600000003,0.0,0.0,Optimal,500,0,6874707.747728985,6869707.747494217,5000.0
optimistic_p10,RVJ,NORTH BRISTOL NHS TRUST,502,Gynaecology Service,10842.903991699219,0,0.0,10842.90399,0.0,0.0,Optimal,500,0,6874707.747728985,6869707.747494217,5000.0
optimistic_p10,RVJ,NORTH BRISTOL NHS TRUST,170,Cardiothoracic Surgery Service,50.318830490112305,0,0.0,50.3188305,0.0,0.0,Optimal,500,0,6874707.747728985,6869707.747494217,5000.0
optimistic_p10,RVJ,NORTH BRISTOL NHS TRUST,160,Plastic Surgery Service,12201.142395019531,0,0.0,12201.14228,0.0,0.0,Optimal,500,0,6874707.747728985,6869707.747494217,5000.0
optimistic_p10,RQ3,BIRMINGHAM WOMEN'S AND CHILDREN'S NHS FOUNDATION TRUST,502,Gynaecology Service,5340.25244140625,0,0.0,5340.25242,0.0,0.0,Optimal,500,0,6874707.747728985,6869707.747494217,5000.0
optimistic_p10,RQW,THE PRINCESS ALEXANDRA HOSPITAL NHS TRUST,101,Urology Service,880.6918563842773,0,0.0,880.691856,0.0,0.0,Optimal,500,0,6874707.747728985,6869707.747494217,5000.0
optimistic_p10,RQW,THE PRINCESS ALEXANDRA HOSPITAL NHS TRUST,100,General Surgery Service,2570.7623748779297,0,0.0,2570.76238,0.0,0.0,Optimal,500,0,6874707.747728985,6869707.747494217,5000.0
optimistic_p10,RQM,CHELSEA AND WESTMINSTER HOSPITAL NHS FOUNDATION TRUST,502,Gynaecology Service,6686.0733642578125,0,0.0,6686.07337,0.0,0.0,Optimal,500,0,6874707.747728985,6869707.747494217,5000.0
optimistic_p10,RQM,CHELSEA AND WESTMINSTER HOSPITAL NHS FOUNDATION TRUST,160,Plastic Surgery Service,4134.962799072266,0,0.0,4134.9628,0.0,0.0,Optimal,500,0,6874707.747728985,6869707.747494217,5000.0
optimistic_p10,RQM,CHELSEA AND WESTMINSTER HOSPITAL NHS FOUNDATION TRUST,140,Oral Surgery Service,470.8108711242676,0,0.0,470.810871,0.0,0.0,Optimal,500,0,6874707.747728985,6869707.747494217,5000.0
optimistic_p10,RQM,CHELSEA AND WESTMINSTER HOSPITAL NHS FOUNDATION TRUST,130,Ophthalmology Service,3160.311737060547,0,0.0,3160.31173,0.0,0.0,Optimal,500,0,6874707.747728985,6869707.747494217,5000.0
optimistic_p10,RQM,CHELSEA AND WESTMINSTER HOSPITAL NHS FOUNDATION TRUST,120,Ear Nose and Throat Service,4613.385894775391,0,0.0,4613.3859,0.0,0.0,Optimal,500,0,6874707.747728985,6869707.747494217,5000.0
optimistic_p10,RQM,CHELSEA AND WESTMINSTER HOSPITAL NHS FOUNDATION TRUST,110,Trauma and Orthopaedic Service,7330.06103515625,0,0.0,7330.0610400000005,0.0,0.0,Optimal,500,0,6874707.747728985,6869707.747494217,5000.0
optimistic_p10,RQM,CHELSEA AND WESTMINSTER HOSPITAL NHS FOUNDATION TRUST,101,Urology Service,5364.258087158203,0,0.0,5364.25809,0.0,0.0,Optimal,500,0,6874707.747728985,6869707.747494217,5000.0
optimistic_p10,RQM,CHELSEA AND WESTMINSTER HOSPITAL NHS FOUNDATION TRUST,100,General Surgery Service,9401.60498046875,0,0.0,9401.60498,0.0,0.0,Optimal,500,0,6874707.747728985,6869707.747494217,5000.0
optimistic_p10,RPY,THE ROYAL MARSDEN NHS FOUNDATION TRUST,160,Plastic Surgery Service,126.8743953704834,0,0.0,126.874396,0.0,0.0,Optimal,500,0,6874707.747728985,6869707.747494217,5000.0
optimistic_p10,RPA,MEDWAY NHS FOUNDATION TRUST,100,General Surgery Service,2088.3458862304688,0,0.0,2088.34589,0.0,0.0,Optimal,500,0,6874707.747728985,6869707.747494217,5000.0
optimistic_p10,RPY,THE ROYAL MARSDEN NHS FOUNDATION TRUST,140,Oral Surgery Service,184.115327835083,0,0.0,184.115329,0.0,0.0,Optimal,500,0,6874707.747728985,6869707.747494217,5000.0
optimistic_p10,RPY,THE ROYAL MARSDEN NHS FOUNDATION TRUST,101,Urology Service,136.80760288238525,0,0.0,136.807602,0.0,0.0,Optimal,500,0,6874707.747728985,6869707.747494217,5000.0
optimistic_p10,RPY,THE ROYAL MARSDEN NHS FOUNDATION TRUST,100,General Surgery Service,230.03405952453613,0,0.0,230.03406,0.0,0.0,Optimal,500,0,6874707.747728985,6869707.747494217,5000.0
optimistic_p10,RPC,QUEEN VICTORIA HOSPITAL NHS FOUNDATION TRUST,160,Plastic Surgery Service,24029.906372070312,0,0.0,24029.9065,0.0,0.0,Optimal,500,0,6874707.747728985,6869707.747494217,5000.0
optimistic_p10,RPC,QUEEN VICTORIA HOSPITAL NHS FOUNDATION TRUST,140,Oral Surgery Service,6469.919738769531,0,0.0,6469.91972,0.0,0.0,Optimal,500,0,6874707.747728985,6869707.747494217,5000.0
optimistic_p10,RPC,QUEEN VICTORIA HOSPITAL NHS FOUNDATION TRUST,130,Ophthalmology Service,3670.5772705078125,0,0.0,3670.57725,0.0,0.0,Optimal,500,0,6874707.747728985,6869707.747494217,5000.0
optimistic_p10,RPC,QUEEN VICTORIA HOSPITAL NHS FOUNDATION TRUST,120,Ear Nose and Throat Service,319.02280616760254,0,0.0,319.022808,0.0,0.0,Optimal,500,0,6874707.747728985,6869707.747494217,5000.0
optimistic_p10,RPA,MEDWAY NHS FOUNDATION TRUST,502,Gynaecology Service,4282.962799072266,0,0.0,4282.9628,0.0,0.0,Optimal,500,0,6874707.747728985,6869707.747494217,5000.0
optimistic_p10,RPA,MEDWAY NHS FOUNDATION TRUST,120,Ear Nose and Throat Service,9524.518127441406,0,0.0,9524.51813,0.0,0.0,Optimal,500,0,6874707.747728985,6869707.747494217,5000.0
optimistic_p10,RPA,MEDWAY NHS FOUNDATION TRUST,110,Trauma and Orthopaedic Service,13579.81005859375,0,0.0,13579.81,0.0,0.0,Optimal,500,0,6874707.747728985,6869707.747494217,5000.0
optimistic_p10,RQW,THE PRINCESS ALEXANDRA HOSPITAL NHS TRUST,110,Trauma and Orthopaedic Service,1805.4586334228516,0,0.0,1805.4586399999998,0.0,0.0,Optimal,500,0,6874707.747728985,6869707.747494217,5000.0
optimistic_p10,RQW,THE PRINCESS ALEXANDRA HOSPITAL NHS TRUST,120,Ear Nose and Throat Service,563.0257911682129,0,0.0,563.025791,0.0,0.0,Optimal,500,0,6874707.747728985,6869707.747494217,5000.0
optimistic_p10,RQW,THE PRINCESS ALEXANDRA HOSPITAL NHS TRUST,130,Ophthalmology Service,524.7026863098145,0,0.0,524.702686,0.0,0.0,Optimal,500,0,6874707.747728985,6869707.747494217,5000.0
optimistic_p10,RQW,THE PRINCESS ALEXANDRA HOSPITAL NHS TRUST,140,Oral Surgery Service,269.840877532959,0,0.0,269.840876,0.0,0.0,Optimal,500,0,6874707.747728985,6869707.747494217,5000.0
optimistic_p10,RR8,LEEDS TEACHING HOSPITALS NHS TRUST,170,Cardiothoracic Surgery Service,1628.1911315917969,0,0.0,1628.19112,0.0,0.0,Optimal,500,0,6874707.747728985,6869707.747494217,5000.0
optimistic_p10,RR8,LEEDS TEACHING HOSPITALS NHS TRUST,160,Plastic Surgery Service,8067.858337402344,0,0.0,8067.85833,0.0,0.0,Optimal,500,0,6874707.747728985,6869707.747494217,5000.0
optimistic_p10,RR8,LEEDS TEACHING HOSPITALS NHS TRUST,150,Neurosurgical Service,1841.0094299316406,0,0.0,1841.00945,0.0,0.0,Optimal,500,0,6874707.747728985,6869707.747494217,5000.0
optimistic_p10,RR8,LEEDS TEACHING HOSPITALS NHS TRUST,140,Oral Surgery Service,2854.884506225586,0,0.0,2854.88452,0.0,0.0,Optimal,500,0,6874707.747728985,6869707.747494217,5000.0
optimistic_p10,RR8,LEEDS TEACHING HOSPITALS NHS TRUST,130,Ophthalmology Service,7774.39697265625,0,0.0,7774.39699,0.0,0.0,Optimal,500,0,6874707.747728985,6869707.747494217,5000.0
optimistic_p10,RR8,LEEDS TEACHING HOSPITALS NHS TRUST,120,Ear Nose and Throat Service,11802.309631347656,0,0.0,11802.30966,0.0,0.0,Optimal,500,0,6874707.747728985,6869707.747494217,5000.0
optimistic_p10,RR8,LEEDS TEACHING HOSPITALS NHS TRUST,110,Trauma and Orthopaedic Service,25915.06298828125,0,0.0,25915.0629,0.0,0.0,Optimal,500,0,6874707.747728985,6869707.747494217,5000.0
optimistic_p10,RR8,LEEDS TEACHING HOSPITALS NHS TRUST,101,Urology Service,5871.447357177734,0,0.0,5871.44737,0.0,0.0,Optimal,500,0,6874707.747728985,6869707.747494217,5000.0
optimistic_p10,RR8,LEEDS TEACHING HOSPITALS NHS TRUST,100,General Surgery Service,5297.993804931641,0,0.0,5297.99379,0.0,0.0,Optimal,500,0,6874707.747728985,6869707.747494217,5000.0
optimistic_p10,RR7,GATESHEAD HEALTH NHS FOUNDATION TRUST,502,Gynaecology Service,2947.468032836914,0,0.0,2947.46802,0.0,0.0,Optimal,500,0,6874707.747728985,6869707.747494217,5000.0
optimistic_p10,RR7,GATESHEAD HEALTH NHS FOUNDATION TRUST,110,Trauma and Orthopaedic Service,9583.075378417969,0,0.0,9583.07537,0.0,0.0,Optimal,500,0,6874707.747728985,6869707.747494217,5000.0
optimistic_p10,RR7,GATESHEAD HEALTH NHS FOUNDATION TRUST,101,Urology Service,554.3644905090332,0,0.0,554.364492,0.0,0.0,Optimal,500,0,6874707.747728985,6869707.747494217,5000.0
optimistic_p10,RR7,GATESHEAD HEALTH NHS FOUNDATION TRUST,100,General Surgery Service,5548.816650390625,0,0.0,5548.81665,0.0,0.0,Optimal,500,0,6874707.747728985,6869707.747494217,5000.0
optimistic_p10,RQX,HOMERTON HEALTHCARE NHS FOUNDATION TRUST,502,Gynaecology Service,7659.190979003906,0,0.0,7659.19098,0.0,0.0,Optimal,500,0,6874707.747728985,6869707.747494217,5000.0
optimistic_p10,RQX,HOMERTON HEALTHCARE NHS FOUNDATION TRUST,160,Plastic Surgery Service,455.7550392150879,0,0.0,455.75504,0.0,0.0,Optimal,500,0,6874707.747728985,6869707.747494217,5000.0
optimistic_p10,RQX,HOMERTON HEALTHCARE NHS FOUNDATION TRUST,140,Oral Surgery Service,6562.8336181640625,0,0.0,6562.83362,0.0,0.0,Optimal,500,0,6874707.747728985,6869707.747494217,5000.0
optimistic_p10,RQX,HOMERTON HEALTHCARE NHS FOUNDATION TRUST,120,Ear Nose and Throat Service,8157.271423339844,0,0.0,8157.27142,0.0,0.0,Optimal,500,0,6874707.747728985,6869707.747494217,5000.0
optimistic_p10,RQX,HOMERTON HEALTHCARE NHS FOUNDATION TRUST,110,Trauma and Orthopaedic Service,10499.826782226562,0,0.0,10499.82678,0.0,0.0,Optimal,500,0,6874707.747728985,6869707.747494217,5000.0
optimistic_p10,RQX,HOMERTON HEALTHCARE NHS FOUNDATION TRUST,101,Urology Service,5785.706939697266,0,0.0,5785.70694,0.0,0.0,Optimal,500,0,6874707.747728985,6869707.747494217,5000.0
optimistic_p10,RQX,HOMERTON HEALTHCARE NHS FOUNDATION TRUST,100,General Surgery Service,10163.723510742188,0,0.0,10163.72352,0.0,0.0,Optimal,500,0,6874707.747728985,6869707.747494217,5000.0
optimistic_p10,RQW,THE PRINCESS ALEXANDRA HOSPITAL NHS TRUST,502,Gynaecology Service,529.3435554504395,0,0.0,529.343556,0.0,0.0,Optimal,500,0,6874707.747728985,6869707.747494217,5000.0
optimistic_p10,RPA,MEDWAY NHS FOUNDATION TRUST,101,Urology Service,3023.5206909179688,0,0.0,3023.52068,0.0,0.0,Optimal,500,0,6874707.747728985,6869707.747494217,5000.0
optimistic_p10,RP6,MOORFIELDS EYE HOSPITAL NHS FOUNDATION TRUST,130,Ophthalmology Service,39191.3291015625,0,0.0,39191.3292,0.0,0.0,Optimal,500,0,6874707.747728985,6869707.747494217,5000.0
optimistic_p10,RVJ,NORTH BRISTOL NHS TRUST,150,Neurosurgical Service,2882.3326416015625,0,0.0,2882.33263,0.0,0.0,Optimal,500,0,6874707.747728985,6869707.747494217,5000.0
optimistic_p10,RBL,WIRRAL UNIVERSITY TEACHING HOSPITAL NHS FOUNDATION TRUST,502,Gynaecology Service,4841.798828125,0,0.0,4841.79883,0.0,0.0,Optimal,500,0,6874707.747728985,6869707.747494217,5000.0
optimistic_p10,RNQ,KETTERING GENERAL HOSPITAL NHS FOUNDATION TRUST,140,Oral Surgery Service,3708.388397216797,0,0.0,3708.3883800000003,0.0,0.0,Optimal,500,0,6874707.747728985,6869707.747494217,5000.0
optimistic_p10,RNQ,KETTERING GENERAL HOSPITAL NHS FOUNDATION TRUST,130,Ophthalmology Service,5221.213195800781,0,0.0,5221.21318,0.0,0.0,Optimal,500,0,6874707.747728985,6869707.747494217,5000.0
optimistic_p10,RNQ,KETTERING GENERAL HOSPITAL NHS FOUNDATION TRUST,120,Ear Nose and Throat Service,2927.654067993164,0,0.0,2927.6540800000002,0.0,0.0,Optimal,500,0,6874707.747728985,6869707.747494217,5000.0
optimistic_p10,RNQ,KETTERING GENERAL HOSPITAL NHS FOUNDATION TRUST,110,Trauma and Orthopaedic Service,7505.15087890625,0,0.0,7505.15088,0.0,0.0,Optimal,500,0,6874707.747728985,6869707.747494217,5000.0
optimistic_p10,RNQ,KETTERING GENERAL HOSPITAL NHS FOUNDATION TRUST,101,Urology Service,2844.719924926758,0,0.0,2844.71991,0.0,0.0,Optimal,500,0,6874707.747728985,6869707.747494217,5000.0
optimistic_p10,RNQ,KETTERING GENERAL HOSPITAL NHS FOUNDATION TRUST,100,General Surgery Service,4087.468231201172,0,0.0,4087.46822,0.0,0.0,Optimal,500,0,6874707.747728985,6869707.747494217,5000.0
optimistic_p10,RNN,NORTH CUMBRIA INTEGRATED CARE NHS FOUNDATION TRUST,502,Gynaecology Service,6448.855895996094,0,0.0,6448.85587,0.0,0.0,Optimal,500,0,6874707.747728985,6869707.747494217,5000.0
optimistic_p10,RNN,NORTH CUMBRIA INTEGRATED CARE NHS FOUNDATION TRUST,140,Oral Surgery Service,486.9213562011719,0,0.0,486.921356,0.0,0.0,Optimal,500,0,6874707.747728985,6869707.747494217,5000.0
optimistic_p10,RNN,NORTH CUMBRIA INTEGRATED CARE NHS FOUNDATION TRUST,130,Ophthalmology Service,3444.630889892578,0,0.0,3444.63089,0.0,0.0,Optimal,500,0,6874707.747728985,6869707.747494217,5000.0
optimistic_p10,RNN,NORTH CUMBRIA INTEGRATED CARE NHS FOUNDATION TRUST,120,Ear Nose and Throat Service,4244.815338134766,0,0.0,4244.81533,0.0,0.0,Optimal,500,0,6874707.747728985,6869707.747494217,5000.0
optimistic_p10,RNN,NORTH CUMBRIA INTEGRATED CARE NHS FOUNDATION TRUST,101,Urology Service,3785.2408142089844,0,0.0,3785.2408,0.0,0.0,Optimal,500,0,6874707.747728985,6869707.747494217,5000.0
optimistic_p10,RP5,DONCASTER AND BASSETLAW TEACHING HOSPITALS NHS FOUNDATION TRUST,502,Gynaecology Service,4696.949279785156,0,0.0,4696.94927,0.0,0.0,Optimal,500,0,6874707.747728985,6869707.747494217,5000.0
optimistic_p10,RNN,NORTH CUMBRIA INTEGRATED CARE NHS FOUNDATION TRUST,100,General Surgery Service,2964.098648071289,0,0.0,2964.09863,0.0,0.0,Optimal,500,0,6874707.747728985,6869707.747494217,5000.0
optimistic_p10,RNA,THE DUDLEY GROUP NHS FOUNDATION TRUST,502,Gynaecology Service,5991.6884765625,0,0.0,5991.68847,0.0,0.0,Optimal,500,0,6874707.747728985,6869707.747494217,5000.0
optimistic_p10,RNA,THE DUDLEY GROUP NHS FOUNDATION TRUST,160,Plastic Surgery Service,6865.9964599609375,0,0.0,6865.99648,0.0,0.0,Optimal,500,0,6874707.747728985,6869707.747494217,5000.0
optimistic_p10,RNA,THE DUDLEY GROUP NHS FOUNDATION TRUST,140,Oral Surgery Service,2271.3522033691406,0,0.0,2271.3522000000003,0.0,0.0,Optimal,500,0,6874707.747728985,6869707.747494217,5000.0
optimistic_p10,RNA,THE DUDLEY GROUP NHS FOUNDATION TRUST,130,Ophthalmology Service,8177.564758300781,0,0.0,8177.56475,0.0,0.0,Optimal,500,0,6874707.747728985,6869707.747494217,5000.0
optimistic_p10,RNA,THE DUDLEY GROUP NHS FOUNDATION TRUST,120,Ear Nose and Throat Service,6523.230773925781,0,0.0,6523.23077,0.0,0.0,Optimal,500,0,6874707.747728985,6869707.747494217,5000.0
optimistic_p10,RNA,THE DUDLEY GROUP NHS FOUNDATION TRUST,110,Trauma and Orthopaedic Service,22677.126220703125,0,0.0,22677.1263,0.0,0.0,Optimal,500,0,6874707.747728985,6869707.747494217,5000.0
optimistic_p10,RNA,THE DUDLEY GROUP NHS FOUNDATION TRUST,101,Urology Service,5536.512786865234,0,0.0,5536.51279,0.0,0.0,Optimal,500,0,6874707.747728985,6869707.747494217,5000.0
optimistic_p10,RNA,THE DUDLEY GROUP NHS FOUNDATION TRUST,100,General Surgery Service,6734.385681152344,0,0.0,6734.38568,0.0,0.0,Optimal,500,0,6874707.747728985,6869707.747494217,5000.0
optimistic_p10,RN7,DARTFORD AND GRAVESHAM NHS TRUST,502,Gynaecology Service,7147.2115478515625,0,0.0,7147.2115300000005,0.0,0.0,Optimal,500,0,6874707.747728985,6869707.747494217,5000.0
optimistic_p10,RNQ,KETTERING GENERAL HOSPITAL NHS FOUNDATION TRUST,160,Plastic Surgery Service,220.80303382873535,0,0.0,220.803034,0.0,0.0,Optimal,500,0,6874707.747728985,6869707.747494217,5000.0
optimistic_p10,RNQ,KETTERING GENERAL HOSPITAL NHS FOUNDATION TRUST,502,Gynaecology Service,1243.3536911010742,0,0.0,1243.353675,0.0,0.0,Optimal,500,0,6874707.747728985,6869707.747494217,5000.0
optimistic_p10,RNS,NORTHAMPTON GENERAL HOSPITAL NHS TRUST,100,General Surgery Service,6579.050598144531,0,0.0,6579.05059,0.0,0.0,Optimal,500,0,6874707.747728985,6869707.747494217,5000.0
optimistic_p10,RNS,NORTHAMPTON GENERAL HOSPITAL NHS TRUST,101,Urology Service,2566.5517578125,0,0.0,2566.55176,0.0,0.0,Optimal,500,0,6874707.747728985,6869707.747494217,5000.0
optimistic_p10,RP5,DONCASTER AND BASSETLAW TEACHING HOSPITALS NHS FOUNDATION TRUST,140,Oral Surgery Service,2519.632858276367,0,0.0,2519.63286,0.0,0.0,Optimal,500,0,6874707.747728985,6869707.747494217,5000.0
optimistic_p10,RP5,DONCASTER AND BASSETLAW TEACHING HOSPITALS NHS FOUNDATION TRUST,130,Ophthalmology Service,5331.742706298828,0,0.0,5331.74269,0.0,0.0,Optimal,500,0,6874707.747728985,6869707.747494217,5000.0
optimistic_p10,RP5,DONCASTER AND BASSETLAW TEACHING HOSPITALS NHS FOUNDATION TRUST,120,Ear Nose and Throat Service,4768.569274902344,0,0.0,4768.56926,0.0,0.0,Optimal,500,0,6874707.747728985,6869707.747494217,5000.0
optimistic_p10,RP5,DONCASTER AND BASSETLAW TEACHING HOSPITALS NHS FOUNDATION TRUST,110,Trauma and Orthopaedic Service,40267.9541015625,0,0.0,40267.9542,0.0,0.0,Optimal,500,0,6874707.747728985,6869707.747494217,5000.0
optimistic_p10,RP5,DONCASTER AND BASSETLAW TEACHING HOSPITALS NHS FOUNDATION TRUST,101,Urology Service,2111.043701171875,0,0.0,2111.04367,0.0,0.0,Optimal,500,0,6874707.747728985,6869707.747494217,5000.0
optimistic_p10,RP5,DONCASTER AND BASSETLAW TEACHING HOSPITALS NHS FOUNDATION TRUST,100,General Surgery Service,8503.313903808594,0,0.0,8503.31391,0.0,0.0,Optimal,500,0,6874707.747728985,6869707.747494217,5000.0
optimistic_p10,RNZ,SALISBURY NHS FOUNDATION TRUST,502,Gynaecology Service,3779.5616760253906,0,0.0,3779.5616800000003,0.0,0.0,Optimal,500,0,6874707.747728985,6869707.747494217,5000.0
optimistic_p10,RNZ,SALISBURY NHS FOUNDATION TRUST,160,Plastic Surgery Service,7243.3394775390625,0,0.0,7243.33947,0.0,0.0,Optimal,500,0,6874707.747728985,6869707.747494217,5000.0
optimistic_p10,RNZ,SALISBURY NHS FOUNDATION TRUST,140,Oral Surgery Service,1929.2485809326172,0,0.0,1929.2486,0.0,0.0,Optimal,500,0,6874707.747728985,6869707.747494217,5000.0
optimistic_p10,RNZ,SALISBURY NHS FOUNDATION TRUST,130,Ophthalmology Service,1381.0527420043945,0,0.0,1381.052735,0.0,0.0,Optimal,500,0,6874707.747728985,6869707.747494217,5000.0
optimistic_p10,RNZ,SALISBURY NHS FOUNDATION TRUST,120,Ear Nose and Throat Service,1458.188232421875,0,0.0,1458.18821,0.0,0.0,Optimal,500,0,6874707.747728985,6869707.747494217,5000.0
optimistic_p10,RNZ,SALISBURY NHS FOUNDATION TRUST,110,Trauma and Orthopaedic Service,7560.158203125,0,0.0,7560.15821,0.0,0.0,Optimal,500,0,6874707.747728985,6869707.747494217,5000.0
optimistic_p10,RNZ,SALISBURY NHS FOUNDATION TRUST,101,Urology Service,3621.566131591797,0,0.0,3621.56614,0.0,0.0,Optimal,500,0,6874707.747728985,6869707.747494217,5000.0
optimistic_p10,RNZ,SALISBURY NHS FOUNDATION TRUST,100,General Surgery Service,2571.6134643554688,0,0.0,2571.61346,0.0,0.0,Optimal,500,0,6874707.747728985,6869707.747494217,5000.0
optimistic_p10,RNS,NORTHAMPTON GENERAL HOSPITAL NHS TRUST,502,Gynaecology Service,3064.9714965820312,0,0.0,3064.97149,0.0,0.0,Optimal,500,0,6874707.747728985,6869707.747494217,5000.0
optimistic_p10,RNS,NORTHAMPTON GENERAL HOSPITAL NHS TRUST,170,Cardiothoracic Surgery Service,75.24200534820557,0,0.0,75.2420055,0.0,0.0,Optimal,500,0,6874707.747728985,6869707.747494217,5000.0
optimistic_p10,RNS,NORTHAMPTON GENERAL HOSPITAL NHS TRUST,160,Plastic Surgery Service,301.1146774291992,0,0.0,301.11467700000003,0.0,0.0,Optimal,500,0,6874707.747728985,6869707.747494217,5000.0
optimistic_p10,RNS,NORTHAMPTON GENERAL HOSPITAL NHS TRUST,140,Oral Surgery Service,4748.470947265625,0,0.0,4748.47094,0.0,0.0,Optimal,500,0,6874707.747728985,6869707.747494217,5000.0
optimistic_p10,RNS,NORTHAMPTON GENERAL HOSPITAL NHS TRUST,130,Ophthalmology Service,3919.3710021972656,0,0.0,3919.37101,0.0,0.0,Optimal,500,0,6874707.747728985,6869707.747494217,5000.0
optimistic_p10,RNS,NORTHAMPTON GENERAL HOSPITAL NHS TRUST,120,Ear Nose and Throat Service,5870.283172607422,0,0.0,5870.28316,0.0,0.0,Optimal,500,0,6874707.747728985,6869707.747494217,5000.0
optimistic_p10,RNS,NORTHAMPTON GENERAL HOSPITAL NHS TRUST,110,Trauma and Orthopaedic Service,6598.77783203125,0,0.0,6598.77783,0.0,0.0,Optimal,500,0,6874707.747728985,6869707.747494217,5000.0
optimistic_p10,RR8,LEEDS TEACHING HOSPITALS NHS TRUST,502,Gynaecology Service,2795.668914794922,0,0.0,2795.66891,0.0,0.0,Optimal,500,0,6874707.747728985,6869707.747494217,5000.0
optimistic_p10,RRF,"WRIGHTINGTON, WIGAN AND LEIGH TEACHING HOSPITALS NHS FOUNDATION TRUST",100,General Surgery Service,6853.0838623046875,0,0.0,6853.08386,0.0,0.0,Optimal,500,0,6874707.747728985,6869707.747494217,5000.0
optimistic_p10,RRF,"WRIGHTINGTON, WIGAN AND LEIGH TEACHING HOSPITALS NHS FOUNDATION TRUST",101,Urology Service,4177.006774902344,0,0.0,4177.00678,0.0,0.0,Optimal,500,0,6874707.747728985,6869707.747494217,5000.0
optimistic_p10,RTH,OXFORD UNIVERSITY HOSPITALS NHS FOUNDATION TRUST,160,Plastic Surgery Service,5716.1116943359375,0,0.0,5716.11169,0.0,0.0,Optimal,500,0,6874707.747728985,6869707.747494217,5000.0
optimistic_p10,RTP,SURREY AND SUSSEX HEALTHCARE NHS TRUST,100,General Surgery Service,1905.8921966552734,0,0.0,1905.89218,0.0,0.0,Optimal,500,0,6874707.747728985,6869707.747494217,5000.0
optimistic_p10,RTK,ASHFORD AND ST PETER'S HOSPITALS NHS FOUNDATION TRUST,502,Gynaecology Service,2550.871597290039,0,0.0,2550.8715899999997,0.0,0.0,Optimal,500,0,6874707.747728985,6869707.747494217,5000.0
optimistic_p10,RTK,ASHFORD AND ST PETER'S HOSPITALS NHS FOUNDATION TRUST,160,Plastic Surgery Service,38.404096364974976,0,0.0,38.4040964,0.0,0.0,Optimal,500,0,6874707.747728985,6869707.747494217,5000.0
optimistic_p10,RTK,ASHFORD AND ST PETER'S HOSPITALS NHS FOUNDATION TRUST,140,Oral Surgery Service,2589.3260650634766,0,0.0,2589.32607,0.0,0.0,Optimal,500,0,6874707.747728985,6869707.747494217,5000.0
optimistic_p10,RTK,ASHFORD AND ST PETER'S HOSPITALS NHS FOUNDATION TRUST,130,Ophthalmology Service,6382.176940917969,0,0.0,6382.17694,0.0,0.0,Optimal,500,0,6874707.747728985,6869707.747494217,5000.0
optimistic_p10,RTK,ASHFORD AND ST PETER'S HOSPITALS NHS FOUNDATION TRUST,120,Ear Nose and Throat Service,3299.7210083007812,0,0.0,3299.721,0.0,0.0,Optimal,500,0,6874707.747728985,6869707.747494217,5000.0
optimistic_p10,RTK,ASHFORD AND ST PETER'S HOSPITALS NHS FOUNDATION TRUST,110,Trauma and Orthopaedic Service,7567.9654541015625,0,0.0,7567.965459999999,0.0,0.0,Optimal,500,0,6874707.747728985,6869707.747494217,5000.0
optimistic_p10,RTK,ASHFORD AND ST PETER'S HOSPITALS NHS FOUNDATION TRUST,101,Urology Service,1517.7736282348633,0,0.0,1517.77363,0.0,0.0,Optimal,500,0,6874707.747728985,6869707.747494217,5000.0
optimistic_p10,RTK,ASHFORD AND ST PETER'S HOSPITALS NHS FOUNDATION TRUST,100,General Surgery Service,519.1542053222656,0,0.0,519.154203,0.0,0.0,Optimal,500,0,6874707.747728985,6869707.747494217,5000.0
optimistic_p10,RTH,OXFORD UNIVERSITY HOSPITALS NHS FOUNDATION TRUST,502,Gynaecology Service,14499.805297851562,0,0.0,14499.8054,0.0,0.0,Optimal,500,0,6874707.747728985,6869707.747494217,5000.0
optimistic_p10,RTH,OXFORD UNIVERSITY HOSPITALS NHS FOUNDATION TRUST,150,Neurosurgical Service,1526.999626159668,0,0.0,1526.99962,0.0,0.0,Optimal,500,0,6874707.747728985,6869707.747494217,5000.0
optimistic_p10,RRF,"WRIGHTINGTON, WIGAN AND LEIGH TEACHING HOSPITALS NHS FOUNDATION TRUST",110,Trauma and Orthopaedic Service,45058.9853515625,0,0.0,45058.9854,0.0,0.0,Optimal,500,0,6874707.747728985,6869707.747494217,5000.0
optimistic_p10,RTH,OXFORD UNIVERSITY HOSPITALS NHS FOUNDATION TRUST,140,Oral Surgery Service,5322.482086181641,0,0.0,5322.4821,0.0,0.0,Optimal,500,0,6874707.747728985,6869707.747494217,5000.0
optimistic_p10,RTH,OXFORD UNIVERSITY HOSPITALS NHS FOUNDATION TRUST,130,Ophthalmology Service,15796.1123046875,0,0.0,15796.1123,0.0,0.0,Optimal,500,0,6874707.747728985,6869707.747494217,5000.0
optimistic_p10,RTH,OXFORD UNIVERSITY HOSPITALS NHS FOUNDATION TRUST,120,Ear Nose and Throat Service,6034.514465332031,0,0.0,6034.51447,0.0,0.0,Optimal,500,0,6874707.747728985,6869707.747494217,5000.0
optimistic_p10,RTH,OXFORD UNIVERSITY HOSPITALS NHS FOUNDATION TRUST,110,Trauma and Orthopaedic Service,26636.10302734375,0,0.0,26636.1029,0.0,0.0,Optimal,500,0,6874707.747728985,6869707.747494217,5000.0
optimistic_p10,RTH,OXFORD UNIVERSITY HOSPITALS NHS FOUNDATION TRUST,101,Urology Service,6040.17626953125,0,0.0,6040.17626,0.0,0.0,Optimal,500,0,6874707.747728985,6869707.747494217,5000.0
optimistic_p10,RTH,OXFORD UNIVERSITY HOSPITALS NHS FOUNDATION TRUST,100,General Surgery Service,5476.671203613281,0,0.0,5476.67122,0.0,0.0,Optimal,500,0,6874707.747728985,6869707.747494217,5000.0
optimistic_p10,RTG,UNIVERSITY HOSPITALS OF DERBY AND BURTON NHS FOUNDATION TRUST,502,Gynaecology Service,10662.435302734375,0,0.0,10662.43531,0.0,0.0,Optimal,500,0,6874707.747728985,6869707.747494217,5000.0
optimistic_p10,RTG,UNIVERSITY HOSPITALS OF DERBY AND BURTON NHS FOUNDATION TRUST,160,Plastic Surgery Service,1823.297134399414,0,0.0,1823.29713,0.0,0.0,Optimal,500,0,6874707.747728985,6869707.747494217,5000.0
optimistic_p10,RTG,UNIVERSITY HOSPITALS OF DERBY AND BURTON NHS FOUNDATION TRUST,140,Oral Surgery Service,4196.9522705078125,0,0.0,4196.95226,0.0,0.0,Optimal,500,0,6874707.747728985,6869707.747494217,5000.0
optimistic_p10,RTG,UNIVERSITY HOSPITALS OF DERBY AND BURTON NHS FOUNDATION TRUST,130,Ophthalmology Service,12550.026611328125,0,0.0,12550.02662,0.0,0.0,Optimal,500,0,6874707.747728985,6869707.747494217,5000.0
optimistic_p10,RTP,SURREY AND SUSSEX HEALTHCARE NHS TRUST,101,Urology Service,6278.378814697266,0,0.0,6278.37882,0.0,0.0,Optimal,500,0,6874707.747728985,6869707.747494217,5000.0
optimistic_p10,RTP,SURREY AND SUSSEX HEALTHCARE NHS TRUST,110,Trauma and Orthopaedic Service,13185.804443359375,0,0.0,13185.8042,0.0,0.0,Optimal,500,0,6874707.747728985,6869707.747494217,5000.0
optimistic_p10,RTP,SURREY AND SUSSEX HEALTHCARE NHS TRUST,120,Ear Nose and Throat Service,6133.098571777344,0,0.0,6133.09856,0.0,0.0,Optimal,500,0,6874707.747728985,6869707.747494217,5000.0
optimistic_p10,RTP,SURREY AND SUSSEX HEALTHCARE NHS TRUST,130,Ophthalmology Service,3113.8115997314453,0,0.0,3113.81159,0.0,0.0,Optimal,500,0,6874707.747728985,6869707.747494217,5000.0
optimistic_p10,RVJ,NORTH BRISTOL NHS TRUST,110,Trauma and Orthopaedic Service,34935.889892578125,0,0.0,34935.8902,0.0,0.0,Optimal,500,0,6874707.747728985,6869707.747494217,5000.0
optimistic_p10,RVJ,NORTH BRISTOL NHS TRUST,101,Urology Service,15374.494873046875,0,0.0,15374.495,0.0,0.0,Optimal,500,0,6874707.747728985,6869707.747494217,5000.0
optimistic_p10,RVJ,NORTH BRISTOL NHS TRUST,100,General Surgery Service,1864.5731964111328,0,0.0,1864.57319,0.0,0.0,Optimal,500,0,6874707.747728985,6869707.747494217,5000.0
optimistic_p10,RTX,UNIVERSITY HOSPITALS OF MORECAMBE BAY NHS FOUNDATION TRUST,502,Gynaecology Service,2559.6717834472656,0,0.0,2559.67178,0.0,0.0,Optimal,500,0,6874707.747728985,6869707.747494217,5000.0
optimistic_p10,RTX,UNIVERSITY HOSPITALS OF MORECAMBE BAY NHS FOUNDATION TRUST,140,Oral Surgery Service,1789.556381225586,0,0.0,1789.55637,0.0,0.0,Optimal,500,0,6874707.747728985,6869707.747494217,5000.0
optimistic_p10,RTX,UNIVERSITY HOSPITALS OF MORECAMBE BAY NHS FOUNDATION TRUST,130,Ophthalmology Service,3743.191375732422,0,0.0,3743.19136,0.0,0.0,Optimal,500,0,6874707.747728985,6869707.747494217,5000.0
optimistic_p10,RTX,UNIVERSITY HOSPITALS OF MORECAMBE BAY NHS FOUNDATION TRUST,120,Ear Nose and Throat Service,2966.142044067383,0,0.0,2966.1420200000002,0.0,0.0,Optimal,500,0,6874707.747728985,6869707.747494217,5000.0
optimistic_p10,RTX,UNIVERSITY HOSPITALS OF MORECAMBE BAY NHS FOUNDATION TRUST,110,Trauma and Orthopaedic Service,23822.479248046875,0,0.0,23822.4792,0.0,0.0,Optimal,500,0,6874707.747728985,6869707.747494217,5000.0
optimistic_p10,RTX,UNIVERSITY HOSPITALS OF MORECAMBE BAY NHS FOUNDATION TRUST,101,Urology Service,3101.9796447753906,0,0.0,3101.97967,0.0,0.0,Optimal,500,0,6874707.747728985,6869707.747494217,5000.0
optimistic_p10,RTX,UNIVERSITY HOSPITALS OF MORECAMBE BAY NHS FOUNDATION TRUST,100,General Surgery Service,4015.6339721679688,0,0.0,4015.63397,0.0,0.0,Optimal,500,0,6874707.747728985,6869707.747494217,5000.0
optimistic_p10,RTR,SOUTH TEES HOSPITALS NHS FOUNDATION TRUST,502,Gynaecology Service,6689.288146972656,0,0.0,6689.28815,0.0,0.0,Optimal,500,0,6874707.747728985,6869707.747494217,5000.0
optimistic_p10,RTR,SOUTH TEES HOSPITALS NHS FOUNDATION TRUST,170,Cardiothoracic Surgery Service,746.5562591552734,0,0.0,746.556259,0.0,0.0,Optimal,500,0,6874707.747728985,6869707.747494217,5000.0
optimistic_p10,RTR,SOUTH TEES HOSPITALS NHS FOUNDATION TRUST,160,Plastic Surgery Service,9273.730224609375,0,0.0,9273.73023,0.0,0.0,Optimal,500,0,6874707.747728985,6869707.747494217,5000.0
optimistic_p10,RTR,SOUTH TEES HOSPITALS NHS FOUNDATION TRUST,150,Neurosurgical Service,1838.3580169677734,0,0.0,1838.35803,0.0,0.0,Optimal,500,0,6874707.747728985,6869707.747494217,5000.0
optimistic_p10,RTR,SOUTH TEES HOSPITALS NHS FOUNDATION TRUST,130,Ophthalmology Service,7268.684326171875,0,0.0,7268.68432,0.0,0.0,Optimal,500,0,6874707.747728985,6869707.747494217,5000.0
optimistic_p10,RTR,SOUTH TEES HOSPITALS NHS FOUNDATION TRUST,120,Ear Nose and Throat Service,6426.147308349609,0,0.0,6426.14731,0.0,0.0,Optimal,500,0,6874707.747728985,6869707.747494217,5000.0
optimistic_p10,RTR,SOUTH TEES HOSPITALS NHS FOUNDATION TRUST,110,Trauma and Orthopaedic Service,24624.932739257812,0,0.0,24624.9326,0.0,0.0,Optimal,500,0,6874707.747728985,6869707.747494217,5000.0
optimistic_p10,RTR,SOUTH TEES HOSPITALS NHS FOUNDATION TRUST,101,Urology Service,4666.474029541016,0,0.0,4666.47403,0.0,0.0,Optimal,500,0,6874707.747728985,6869707.747494217,5000.0
optimistic_p10,RTR,SOUTH TEES HOSPITALS NHS FOUNDATION TRUST,100,General Surgery Service,6038.982330322266,0,0.0,6038.98233,0.0,0.0,Optimal,500,0,6874707.747728985,6869707.747494217,5000.0
optimistic_p10,RTP,SURREY AND SUSSEX HEALTHCARE NHS TRUST,502,Gynaecology Service,8374.511047363281,0,0.0,8374.51103,0.0,0.0,Optimal,500,0,6874707.747728985,6869707.747494217,5000.0
optimistic_p10,RTP,SURREY AND SUSSEX HEALTHCARE NHS TRUST,140,Oral Surgery Service,1250.7119522094727,0,0.0,1250.711956,0.0,0.0,Optimal,500,0,6874707.747728985,6869707.747494217,5000.0
optimistic_p10,RTG,UNIVERSITY HOSPITALS OF DERBY AND BURTON NHS FOUNDATION TRUST,120,Ear Nose and Throat Service,10047.411987304688,0,0.0,10047.412,0.0,0.0,Optimal,500,0,6874707.747728985,6869707.747494217,5000.0
optimistic_p10,RTG,UNIVERSITY HOSPITALS OF DERBY AND BURTON NHS FOUNDATION TRUST,110,Trauma and Orthopaedic Service,63838.21630859375,0,0.0,63838.2165,0.0,0.0,Optimal,500,0,6874707.747728985,6869707.747494217,5000.0
optimistic_p10,RTG,UNIVERSITY HOSPITALS OF DERBY AND BURTON NHS FOUNDATION TRUST,101,Urology Service,4692.914306640625,0,0.0,4692.91431,0.0,0.0,Optimal,500,0,6874707.747728985,6869707.747494217,5000.0
optimistic_p10,RRV,UNIVERSITY COLLEGE LONDON HOSPITALS NHS FOUNDATION TRUST,502,Gynaecology Service,3619.488494873047,0,0.0,3619.4885,0.0,0.0,Optimal,500,0,6874707.747728985,6869707.747494217,5000.0
optimistic_p10,RRV,UNIVERSITY COLLEGE LONDON HOSPITALS NHS FOUNDATION TRUST,140,Oral Surgery Service,7784.52294921875,0,0.0,7784.52294,0.0,0.0,Optimal,500,0,6874707.747728985,6869707.747494217,5000.0
optimistic_p10,RRV,UNIVERSITY COLLEGE LONDON HOSPITALS NHS FOUNDATION TRUST,120,Ear Nose and Throat Service,11041.59423828125,0,0.0,11041.594219999999,0.0,0.0,Optimal,500,0,6874707.747728985,6869707.747494217,5000.0
optimistic_p10,RRV,UNIVERSITY COLLEGE LONDON HOSPITALS NHS FOUNDATION TRUST,110,Trauma and Orthopaedic Service,12199.326721191406,0,0.0,12199.32674,0.0,0.0,Optimal,500,0,6874707.747728985,6869707.747494217,5000.0
optimistic_p10,RRV,UNIVERSITY COLLEGE LONDON HOSPITALS NHS FOUNDATION TRUST,101,Urology Service,7973.5872802734375,0,0.0,7973.58729,0.0,0.0,Optimal,500,0,6874707.747728985,6869707.747494217,5000.0
optimistic_p10,RRV,UNIVERSITY COLLEGE LONDON HOSPITALS NHS FOUNDATION TRUST,100,General Surgery Service,52.32145404815674,0,0.0,52.321454,0.0,0.0,Optimal,500,0,6874707.747728985,6869707.747494217,5000.0
optimistic_p10,RRK,UNIVERSITY HOSPITALS BIRMINGHAM NHS FOUNDATION TRUST,502,Gynaecology Service,2259.2962951660156,0,0.0,2259.2963099999997,0.0,0.0,Optimal,500,0,6874707.747728985,6869707.747494217,5000.0
optimistic_p10,RRK,UNIVERSITY HOSPITALS BIRMINGHAM NHS FOUNDATION TRUST,170,Cardiothoracic Surgery Service,599.4823722839355,0,0.0,599.4823719999999,0.0,0.0,Optimal,500,0,6874707.747728985,6869707.747494217,5000.0
optimistic_p10,RRK,UNIVERSITY HOSPITALS BIRMINGHAM NHS FOUNDATION TRUST,160,Plastic Surgery Service,1687.3500061035156,0,0.0,1687.3500099999999,0.0,0.0,Optimal,500,0,6874707.747728985,6869707.747494217,5000.0
optimistic_p10,RRK,UNIVERSITY HOSPITALS BIRMINGHAM NHS FOUNDATION TRUST,150,Neurosurgical Service,1041.449363708496,0,0.0,1041.449363,0.0,0.0,Optimal,500,0,6874707.747728985,6869707.747494217,5000.0
optimistic_p10,RRK,UNIVERSITY HOSPITALS BIRMINGHAM NHS FOUNDATION TRUST,140,Oral Surgery Service,881.7740707397461,0,0.0,881.774069,0.0,0.0,Optimal,500,0,6874707.747728985,6869707.747494217,5000.0
optimistic_p10,RRK,UNIVERSITY HOSPITALS BIRMINGHAM NHS FOUNDATION TRUST,130,Ophthalmology Service,9571.617736816406,0,0.0,9571.61773,0.0,0.0,Optimal,500,0,6874707.747728985,6869707.747494217,5000.0
optimistic_p10,RRK,UNIVERSITY HOSPITALS BIRMINGHAM NHS FOUNDATION TRUST,120,Ear Nose and Throat Service,6195.018249511719,0,0.0,6195.01824,0.0,0.0,Optimal,500,0,6874707.747728985,6869707.747494217,5000.0
optimistic_p10,RRK,UNIVERSITY HOSPITALS BIRMINGHAM NHS FOUNDATION TRUST,110,Trauma and Orthopaedic Service,5264.173370361328,0,0.0,5264.17338,0.0,0.0,Optimal,500,0,6874707.747728985,6869707.747494217,5000.0
optimistic_p10,RRK,UNIVERSITY HOSPITALS BIRMINGHAM NHS FOUNDATION TRUST,101,Urology Service,6888.89013671875,0,0.0,6888.89013,0.0,0.0,Optimal,500,0,6874707.747728985,6869707.747494217,5000.0
optimistic_p10,RRK,UNIVERSITY HOSPITALS BIRMINGHAM NHS FOUNDATION TRUST,100,General Surgery Service,6925.296142578125,0,0.0,6925.29614,0.0,0.0,Optimal,500,0,6874707.747728985,6869707.747494217,5000.0
optimistic_p10,RRJ,THE ROYAL ORTHOPAEDIC HOSPITAL NHS FOUNDATION TRUST,110,Trauma and Orthopaedic Service,21910.048583984375,0,0.0,21910.0484,0.0,0.0,Optimal,500,0,6874707.747728985,6869707.747494217,5000.0
optimistic_p10,RRF,"WRIGHTINGTON, WIGAN AND LEIGH TEACHING HOSPITALS NHS FOUNDATION TRUST",502,Gynaecology Service,3467.520721435547,0,0.0,3467.52073,0.0,0.0,Optimal,500,0,6874707.747728985,6869707.747494217,5000.0
optimistic_p10,RRF,"WRIGHTINGTON, WIGAN AND LEIGH TEACHING HOSPITALS NHS FOUNDATION TRUST",160,Plastic Surgery Service,839.3565826416016,0,0.0,839.356583,0.0,0.0,Optimal,500,0,6874707.747728985,6869707.747494217,5000.0
optimistic_p10,RRF,"WRIGHTINGTON, WIGAN AND LEIGH TEACHING HOSPITALS NHS FOUNDATION TRUST",140,Oral Surgery Service,2452.0534057617188,0,0.0,2452.05339,0.0,0.0,Optimal,500,0,6874707.747728985,6869707.747494217,5000.0
optimistic_p10,RRF,"WRIGHTINGTON, WIGAN AND LEIGH TEACHING HOSPITALS NHS FOUNDATION TRUST",130,Ophthalmology Service,2669.301467895508,0,0.0,2669.30146,0.0,0.0,Optimal,500,0,6874707.747728985,6869707.747494217,5000.0
optimistic_p10,RRF,"WRIGHTINGTON, WIGAN AND LEIGH TEACHING HOSPITALS NHS FOUNDATION TRUST",120,Ear Nose and Throat Service,6432.2447509765625,0,0.0,6432.24476,0.0,0.0,Optimal,500,0,6874707.747728985,6869707.747494217,5000.0
optimistic_p10,RRV,UNIVERSITY COLLEGE LONDON HOSPITALS NHS FOUNDATION TRUST,150,Neurosurgical Service,4496.391082763672,0,0.0,4496.391079999999,0.0,0.0,Optimal,500,0,6874707.747728985,6869707.747494217,5000.0
optimistic_p10,RTD,THE NEWCASTLE UPON TYNE HOSPITALS NHS FOUNDATION TRUST,100,General Surgery Service,1690.2929229736328,0,0.0,1690.2929100000001,0.0,0.0,Optimal,500,0,6874707.747728985,6869707.747494217,5000.0
optimistic_p10,RTG,UNIVERSITY HOSPITALS OF DERBY AND BURTON NHS FOUNDATION TRUST,100,General Surgery Service,7724.462158203125,0,0.0,7724.46216,0.0,0.0,Optimal,500,0,6874707.747728985,6869707.747494217,5000.0
optimistic_p10,RTD,THE NEWCASTLE UPON TYNE HOSPITALS NHS FOUNDATION TRUST,101,Urology Service,10010.195007324219,0,0.0,10010.195,0.0,0.0,Optimal,500,0,6874707.747728985,6869707.747494217,5000.0
optimistic_p10,RTF,NORTHUMBRIA HEALTHCARE NHS FOUNDATION TRUST,502,Gynaecology Service,3787.7869567871094,0,0.0,3787.78695,0.0,0.0,Optimal,500,0,6874707.747728985,6869707.747494217,5000.0
optimistic_p10,RTF,NORTHUMBRIA HEALTHCARE NHS FOUNDATION TRUST,160,Plastic Surgery Service,7561.865417480469,0,0.0,7561.86542,0.0,0.0,Optimal,500,0,6874707.747728985,6869707.747494217,5000.0
optimistic_p10,RTF,NORTHUMBRIA HEALTHCARE NHS FOUNDATION TRUST,140,Oral Surgery Service,5628.241485595703,0,0.0,5628.24148,0.0,0.0,Optimal,500,0,6874707.747728985,6869707.747494217,5000.0
optimistic_p10,RTF,NORTHUMBRIA HEALTHCARE NHS FOUNDATION TRUST,110,Trauma and Orthopaedic Service,28374.952880859375,0,0.0,28374.9529,0.0,0.0,Optimal,500,0,6874707.747728985,6869707.747494217,5000.0
optimistic_p10,RTF,NORTHUMBRIA HEALTHCARE NHS FOUNDATION TRUST,101,Urology Service,1825.8636016845703,0,0.0,1825.86359,0.0,0.0,Optimal,500,0,6874707.747728985,6869707.747494217,5000.0
optimistic_p10,RTF,NORTHUMBRIA HEALTHCARE NHS FOUNDATION TRUST,100,General Surgery Service,9593.107849121094,0,0.0,9593.10785,0.0,0.0,Optimal,500,0,6874707.747728985,6869707.747494217,5000.0
optimistic_p10,RTE,GLOUCESTERSHIRE HOSPITALS NHS FOUNDATION TRUST,502,Gynaecology Service,4765.738128662109,0,0.0,4765.73813,0.0,0.0,Optimal,500,0,6874707.747728985,6869707.747494217,5000.0
optimistic_p10,RTE,GLOUCESTERSHIRE HOSPITALS NHS FOUNDATION TRUST,140,Oral Surgery Service,3133.459518432617,0,0.0,3133.45952,0.0,0.0,Optimal,500,0,6874707.747728985,6869707.747494217,5000.0
optimistic_p10,RTE,GLOUCESTERSHIRE HOSPITALS NHS FOUNDATION TRUST,130,Ophthalmology Service,5746.716583251953,0,0.0,5746.71658,0.0,0.0,Optimal,500,0,6874707.747728985,6869707.747494217,5000.0
optimistic_p10,RTE,GLOUCESTERSHIRE HOSPITALS NHS FOUNDATION TRUST,120,Ear Nose and Throat Service,6090.349334716797,0,0.0,6090.34934,0.0,0.0,Optimal,500,0,6874707.747728985,6869707.747494217,5000.0
optimistic_p10,RTE,GLOUCESTERSHIRE HOSPITALS NHS FOUNDATION TRUST,110,Trauma and Orthopaedic Service,28397.17431640625,0,0.0,28397.1744,0.0,0.0,Optimal,500,0,6874707.747728985,6869707.747494217,5000.0
optimistic_p10,RTE,GLOUCESTERSHIRE HOSPITALS NHS FOUNDATION TRUST,101,Urology Service,8803.690124511719,0,0.0,8803.69013,0.0,0.0,Optimal,500,0,6874707.747728985,6869707.747494217,5000.0
optimistic_p10,RTE,GLOUCESTERSHIRE HOSPITALS NHS FOUNDATION TRUST,100,General Surgery Service,14.688956260681152,0,0.0,14.6889561,0.0,0.0,Optimal,500,0,6874707.747728985,6869707.747494217,5000.0
optimistic_p10,RTD,THE NEWCASTLE UPON TYNE HOSPITALS NHS FOUNDATION TRUST,502,Gynaecology Service,4539.3372802734375,0,0.0,4539.33729,0.0,0.0,Optimal,500,0,6874707.747728985,6869707.747494217,5000.0
optimistic_p10,RTD,THE NEWCASTLE UPON TYNE HOSPITALS NHS FOUNDATION TRUST,170,Cardiothoracic Surgery Service,271.44325065612793,0,0.0,271.443249,0.0,0.0,Optimal,500,0,6874707.747728985,6869707.747494217,5000.0
optimistic_p10,RTD,THE NEWCASTLE UPON TYNE HOSPITALS NHS FOUNDATION TRUST,160,Plastic Surgery Service,8010.097412109375,0,0.0,8010.09741,0.0,0.0,Optimal,500,0,6874707.747728985,6869707.747494217,5000.0
optimistic_p10,RTD,THE NEWCASTLE UPON TYNE HOSPITALS NHS FOUNDATION TRUST,150,Neurosurgical Service,1764.186508178711,0,0.0,1764.18651,0.0,0.0,Optimal,500,0,6874707.747728985,6869707.747494217,5000.0
optimistic_p10,RTD,THE NEWCASTLE UPON TYNE HOSPITALS NHS FOUNDATION TRUST,140,Oral Surgery Service,1689.2669830322266,0,0.0,1689.2669799999999,0.0,0.0,Optimal,500,0,6874707.747728985,6869707.747494217,5000.0
optimistic_p10,RTD,THE NEWCASTLE UPON TYNE HOSPITALS NHS FOUNDATION TRUST,130,Ophthalmology Service,20622.081787109375,0,0.0,20622.0818,0.0,0.0,Optimal,500,0,6874707.747728985,6869707.747494217,5000.0
optimistic_p10,RTD,THE NEWCASTLE UPON TYNE HOSPITALS NHS FOUNDATION TRUST,120,Ear Nose and Throat Service,12001.595031738281,0,0.0,12001.59506,0.0,0.0,Optimal,500,0,6874707.747728985,6869707.747494217,5000.0
optimistic_p10,RTD,THE NEWCASTLE UPON TYNE HOSPITALS NHS FOUNDATION TRUST,110,Trauma and Orthopaedic Service,36701.898681640625,0,0.0,36701.8986,0.0,0.0,Optimal,500,0,6874707.747728985,6869707.747494217,5000.0
optimistic_p10,RBN,MERSEY AND WEST LANCASHIRE TEACHING HOSPITALS NHS TRUST,100,General Surgery Service,17896.801879882812,0,0.0,17896.802,0.0,0.0,Optimal,500,0,6874707.747728985,6869707.747494217,5000.0
optimistic_p10,RBD,DORSET COUNTY HOSPITAL NHS FOUNDATION TRUST,101,Urology Service,1841.5606536865234,0,0.0,1841.56066,0.0,0.0,Optimal,500,0,6874707.747728985,6869707.747494217,5000.0
optimistic_p10,RBL,WIRRAL UNIVERSITY TEACHING HOSPITAL NHS FOUNDATION TRUST,140,Oral Surgery Service,3342.783721923828,0,0.0,3342.78373,0.0,0.0,Optimal,500,0,6874707.747728985,6869707.747494217,5000.0
optimistic_p10,NT347,SPIRE FYLDE COAST HOSPITAL,101,Urology Service,63.14134502410889,0,0.0,63.1413451,0.0,0.0,Optimal,500,0,6874707.747728985,6869707.747494217,5000.0
optimistic_p10,NT350,SPIRE METHLEY PARK HOSPITAL,101,Urology Service,19.26076650619507,0,0.0,19.2607665,0.0,0.0,Optimal,500,0,6874707.747728985,6869707.747494217,5000.0
optimistic_p10,NT350,SPIRE METHLEY PARK HOSPITAL,100,General Surgery Service,241.9226188659668,0,0.0,241.922619,0.0,0.0,Optimal,500,0,6874707.747728985,6869707.747494217,5000.0
optimistic_p10,NT348,SPIRE ELLAND HOSPITAL,502,Gynaecology Service,33.21070718765259,0,0.0,33.2107072,0.0,0.0,Optimal,500,0,6874707.747728985,6869707.747494217,5000.0
optimistic_p10,NT348,SPIRE ELLAND HOSPITAL,110,Trauma and Orthopaedic Service,1647.4449310302734,0,0.0,1647.44491,0.0,0.0,Optimal,500,0,6874707.747728985,6869707.747494217,5000.0
optimistic_p10,NT348,SPIRE ELLAND HOSPITAL,101,Urology Service,43.75961351394653,0,0.0,43.7596134,0.0,0.0,Optimal,500,0,6874707.747728985,6869707.747494217,5000.0
optimistic_p10,NT348,SPIRE ELLAND HOSPITAL,100,General Surgery Service,417.86939239501953,0,0.0,417.869393,0.0,0.0,Optimal,500,0,6874707.747728985,6869707.747494217,5000.0
optimistic_p10,NT347,SPIRE FYLDE COAST HOSPITAL,502,Gynaecology Service,194.23236465454102,0,0.0,194.232364,0.0,0.0,Optimal,500,0,6874707.747728985,6869707.747494217,5000.0
optimistic_p10,NT347,SPIRE FYLDE COAST HOSPITAL,150,Neurosurgical Service,51.61243987083435,0,0.0,51.6124399,0.0,0.0,Optimal,500,0,6874707.747728985,6869707.747494217,5000.0
optimistic_p10,NT347,SPIRE FYLDE COAST HOSPITAL,120,Ear Nose and Throat Service,101.29637813568115,0,0.0,101.29637819999999,0.0,0.0,Optimal,500,0,6874707.747728985,6869707.747494217,5000.0
optimistic_p10,NT347,SPIRE FYLDE COAST HOSPITAL,110,Trauma and Orthopaedic Service,3093.6731567382812,0,0.0,3093.67317,0.0,0.0,Optimal,500,0,6874707.747728985,6869707.747494217,5000.0
optimistic_p10,NT347,SPIRE FYLDE COAST HOSPITAL,100,General Surgery Service,713.3253707885742,0,0.0,713.32537,0.0,0.0,Optimal,500,0,6874707.747728985,6869707.747494217,5000.0
optimistic_p10,NT403,BEARDWOOD HOSPITAL,502,Gynaecology Service,160.67549228668213,0,0.0,160.675492,0.0,0.0,Optimal,500,0,6874707.747728985,6869707.747494217,5000.0
optimistic_p10,NT345,SPIRE CLARE PARK HOSPITAL,120,Ear Nose and Throat Service,14.274701833724976,0,0.0,14.27470195,0.0,0.0,Optimal,500,0,6874707.747728985,6869707.747494217,5000.0
optimistic_p10,NT345,SPIRE CLARE PARK HOSPITAL,110,Trauma and Orthopaedic Service,138.66412353515625,0,0.0,138.664124,0.0,0.0,Optimal,500,0,6874707.747728985,6869707.747494217,5000.0
optimistic_p10,NT345,SPIRE CLARE PARK HOSPITAL,101,Urology Service,30.12130880355835,0,0.0,30.1213088,0.0,0.0,Optimal,500,0,6874707.747728985,6869707.747494217,5000.0
optimistic_p10,NT345,SPIRE CLARE PARK HOSPITAL,100,General Surgery Service,61.380064964294434,0,0.0,61.380065099999996,0.0,0.0,Optimal,500,0,6874707.747728985,6869707.747494217,5000.0
optimistic_p10,NT344,SPIRE DUNEDIN HOSPITAL,110,Trauma and Orthopaedic Service,358.9646854400635,0,0.0,358.964684,0.0,0.0,Optimal,500,0,6874707.747728985,6869707.747494217,5000.0
optimistic_p10,NT344,SPIRE DUNEDIN HOSPITAL,100,General Surgery Service,78.92682361602783,0,0.0,78.9268236,0.0,0.0,Optimal,500,0,6874707.747728985,6869707.747494217,5000.0
optimistic_p10,NT343,SPIRE THAMES VALLEY HOSPITAL,110,Trauma and Orthopaedic Service,316.98950004577637,0,0.0,316.989501,0.0,0.0,Optimal,500,0,6874707.747728985,6869707.747494217,5000.0
optimistic_p10,NT343,SPIRE THAMES VALLEY HOSPITAL,100,General Surgery Service,26.955291509628296,0,0.0,26.9552917,0.0,0.0,Optimal,500,0,6874707.747728985,6869707.747494217,5000.0
optimistic_p10,NT339,SPIRE REGENCY HOSPITAL,502,Gynaecology Service,268.77723503112793,0,0.0,268.777235,0.0,0.0,Optimal,500,0,6874707.747728985,6869707.747494217,5000.0
optimistic_p10,NT339,SPIRE REGENCY HOSPITAL,150,Neurosurgical Service,33.18686294555664,0,0.0,33.186863,0.0,0.0,Optimal,500,0,6874707.747728985,6869707.747494217,5000.0
optimistic_p10,NT350,SPIRE METHLEY PARK HOSPITAL,110,Trauma and Orthopaedic Service,782.4716033935547,0,0.0,782.471604,0.0,0.0,Optimal,500,0,6874707.747728985,6869707.747494217,5000.0
optimistic_p10,NT350,SPIRE METHLEY PARK HOSPITAL,150,Neurosurgical Service,11.151838153600693,0,0.0,11.15183804,0.0,0.0,Optimal,500,0,6874707.747728985,6869707.747494217,5000.0
optimistic_p10,NT350,SPIRE METHLEY PARK HOSPITAL,160,Plastic Surgery Service,35.667054653167725,0,0.0,35.6670547,0.0,0.0,Optimal,500,0,6874707.747728985,6869707.747494217,5000.0
optimistic_p10,NT351,SPIRE HULL AND EAST RIDING HOSPITAL,100,General Surgery Service,1168.5271835327148,0,0.0,1168.527179,0.0,0.0,Optimal,500,0,6874707.747728985,6869707.747494217,5000.0
optimistic_p10,NT403,BEARDWOOD HOSPITAL,120,Ear Nose and Throat Service,72.27452802658081,0,0.0,72.274528,0.0,0.0,Optimal,500,0,6874707.747728985,6869707.747494217,5000.0
optimistic_p10,NT403,BEARDWOOD HOSPITAL,110,Trauma and Orthopaedic Service,3124.014419555664,0,0.0,3124.01441,0.0,0.0,Optimal,500,0,6874707.747728985,6869707.747494217,5000.0
optimistic_p10,NT403,BEARDWOOD HOSPITAL,101,Urology Service,96.46973609924316,0,0.0,96.4697362,0.0,0.0,Optimal,500,0,6874707.747728985,6869707.747494217,5000.0
optimistic_p10,NT403,BEARDWOOD HOSPITAL,100,General Surgery Service,519.5612106323242,0,0.0,519.561211,0.0,0.0,Optimal,500,0,6874707.747728985,6869707.747494217,5000.0
optimistic_p10,NT402,BATH CLINIC,130,Ophthalmology Service,105.48876571655273,0,0.0,105.4887655,0.0,0.0,Optimal,500,0,6874707.747728985,6869707.747494217,5000.0
optimistic_p10,NT402,BATH CLINIC,110,Trauma and Orthopaedic Service,946.7549438476562,0,0.0,946.754945,0.0,0.0,Optimal,500,0,6874707.747728985,6869707.747494217,5000.0
optimistic_p10,NT402,BATH CLINIC,100,General Surgery Service,32.42885756492615,0,0.0,32.4288575,0.0,0.0,Optimal,500,0,6874707.747728985,6869707.747494217,5000.0
optimistic_p10,NT401,ALEXANDRA HOSPITAL,110,Trauma and Orthopaedic Service,588.0426025390625,0,0.0,588.042602,0.0,0.0,Optimal,500,0,6874707.747728985,6869707.747494217,5000.0
optimistic_p10,NT401,ALEXANDRA HOSPITAL,100,General Surgery Service,282.0155963897705,0,0.0,282.015597,0.0,0.0,Optimal,500,0,6874707.747728985,6869707.747494217,5000.0
optimistic_p10,NT3X3,SPIRE ST ANTHONY'S HOSPITAL,502,Gynaecology Service,29.847209930419922,0,0.0,29.84721,0.0,0.0,Optimal,500,0,6874707.747728985,6869707.747494217,5000.0
optimistic_p10,NT3X3,SPIRE ST ANTHONY'S HOSPITAL,150,Neurosurgical Service,34.95171046257019,0,0.0,34.9517105,0.0,0.0,Optimal,500,0,6874707.747728985,6869707.747494217,5000.0
optimistic_p10,NT3X3,SPIRE ST ANTHONY'S HOSPITAL,120,Ear Nose and Throat Service,16.83281445503235,0,0.0,16.83281436,0.0,0.0,Optimal,500,0,6874707.747728985,6869707.747494217,5000.0
optimistic_p10,NT3X3,SPIRE ST ANTHONY'S HOSPITAL,110,Trauma and Orthopaedic Service,138.1618070602417,0,0.0,138.161807,0.0,0.0,Optimal,500,0,6874707.747728985,6869707.747494217,5000.0
optimistic_p10,NT3X3,SPIRE ST ANTHONY'S HOSPITAL,100,General Surgery Service,557.6858863830566,0,0.0,557.685885,0.0,0.0,Optimal,500,0,6874707.747728985,6869707.747494217,5000.0
optimistic_p10,NT364,SPIRE MONTEFIORE HOSPITAL,110,Trauma and Orthopaedic Service,755.228214263916,0,0.0,755.228213,0.0,0.0,Optimal,500,0,6874707.747728985,6869707.747494217,5000.0
optimistic_p10,NT364,SPIRE MONTEFIORE HOSPITAL,100,General Surgery Service,156.54645442962646,0,0.0,156.546455,0.0,0.0,Optimal,500,0,6874707.747728985,6869707.747494217,5000.0
optimistic_p10,NT351,SPIRE HULL AND EAST RIDING HOSPITAL,502,Gynaecology Service,31.682750701904297,0,0.0,31.6827507,0.0,0.0,Optimal,500,0,6874707.747728985,6869707.747494217,5000.0
optimistic_p10,NT351,SPIRE HULL AND EAST RIDING HOSPITAL,150,Neurosurgical Service,129.19429206848145,0,0.0,129.1942917,0.0,0.0,Optimal,500,0,6874707.747728985,6869707.747494217,5000.0
optimistic_p10,NT351,SPIRE HULL AND EAST RIDING HOSPITAL,120,Ear Nose and Throat Service,30.13983654975891,0,0.0,30.1398365,0.0,0.0,Optimal,500,0,6874707.747728985,6869707.747494217,5000.0
optimistic_p10,NT351,SPIRE HULL AND EAST RIDING HOSPITAL,110,Trauma and Orthopaedic Service,2616.494155883789,0,0.0,2616.49418,0.0,0.0,Optimal,500,0,6874707.747728985,6869707.747494217,5000.0
optimistic_p10,NT351,SPIRE HULL AND EAST RIDING HOSPITAL,101,Urology Service,24.34525990486145,0,0.0,24.3452598,0.0,0.0,Optimal,500,0,6874707.747728985,6869707.747494217,5000.0
optimistic_p10,NT339,SPIRE REGENCY HOSPITAL,120,Ear Nose and Throat Service,82.96290063858032,0,0.0,82.9629006,0.0,0.0,Optimal,500,0,6874707.747728985,6869707.747494217,5000.0
optimistic_p10,NT339,SPIRE REGENCY HOSPITAL,110,Trauma and Orthopaedic Service,2060.2644958496094,0,0.0,2060.26448,0.0,0.0,Optimal,500,0,6874707.747728985,6869707.747494217,5000.0
optimistic_p10,NT339,SPIRE REGENCY HOSPITAL,101,Urology Service,24.38294768333435,0,0.0,24.3829477,0.0,0.0,Optimal,500,0,6874707.747728985,6869707.747494217,5000.0
optimistic_p10,NT322,SPIRE LEICESTER HOSPITAL,100,General Surgery Service,23.069580793380737,0,0.0,23.0695806,0.0,0.0,Optimal,500,0,6874707.747728985,6869707.747494217,5000.0
optimistic_p10,NT321,SPIRE LITTLE ASTON HOSPITAL,110,Trauma and Orthopaedic Service,1060.6291580200195,0,0.0,1060.629158,0.0,0.0,Optimal,500,0,6874707.747728985,6869707.747494217,5000.0
optimistic_p10,NT321,SPIRE LITTLE ASTON HOSPITAL,100,General Surgery Service,345.9365577697754,0,0.0,345.936557,0.0,0.0,Optimal,500,0,6874707.747728985,6869707.747494217,5000.0
optimistic_p10,NT320,SPIRE PARKWAY HOSPITAL,502,Gynaecology Service,52.27793645858765,0,0.0,52.2779364,0.0,0.0,Optimal,500,0,6874707.747728985,6869707.747494217,5000.0
optimistic_p10,NT320,SPIRE PARKWAY HOSPITAL,110,Trauma and Orthopaedic Service,1305.548110961914,0,0.0,1305.54813,0.0,0.0,Optimal,500,0,6874707.747728985,6869707.747494217,5000.0
optimistic_p10,NT320,SPIRE PARKWAY HOSPITAL,100,General Surgery Service,171.5849485397339,0,0.0,171.584949,0.0,0.0,Optimal,500,0,6874707.747728985,6869707.747494217,5000.0
optimistic_p10,NT319,SPIRE HARTSWOOD HOSPITAL,110,Trauma and Orthopaedic Service,1883.1810607910156,0,0.0,1883.18106,0.0,0.0,Optimal,500,0,6874707.747728985,6869707.747494217,5000.0
optimistic_p10,NT319,SPIRE HARTSWOOD HOSPITAL,100,General Surgery Service,253.89635848999023,0,0.0,253.896359,0.0,0.0,Optimal,500,0,6874707.747728985,6869707.747494217,5000.0
optimistic_p10,NT318,SPIRE NORWICH HOSPITAL,110,Trauma and Orthopaedic Service,1222.3041687011719,0,0.0,1222.304156,0.0,0.0,Optimal,500,0,6874707.747728985,6869707.747494217,5000.0
optimistic_p10,NT318,SPIRE NORWICH HOSPITAL,100,General Surgery Service,147.29470825195312,0,0.0,147.2947089,0.0,0.0,Optimal,500,0,6874707.747728985,6869707.747494217,5000.0
optimistic_p10,NT317,SPIRE CAMBRIDGE LEA HOSPITAL,150,Neurosurgical Service,14.909806251525879,0,0.0,14.90980614,0.0,0.0,Optimal,500,0,6874707.747728985,6869707.747494217,5000.0
optimistic_p10,NT317,SPIRE CAMBRIDGE LEA HOSPITAL,120,Ear Nose and Throat Service,30.345674514770508,0,0.0,30.3456747,0.0,0.0,Optimal,500,0,6874707.747728985,6869707.747494217,5000.0
optimistic_p10,NT317,SPIRE CAMBRIDGE LEA HOSPITAL,110,Trauma and Orthopaedic Service,649.2701721191406,0,0.0,649.270172,0.0,0.0,Optimal,500,0,6874707.747728985,6869707.747494217,5000.0
optimistic_p10,NT317,SPIRE CAMBRIDGE LEA HOSPITAL,100,General Surgery Service,45.123605251312256,0,0.0,45.1236052,0.0,0.0,Optimal,500,0,6874707.747728985,6869707.747494217,5000.0
optimistic_p10,NT316,SPIRE HARPENDEN HOSPITAL,120,Ear Nose and Throat Service,126.46101188659668,0,0.0,126.46101089999999,0.0,0.0,Optimal,500,0,6874707.747728985,6869707.747494217,5000.0
optimistic_p10,NT316,SPIRE HARPENDEN HOSPITAL,110,Trauma and Orthopaedic Service,665.7309761047363,0,0.0,665.7309779999999,0.0,0.0,Optimal,500,0,6874707.747728985,6869707.747494217,5000.0
optimistic_p10,NT316,SPIRE HARPENDEN HOSPITAL,100,General Surgery Service,221.50718116760254,0,0.0,221.50718,0.0,0.0,Optimal,500,0,6874707.747728985,6869707.747494217,5000.0
optimistic_p10,NT315,SPIRE BUSHEY HOSPITAL,502,Gynaecology Service,80.60735177993774,0,0.0,80.6073518,0.0,0.0,Optimal,500,0,6874707.747728985,6869707.747494217,5000.0
optimistic_p10,NT315,SPIRE BUSHEY HOSPITAL,120,Ear Nose and Throat Service,111.63152503967285,0,0.0,111.6315251,0.0,0.0,Optimal,500,0,6874707.747728985,6869707.747494217,5000.0
optimistic_p10,NT315,SPIRE BUSHEY HOSPITAL,110,Trauma and Orthopaedic Service,525.6212921142578,0,0.0,525.621293,0.0,0.0,Optimal,500,0,6874707.747728985,6869707.747494217,5000.0
optimistic_p10,NT315,SPIRE BUSHEY HOSPITAL,100,General Surgery Service,216.35226821899414,0,0.0,216.352269,0.0,0.0,Optimal,500,0,6874707.747728985,6869707.747494217,5000.0
optimistic_p10,NT314,SPIRE LONDON EAST,502,Gynaecology Service,147.40967178344727,0,0.0,147.409672,0.0,0.0,Optimal,500,0,6874707.747728985,6869707.747494217,5000.0
optimistic_p10,NT321,SPIRE LITTLE ASTON HOSPITAL,502,Gynaecology Service,35.23579478263855,0,0.0,35.2357946,0.0,0.0,Optimal,500,0,6874707.747728985,6869707.747494217,5000.0
optimistic_p10,NT322,SPIRE LEICESTER HOSPITAL,110,Trauma and Orthopaedic Service,628.814151763916,0,0.0,628.814152,0.0,0.0,Optimal,500,0,6874707.747728985,6869707.747494217,5000.0
optimistic_p10,NT339,SPIRE REGENCY HOSPITAL,100,General Surgery Service,541.9868621826172,0,0.0,541.986863,0.0,0.0,Optimal,500,0,6874707.747728985,6869707.747494217,5000.0
optimistic_p10,NT324,SPIRE CHESHIRE HOSPITAL,100,General Surgery Service,453.40831756591797,0,0.0,453.408318,0.0,0.0,Optimal,500,0,6874707.747728985,6869707.747494217,5000.0
optimistic_p10,NT337,SPIRE LIVERPOOL HOSPITAL,160,Plastic Surgery Service,55.77138614654541,0,0.0,55.7713861,0.0,0.0,Optimal,500,0,6874707.747728985,6869707.747494217,5000.0
optimistic_p10,NT337,SPIRE LIVERPOOL HOSPITAL,120,Ear Nose and Throat Service,137.04327297210693,0,0.0,137.0432749,0.0,0.0,Optimal,500,0,6874707.747728985,6869707.747494217,5000.0
optimistic_p10,NT337,SPIRE LIVERPOOL HOSPITAL,110,Trauma and Orthopaedic Service,1353.7386932373047,0,0.0,1353.73868,0.0,0.0,Optimal,500,0,6874707.747728985,6869707.747494217,5000.0
optimistic_p10,NT337,SPIRE LIVERPOOL HOSPITAL,101,Urology Service,204.26415634155273,0,0.0,204.264157,0.0,0.0,Optimal,500,0,6874707.747728985,6869707.747494217,5000.0
optimistic_p10,NT337,SPIRE LIVERPOOL HOSPITAL,100,General Surgery Service,612.1888771057129,0,0.0,612.188878,0.0,0.0,Optimal,500,0,6874707.747728985,6869707.747494217,5000.0
optimistic_p10,NT333,SPIRE WASHINGTON HOSPITAL,160,Plastic Surgery Service,226.95441246032715,0,0.0,226.954412,0.0,0.0,Optimal,500,0,6874707.747728985,6869707.747494217,5000.0
optimistic_p10,NT333,SPIRE WASHINGTON HOSPITAL,150,Neurosurgical Service,109.78367233276367,0,0.0,109.7836724,0.0,0.0,Optimal,500,0,6874707.747728985,6869707.747494217,5000.0
optimistic_p10,NT333,SPIRE WASHINGTON HOSPITAL,110,Trauma and Orthopaedic Service,2719.8492889404297,0,0.0,2719.8493,0.0,0.0,Optimal,500,0,6874707.747728985,6869707.747494217,5000.0
optimistic_p10,NT333,SPIRE WASHINGTON HOSPITAL,100,General Surgery Service,259.807710647583,0,0.0,259.807711,0.0,0.0,Optimal,500,0,6874707.747728985,6869707.747494217,5000.0
optimistic_p10,NT332,SPIRE LEEDS HOSPITAL,160,Plastic Surgery Service,167.93657398223877,0,0.0,167.936575,0.0,0.0,Optimal,500,0,6874707.747728985,6869707.747494217,5000.0
optimistic_p10,NT332,SPIRE LEEDS HOSPITAL,110,Trauma and Orthopaedic Service,981.5648345947266,0,0.0,981.564835,0.0,0.0,Optimal,500,0,6874707.747728985,6869707.747494217,5000.0
optimistic_p10,NT332,SPIRE LEEDS HOSPITAL,100,General Surgery Service,294.49647521972656,0,0.0,294.49647500000003,0.0,0.0,Optimal,500,0,6874707.747728985,6869707.747494217,5000.0
optimistic_p10,NT327,SPIRE MANCHESTER HOSPITAL,110,Trauma and Orthopaedic Service,671.4317092895508,0,0.0,671.43171,0.0,0.0,Optimal,500,0,6874707.747728985,6869707.747494217,5000.0
optimistic_p10,NT327,SPIRE MANCHESTER HOSPITAL,100,General Surgery Service,90.84745597839355,0,0.0,90.8474557,0.0,0.0,Optimal,500,0,6874707.747728985,6869707.747494217,5000.0
optimistic_p10,NT325,SPIRE MURRAYFIELD HOSPITAL,110,Trauma and Orthopaedic Service,866.3023986816406,0,0.0,866.302399,0.0,0.0,Optimal,500,0,6874707.747728985,6869707.747494217,5000.0
optimistic_p10,NT325,SPIRE MURRAYFIELD HOSPITAL,101,Urology Service,43.53170967102051,0,0.0,43.5317097,0.0,0.0,Optimal,500,0,6874707.747728985,6869707.747494217,5000.0
optimistic_p10,NT325,SPIRE MURRAYFIELD HOSPITAL,100,General Surgery Service,405.44879722595215,0,0.0,405.448798,0.0,0.0,Optimal,500,0,6874707.747728985,6869707.747494217,5000.0
optimistic_p10,NT324,SPIRE CHESHIRE HOSPITAL,160,Plastic Surgery Service,113.70396423339844,0,0.0,113.7039637,0.0,0.0,Optimal,500,0,6874707.747728985,6869707.747494217,5000.0
optimistic_p10,NT324,SPIRE CHESHIRE HOSPITAL,120,Ear Nose and Throat Service,184.37192726135254,0,0.0,184.371928,0.0,0.0,Optimal,500,0,6874707.747728985,6869707.747494217,5000.0
optimistic_p10,NT324,SPIRE CHESHIRE HOSPITAL,110,Trauma and Orthopaedic Service,946.9378509521484,0,0.0,946.93785,0.0,0.0,Optimal,500,0,6874707.747728985,6869707.747494217,5000.0
optimistic_p10,NT324,SPIRE CHESHIRE HOSPITAL,101,Urology Service,82.61580657958984,0,0.0,82.6158069,0.0,0.0,Optimal,500,0,6874707.747728985,6869707.747494217,5000.0
optimistic_p10,NT403,BEARDWOOD HOSPITAL,150,Neurosurgical Service,34.80607008934021,0,0.0,34.806070399999996,0.0,0.0,Optimal,500,0,6874707.747728985,6869707.747494217,5000.0
optimistic_p10,NT404,BEAUMONT HOSPITAL,100,General Surgery Service,796.9546203613281,0,0.0,796.95462,0.0,0.0,Optimal,500,0,6874707.747728985,6869707.747494217,5000.0
optimistic_p10,NT314,SPIRE LONDON EAST,150,Neurosurgical Service,129.38732051849365,0,0.0,129.38732100000001,0.0,0.0,Optimal,500,0,6874707.747728985,6869707.747494217,5000.0
optimistic_p10,NT423,MANOR HOSPITAL,110,Trauma and Orthopaedic Service,345.8770122528076,0,0.0,345.877012,0.0,0.0,Optimal,500,0,6874707.747728985,6869707.747494217,5000.0
optimistic_p10,NT428,PRINCESS MARGARET HOSPITAL,100,General Surgery Service,55.02894163131714,0,0.0,55.0289416,0.0,0.0,Optimal,500,0,6874707.747728985,6869707.747494217,5000.0
optimistic_p10,NT427,PARK HOSPITAL,502,Gynaecology Service,39.876959562301636,0,0.0,39.8769597,0.0,0.0,Optimal,500,0,6874707.747728985,6869707.747494217,5000.0
optimistic_p10,NT427,PARK HOSPITAL,150,Neurosurgical Service,38.38198113441467,0,0.0,38.3819812,0.0,0.0,Optimal,500,0,6874707.747728985,6869707.747494217,5000.0
optimistic_p10,NT427,PARK HOSPITAL,110,Trauma and Orthopaedic Service,911.6715621948242,0,0.0,911.67156,0.0,0.0,Optimal,500,0,6874707.747728985,6869707.747494217,5000.0
optimistic_p10,NT427,PARK HOSPITAL,101,Urology Service,25.065962314605713,0,0.0,25.0659622,0.0,0.0,Optimal,500,0,6874707.747728985,6869707.747494217,5000.0
optimistic_p10,NT427,PARK HOSPITAL,100,General Surgery Service,96.26747226715088,0,0.0,96.2674724,0.0,0.0,Optimal,500,0,6874707.747728985,6869707.747494217,5000.0
optimistic_p10,NT424,MERIDEN HOSPITAL,150,Neurosurgical Service,213.84996604919434,0,0.0,213.849964,0.0,0.0,Optimal,500,0,6874707.747728985,6869707.747494217,5000.0
optimistic_p10,NT424,MERIDEN HOSPITAL,110,Trauma and Orthopaedic Service,1513.7262496948242,0,0.0,1513.72626,0.0,0.0,Optimal,500,0,6874707.747728985,6869707.747494217,5000.0
optimistic_p10,NT424,MERIDEN HOSPITAL,100,General Surgery Service,415.974796295166,0,0.0,415.974798,0.0,0.0,Optimal,500,0,6874707.747728985,6869707.747494217,5000.0
optimistic_p10,NT423,MANOR HOSPITAL,502,Gynaecology Service,148.82352828979492,0,0.0,148.823529,0.0,0.0,Optimal,500,0,6874707.747728985,6869707.747494217,5000.0
optimistic_p10,NT423,MANOR HOSPITAL,100,General Surgery Service,83.34277439117432,0,0.0,83.3427743,0.0,0.0,Optimal,500,0,6874707.747728985,6869707.747494217,5000.0
optimistic_p10,NT404,BEAUMONT HOSPITAL,101,Urology Service,136.12284564971924,0,0.0,136.122844,0.0,0.0,Optimal,500,0,6874707.747728985,6869707.747494217,5000.0
optimistic_p10,NT422,LONDON INDEPENDENT HOSPITAL,502,Gynaecology Service,58.92396259307861,0,0.0,58.923962599999996,0.0,0.0,Optimal,500,0,6874707.747728985,6869707.747494217,5000.0
optimistic_p10,NT422,LONDON INDEPENDENT HOSPITAL,150,Neurosurgical Service,47.66849660873413,0,0.0,47.6684966,0.0,0.0,Optimal,500,0,6874707.747728985,6869707.747494217,5000.0
optimistic_p10,NT422,LONDON INDEPENDENT HOSPITAL,130,Ophthalmology Service,110.32848453521729,0,0.0,110.3284839,0.0,0.0,Optimal,500,0,6874707.747728985,6869707.747494217,5000.0
optimistic_p10,NT422,LONDON INDEPENDENT HOSPITAL,110,Trauma and Orthopaedic Service,2197.8360748291016,0,0.0,2197.83606,0.0,0.0,Optimal,500,0,6874707.747728985,6869707.747494217,5000.0
optimistic_p10,NT422,LONDON INDEPENDENT HOSPITAL,101,Urology Service,171.96821403503418,0,0.0,171.968213,0.0,0.0,Optimal,500,0,6874707.747728985,6869707.747494217,5000.0
optimistic_p10,NT422,LONDON INDEPENDENT HOSPITAL,100,General Surgery Service,1378.4331817626953,0,0.0,1378.43318,0.0,0.0,Optimal,500,0,6874707.747728985,6869707.747494217,5000.0
optimistic_p10,NT421,KINGS OAK HOSPITAL,502,Gynaecology Service,18.414634943008423,0,0.0,18.414635,0.0,0.0,Optimal,500,0,6874707.747728985,6869707.747494217,5000.0
optimistic_p10,NT421,KINGS OAK HOSPITAL,110,Trauma and Orthopaedic Service,212.9030466079712,0,0.0,212.903045,0.0,0.0,Optimal,500,0,6874707.747728985,6869707.747494217,5000.0
optimistic_p10,NT421,KINGS OAK HOSPITAL,101,Urology Service,45.493728160858154,0,0.0,45.4937281,0.0,0.0,Optimal,500,0,6874707.747728985,6869707.747494217,5000.0
optimistic_p10,NT421,KINGS OAK HOSPITAL,100,General Surgery Service,55.767486572265625,0,0.0,55.7674866,0.0,0.0,Optimal,500,0,6874707.747728985,6869707.747494217,5000.0
optimistic_p10,NT428,PRINCESS MARGARET HOSPITAL,110,Trauma and Orthopaedic Service,71.4337706565857,0,0.0,71.4337708,0.0,0.0,Optimal,500,0,6874707.747728985,6869707.747494217,5000.0
optimistic_p10,NT429,PRIORY HOSPITAL,110,Trauma and Orthopaedic Service,253.7109718322754,0,0.0,253.710973,0.0,0.0,Optimal,500,0,6874707.747728985,6869707.747494217,5000.0
optimistic_p10,NT430,RIDGEWAY HOSPITAL,100,General Surgery Service,75.13681936264038,0,0.0,75.1368193,0.0,0.0,Optimal,500,0,6874707.747728985,6869707.747494217,5000.0
optimistic_p10,NT430,RIDGEWAY HOSPITAL,110,Trauma and Orthopaedic Service,37.54630708694458,0,0.0,37.5463071,0.0,0.0,Optimal,500,0,6874707.747728985,6869707.747494217,5000.0
optimistic_p10,NT437,SLOANE HOSPITAL,150,Neurosurgical Service,16.004597663879395,0,0.0,16.0045977,0.0,0.0,Optimal,500,0,6874707.747728985,6869707.747494217,5000.0
optimistic_p10,NT437,SLOANE HOSPITAL,110,Trauma and Orthopaedic Service,382.7538013458252,0,0.0,382.753799,0.0,0.0,Optimal,500,0,6874707.747728985,6869707.747494217,5000.0
optimistic_p10,NT437,SLOANE HOSPITAL,101,Urology Service,62.081870555877686,0,0.0,62.0818706,0.0,0.0,Optimal,500,0,6874707.747728985,6869707.747494217,5000.0
optimistic_p10,NT437,SLOANE HOSPITAL,100,General Surgery Service,115.22516918182373,0,0.0,115.2251691,0.0,0.0,Optimal,500,0,6874707.747728985,6869707.747494217,5000.0
optimistic_p10,NT436,SHIRLEY OAKS HOSPITAL,502,Gynaecology Service,24.74610710144043,0,0.0,24.7461072,0.0,0.0,Optimal,500,0,6874707.747728985,6869707.747494217,5000.0
optimistic_p10,NT436,SHIRLEY OAKS HOSPITAL,130,Ophthalmology Service,67.79819297790527,0,0.0,67.7981929,0.0,0.0,Optimal,500,0,6874707.747728985,6869707.747494217,5000.0
optimistic_p10,NT436,SHIRLEY OAKS HOSPITAL,110,Trauma and Orthopaedic Service,494.7882766723633,0,0.0,494.788276,0.0,0.0,Optimal,500,0,6874707.747728985,6869707.747494217,5000.0
optimistic_p10,NT436,SHIRLEY OAKS HOSPITAL,101,Urology Service,160.32425117492676,0,0.0,160.32425,0.0,0.0,Optimal,500,0,6874707.747728985,6869707.747494217,5000.0
optimistic_p10,NT436,SHIRLEY OAKS HOSPITAL,100,General Surgery Service,89.01133441925049,0,0.0,89.0113345,0.0,0.0,Optimal,500,0,6874707.747728985,6869707.747494217,5000.0
optimistic_p10,NT435,SHELBURNE HOSPITAL,110,Trauma and Orthopaedic Service,89.78065633773804,0,0.0,89.7806565,0.0,0.0,Optimal,500,0,6874707.747728985,6869707.747494217,5000.0
optimistic_p10,NT435,SHELBURNE HOSPITAL,101,Urology Service,14.335598349571228,0,0.0,14.33559833,0.0,0.0,Optimal,500,0,6874707.747728985,6869707.747494217,5000.0
optimistic_p10,NT435,SHELBURNE HOSPITAL,100,General Surgery Service,11.718433022499084,0,0.0,11.71843297,0.0,0.0,Optimal,500,0,6874707.747728985,6869707.747494217,5000.0
optimistic_p10,NT434,SAXON CLINIC,110,Trauma and Orthopaedic Service,439.86437606811523,0,0.0,439.864376,0.0,0.0,Optimal,500,0,6874707.747728985,6869707.747494217,5000.0
optimistic_p10,NT434,SAXON CLINIC,100,General Surgery Service,221.8307056427002,0,0.0,221.830704,0.0,0.0,Optimal,500,0,6874707.747728985,6869707.747494217,5000.0
optimistic_p10,NT433,SARUM ROAD HOSPITAL,110,Trauma and Orthopaedic Service,355.36610412597656,0,0.0,355.366104,0.0,0.0,Optimal,500,0,6874707.747728985,6869707.747494217,5000.0
optimistic_p10,NT433,SARUM ROAD HOSPITAL,100,General Surgery Service,13.708772778511047,0,0.0,13.70877273,0.0,0.0,Optimal,500,0,6874707.747728985,6869707.747494217,5000.0
optimistic_p10,NT431,RUNNYMEDE HOSPITAL,130,Ophthalmology Service,18.465222597122192,0,0.0,18.4652225,0.0,0.0,Optimal,500,0,6874707.747728985,6869707.747494217,5000.0
optimistic_p10,NT431,RUNNYMEDE HOSPITAL,110,Trauma and Orthopaedic Service,116.03596305847168,0,0.0,116.035963,0.0,0.0,Optimal,500,0,6874707.747728985,6869707.747494217,5000.0
optimistic_p10,NT431,RUNNYMEDE HOSPITAL,100,General Surgery Service,91.17251205444336,0,0.0,91.1725122,0.0,0.0,Optimal,500,0,6874707.747728985,6869707.747494217,5000.0
optimistic_p10,NT430,RIDGEWAY HOSPITAL,502,Gynaecology Service,34.15934872627258,0,0.0,34.1593486,0.0,0.0,Optimal,500,0,6874707.747728985,6869707.747494217,5000.0
optimistic_p10,NT430,RIDGEWAY HOSPITAL,130,Ophthalmology Service,199.8681402206421,0,0.0,199.86813899999999,0.0,0.0,Optimal,500,0,6874707.747728985,6869707.747494217,5000.0
optimistic_p10,NT420,HIGHFIELD HOSPITAL,110,Trauma and Orthopaedic Service,1138.081901550293,0,0.0,1138.081901,0.0,0.0,Optimal,500,0,6874707.747728985,6869707.747494217,5000.0
optimistic_p10,NT420,HIGHFIELD HOSPITAL,100,General Surgery Service,213.1004867553711,0,0.0,213.100486,0.0,0.0,Optimal,500,0,6874707.747728985,6869707.747494217,5000.0
optimistic_p10,NT419,HARBOUR HOSPITAL,110,Trauma and Orthopaedic Service,272.1032905578613,0,0.0,272.10329,0.0,0.0,Optimal,500,0,6874707.747728985,6869707.747494217,5000.0
optimistic_p10,NT409,CHELSFIELD PARK HOSPITAL,502,Gynaecology Service,78.086678981781,0,0.0,78.0866791,0.0,0.0,Optimal,500,0,6874707.747728985,6869707.747494217,5000.0
optimistic_p10,NT409,CHELSFIELD PARK HOSPITAL,110,Trauma and Orthopaedic Service,379.0656490325928,0,0.0,379.065647,0.0,0.0,Optimal,500,0,6874707.747728985,6869707.747494217,5000.0
optimistic_p10,NT409,CHELSFIELD PARK HOSPITAL,101,Urology Service,25.457817316055298,0,0.0,25.457817300000002,0.0,0.0,Optimal,500,0,6874707.747728985,6869707.747494217,5000.0
optimistic_p10,NT409,CHELSFIELD PARK HOSPITAL,100,General Surgery Service,163.23537921905518,0,0.0,163.235381,0.0,0.0,Optimal,500,0,6874707.747728985,6869707.747494217,5000.0
optimistic_p10,NT408,CHAUCER HOSPITAL,130,Ophthalmology Service,228.8916778564453,0,0.0,228.89167799999998,0.0,0.0,Optimal,500,0,6874707.747728985,6869707.747494217,5000.0
optimistic_p10,NT408,CHAUCER HOSPITAL,110,Trauma and Orthopaedic Service,1104.2353286743164,0,0.0,1104.235332,0.0,0.0,Optimal,500,0,6874707.747728985,6869707.747494217,5000.0
optimistic_p10,NT408,CHAUCER HOSPITAL,101,Urology Service,17.270012140274048,0,0.0,17.270012,0.0,0.0,Optimal,500,0,6874707.747728985,6869707.747494217,5000.0
optimistic_p10,NT408,CHAUCER HOSPITAL,100,General Surgery Service,135.69023609161377,0,0.0,135.690237,0.0,0.0,Optimal,500,0,6874707.747728985,6869707.747494217,5000.0
optimistic_p10,NT406,BLACKHEATH HOSPITAL,502,Gynaecology Service,158.31953525543213,0,0.0,158.319535,0.0,0.0,Optimal,500,0,6874707.747728985,6869707.747494217,5000.0
optimistic_p10,NT406,BLACKHEATH HOSPITAL,150,Neurosurgical Service,13.535742998123169,0,0.0,13.53574287,0.0,0.0,Optimal,500,0,6874707.747728985,6869707.747494217,5000.0
optimistic_p10,NT406,BLACKHEATH HOSPITAL,130,Ophthalmology Service,54.33952856063843,0,0.0,54.3395287,0.0,0.0,Optimal,500,0,6874707.747728985,6869707.747494217,5000.0
optimistic_p10,NT406,BLACKHEATH HOSPITAL,110,Trauma and Orthopaedic Service,677.906063079834,0,0.0,677.906064,0.0,0.0,Optimal,500,0,6874707.747728985,6869707.747494217,5000.0
optimistic_p10,NT406,BLACKHEATH HOSPITAL,101,Urology Service,54.098445892333984,0,0.0,54.098445999999996,0.0,0.0,Optimal,500,0,6874707.747728985,6869707.747494217,5000.0
optimistic_p10,NT406,BLACKHEATH HOSPITAL,100,General Surgery Service,92.62266302108765,0,0.0,92.622663,0.0,0.0,Optimal,500,0,6874707.747728985,6869707.747494217,5000.0
optimistic_p10,NT405,BISHOPS WOOD HOSPITAL,502,Gynaecology Service,14.606484174728394,0,0.0,14.6064843,0.0,0.0,Optimal,500,0,6874707.747728985,6869707.747494217,5000.0
optimistic_p10,NT405,BISHOPS WOOD HOSPITAL,130,Ophthalmology Service,9.186153292655945,0,0.0,9.18615331,0.0,0.0,Optimal,500,0,6874707.747728985,6869707.747494217,5000.0
optimistic_p10,NT405,BISHOPS WOOD HOSPITAL,110,Trauma and Orthopaedic Service,449.382137298584,0,0.0,449.382138,0.0,0.0,Optimal,500,0,6874707.747728985,6869707.747494217,5000.0
optimistic_p10,NT405,BISHOPS WOOD HOSPITAL,101,Urology Service,39.32624363899231,0,0.0,39.3262437,0.0,0.0,Optimal,500,0,6874707.747728985,6869707.747494217,5000.0
optimistic_p10,NT405,BISHOPS WOOD HOSPITAL,100,General Surgery Service,50.40494108200073,0,0.0,50.404941,0.0,0.0,Optimal,500,0,6874707.747728985,6869707.747494217,5000.0
optimistic_p10,NT404,BEAUMONT HOSPITAL,502,Gynaecology Service,178.16900062561035,0,0.0,178.169002,0.0,0.0,Optimal,500,0,6874707.747728985,6869707.747494217,5000.0
optimistic_p10,NT404,BEAUMONT HOSPITAL,120,Ear Nose and Throat Service,82.8964262008667,0,0.0,82.89642620000001,0.0,0.0,Optimal,500,0,6874707.747728985,6869707.747494217,5000.0
optimistic_p10,NT404,BEAUMONT HOSPITAL,110,Trauma and Orthopaedic Service,1475.9508819580078,0,0.0,1475.95089,0.0,0.0,Optimal,500,0,6874707.747728985,6869707.747494217,5000.0
optimistic_p10,NT409,CHELSFIELD PARK HOSPITAL,120,Ear Nose and Throat Service,20.325623035430908,0,0.0,20.3256229,0.0,0.0,Optimal,500,0,6874707.747728985,6869707.747494217,5000.0
optimistic_p10,NT410,CHILTERN HOSPITAL,100,General Surgery Service,33.26744842529297,0,0.0,33.2674483,0.0,0.0,Optimal,500,0,6874707.747728985,6869707.747494217,5000.0
optimistic_p10,NT418,HAMPSHIRE CLINIC,502,Gynaecology Service,87.18330144882202,0,0.0,87.1833017,0.0,0.0,Optimal,500,0,6874707.747728985,6869707.747494217,5000.0
optimistic_p10,NT410,CHILTERN HOSPITAL,101,Urology Service,12.584959864616394,0,0.0,12.58495971,0.0,0.0,Optimal,500,0,6874707.747728985,6869707.747494217,5000.0
optimistic_p10,NT418,HAMPSHIRE CLINIC,110,Trauma and Orthopaedic Service,220.9584789276123,0,0.0,220.958479,0.0,0.0,Optimal,500,0,6874707.747728985,6869707.747494217,5000.0
optimistic_p10,NT418,HAMPSHIRE CLINIC,101,Urology Service,13.838585376739502,0,0.0,13.83858527,0.0,0.0,Optimal,500,0,6874707.747728985,6869707.747494217,5000.0
optimistic_p10,NT418,HAMPSHIRE CLINIC,100,General Surgery Service,31.156250715255737,0,0.0,31.1562507,0.0,0.0,Optimal,500,0,6874707.747728985,6869707.747494217,5000.0
optimistic_p10,NT417,GORING HALL HOSPITAL,110,Trauma and Orthopaedic Service,754.5293617248535,0,0.0,754.52936,0.0,0.0,Optimal,500,0,6874707.747728985,6869707.747494217,5000.0
optimistic_p10,NT417,GORING HALL HOSPITAL,100,General Surgery Service,38.52020716667175,0,0.0,38.5202071,0.0,0.0,Optimal,500,0,6874707.747728985,6869707.747494217,5000.0
optimistic_p10,NT416,HENDON HOSPITAL,502,Gynaecology Service,85.99487495422363,0,0.0,85.9948749,0.0,0.0,Optimal,500,0,6874707.747728985,6869707.747494217,5000.0
optimistic_p10,NT416,HENDON HOSPITAL,130,Ophthalmology Service,144.66171264648438,0,0.0,144.661712,0.0,0.0,Optimal,500,0,6874707.747728985,6869707.747494217,5000.0
optimistic_p10,NT416,HENDON HOSPITAL,110,Trauma and Orthopaedic Service,236.95693588256836,0,0.0,236.956935,0.0,0.0,Optimal,500,0,6874707.747728985,6869707.747494217,5000.0
optimistic_p10,NT416,HENDON HOSPITAL,101,Urology Service,68.85082817077637,0,0.0,68.8508283,0.0,0.0,Optimal,500,0,6874707.747728985,6869707.747494217,5000.0
optimistic_p10,NT416,HENDON HOSPITAL,100,General Surgery Service,324.6566753387451,0,0.0,324.656677,0.0,0.0,Optimal,500,0,6874707.747728985,6869707.747494217,5000.0
optimistic_p10,NT412,DROITWICH SPA HOSPITAL,130,Ophthalmology Service,18.3113374710083,0,0.0,18.3113377,0.0,0.0,Optimal,500,0,6874707.747728985,6869707.747494217,5000.0
optimistic_p10,NT412,DROITWICH SPA HOSPITAL,120,Ear Nose and Throat Service,13.732722163200378,0,0.0,13.73272225,0.0,0.0,Optimal,500,0,6874707.747728985,6869707.747494217,5000.0
optimistic_p10,NT412,DROITWICH SPA HOSPITAL,110,Trauma and Orthopaedic Service,1670.040786743164,0,0.0,1670.04078,0.0,0.0,Optimal,500,0,6874707.747728985,6869707.747494217,5000.0
optimistic_p10,NT412,DROITWICH SPA HOSPITAL,100,General Surgery Service,734.2533950805664,0,0.0,734.253395,0.0,0.0,Optimal,500,0,6874707.747728985,6869707.747494217,5000.0
optimistic_p10,NT411,CLEMENTINE CHURCHILL HOSPITAL,502,Gynaecology Service,66.91400957107544,0,0.0,66.91400949999999,0.0,0.0,Optimal,500,0,6874707.747728985,6869707.747494217,5000.0
optimistic_p10,NT411,CLEMENTINE CHURCHILL HOSPITAL,130,Ophthalmology Service,73.38565111160278,0,0.0,73.3856511,0.0,0.0,Optimal,500,0,6874707.747728985,6869707.747494217,5000.0
optimistic_p10,NT411,CLEMENTINE CHURCHILL HOSPITAL,120,Ear Nose and Throat Service,40.32530403137207,0,0.0,40.325304,0.0,0.0,Optimal,500,0,6874707.747728985,6869707.747494217,5000.0
optimistic_p10,NT411,CLEMENTINE CHURCHILL HOSPITAL,110,Trauma and Orthopaedic Service,949.2762069702148,0,0.0,949.276207,0.0,0.0,Optimal,500,0,6874707.747728985,6869707.747494217,5000.0
optimistic_p10,NT411,CLEMENTINE CHURCHILL HOSPITAL,101,Urology Service,29.174180507659912,0,0.0,29.1741806,0.0,0.0,Optimal,500,0,6874707.747728985,6869707.747494217,5000.0
optimistic_p10,NT411,CLEMENTINE CHURCHILL HOSPITAL,100,General Surgery Service,439.3135070800781,0,0.0,439.313509,0.0,0.0,Optimal,500,0,6874707.747728985,6869707.747494217,5000.0
optimistic_p10,NT410,CHILTERN HOSPITAL,110,Trauma and Orthopaedic Service,850.5417251586914,0,0.0,850.541725,0.0,0.0,Optimal,500,0,6874707.747728985,6869707.747494217,5000.0
optimistic_p10,NT314,SPIRE LONDON EAST,160,Plastic Surgery Service,27.268940925598145,0,0.0,27.268940999999998,0.0,0.0,Optimal,500,0,6874707.747728985,6869707.747494217,5000.0
optimistic_p10,NT314,SPIRE LONDON EAST,110,Trauma and Orthopaedic Service,833.7047958374023,0,0.0,833.704797,0.0,0.0,Optimal,500,0,6874707.747728985,6869707.747494217,5000.0
optimistic_p10,RBL,WIRRAL UNIVERSITY TEACHING HOSPITAL NHS FOUNDATION TRUST,130,Ophthalmology Service,2388.4270782470703,0,0.0,2388.42709,0.0,0.0,Optimal,500,0,6874707.747728985,6869707.747494217,5000.0
optimistic_p10,H4I8B,NUFFIELD HEALTH THE HOLLY HOSPITAL,502,Gynaecology Service,83.89040946960449,0,0.0,83.8904094,0.0,0.0,Optimal,500,0,6874707.747728985,6869707.747494217,5000.0
optimistic_p10,M4C5R,NEWMEDICA - NORTHAMPTON,130,Ophthalmology Service,3285.6381072998047,0,0.0,3285.63813,0.0,0.0,Optimal,500,0,6874707.747728985,6869707.747494217,5000.0
optimistic_p10,M3R0W,SPAMEDICA NORWICH,130,Ophthalmology Service,823.7619209289551,0,0.0,823.761921,0.0,0.0,Optimal,500,0,6874707.747728985,6869707.747494217,5000.0
optimistic_p10,L6O7H,SPAMEDICA POOLE,130,Ophthalmology Service,2049.579818725586,0,0.0,2049.57981,0.0,0.0,Optimal,500,0,6874707.747728985,6869707.747494217,5000.0
optimistic_p10,L0D9W,NEWMEDICA - GLOUCESTER (BRIGHOUSE COURT),130,Ophthalmology Service,2625.433349609375,0,0.0,2625.43336,0.0,0.0,Optimal,500,0,6874707.747728985,6869707.747494217,5000.0
optimistic_p10,K8I4X,GLENDON WOOD HOSPITAL,130,Ophthalmology Service,601.3238105773926,0,0.0,601.323812,0.0,0.0,Optimal,500,0,6874707.747728985,6869707.747494217,5000.0
optimistic_p10,K8I4X,GLENDON WOOD HOSPITAL,110,Trauma and Orthopaedic Service,531.3211860656738,0,0.0,531.321187,0.0,0.0,Optimal,500,0,6874707.747728985,6869707.747494217,5000.0
optimistic_p10,K8I4X,GLENDON WOOD HOSPITAL,100,General Surgery Service,252.61050605773926,0,0.0,252.610506,0.0,0.0,Optimal,500,0,6874707.747728985,6869707.747494217,5000.0
optimistic_p10,I9A4A,SPAMEDICA BRIGHTON,130,Ophthalmology Service,758.1998710632324,0,0.0,758.19987,0.0,0.0,Optimal,500,0,6874707.747728985,6869707.747494217,5000.0
optimistic_p10,I2C7H,SPAMEDICA BRADFORD,130,Ophthalmology Service,747.4824752807617,0,0.0,747.482475,0.0,0.0,Optimal,500,0,6874707.747728985,6869707.747494217,5000.0
optimistic_p10,H4J9P,NEWMEDICA AZTEC WEST,130,Ophthalmology Service,905.6596946716309,0,0.0,905.6596959999999,0.0,0.0,Optimal,500,0,6874707.747728985,6869707.747494217,5000.0
optimistic_p10,H4I8B,NUFFIELD HEALTH THE HOLLY HOSPITAL,130,Ophthalmology Service,334.0796184539795,0,0.0,334.079619,0.0,0.0,Optimal,500,0,6874707.747728985,6869707.747494217,5000.0
optimistic_p10,NN8,SPENCER PRIVATE HOSPITALS LTD,502,Gynaecology Service,1908.4932861328125,0,0.0,1908.49327,0.0,0.0,Optimal,500,0,6874707.747728985,6869707.747494217,5000.0
optimistic_p10,H4I8B,NUFFIELD HEALTH THE HOLLY HOSPITAL,120,Ear Nose and Throat Service,127.97731494903564,0,0.0,127.9773141,0.0,0.0,Optimal,500,0,6874707.747728985,6869707.747494217,5000.0
optimistic_p10,H4I8B,NUFFIELD HEALTH THE HOLLY HOSPITAL,110,Trauma and Orthopaedic Service,4319.105316162109,0,0.0,4319.1053,0.0,0.0,Optimal,500,0,6874707.747728985,6869707.747494217,5000.0
optimistic_p10,H4I8B,NUFFIELD HEALTH THE HOLLY HOSPITAL,100,General Surgery Service,977.7625579833984,0,0.0,977.762556,0.0,0.0,Optimal,500,0,6874707.747728985,6869707.747494217,5000.0
optimistic_p10,G3Z1Q,SULIS HOSPITAL BATH (FOXCOTE AVENUE),502,Gynaecology Service,404.2511787414551,0,0.0,404.251179,0.0,0.0,Optimal,500,0,6874707.747728985,6869707.747494217,5000.0
optimistic_p10,G3Z1Q,SULIS HOSPITAL BATH (FOXCOTE AVENUE),130,Ophthalmology Service,996.8782730102539,0,0.0,996.878275,0.0,0.0,Optimal,500,0,6874707.747728985,6869707.747494217,5000.0
optimistic_p10,G3Z1Q,SULIS HOSPITAL BATH (FOXCOTE AVENUE),120,Ear Nose and Throat Service,654.6203193664551,0,0.0,654.620318,0.0,0.0,Optimal,500,0,6874707.747728985,6869707.747494217,5000.0
optimistic_p10,G3Z1Q,SULIS HOSPITAL BATH (FOXCOTE AVENUE),110,Trauma and Orthopaedic Service,8523.138244628906,0,0.0,8523.13824,0.0,0.0,Optimal,500,0,6874707.747728985,6869707.747494217,5000.0
optimistic_p10,G3Z1Q,SULIS HOSPITAL BATH (FOXCOTE AVENUE),101,Urology Service,419.802453994751,0,0.0,419.802453,0.0,0.0,Optimal,500,0,6874707.747728985,6869707.747494217,5000.0
optimistic_p10,G3Z1Q,SULIS HOSPITAL BATH (FOXCOTE AVENUE),100,General Surgery Service,1234.484504699707,0,0.0,1234.484494,0.0,0.0,Optimal,500,0,6874707.747728985,6869707.747494217,5000.0
optimistic_p10,G3Q3Z,NUFFIELD HEALTH HIGHGATE HOSPITAL,160,Plastic Surgery Service,110.31771612167358,0,0.0,110.3177161,0.0,0.0,Optimal,500,0,6874707.747728985,6869707.747494217,5000.0
optimistic_p10,M5E1S,SPAMEDICA EXETER,130,Ophthalmology Service,768.617733001709,0,0.0,768.6177299999999,0.0,0.0,Optimal,500,0,6874707.747728985,6869707.747494217,5000.0
optimistic_p10,N6Z0R,NEWMEDICA - LINCOLN,130,Ophthalmology Service,66.72560548782349,0,0.0,66.7256054,0.0,0.0,Optimal,500,0,6874707.747728985,6869707.747494217,5000.0
optimistic_p10,NAM01,PROBUS SURGICAL CENTRE,100,General Surgery Service,820.5081939697266,0,0.0,820.508193,0.0,0.0,Optimal,500,0,6874707.747728985,6869707.747494217,5000.0
optimistic_p10,NAM01,PROBUS SURGICAL CENTRE,101,Urology Service,253.9690647125244,0,0.0,253.969065,0.0,0.0,Optimal,500,0,6874707.747728985,6869707.747494217,5000.0
optimistic_p10,NN8,SPENCER PRIVATE HOSPITALS LTD,110,Trauma and Orthopaedic Service,3392.1490783691406,0,0.0,3392.14909,0.0,0.0,Optimal,500,0,6874707.747728985,6869707.747494217,5000.0
optimistic_p10,NN8,SPENCER PRIVATE HOSPITALS LTD,101,Urology Service,356.844762802124,0,0.0,356.844764,0.0,0.0,Optimal,500,0,6874707.747728985,6869707.747494217,5000.0
optimistic_p10,NN8,SPENCER PRIVATE HOSPITALS LTD,100,General Surgery Service,1511.5167694091797,0,0.0,1511.51677,0.0,0.0,Optimal,500,0,6874707.747728985,6869707.747494217,5000.0
optimistic_p10,NN5,MANCHESTER SURGICAL SERVICES LTD,110,Trauma and Orthopaedic Service,239.3819122314453,0,0.0,239.381913,0.0,0.0,Optimal,500,0,6874707.747728985,6869707.747494217,5000.0
optimistic_p10,NN5,MANCHESTER SURGICAL SERVICES LTD,100,General Surgery Service,465.99698638916016,0,0.0,465.996986,0.0,0.0,Optimal,500,0,6874707.747728985,6869707.747494217,5000.0
optimistic_p10,NN4,TYNESIDE SURGICAL SERVICES LTD,502,Gynaecology Service,47.69648861885071,0,0.0,47.696488599999995,0.0,0.0,Optimal,500,0,6874707.747728985,6869707.747494217,5000.0
optimistic_p10,NN4,TYNESIDE SURGICAL SERVICES LTD,160,Plastic Surgery Service,840.426872253418,0,0.0,840.426872,0.0,0.0,Optimal,500,0,6874707.747728985,6869707.747494217,5000.0
optimistic_p10,NN4,TYNESIDE SURGICAL SERVICES LTD,110,Trauma and Orthopaedic Service,1488.4808654785156,0,0.0,1488.48088,0.0,0.0,Optimal,500,0,6874707.747728985,6869707.747494217,5000.0
optimistic_p10,NN4,TYNESIDE SURGICAL SERVICES LTD,101,Urology Service,93.12451076507568,0,0.0,93.1245108,0.0,0.0,Optimal,500,0,6874707.747728985,6869707.747494217,5000.0
optimistic_p10,NN4,TYNESIDE SURGICAL SERVICES LTD,100,General Surgery Service,186.98772144317627,0,0.0,186.987721,0.0,0.0,Optimal,500,0,6874707.747728985,6869707.747494217,5000.0
optimistic_p10,NLX,SIRONA CARE & HEALTH,110,Trauma and Orthopaedic Service,1124.420883178711,0,0.0,1124.4208840000001,0.0,0.0,Optimal,500,0,6874707.747728985,6869707.747494217,5000.0
optimistic_p10,NLE01,LANCASTER HOUSE CONSULTING DIAGNOSTICS SURGICAL LTD HQ,101,Urology Service,95.49221801757812,0,0.0,95.492218,0.0,0.0,Optimal,500,0,6874707.747728985,6869707.747494217,5000.0
optimistic_p10,NFH,SOMERSET SURGICAL SERVICES HQ,160,Plastic Surgery Service,491.19080352783203,0,0.0,491.190804,0.0,0.0,Optimal,500,0,6874707.747728985,6869707.747494217,5000.0
optimistic_p10,NFH,SOMERSET SURGICAL SERVICES HQ,140,Oral Surgery Service,1677.9330368041992,0,0.0,1677.93303,0.0,0.0,Optimal,500,0,6874707.747728985,6869707.747494217,5000.0
optimistic_p10,NFH,SOMERSET SURGICAL SERVICES HQ,110,Trauma and Orthopaedic Service,1291.1441650390625,0,0.0,1291.144163,0.0,0.0,Optimal,500,0,6874707.747728985,6869707.747494217,5000.0
optimistic_p10,NEY,PIONEER HEALTHCARE LIMITED,150,Neurosurgical Service,157.1735382080078,0,0.0,157.173537,0.0,0.0,Optimal,500,0,6874707.747728985,6869707.747494217,5000.0
optimistic_p10,NEY,PIONEER HEALTHCARE LIMITED,110,Trauma and Orthopaedic Service,96.79786586761475,0,0.0,96.7978658,0.0,0.0,Optimal,500,0,6874707.747728985,6869707.747494217,5000.0
optimistic_p10,NEQ,PHOENIX HEALTH SOLUTIONS LIMITED HQ,130,Ophthalmology Service,436.3243865966797,0,0.0,436.324385,0.0,0.0,Optimal,500,0,6874707.747728985,6869707.747494217,5000.0
optimistic_p10,NCR,ISIGHT,130,Ophthalmology Service,2712.6576080322266,0,0.0,2712.65762,0.0,0.0,Optimal,500,0,6874707.747728985,6869707.747494217,5000.0
optimistic_p10,NAM01,PROBUS SURGICAL CENTRE,130,Ophthalmology Service,886.2951812744141,0,0.0,886.295182,0.0,0.0,Optimal,500,0,6874707.747728985,6869707.747494217,5000.0
optimistic_p10,NAM01,PROBUS SURGICAL CENTRE,110,Trauma and Orthopaedic Service,625.5725631713867,0,0.0,625.5725620000001,0.0,0.0,Optimal,500,0,6874707.747728985,6869707.747494217,5000.0
optimistic_p10,G3Q3Z,NUFFIELD HEALTH HIGHGATE HOSPITAL,120,Ear Nose and Throat Service,167.13154983520508,0,0.0,167.13155,0.0,0.0,Optimal,500,0,6874707.747728985,6869707.747494217,5000.0
optimistic_p10,G3Q3Z,NUFFIELD HEALTH HIGHGATE HOSPITAL,110,Trauma and Orthopaedic Service,511.9424591064453,0,0.0,511.942459,0.0,0.0,Optimal,500,0,6874707.747728985,6869707.747494217,5000.0
optimistic_p10,G3Q3Z,NUFFIELD HEALTH HIGHGATE HOSPITAL,100,General Surgery Service,324.18460273742676,0,0.0,324.184602,0.0,0.0,Optimal,500,0,6874707.747728985,6869707.747494217,5000.0
optimistic_p10,ADP02,KIMS HOSPITAL (NEWNHAM COURT),120,Ear Nose and Throat Service,15.31362271308899,0,0.0,15.3136227,0.0,0.0,Optimal,500,0,6874707.747728985,6869707.747494217,5000.0
optimistic_p10,ADP02,KIMS HOSPITAL (NEWNHAM COURT),101,Urology Service,11.08053994178772,0,0.0,11.08053983,0.0,0.0,Optimal,500,0,6874707.747728985,6869707.747494217,5000.0
optimistic_p10,ADP02,KIMS HOSPITAL (NEWNHAM COURT),100,General Surgery Service,137.9115800857544,0,0.0,137.91158000000001,0.0,0.0,Optimal,500,0,6874707.747728985,6869707.747494217,5000.0
optimistic_p10,ACG38,NEWMEDICA - LANGFORD,130,Ophthalmology Service,459.3511085510254,0,0.0,459.351108,0.0,0.0,Optimal,500,0,6874707.747728985,6869707.747494217,5000.0
optimistic_p10,ACG31,NEWMEDICA - WORCESTER,130,Ophthalmology Service,1049.122413635254,0,0.0,1049.122414,0.0,0.0,Optimal,500,0,6874707.747728985,6869707.747494217,5000.0
optimistic_p10,ACG30,NEWMEDICA - WORKSOP - DUKERIES,130,Ophthalmology Service,181.70652770996094,0,0.0,181.706527,0.0,0.0,Optimal,500,0,6874707.747728985,6869707.747494217,5000.0
optimistic_p10,ACG26,NEWMEDICA - NORTH DERBYSHIRE - MIDLAND COURT,130,Ophthalmology Service,2856.655044555664,0,0.0,2856.65504,0.0,0.0,Optimal,500,0,6874707.747728985,6869707.747494217,5000.0
optimistic_p10,ACG24,NEWMEDICA - TEESSIDE - NORTH ORMESBY,130,Ophthalmology Service,5267.098541259766,0,0.0,5267.09854,0.0,0.0,Optimal,500,0,6874707.747728985,6869707.747494217,5000.0
optimistic_p10,ACG20,NEWMEDICA - BRISTOL - LITFIELD HOUSE,130,Ophthalmology Service,629.7311592102051,0,0.0,629.73116,0.0,0.0,Optimal,500,0,6874707.747728985,6869707.747494217,5000.0
optimistic_p10,ACG13,NEWMEDICA - GLOUCESTER (ASPEN MEDICAL CENTRE),130,Ophthalmology Service,154.00749015808105,0,0.0,154.007489,0.0,0.0,Optimal,500,0,6874707.747728985,6869707.747494217,5000.0
optimistic_p10,ACG12,NEWMEDICA COMMUNITY OPHTHALMOLOGY - NORTH EAST LINCOLNSHIRE - GRIMSBY,130,Ophthalmology Service,2291.2195587158203,0,0.0,2291.21956,0.0,0.0,Optimal,500,0,6874707.747728985,6869707.747494217,5000.0
optimistic_p10,AAH,TETBURY HOSPITAL TRUST LTD,502,Gynaecology Service,56.04237508773804,0,0.0,56.0423752,0.0,0.0,Optimal,500,0,6874707.747728985,6869707.747494217,5000.0
optimistic_p10,AAH,TETBURY HOSPITAL TRUST LTD,140,Oral Surgery Service,124.66847515106201,0,0.0,124.6684762,0.0,0.0,Optimal,500,0,6874707.747728985,6869707.747494217,5000.0
optimistic_p10,AAH,TETBURY HOSPITAL TRUST LTD,130,Ophthalmology Service,524.2611770629883,0,0.0,524.261179,0.0,0.0,Optimal,500,0,6874707.747728985,6869707.747494217,5000.0
optimistic_p10,AAH,TETBURY HOSPITAL TRUST LTD,120,Ear Nose and Throat Service,77.562096118927,0,0.0,77.5620962,0.0,0.0,Optimal,500,0,6874707.747728985,6869707.747494217,5000.0
optimistic_p10,AAH,TETBURY HOSPITAL TRUST LTD,110,Trauma and Orthopaedic Service,82.00132465362549,0,0.0,82.0013246,0.0,0.0,Optimal,500,0,6874707.747728985,6869707.747494217,5000.0
optimistic_p10,AAH,TETBURY HOSPITAL TRUST LTD,101,Urology Service,19.026973962783813,0,0.0,19.0269739,0.0,0.0,Optimal,500,0,6874707.747728985,6869707.747494217,5000.0
optimistic_p10,AAH,TETBURY HOSPITAL TRUST LTD,100,General Surgery Service,159.67527961730957,0,0.0,159.675281,0.0,0.0,Optimal,500,0,6874707.747728985,6869707.747494217,5000.0
optimistic_p10,A4M8P,BUCKSHAW HOSPITAL,502,Gynaecology Service,381.8465118408203,0,0.0,381.846513,0.0,0.0,Optimal,500,0,6874707.747728985,6869707.747494217,5000.0
optimistic_p10,A4M8P,BUCKSHAW HOSPITAL,120,Ear Nose and Throat Service,322.1423797607422,0,0.0,322.142379,0.0,0.0,Optimal,500,0,6874707.747728985,6869707.747494217,5000.0
optimistic_p10,A4M8P,BUCKSHAW HOSPITAL,110,Trauma and Orthopaedic Service,348.4291114807129,0,0.0,348.429112,0.0,0.0,Optimal,500,0,6874707.747728985,6869707.747494217,5000.0
optimistic_p10,A4M8P,BUCKSHAW HOSPITAL,101,Urology Service,892.6188354492188,0,0.0,892.618835,0.0,0.0,Optimal,500,0,6874707.747728985,6869707.747494217,5000.0
optimistic_p10,ADP02,KIMS HOSPITAL (NEWNHAM COURT),110,Trauma and Orthopaedic Service,3141.1690368652344,0,0.0,3141.16905,0.0,0.0,Optimal,500,0,6874707.747728985,6869707.747494217,5000.0
optimistic_p10,ADP02,KIMS HOSPITAL (NEWNHAM COURT),502,Gynaecology Service,232.2270565032959,0,0.0,232.227056,0.0,0.0,Optimal,500,0,6874707.747728985,6869707.747494217,5000.0
optimistic_p10,G3O5P,SPAMEDICA NEWARK,130,Ophthalmology Service,1656.393424987793,0,0.0,1656.39341,0.0,0.0,Optimal,500,0,6874707.747728985,6869707.747494217,5000.0
optimistic_p10,B3M1X,CLAREMONT PRIVATE HOSPITAL,100,General Surgery Service,770.2919921875,0,0.0,770.291994,0.0,0.0,Optimal,500,0,6874707.747728985,6869707.747494217,5000.0
optimistic_p10,F9Z4V,CIRCLE READING HOSPITAL,502,Gynaecology Service,40.15426230430603,0,0.0,40.1542624,0.0,0.0,Optimal,500,0,6874707.747728985,6869707.747494217,5000.0
optimistic_p10,F9Z4V,CIRCLE READING HOSPITAL,130,Ophthalmology Service,193.04899787902832,0,0.0,193.04899699999999,0.0,0.0,Optimal,500,0,6874707.747728985,6869707.747494217,5000.0
optimistic_p10,F9Z4V,CIRCLE READING HOSPITAL,120,Ear Nose and Throat Service,33.99039149284363,0,0.0,33.9903913,0.0,0.0,Optimal,500,0,6874707.747728985,6869707.747494217,5000.0
optimistic_p10,F9Z4V,CIRCLE READING HOSPITAL,110,Trauma and Orthopaedic Service,1155.212257385254,0,0.0,1155.212253,0.0,0.0,Optimal,500,0,6874707.747728985,6869707.747494217,5000.0
optimistic_p10,F9Z4V,CIRCLE READING HOSPITAL,100,General Surgery Service,244.99063110351562,0,0.0,244.990631,0.0,0.0,Optimal,500,0,6874707.747728985,6869707.747494217,5000.0
optimistic_p10,E3D4A,SPAMEDICA TRURO,130,Ophthalmology Service,645.9411888122559,0,0.0,645.941189,0.0,0.0,Optimal,500,0,6874707.747728985,6869707.747494217,5000.0
optimistic_p10,DX1,THE NEW FOSCOTE HOSPITAL LTD,110,Trauma and Orthopaedic Service,196.4051971435547,0,0.0,196.4051978,0.0,0.0,Optimal,500,0,6874707.747728985,6869707.747494217,5000.0
optimistic_p10,DX1,THE NEW FOSCOTE HOSPITAL LTD,100,General Surgery Service,208.74635410308838,0,0.0,208.7463553,0.0,0.0,Optimal,500,0,6874707.747728985,6869707.747494217,5000.0
optimistic_p10,DFQ,NORWICH & NORFOLK SURGICAL LTD (N2S),160,Plastic Surgery Service,14.856252789497375,0,0.0,14.85625284,0.0,0.0,Optimal,500,0,6874707.747728985,6869707.747494217,5000.0
optimistic_p10,DFQ,NORWICH & NORFOLK SURGICAL LTD (N2S),130,Ophthalmology Service,756.2167739868164,0,0.0,756.216772,0.0,0.0,Optimal,500,0,6874707.747728985,6869707.747494217,5000.0
optimistic_p10,DFQ,NORWICH & NORFOLK SURGICAL LTD (N2S),110,Trauma and Orthopaedic Service,995.1617279052734,0,0.0,995.161727,0.0,0.0,Optimal,500,0,6874707.747728985,6869707.747494217,5000.0
optimistic_p10,DFQ,NORWICH & NORFOLK SURGICAL LTD (N2S),100,General Surgery Service,745.6836585998535,0,0.0,745.68366,0.0,0.0,Optimal,500,0,6874707.747728985,6869707.747494217,5000.0
optimistic_p10,D3O0Z,PLYMOUTH NEWMEDICA LTD,130,Ophthalmology Service,1900.3463287353516,0,0.0,1900.34635,0.0,0.0,Optimal,500,0,6874707.747728985,6869707.747494217,5000.0
optimistic_p10,B9M3W,SPAMEDICA SOUTHAMPTON,130,Ophthalmology Service,808.5967330932617,0,0.0,808.596733,0.0,0.0,Optimal,500,0,6874707.747728985,6869707.747494217,5000.0
optimistic_p10,B5M7B,NEWMEDICA - NORWICH,130,Ophthalmology Service,4665.973602294922,0,0.0,4665.9736,0.0,0.0,Optimal,500,0,6874707.747728985,6869707.747494217,5000.0
optimistic_p10,B3M1X,CLAREMONT PRIVATE HOSPITAL,502,Gynaecology Service,226.4143772125244,0,0.0,226.414377,0.0,0.0,Optimal,500,0,6874707.747728985,6869707.747494217,5000.0
optimistic_p10,B3M1X,CLAREMONT PRIVATE HOSPITAL,150,Neurosurgical Service,706.9760284423828,0,0.0,706.976028,0.0,0.0,Optimal,500,0,6874707.747728985,6869707.747494217,5000.0
optimistic_p10,B3M1X,CLAREMONT PRIVATE HOSPITAL,130,Ophthalmology Service,23.635809183120728,0,0.0,23.635809300000002,0.0,0.0,Optimal,500,0,6874707.747728985,6869707.747494217,5000.0
optimistic_p10,B3M1X,CLAREMONT PRIVATE HOSPITAL,120,Ear Nose and Throat Service,185.32586002349854,0,0.0,185.32586,0.0,0.0,Optimal,500,0,6874707.747728985,6869707.747494217,5000.0
optimistic_p10,B3M1X,CLAREMONT PRIVATE HOSPITAL,110,Trauma and Orthopaedic Service,3152.983612060547,0,0.0,3152.9836099999998,0.0,0.0,Optimal,500,0,6874707.747728985,6869707.747494217,5000.0
optimistic_p10,B3M1X,CLAREMONT PRIVATE HOSPITAL,101,Urology Service,164.87927055358887,0,0.0,164.87927,0.0,0.0,Optimal,500,0,6874707.747728985,6869707.747494217,5000.0
optimistic_p10,NN8,SPENCER PRIVATE HOSPITALS LTD,120,Ear Nose and Throat Service,180.5687599182129,0,0.0,180.568761,0.0,0.0,Optimal,500,0,6874707.747728985,6869707.747494217,5000.0
optimistic_p10,NPG06,SPAMEDICA LIVERPOOL,130,Ophthalmology Service,1545.4633483886719,0,0.0,1545.46333,0.0,0.0,Optimal,500,0,6874707.747728985,6869707.747494217,5000.0
optimistic_p10,NT314,SPIRE LONDON EAST,100,General Surgery Service,366.77084159851074,0,0.0,366.770841,0.0,0.0,Optimal,500,0,6874707.747728985,6869707.747494217,5000.0
optimistic_p10,NT238,"NUFFIELD HEALTH, TAUNTON HOSPITAL",110,Trauma and Orthopaedic Service,1791.3070678710938,0,0.0,1791.30709,0.0,0.0,Optimal,500,0,6874707.747728985,6869707.747494217,5000.0
optimistic_p10,NT241,"NUFFIELD HEALTH, WOKING HOSPITAL",502,Gynaecology Service,98.62310314178467,0,0.0,98.6231032,0.0,0.0,Optimal,500,0,6874707.747728985,6869707.747494217,5000.0
optimistic_p10,NT241,"NUFFIELD HEALTH, WOKING HOSPITAL",110,Trauma and Orthopaedic Service,617.1707611083984,0,0.0,617.17076,0.0,0.0,Optimal,500,0,6874707.747728985,6869707.747494217,5000.0
optimistic_p10,NT241,"NUFFIELD HEALTH, WOKING HOSPITAL",101,Urology Service,23.92023539543152,0,0.0,23.9202357,0.0,0.0,Optimal,500,0,6874707.747728985,6869707.747494217,5000.0
optimistic_p10,NT241,"NUFFIELD HEALTH, WOKING HOSPITAL",100,General Surgery Service,18.316323399543762,0,0.0,18.31632368,0.0,0.0,Optimal,500,0,6874707.747728985,6869707.747494217,5000.0
optimistic_p10,NT239,"NUFFIELD HEALTH, TUNBRIDGE WELLS HOSPITAL",502,Gynaecology Service,34.74808979034424,0,0.0,34.7480899,0.0,0.0,Optimal,500,0,6874707.747728985,6869707.747494217,5000.0
optimistic_p10,NT239,"NUFFIELD HEALTH, TUNBRIDGE WELLS HOSPITAL",150,Neurosurgical Service,57.28230142593384,0,0.0,57.2823013,0.0,0.0,Optimal,500,0,6874707.747728985,6869707.747494217,5000.0
optimistic_p10,NT239,"NUFFIELD HEALTH, TUNBRIDGE WELLS HOSPITAL",120,Ear Nose and Throat Service,17.373511791229248,0,0.0,17.3735119,0.0,0.0,Optimal,500,0,6874707.747728985,6869707.747494217,5000.0
optimistic_p10,NT239,"NUFFIELD HEALTH, TUNBRIDGE WELLS HOSPITAL",110,Trauma and Orthopaedic Service,435.29391288757324,0,0.0,435.29391200000003,0.0,0.0,Optimal,500,0,6874707.747728985,6869707.747494217,5000.0
optimistic_p10,NT239,"NUFFIELD HEALTH, TUNBRIDGE WELLS HOSPITAL",101,Urology Service,10.68413245677948,0,0.0,10.68413241,0.0,0.0,Optimal,500,0,6874707.747728985,6869707.747494217,5000.0
optimistic_p10,NT239,"NUFFIELD HEALTH, TUNBRIDGE WELLS HOSPITAL",100,General Surgery Service,43.2255973815918,0,0.0,43.2255975,0.0,0.0,Optimal,500,0,6874707.747728985,6869707.747494217,5000.0
optimistic_p10,NT237,"NUFFIELD HEALTH, TEES HOSPITAL",110,Trauma and Orthopaedic Service,3389.9406127929688,0,0.0,3389.94062,0.0,0.0,Optimal,500,0,6874707.747728985,6869707.747494217,5000.0
optimistic_p10,NPG08,SPAMEDICA BOLTON,130,Ophthalmology Service,2653.048049926758,0,0.0,2653.04806,0.0,0.0,Optimal,500,0,6874707.747728985,6869707.747494217,5000.0
optimistic_p10,NT237,"NUFFIELD HEALTH, TEES HOSPITAL",101,Urology Service,11.941551595926285,0,0.0,11.941551539999999,0.0,0.0,Optimal,500,0,6874707.747728985,6869707.747494217,5000.0
optimistic_p10,NT237,"NUFFIELD HEALTH, TEES HOSPITAL",100,General Surgery Service,418.90722274780273,0,0.0,418.907222,0.0,0.0,Optimal,500,0,6874707.747728985,6869707.747494217,5000.0
optimistic_p10,NT235,"NUFFIELD HEALTH, SHREWSBURY HOSPITAL",110,Trauma and Orthopaedic Service,1224.3736877441406,0,0.0,1224.373676,0.0,0.0,Optimal,500,0,6874707.747728985,6869707.747494217,5000.0
optimistic_p10,NT233,"NUFFIELD HEALTH, PLYMOUTH HOSPITAL",160,Plastic Surgery Service,84.05492162704468,0,0.0,84.0549216,0.0,0.0,Optimal,500,0,6874707.747728985,6869707.747494217,5000.0
optimistic_p10,NT233,"NUFFIELD HEALTH, PLYMOUTH HOSPITAL",150,Neurosurgical Service,207.35468673706055,0,0.0,207.354686,0.0,0.0,Optimal,500,0,6874707.747728985,6869707.747494217,5000.0
optimistic_p10,NT233,"NUFFIELD HEALTH, PLYMOUTH HOSPITAL",110,Trauma and Orthopaedic Service,1871.0101928710938,0,0.0,1871.01017,0.0,0.0,Optimal,500,0,6874707.747728985,6869707.747494217,5000.0
optimistic_p10,NT233,"NUFFIELD HEALTH, PLYMOUTH HOSPITAL",101,Urology Service,17.35575580596924,0,0.0,17.3557557,0.0,0.0,Optimal,500,0,6874707.747728985,6869707.747494217,5000.0
optimistic_p10,NT233,"NUFFIELD HEALTH, PLYMOUTH HOSPITAL",100,General Surgery Service,392.034574508667,0,0.0,392.034575,0.0,0.0,Optimal,500,0,6874707.747728985,6869707.747494217,5000.0
optimistic_p10,NT230,"NUFFIELD HEALTH, NORTH STAFFORDSHIRE HOSPITAL",130,Ophthalmology Service,269.01892471313477,0,0.0,269.018927,0.0,0.0,Optimal,500,0,6874707.747728985,6869707.747494217,5000.0
optimistic_p10,NT230,"NUFFIELD HEALTH, NORTH STAFFORDSHIRE HOSPITAL",110,Trauma and Orthopaedic Service,2723.895950317383,0,0.0,2723.89595,0.0,0.0,Optimal,500,0,6874707.747728985,6869707.747494217,5000.0
optimistic_p10,NT242,"NUFFIELD HEALTH, WOLVERHAMPTON HOSPITAL",100,General Surgery Service,64.5368857383728,0,0.0,64.5368857,0.0,0.0,Optimal,500,0,6874707.747728985,6869707.747494217,5000.0
optimistic_p10,NT242,"NUFFIELD HEALTH, WOLVERHAMPTON HOSPITAL",110,Trauma and Orthopaedic Service,626.1976852416992,0,0.0,626.197684,0.0,0.0,Optimal,500,0,6874707.747728985,6869707.747494217,5000.0
optimistic_p10,NT244,NUFFIELD HOSPITAL OXFORD (THE MANOR),110,Trauma and Orthopaedic Service,463.5269088745117,0,0.0,463.52691,0.0,0.0,Optimal,500,0,6874707.747728985,6869707.747494217,5000.0
optimistic_p10,NT245,"NUFFIELD HEALTH, YORK HOSPITAL",101,Urology Service,17.662108659744263,0,0.0,17.6621087,0.0,0.0,Optimal,500,0,6874707.747728985,6869707.747494217,5000.0
optimistic_p10,NT313,SPIRE WELLESLEY HOSPITAL,160,Plastic Surgery Service,176.39099788665771,0,0.0,176.391,0.0,0.0,Optimal,500,0,6874707.747728985,6869707.747494217,5000.0
optimistic_p10,NT313,SPIRE WELLESLEY HOSPITAL,110,Trauma and Orthopaedic Service,988.1284027099609,0,0.0,988.128404,0.0,0.0,Optimal,500,0,6874707.747728985,6869707.747494217,5000.0
optimistic_p10,NT313,SPIRE WELLESLEY HOSPITAL,100,General Surgery Service,124.98530960083008,0,0.0,124.98531100000001,0.0,0.0,Optimal,500,0,6874707.747728985,6869707.747494217,5000.0
optimistic_p10,NT312,SPIRE ALEXANDRA HOSPITAL,502,Gynaecology Service,51.797447204589844,0,0.0,51.7974473,0.0,0.0,Optimal,500,0,6874707.747728985,6869707.747494217,5000.0
optimistic_p10,NT312,SPIRE ALEXANDRA HOSPITAL,160,Plastic Surgery Service,29.592203855514526,0,0.0,29.592204,0.0,0.0,Optimal,500,0,6874707.747728985,6869707.747494217,5000.0
optimistic_p10,NT312,SPIRE ALEXANDRA HOSPITAL,110,Trauma and Orthopaedic Service,569.0797233581543,0,0.0,569.0797230000001,0.0,0.0,Optimal,500,0,6874707.747728985,6869707.747494217,5000.0
optimistic_p10,NT312,SPIRE ALEXANDRA HOSPITAL,100,General Surgery Service,175.37324905395508,0,0.0,175.37325,0.0,0.0,Optimal,500,0,6874707.747728985,6869707.747494217,5000.0
optimistic_p10,NT30A,SPIRE NOTTINGHAM HOSPITAL,110,Trauma and Orthopaedic Service,564.9540328979492,0,0.0,564.954032,0.0,0.0,Optimal,500,0,6874707.747728985,6869707.747494217,5000.0
optimistic_p10,NT30A,SPIRE NOTTINGHAM HOSPITAL,101,Urology Service,13.900289297103882,0,0.0,13.900289149999999,0.0,0.0,Optimal,500,0,6874707.747728985,6869707.747494217,5000.0
optimistic_p10,NT30A,SPIRE NOTTINGHAM HOSPITAL,100,General Surgery Service,132.2188720703125,0,0.0,132.218871,0.0,0.0,Optimal,500,0,6874707.747728985,6869707.747494217,5000.0
optimistic_p10,NT308,SPIRE GATWICK PARK HOSPITAL,110,Trauma and Orthopaedic Service,1368.753776550293,0,0.0,1368.75378,0.0,0.0,Optimal,500,0,6874707.747728985,6869707.747494217,5000.0
optimistic_p10,NT308,SPIRE GATWICK PARK HOSPITAL,100,General Surgery Service,110.01585388183594,0,0.0,110.0158536,0.0,0.0,Optimal,500,0,6874707.747728985,6869707.747494217,5000.0
optimistic_p10,NT305,SPIRE PORTSMOUTH HOSPITAL,110,Trauma and Orthopaedic Service,533.5254783630371,0,0.0,533.525478,0.0,0.0,Optimal,500,0,6874707.747728985,6869707.747494217,5000.0
optimistic_p10,NT304,SPIRE SOUTHAMPTON HOSPITAL,150,Neurosurgical Service,29.594820737838745,0,0.0,29.5948208,0.0,0.0,Optimal,500,0,6874707.747728985,6869707.747494217,5000.0
optimistic_p10,NT304,SPIRE SOUTHAMPTON HOSPITAL,110,Trauma and Orthopaedic Service,515.8884658813477,0,0.0,515.888464,0.0,0.0,Optimal,500,0,6874707.747728985,6869707.747494217,5000.0
optimistic_p10,NT304,SPIRE SOUTHAMPTON HOSPITAL,100,General Surgery Service,76.64243650436401,0,0.0,76.6424364,0.0,0.0,Optimal,500,0,6874707.747728985,6869707.747494217,5000.0
optimistic_p10,NT302,SPIRE BRISTOL HOSPITAL,110,Trauma and Orthopaedic Service,3178.903091430664,0,0.0,3178.9031,0.0,0.0,Optimal,500,0,6874707.747728985,6869707.747494217,5000.0
optimistic_p10,NT302,SPIRE BRISTOL HOSPITAL,100,General Surgery Service,16.579167991876602,0,0.0,16.579167899999998,0.0,0.0,Optimal,500,0,6874707.747728985,6869707.747494217,5000.0
optimistic_p10,NT301,SPIRE SOUTH BANK HOSPITAL,110,Trauma and Orthopaedic Service,683.0971488952637,0,0.0,683.097149,0.0,0.0,Optimal,500,0,6874707.747728985,6869707.747494217,5000.0
optimistic_p10,NT301,SPIRE SOUTH BANK HOSPITAL,100,General Surgery Service,314.3902359008789,0,0.0,314.390237,0.0,0.0,Optimal,500,0,6874707.747728985,6869707.747494217,5000.0
optimistic_p10,NT245,"NUFFIELD HEALTH, YORK HOSPITAL",110,Trauma and Orthopaedic Service,3853.4103088378906,0,0.0,3853.4103,0.0,0.0,Optimal,500,0,6874707.747728985,6869707.747494217,5000.0
optimistic_p10,NT230,"NUFFIELD HEALTH, NORTH STAFFORDSHIRE HOSPITAL",100,General Surgery Service,103.26439762115479,0,0.0,103.2643973,0.0,0.0,Optimal,500,0,6874707.747728985,6869707.747494217,5000.0
optimistic_p10,NT229,"NUFFIELD HEALTH, NEWCASTLE UPON TYNE HOSPITAL",110,Trauma and Orthopaedic Service,1370.0148315429688,0,0.0,1370.01484,0.0,0.0,Optimal,500,0,6874707.747728985,6869707.747494217,5000.0
optimistic_p10,NT229,"NUFFIELD HEALTH, NEWCASTLE UPON TYNE HOSPITAL",100,General Surgery Service,24.147087812423706,0,0.0,24.1470879,0.0,0.0,Optimal,500,0,6874707.747728985,6869707.747494217,5000.0
optimistic_p10,NT206,"NUFFIELD HEALTH, BRISTOL HOSPITAL (CHESTERFIELD)",100,General Surgery Service,41.447195529937744,0,0.0,41.4471955,0.0,0.0,Optimal,500,0,6874707.747728985,6869707.747494217,5000.0
optimistic_p10,NT205,"NUFFIELD HEALTH, BRIGHTON HOSPITAL",110,Trauma and Orthopaedic Service,521.5037803649902,0,0.0,521.50378,0.0,0.0,Optimal,500,0,6874707.747728985,6869707.747494217,5000.0
optimistic_p10,NT205,"NUFFIELD HEALTH, BRIGHTON HOSPITAL",101,Urology Service,335.3818645477295,0,0.0,335.381866,0.0,0.0,Optimal,500,0,6874707.747728985,6869707.747494217,5000.0
optimistic_p10,NT205,"NUFFIELD HEALTH, BRIGHTON HOSPITAL",100,General Surgery Service,91.03601932525635,0,0.0,91.0360193,0.0,0.0,Optimal,500,0,6874707.747728985,6869707.747494217,5000.0
optimistic_p10,NT204,"NUFFIELD HEALTH, BRENTWOOD HOSPITAL",502,Gynaecology Service,722.7054595947266,0,0.0,722.705459,0.0,0.0,Optimal,500,0,6874707.747728985,6869707.747494217,5000.0
optimistic_p10,NT204,"NUFFIELD HEALTH, BRENTWOOD HOSPITAL",150,Neurosurgical Service,45.58606290817261,0,0.0,45.5860631,0.0,0.0,Optimal,500,0,6874707.747728985,6869707.747494217,5000.0
optimistic_p10,NT204,"NUFFIELD HEALTH, BRENTWOOD HOSPITAL",120,Ear Nose and Throat Service,143.60339641571045,0,0.0,143.6033971,0.0,0.0,Optimal,500,0,6874707.747728985,6869707.747494217,5000.0
optimistic_p10,NT204,"NUFFIELD HEALTH, BRENTWOOD HOSPITAL",110,Trauma and Orthopaedic Service,833.4056167602539,0,0.0,833.405619,0.0,0.0,Optimal,500,0,6874707.747728985,6869707.747494217,5000.0
optimistic_p10,NT204,"NUFFIELD HEALTH, BRENTWOOD HOSPITAL",101,Urology Service,89.5933575630188,0,0.0,89.5933576,0.0,0.0,Optimal,500,0,6874707.747728985,6869707.747494217,5000.0
optimistic_p10,NT204,"NUFFIELD HEALTH, BRENTWOOD HOSPITAL",100,General Surgery Service,143.8028221130371,0,0.0,143.80282160000002,0.0,0.0,Optimal,500,0,6874707.747728985,6869707.747494217,5000.0
optimistic_p10,NT202,"NUFFIELD HEALTH, BOURNEMOUTH HOSPITAL",110,Trauma and Orthopaedic Service,974.9154357910156,0,0.0,974.915433,0.0,0.0,Optimal,500,0,6874707.747728985,6869707.747494217,5000.0
optimistic_p10,NT202,"NUFFIELD HEALTH, BOURNEMOUTH HOSPITAL",101,Urology Service,33.60386872291565,0,0.0,33.6038687,0.0,0.0,Optimal,500,0,6874707.747728985,6869707.747494217,5000.0
optimistic_p10,NT202,"NUFFIELD HEALTH, BOURNEMOUTH HOSPITAL",100,General Surgery Service,124.36802959442139,0,0.0,124.3680315,0.0,0.0,Optimal,500,0,6874707.747728985,6869707.747494217,5000.0
optimistic_p10,NQM01,ORTHOPAEDICS & SPINE SPECIALIST HOSPITAL SITE,110,Trauma and Orthopaedic Service,444.5764350891113,0,0.0,444.576434,0.0,0.0,Optimal,500,0,6874707.747728985,6869707.747494217,5000.0
optimistic_p10,NPG23,SPAMEDICA DERBY,130,Ophthalmology Service,1219.9635314941406,0,0.0,1219.963519,0.0,0.0,Optimal,500,0,6874707.747728985,6869707.747494217,5000.0
optimistic_p10,NPG22,SPAMEDICA STOCKTON-ON-TEES,130,Ophthalmology Service,1270.4197235107422,0,0.0,1270.419738,0.0,0.0,Optimal,500,0,6874707.747728985,6869707.747494217,5000.0
optimistic_p10,NPG18,SPAMEDICA HULL,130,Ophthalmology Service,2380.8728942871094,0,0.0,2380.8729,0.0,0.0,Optimal,500,0,6874707.747728985,6869707.747494217,5000.0
optimistic_p10,NPG16,SPAMEDICA CHELMSFORD,130,Ophthalmology Service,2161.616226196289,0,0.0,2161.61622,0.0,0.0,Optimal,500,0,6874707.747728985,6869707.747494217,5000.0
optimistic_p10,NPG15,SPAMEDICA NEWCASTLE-UNDER-LYME,130,Ophthalmology Service,1117.165382385254,0,0.0,1117.16538,0.0,0.0,Optimal,500,0,6874707.747728985,6869707.747494217,5000.0
optimistic_p10,NPG14,SPAMEDICA WIDNES,130,Ophthalmology Service,912.3275604248047,0,0.0,912.32756,0.0,0.0,Optimal,500,0,6874707.747728985,6869707.747494217,5000.0
optimistic_p10,NPG13,SPAMEDICA SKELMERSDALE,130,Ophthalmology Service,469.7237319946289,0,0.0,469.723731,0.0,0.0,Optimal,500,0,6874707.747728985,6869707.747494217,5000.0
optimistic_p10,NPG10,SPAMEDICA SHEFFIELD,130,Ophthalmology Service,1581.9414291381836,0,0.0,1581.94143,0.0,0.0,Optimal,500,0,6874707.747728985,6869707.747494217,5000.0
optimistic_p10,NT205,"NUFFIELD HEALTH, BRIGHTON HOSPITAL",160,Plastic Surgery Service,174.98011684417725,0,0.0,174.980115,0.0,0.0,Optimal,500,0,6874707.747728985,6869707.747494217,5000.0
optimistic_p10,NT206,"NUFFIELD HEALTH, BRISTOL HOSPITAL (CHESTERFIELD)",110,Trauma and Orthopaedic Service,1765.0853118896484,0,0.0,1765.08533,0.0,0.0,Optimal,500,0,6874707.747728985,6869707.747494217,5000.0
optimistic_p10,NT226,"NUFFIELD HEALTH, LEICESTER HOSPITAL",160,Plastic Surgery Service,48.017051696777344,0,0.0,48.017051699999996,0.0,0.0,Optimal,500,0,6874707.747728985,6869707.747494217,5000.0
optimistic_p10,NT209,"NUFFIELD HEALTH, CAMBRIDGE HOSPITAL",110,Trauma and Orthopaedic Service,614.0577125549316,0,0.0,614.057713,0.0,0.0,Optimal,500,0,6874707.747728985,6869707.747494217,5000.0
optimistic_p10,NT226,"NUFFIELD HEALTH, LEICESTER HOSPITAL",110,Trauma and Orthopaedic Service,1218.3906326293945,0,0.0,1218.390647,0.0,0.0,Optimal,500,0,6874707.747728985,6869707.747494217,5000.0
optimistic_p10,NT226,"NUFFIELD HEALTH, LEICESTER HOSPITAL",100,General Surgery Service,21.771665811538696,0,0.0,21.7716658,0.0,0.0,Optimal,500,0,6874707.747728985,6869707.747494217,5000.0
optimistic_p10,NT224,"NUFFIELD HEALTH, WARWICKSHIRE HOSPITAL",110,Trauma and Orthopaedic Service,635.6155166625977,0,0.0,635.615517,0.0,0.0,Optimal,500,0,6874707.747728985,6869707.747494217,5000.0
optimistic_p10,NT224,"NUFFIELD HEALTH, WARWICKSHIRE HOSPITAL",100,General Surgery Service,254.81828117370605,0,0.0,254.81828199999998,0.0,0.0,Optimal,500,0,6874707.747728985,6869707.747494217,5000.0
optimistic_p10,NT219,"NUFFIELD HEALTH, HEREFORD HOSPITAL",110,Trauma and Orthopaedic Service,1053.854881286621,0,0.0,1053.854881,0.0,0.0,Optimal,500,0,6874707.747728985,6869707.747494217,5000.0
optimistic_p10,NT219,"NUFFIELD HEALTH, HEREFORD HOSPITAL",100,General Surgery Service,203.39497184753418,0,0.0,203.394973,0.0,0.0,Optimal,500,0,6874707.747728985,6869707.747494217,5000.0
optimistic_p10,NT218,"NUFFIELD HEALTH, HAYWARDS HEATH HOSPITAL",130,Ophthalmology Service,12.378548234701157,0,0.0,12.37854822,0.0,0.0,Optimal,500,0,6874707.747728985,6869707.747494217,5000.0
optimistic_p10,NT218,"NUFFIELD HEALTH, HAYWARDS HEATH HOSPITAL",110,Trauma and Orthopaedic Service,1024.298469543457,0,0.0,1024.29847,0.0,0.0,Optimal,500,0,6874707.747728985,6869707.747494217,5000.0
optimistic_p10,NT218,"NUFFIELD HEALTH, HAYWARDS HEATH HOSPITAL",100,General Surgery Service,76.99227666854858,0,0.0,76.9922767,0.0,0.0,Optimal,500,0,6874707.747728985,6869707.747494217,5000.0
optimistic_p10,NT215,"NUFFIELD HEALTH, EXETER HOSPITAL",110,Trauma and Orthopaedic Service,470.51184463500977,0,0.0,470.511844,0.0,0.0,Optimal,500,0,6874707.747728985,6869707.747494217,5000.0
optimistic_p10,NT215,"NUFFIELD HEALTH, EXETER HOSPITAL",100,General Surgery Service,387.98462677001953,0,0.0,387.984627,0.0,0.0,Optimal,500,0,6874707.747728985,6869707.747494217,5000.0
optimistic_p10,NT214,"NUFFIELD HEALTH, WESSEX HOSPITAL",110,Trauma and Orthopaedic Service,1941.1343536376953,0,0.0,1941.13436,0.0,0.0,Optimal,500,0,6874707.747728985,6869707.747494217,5000.0
optimistic_p10,NT213,"NUFFIELD HEALTH, DERBY HOSPITAL",110,Trauma and Orthopaedic Service,3784.0203552246094,0,0.0,3784.02036,0.0,0.0,Optimal,500,0,6874707.747728985,6869707.747494217,5000.0
optimistic_p10,NT213,"NUFFIELD HEALTH, DERBY HOSPITAL",100,General Surgery Service,272.2398624420166,0,0.0,272.239862,0.0,0.0,Optimal,500,0,6874707.747728985,6869707.747494217,5000.0
optimistic_p10,NT212,"NUFFIELD HEALTH, CHICHESTER HOSPITAL",502,Gynaecology Service,20.517158031463623,0,0.0,20.5171581,0.0,0.0,Optimal,500,0,6874707.747728985,6869707.747494217,5000.0
optimistic_p10,NT212,"NUFFIELD HEALTH, CHICHESTER HOSPITAL",110,Trauma and Orthopaedic Service,1209.9293212890625,0,0.0,1209.929323,0.0,0.0,Optimal,500,0,6874707.747728985,6869707.747494217,5000.0
optimistic_p10,NT212,"NUFFIELD HEALTH, CHICHESTER HOSPITAL",100,General Surgery Service,43.36057448387146,0,0.0,43.3605745,0.0,0.0,Optimal,500,0,6874707.747728985,6869707.747494217,5000.0
optimistic_p10,NT211,"NUFFIELD HEALTH, CHELTENHAM HOSPITAL",110,Trauma and Orthopaedic Service,169.6825304031372,0,0.0,169.682531,0.0,0.0,Optimal,500,0,6874707.747728985,6869707.747494217,5000.0
optimistic_p10,NT210,"NUFFIELD HEALTH, THE GROSVENOR HOSPITAL, CHESTER",110,Trauma and Orthopaedic Service,1136.5047302246094,0,0.0,1136.5047260000001,0.0,0.0,Optimal,500,0,6874707.747728985,6869707.747494217,5000.0
optimistic_p10,NT210,"NUFFIELD HEALTH, THE GROSVENOR HOSPITAL, CHESTER",100,General Surgery Service,69.30042171478271,0,0.0,69.30042159999999,0.0,0.0,Optimal,500,0,6874707.747728985,6869707.747494217,5000.0
optimistic_p10,NT209,"NUFFIELD HEALTH, CAMBRIDGE HOSPITAL",150,Neurosurgical Service,47.18078899383545,0,0.0,47.1807891,0.0,0.0,Optimal,500,0,6874707.747728985,6869707.747494217,5000.0
optimistic_p10,NT440,THORNBURY HOSPITAL,100,General Surgery Service,130.43153285980225,0,0.0,130.431536,0.0,0.0,Optimal,500,0,6874707.747728985,6869707.747494217,5000.0
optimistic_p10,NT440,THORNBURY HOSPITAL,110,Trauma and Orthopaedic Service,455.01670837402344,0,0.0,455.016709,0.0,0.0,Optimal,500,0,6874707.747728985,6869707.747494217,5000.0
optimistic_p10,NT440,THORNBURY HOSPITAL,502,Gynaecology Service,52.79247283935547,0,0.0,52.7924728,0.0,0.0,Optimal,500,0,6874707.747728985,6869707.747494217,5000.0
optimistic_p10,P0C3F,SPAMEDICA LEEDS,130,Ophthalmology Service,1100.275016784668,0,0.0,1100.275019,0.0,0.0,Optimal,500,0,6874707.747728985,6869707.747494217,5000.0
optimistic_p10,R0A,MANCHESTER UNIVERSITY NHS FOUNDATION TRUST,160,Plastic Surgery Service,21722.70703125,0,0.0,21722.7069,0.0,0.0,Optimal,500,0,6874707.747728985,6869707.747494217,5000.0
optimistic_p10,R0A,MANCHESTER UNIVERSITY NHS FOUNDATION TRUST,140,Oral Surgery Service,37060.56005859375,0,0.0,37060.5602,0.0,0.0,Optimal,500,0,6874707.747728985,6869707.747494217,5000.0
optimistic_p10,R0A,MANCHESTER UNIVERSITY NHS FOUNDATION TRUST,130,Ophthalmology Service,41985.77001953125,0,0.0,41985.77,0.0,0.0,Optimal,500,0,6874707.747728985,6869707.747494217,5000.0
optimistic_p10,R0A,MANCHESTER UNIVERSITY NHS FOUNDATION TRUST,120,Ear Nose and Throat Service,19057.94677734375,0,0.0,19057.9469,0.0,0.0,Optimal,500,0,6874707.747728985,6869707.747494217,5000.0
optimistic_p10,R0A,MANCHESTER UNIVERSITY NHS FOUNDATION TRUST,110,Trauma and Orthopaedic Service,65178.4404296875,0,0.0,65178.4403,0.0,0.0,Optimal,500,0,6874707.747728985,6869707.747494217,5000.0
optimistic_p10,R0A,MANCHESTER UNIVERSITY NHS FOUNDATION TRUST,101,Urology Service,8775.395812988281,0,0.0,8775.39583,0.0,0.0,Optimal,500,0,6874707.747728985,6869707.747494217,5000.0
optimistic_p10,R0A,MANCHESTER UNIVERSITY NHS FOUNDATION TRUST,100,General Surgery Service,12133.102416992188,0,0.0,12133.1025,0.0,0.0,Optimal,500,0,6874707.747728985,6869707.747494217,5000.0
optimistic_p10,Q1W6P,SPAMEDICA WATFORD,130,Ophthalmology Service,824.3953628540039,0,0.0,824.395364,0.0,0.0,Optimal,500,0,6874707.747728985,6869707.747494217,5000.0
optimistic_p10,P5Y6K,NEWMEDICA - SHREWSBURY,130,Ophthalmology Service,1452.6854629516602,0,0.0,1452.68548,0.0,0.0,Optimal,500,0,6874707.747728985,6869707.747494217,5000.0
optimistic_p10,P1B7M,SPAMEDICA BRISTOL,130,Ophthalmology Service,536.4054069519043,0,0.0,536.405408,0.0,0.0,Optimal,500,0,6874707.747728985,6869707.747494217,5000.0
optimistic_p10,O5Y9D,SPAMEDICA OXFORD,130,Ophthalmology Service,798.0010185241699,0,0.0,798.001018,0.0,0.0,Optimal,500,0,6874707.747728985,6869707.747494217,5000.0
optimistic_p10,R1F,ISLE OF WIGHT NHS TRUST,130,Ophthalmology Service,3999.890350341797,0,0.0,3999.89036,0.0,0.0,Optimal,500,0,6874707.747728985,6869707.747494217,5000.0
optimistic_p10,NYR,CORA HEALTH DIAGNOSTICS (FORMERLY HEALTHSHARE DIAGNOSTICS),110,Trauma and Orthopaedic Service,709.2996940612793,0,0.0,709.299695,0.0,0.0,Optimal,500,0,6874707.747728985,6869707.747494217,5000.0
optimistic_p10,NXP,INDEPENDENT HEALTH GROUP,130,Ophthalmology Service,623.8237571716309,0,0.0,623.823757,0.0,0.0,Optimal,500,0,6874707.747728985,6869707.747494217,5000.0
optimistic_p10,NXP,INDEPENDENT HEALTH GROUP,110,Trauma and Orthopaedic Service,773.6635780334473,0,0.0,773.663579,0.0,0.0,Optimal,500,0,6874707.747728985,6869707.747494217,5000.0
optimistic_p10,NXP,INDEPENDENT HEALTH GROUP,101,Urology Service,586.8944969177246,0,0.0,586.894499,0.0,0.0,Optimal,500,0,6874707.747728985,6869707.747494217,5000.0
optimistic_p10,NXP,INDEPENDENT HEALTH GROUP,100,General Surgery Service,608.6343688964844,0,0.0,608.634369,0.0,0.0,Optimal,500,0,6874707.747728985,6869707.747494217,5000.0
optimistic_p10,NXM01,THE HORDER CENTRE - ST JOHNS ROAD,110,Trauma and Orthopaedic Service,3055.6023864746094,0,0.0,3055.60238,0.0,0.0,Optimal,500,0,6874707.747728985,6869707.747494217,5000.0
optimistic_p10,NWF01,BENENDEN HOSPITAL,502,Gynaecology Service,406.8198490142822,0,0.0,406.819848,0.0,0.0,Optimal,500,0,6874707.747728985,6869707.747494217,5000.0
optimistic_p10,NWF01,BENENDEN HOSPITAL,130,Ophthalmology Service,160.03838443756104,0,0.0,160.038385,0.0,0.0,Optimal,500,0,6874707.747728985,6869707.747494217,5000.0
optimistic_p10,NWF01,BENENDEN HOSPITAL,120,Ear Nose and Throat Service,89.04283475875854,0,0.0,89.0428347,0.0,0.0,Optimal,500,0,6874707.747728985,6869707.747494217,5000.0
optimistic_p10,NWF01,BENENDEN HOSPITAL,110,Trauma and Orthopaedic Service,1750.4332733154297,0,0.0,1750.43327,0.0,0.0,Optimal,500,0,6874707.747728985,6869707.747494217,5000.0
optimistic_p10,R0A,MANCHESTER UNIVERSITY NHS FOUNDATION TRUST,170,Cardiothoracic Surgery Service,1980.640869140625,0,0.0,1980.64088,0.0,0.0,Optimal,500,0,6874707.747728985,6869707.747494217,5000.0
optimistic_p10,R0A,MANCHESTER UNIVERSITY NHS FOUNDATION TRUST,502,Gynaecology Service,14904.72314453125,0,0.0,14904.7232,0.0,0.0,Optimal,500,0,6874707.747728985,6869707.747494217,5000.0
optimistic_p10,R0B,SOUTH TYNESIDE AND SUNDERLAND NHS FOUNDATION TRUST,100,General Surgery Service,11032.397827148438,0,0.0,11032.39783,0.0,0.0,Optimal,500,0,6874707.747728985,6869707.747494217,5000.0
optimistic_p10,R0B,SOUTH TYNESIDE AND SUNDERLAND NHS FOUNDATION TRUST,101,Urology Service,8916.284240722656,0,0.0,8916.28426,0.0,0.0,Optimal,500,0,6874707.747728985,6869707.747494217,5000.0
optimistic_p10,R1F,ISLE OF WIGHT NHS TRUST,110,Trauma and Orthopaedic Service,10424.225830078125,0,0.0,10424.22582,0.0,0.0,Optimal,500,0,6874707.747728985,6869707.747494217,5000.0
optimistic_p10,R1F,ISLE OF WIGHT NHS TRUST,101,Urology Service,443.22873306274414,0,0.0,443.22873300000003,0.0,0.0,Optimal,500,0,6874707.747728985,6869707.747494217,5000.0
optimistic_p10,R1F,ISLE OF WIGHT NHS TRUST,100,General Surgery Service,2727.0180053710938,0,0.0,2727.01799,0.0,0.0,Optimal,500,0,6874707.747728985,6869707.747494217,5000.0
optimistic_p10,R1D,SHROPSHIRE COMMUNITY HEALTH NHS TRUST,140,Oral Surgery Service,1651.245948791504,0,0.0,1651.24595,0.0,0.0,Optimal,500,0,6874707.747728985,6869707.747494217,5000.0
optimistic_p10,R0F4N,NUFFIELD HEALTH PARKSIDE HOSPITAL,160,Plastic Surgery Service,216.74551963806152,0,0.0,216.745519,0.0,0.0,Optimal,500,0,6874707.747728985,6869707.747494217,5000.0
optimistic_p10,R0F4N,NUFFIELD HEALTH PARKSIDE HOSPITAL,120,Ear Nose and Throat Service,54.72916650772095,0,0.0,54.7291663,0.0,0.0,Optimal,500,0,6874707.747728985,6869707.747494217,5000.0
optimistic_p10,R0F4N,NUFFIELD HEALTH PARKSIDE HOSPITAL,110,Trauma and Orthopaedic Service,765.061393737793,0,0.0,765.061395,0.0,0.0,Optimal,500,0,6874707.747728985,6869707.747494217,5000.0
optimistic_p10,R0F4N,NUFFIELD HEALTH PARKSIDE HOSPITAL,101,Urology Service,269.6108798980713,0,0.0,269.610878,0.0,0.0,Optimal,500,0,6874707.747728985,6869707.747494217,5000.0
optimistic_p10,R0F4N,NUFFIELD HEALTH PARKSIDE HOSPITAL,100,General Surgery Service,96.32494306564331,0,0.0,96.3249433,0.0,0.0,Optimal,500,0,6874707.747728985,6869707.747494217,5000.0
optimistic_p10,R0D,UNIVERSITY HOSPITALS DORSET NHS FOUNDATION TRUST,502,Gynaecology Service,11977.550476074219,0,0.0,11977.55059,0.0,0.0,Optimal,500,0,6874707.747728985,6869707.747494217,5000.0
optimistic_p10,R0D,UNIVERSITY HOSPITALS DORSET NHS FOUNDATION TRUST,140,Oral Surgery Service,9729.481689453125,0,0.0,9729.48168,0.0,0.0,Optimal,500,0,6874707.747728985,6869707.747494217,5000.0
optimistic_p10,R0D,UNIVERSITY HOSPITALS DORSET NHS FOUNDATION TRUST,130,Ophthalmology Service,12532.374084472656,0,0.0,12532.37417,0.0,0.0,Optimal,500,0,6874707.747728985,6869707.747494217,5000.0
optimistic_p10,R0D,UNIVERSITY HOSPITALS DORSET NHS FOUNDATION TRUST,120,Ear Nose and Throat Service,6930.767639160156,0,0.0,6930.76765,0.0,0.0,Optimal,500,0,6874707.747728985,6869707.747494217,5000.0
optimistic_p10,R0D,UNIVERSITY HOSPITALS DORSET NHS FOUNDATION TRUST,110,Trauma and Orthopaedic Service,31193.045166015625,0,0.0,31193.0451,0.0,0.0,Optimal,500,0,6874707.747728985,6869707.747494217,5000.0
optimistic_p10,R0D,UNIVERSITY HOSPITALS DORSET NHS FOUNDATION TRUST,101,Urology Service,6789.853271484375,0,0.0,6789.85326,0.0,0.0,Optimal,500,0,6874707.747728985,6869707.747494217,5000.0
optimistic_p10,R0D,UNIVERSITY HOSPITALS DORSET NHS FOUNDATION TRUST,100,General Surgery Service,1437.0356521606445,0,0.0,1437.03565,0.0,0.0,Optimal,500,0,6874707.747728985,6869707.747494217,5000.0
optimistic_p10,R0B,SOUTH TYNESIDE AND SUNDERLAND NHS FOUNDATION TRUST,502,Gynaecology Service,4490.5863037109375,0,0.0,4490.58631,0.0,0.0,Optimal,500,0,6874707.747728985,6869707.747494217,5000.0
optimistic_p10,R0B,SOUTH TYNESIDE AND SUNDERLAND NHS FOUNDATION TRUST,140,Oral Surgery Service,9573.101806640625,0,0.0,9573.10181,0.0,0.0,Optimal,500,0,6874707.747728985,6869707.747494217,5000.0
optimistic_p10,R0B,SOUTH TYNESIDE AND SUNDERLAND NHS FOUNDATION TRUST,130,Ophthalmology Service,13417.667236328125,0,0.0,13417.6672,0.0,0.0,Optimal,500,0,6874707.747728985,6869707.747494217,5000.0
optimistic_p10,R0B,SOUTH TYNESIDE AND SUNDERLAND NHS FOUNDATION TRUST,120,Ear Nose and Throat Service,7852.8875732421875,0,0.0,7852.88756,0.0,0.0,Optimal,500,0,6874707.747728985,6869707.747494217,5000.0
optimistic_p10,R0B,SOUTH TYNESIDE AND SUNDERLAND NHS FOUNDATION TRUST,110,Trauma and Orthopaedic Service,23950.511352539062,0,0.0,23950.5113,0.0,0.0,Optimal,500,0,6874707.747728985,6869707.747494217,5000.0
optimistic_p10,NWF01,BENENDEN HOSPITAL,101,Urology Service,70.45077228546143,0,0.0,70.4507724,0.0,0.0,Optimal,500,0,6874707.747728985,6869707.747494217,5000.0
optimistic_p10,NWF01,BENENDEN HOSPITAL,100,General Surgery Service,229.9033489227295,0,0.0,229.903348,0.0,0.0,Optimal,500,0,6874707.747728985,6869707.747494217,5000.0
optimistic_p10,NVM,EPSOMEDICAL GROUP,502,Gynaecology Service,474.63529205322266,0,0.0,474.635292,0.0,0.0,Optimal,500,0,6874707.747728985,6869707.747494217,5000.0
optimistic_p10,NVC27,BOSTON WEST HOSPITAL,110,Trauma and Orthopaedic Service,764.9169960021973,0,0.0,764.916996,0.0,0.0,Optimal,500,0,6874707.747728985,6869707.747494217,5000.0
optimistic_p10,NVC27,BOSTON WEST HOSPITAL,100,General Surgery Service,249.24771308898926,0,0.0,249.247711,0.0,0.0,Optimal,500,0,6874707.747728985,6869707.747494217,5000.0
optimistic_p10,NVC25,THE CHERWELL HOSPITAL,130,Ophthalmology Service,111.57395124435425,0,0.0,111.5739511,0.0,0.0,Optimal,500,0,6874707.747728985,6869707.747494217,5000.0
optimistic_p10,NVC25,THE CHERWELL HOSPITAL,110,Trauma and Orthopaedic Service,2495.5676879882812,0,0.0,2495.56769,0.0,0.0,Optimal,500,0,6874707.747728985,6869707.747494217,5000.0
optimistic_p10,NVC23,WOODLAND HOSPITAL,502,Gynaecology Service,176.66742038726807,0,0.0,176.667422,0.0,0.0,Optimal,500,0,6874707.747728985,6869707.747494217,5000.0
optimistic_p10,NVC23,WOODLAND HOSPITAL,160,Plastic Surgery Service,74.19592523574829,0,0.0,74.1959252,0.0,0.0,Optimal,500,0,6874707.747728985,6869707.747494217,5000.0
optimistic_p10,NVC23,WOODLAND HOSPITAL,130,Ophthalmology Service,22.719398736953735,0,0.0,22.7193987,0.0,0.0,Optimal,500,0,6874707.747728985,6869707.747494217,5000.0
optimistic_p10,NVC23,WOODLAND HOSPITAL,110,Trauma and Orthopaedic Service,2587.9081268310547,0,0.0,2587.90812,0.0,0.0,Optimal,500,0,6874707.747728985,6869707.747494217,5000.0
optimistic_p10,NVC23,WOODLAND HOSPITAL,101,Urology Service,154.73328495025635,0,0.0,154.733285,0.0,0.0,Optimal,500,0,6874707.747728985,6869707.747494217,5000.0
optimistic_p10,NVC23,WOODLAND HOSPITAL,100,General Surgery Service,446.21937561035156,0,0.0,446.219375,0.0,0.0,Optimal,500,0,6874707.747728985,6869707.747494217,5000.0
optimistic_p10,NVC22,WINFIELD HOSPITAL,160,Plastic Surgery Service,14.2711421251297,0,0.0,14.271142229999999,0.0,0.0,Optimal,500,0,6874707.747728985,6869707.747494217,5000.0
optimistic_p10,NVC22,WINFIELD HOSPITAL,120,Ear Nose and Throat Service,13.782129049301147,0,0.0,13.78212883,0.0,0.0,Optimal,500,0,6874707.747728985,6869707.747494217,5000.0
optimistic_p10,NVC22,WINFIELD HOSPITAL,110,Trauma and Orthopaedic Service,1131.255355834961,0,0.0,1131.255355,0.0,0.0,Optimal,500,0,6874707.747728985,6869707.747494217,5000.0
optimistic_p10,NVC22,WINFIELD HOSPITAL,101,Urology Service,19.06411337852478,0,0.0,19.0641132,0.0,0.0,Optimal,500,0,6874707.747728985,6869707.747494217,5000.0
optimistic_p10,NVC22,WINFIELD HOSPITAL,100,General Surgery Service,195.82637214660645,0,0.0,195.826373,0.0,0.0,Optimal,500,0,6874707.747728985,6869707.747494217,5000.0
optimistic_p10,NVC21,WEST MIDLANDS HOSPITAL,502,Gynaecology Service,21.967806577682495,0,0.0,21.967806799999998,0.0,0.0,Optimal,500,0,6874707.747728985,6869707.747494217,5000.0
optimistic_p10,NVC21,WEST MIDLANDS HOSPITAL,130,Ophthalmology Service,69.98793745040894,0,0.0,69.9879373,0.0,0.0,Optimal,500,0,6874707.747728985,6869707.747494217,5000.0
optimistic_p10,NVC21,WEST MIDLANDS HOSPITAL,110,Trauma and Orthopaedic Service,566.4542236328125,0,0.0,566.454223,0.0,0.0,Optimal,500,0,6874707.747728985,6869707.747494217,5000.0
optimistic_p10,NVC21,WEST MIDLANDS HOSPITAL,101,Urology Service,19.000237941741943,0,0.0,19.000238,0.0,0.0,Optimal,500,0,6874707.747728985,6869707.747494217,5000.0
optimistic_p10,NVC21,WEST MIDLANDS HOSPITAL,100,General Surgery Service,24.846810817718506,0,0.0,24.8468109,0.0,0.0,Optimal,500,0,6874707.747728985,6869707.747494217,5000.0
optimistic_p10,NVC20,THE YORKSHIRE CLINIC,502,Gynaecology Service,102.79655408859253,0,0.0,102.796554,0.0,0.0,Optimal,500,0,6874707.747728985,6869707.747494217,5000.0
optimistic_p10,NVC20,THE YORKSHIRE CLINIC,160,Plastic Surgery Service,187.05176639556885,0,0.0,187.051765,0.0,0.0,Optimal,500,0,6874707.747728985,6869707.747494217,5000.0
optimistic_p10,NVC27,BOSTON WEST HOSPITAL,101,Urology Service,122.78616333007812,0,0.0,122.7861636,0.0,0.0,Optimal,500,0,6874707.747728985,6869707.747494217,5000.0
optimistic_p10,NVC27,BOSTON WEST HOSPITAL,130,Ophthalmology Service,819.5343475341797,0,0.0,819.534347,0.0,0.0,Optimal,500,0,6874707.747728985,6869707.747494217,5000.0
optimistic_p10,NVM,EPSOMEDICAL GROUP,160,Plastic Surgery Service,1145.7095565795898,0,0.0,1145.709564,0.0,0.0,Optimal,500,0,6874707.747728985,6869707.747494217,5000.0
optimistic_p10,NVC27,BOSTON WEST HOSPITAL,502,Gynaecology Service,95.65476036071777,0,0.0,95.65476029999999,0.0,0.0,Optimal,500,0,6874707.747728985,6869707.747494217,5000.0
optimistic_p10,NVM,EPSOMEDICAL GROUP,130,Ophthalmology Service,740.5432434082031,0,0.0,740.543243,0.0,0.0,Optimal,500,0,6874707.747728985,6869707.747494217,5000.0
optimistic_p10,NVM,EPSOMEDICAL GROUP,110,Trauma and Orthopaedic Service,150.50424766540527,0,0.0,150.504246,0.0,0.0,Optimal,500,0,6874707.747728985,6869707.747494217,5000.0
optimistic_p10,NVM,EPSOMEDICAL GROUP,101,Urology Service,128.08432292938232,0,0.0,128.0843234,0.0,0.0,Optimal,500,0,6874707.747728985,6869707.747494217,5000.0
optimistic_p10,NVM,EPSOMEDICAL GROUP,100,General Surgery Service,618.1387519836426,0,0.0,618.138752,0.0,0.0,Optimal,500,0,6874707.747728985,6869707.747494217,5000.0
optimistic_p10,NVC44,THE WESTBOURNE CENTRE,140,Oral Surgery Service,1268.3287887573242,0,0.0,1268.328804,0.0,0.0,Optimal,500,0,6874707.747728985,6869707.747494217,5000.0
optimistic_p10,NVC44,THE WESTBOURNE CENTRE,130,Ophthalmology Service,36.774625301361084,0,0.0,36.7746253,0.0,0.0,Optimal,500,0,6874707.747728985,6869707.747494217,5000.0
optimistic_p10,NVC44,THE WESTBOURNE CENTRE,110,Trauma and Orthopaedic Service,193.50929069519043,0,0.0,193.50929,0.0,0.0,Optimal,500,0,6874707.747728985,6869707.747494217,5000.0
optimistic_p10,NVC44,THE WESTBOURNE CENTRE,100,General Surgery Service,359.09092140197754,0,0.0,359.090921,0.0,0.0,Optimal,500,0,6874707.747728985,6869707.747494217,5000.0
optimistic_p10,NVC40,WOODTHORPE HOSPITAL,502,Gynaecology Service,208.75619316101074,0,0.0,208.756193,0.0,0.0,Optimal,500,0,6874707.747728985,6869707.747494217,5000.0
optimistic_p10,NVC40,WOODTHORPE HOSPITAL,130,Ophthalmology Service,569.6436805725098,0,0.0,569.643682,0.0,0.0,Optimal,500,0,6874707.747728985,6869707.747494217,5000.0
optimistic_p10,NVC40,WOODTHORPE HOSPITAL,110,Trauma and Orthopaedic Service,4042.4378051757812,0,0.0,4042.43781,0.0,0.0,Optimal,500,0,6874707.747728985,6869707.747494217,5000.0
optimistic_p10,NVC40,WOODTHORPE HOSPITAL,101,Urology Service,160.88532543182373,0,0.0,160.885325,0.0,0.0,Optimal,500,0,6874707.747728985,6869707.747494217,5000.0
optimistic_p10,NVC40,WOODTHORPE HOSPITAL,100,General Surgery Service,157.46295738220215,0,0.0,157.46295800000001,0.0,0.0,Optimal,500,0,6874707.747728985,6869707.747494217,5000.0
optimistic_p10,NVC31,BLAKELANDS HOSPITAL,130,Ophthalmology Service,252.54256629943848,0,0.0,252.542566,0.0,0.0,Optimal,500,0,6874707.747728985,6869707.747494217,5000.0
optimistic_p10,NVC31,BLAKELANDS HOSPITAL,110,Trauma and Orthopaedic Service,844.152473449707,0,0.0,844.152474,0.0,0.0,Optimal,500,0,6874707.747728985,6869707.747494217,5000.0
optimistic_p10,NVC31,BLAKELANDS HOSPITAL,101,Urology Service,71.63414812088013,0,0.0,71.6341482,0.0,0.0,Optimal,500,0,6874707.747728985,6869707.747494217,5000.0
optimistic_p10,NVC31,BLAKELANDS HOSPITAL,100,General Surgery Service,473.5255928039551,0,0.0,473.525594,0.0,0.0,Optimal,500,0,6874707.747728985,6869707.747494217,5000.0
optimistic_p10,NVC29,COBALT HOSPITAL,160,Plastic Surgery Service,1132.508544921875,0,0.0,1132.508542,0.0,0.0,Optimal,500,0,6874707.747728985,6869707.747494217,5000.0
optimistic_p10,NVC29,COBALT HOSPITAL,110,Trauma and Orthopaedic Service,854.0162620544434,0,0.0,854.016262,0.0,0.0,Optimal,500,0,6874707.747728985,6869707.747494217,5000.0
optimistic_p10,NVC29,COBALT HOSPITAL,100,General Surgery Service,312.27733993530273,0,0.0,312.277341,0.0,0.0,Optimal,500,0,6874707.747728985,6869707.747494217,5000.0
optimistic_p10,NVC28,CLIFTON PARK HOSPITAL,110,Trauma and Orthopaedic Service,2088.1334075927734,0,0.0,2088.13341,0.0,0.0,Optimal,500,0,6874707.747728985,6869707.747494217,5000.0
optimistic_p10,R1F,ISLE OF WIGHT NHS TRUST,120,Ear Nose and Throat Service,851.7972412109375,0,0.0,851.797239,0.0,0.0,Optimal,500,0,6874707.747728985,6869707.747494217,5000.0
optimistic_p10,R1F,ISLE OF WIGHT NHS TRUST,140,Oral Surgery Service,507.2376022338867,0,0.0,507.237601,0.0,0.0,Optimal,500,0,6874707.747728985,6869707.747494217,5000.0
optimistic_p10,NT441,THREE SHIRES HOSPITAL,100,General Surgery Service,1086.946044921875,0,0.0,1086.946045,0.0,0.0,Optimal,500,0,6874707.747728985,6869707.747494217,5000.0
optimistic_p10,RAL,ROYAL FREE LONDON NHS FOUNDATION TRUST,502,Gynaecology Service,7762.3238525390625,0,0.0,7762.32385,0.0,0.0,Optimal,500,0,6874707.747728985,6869707.747494217,5000.0
optimistic_p10,RAS,THE HILLINGDON HOSPITALS NHS FOUNDATION TRUST,502,Gynaecology Service,1163.527099609375,0,0.0,1163.527098,0.0,0.0,Optimal,500,0,6874707.747728985,6869707.747494217,5000.0
optimistic_p10,RAS,THE HILLINGDON HOSPITALS NHS FOUNDATION TRUST,140,Oral Surgery Service,1052.0330276489258,0,0.0,1052.033028,0.0,0.0,Optimal,500,0,6874707.747728985,6869707.747494217,5000.0
optimistic_p10,RAS,THE HILLINGDON HOSPITALS NHS FOUNDATION TRUST,130,Ophthalmology Service,1882.9026184082031,0,0.0,1882.90261,0.0,0.0,Optimal,500,0,6874707.747728985,6869707.747494217,5000.0
optimistic_p10,RAS,THE HILLINGDON HOSPITALS NHS FOUNDATION TRUST,120,Ear Nose and Throat Service,371.8082084655762,0,0.0,371.80820800000004,0.0,0.0,Optimal,500,0,6874707.747728985,6869707.747494217,5000.0
optimistic_p10,RAS,THE HILLINGDON HOSPITALS NHS FOUNDATION TRUST,110,Trauma and Orthopaedic Service,8827.522216796875,0,0.0,8827.52222,0.0,0.0,Optimal,500,0,6874707.747728985,6869707.747494217,5000.0
optimistic_p10,RAS,THE HILLINGDON HOSPITALS NHS FOUNDATION TRUST,101,Urology Service,2545.6739807128906,0,0.0,2545.67398,0.0,0.0,Optimal,500,0,6874707.747728985,6869707.747494217,5000.0
optimistic_p10,RAS,THE HILLINGDON HOSPITALS NHS FOUNDATION TRUST,100,General Surgery Service,3519.4082641601562,0,0.0,3519.4082399999998,0.0,0.0,Optimal,500,0,6874707.747728985,6869707.747494217,5000.0
optimistic_p10,RAN,ROYAL NATIONAL ORTHOPAEDIC HOSPITAL NHS TRUST,160,Plastic Surgery Service,32.551875829696655,0,0.0,32.5518757,0.0,0.0,Optimal,500,0,6874707.747728985,6869707.747494217,5000.0
optimistic_p10,RAN,ROYAL NATIONAL ORTHOPAEDIC HOSPITAL NHS TRUST,110,Trauma and Orthopaedic Service,12108.176452636719,0,0.0,12108.17657,0.0,0.0,Optimal,500,0,6874707.747728985,6869707.747494217,5000.0
optimistic_p10,RAN,ROYAL NATIONAL ORTHOPAEDIC HOSPITAL NHS TRUST,101,Urology Service,99.43429946899414,0,0.0,99.4342995,0.0,0.0,Optimal,500,0,6874707.747728985,6869707.747494217,5000.0
optimistic_p10,RAL,ROYAL FREE LONDON NHS FOUNDATION TRUST,160,Plastic Surgery Service,11969.720031738281,0,0.0,11969.71987,0.0,0.0,Optimal,500,0,6874707.747728985,6869707.747494217,5000.0
optimistic_p10,R1F,ISLE OF WIGHT NHS TRUST,502,Gynaecology Service,1485.256103515625,0,0.0,1485.25612,0.0,0.0,Optimal,500,0,6874707.747728985,6869707.747494217,5000.0
optimistic_p10,RAL,ROYAL FREE LONDON NHS FOUNDATION TRUST,150,Neurosurgical Service,59.74850368499756,0,0.0,59.7485037,0.0,0.0,Optimal,500,0,6874707.747728985,6869707.747494217,5000.0
optimistic_p10,RAL,ROYAL FREE LONDON NHS FOUNDATION TRUST,140,Oral Surgery Service,1400.8351364135742,0,0.0,1400.83514,0.0,0.0,Optimal,500,0,6874707.747728985,6869707.747494217,5000.0
optimistic_p10,RAL,ROYAL FREE LONDON NHS FOUNDATION TRUST,130,Ophthalmology Service,3634.525909423828,0,0.0,3634.52591,0.0,0.0,Optimal,500,0,6874707.747728985,6869707.747494217,5000.0
optimistic_p10,RAL,ROYAL FREE LONDON NHS FOUNDATION TRUST,120,Ear Nose and Throat Service,7837.452392578125,0,0.0,7837.45238,0.0,0.0,Optimal,500,0,6874707.747728985,6869707.747494217,5000.0
optimistic_p10,RAL,ROYAL FREE LONDON NHS FOUNDATION TRUST,110,Trauma and Orthopaedic Service,14324.58837890625,0,0.0,14324.5884,0.0,0.0,Optimal,500,0,6874707.747728985,6869707.747494217,5000.0
optimistic_p10,RAL,ROYAL FREE LONDON NHS FOUNDATION TRUST,101,Urology Service,5991.706390380859,0,0.0,5991.70638,0.0,0.0,Optimal,500,0,6874707.747728985,6869707.747494217,5000.0
optimistic_p10,RAL,ROYAL FREE LONDON NHS FOUNDATION TRUST,100,General Surgery Service,7934.757995605469,0,0.0,7934.75799,0.0,0.0,Optimal,500,0,6874707.747728985,6869707.747494217,5000.0
optimistic_p10,RAJ,MID AND SOUTH ESSEX NHS FOUNDATION TRUST,502,Gynaecology Service,8783.438354492188,0,0.0,8783.43835,0.0,0.0,Optimal,500,0,6874707.747728985,6869707.747494217,5000.0
optimistic_p10,RAJ,MID AND SOUTH ESSEX NHS FOUNDATION TRUST,170,Cardiothoracic Surgery Service,22.714844226837158,0,0.0,22.7148441,0.0,0.0,Optimal,500,0,6874707.747728985,6869707.747494217,5000.0
optimistic_p10,RAJ,MID AND SOUTH ESSEX NHS FOUNDATION TRUST,160,Plastic Surgery Service,21183.855590820312,0,0.0,21183.8557,0.0,0.0,Optimal,500,0,6874707.747728985,6869707.747494217,5000.0
optimistic_p10,RAX,KINGSTON AND RICHMOND NHS FOUNDATION TRUST,100,General Surgery Service,1303.8243942260742,0,0.0,1303.82439,0.0,0.0,Optimal,500,0,6874707.747728985,6869707.747494217,5000.0
optimistic_p10,RAX,KINGSTON AND RICHMOND NHS FOUNDATION TRUST,101,Urology Service,3575.085235595703,0,0.0,3575.08525,0.0,0.0,Optimal,500,0,6874707.747728985,6869707.747494217,5000.0
optimistic_p10,RAX,KINGSTON AND RICHMOND NHS FOUNDATION TRUST,110,Trauma and Orthopaedic Service,5627.937561035156,0,0.0,5627.93756,0.0,0.0,Optimal,500,0,6874707.747728985,6869707.747494217,5000.0
optimistic_p10,RAX,KINGSTON AND RICHMOND NHS FOUNDATION TRUST,120,Ear Nose and Throat Service,9282.37548828125,0,0.0,9282.37547,0.0,0.0,Optimal,500,0,6874707.747728985,6869707.747494217,5000.0
optimistic_p10,RBL,WIRRAL UNIVERSITY TEACHING HOSPITAL NHS FOUNDATION TRUST,120,Ear Nose and Throat Service,2823.4911041259766,0,0.0,2823.4911,0.0,0.0,Optimal,500,0,6874707.747728985,6869707.747494217,5000.0
optimistic_p10,RBL,WIRRAL UNIVERSITY TEACHING HOSPITAL NHS FOUNDATION TRUST,110,Trauma and Orthopaedic Service,10536.271057128906,0,0.0,10536.27106,0.0,0.0,Optimal,500,0,6874707.747728985,6869707.747494217,5000.0
optimistic_p10,RBL,WIRRAL UNIVERSITY TEACHING HOSPITAL NHS FOUNDATION TRUST,101,Urology Service,3193.361862182617,0,0.0,3193.36186,0.0,0.0,Optimal,500,0,6874707.747728985,6869707.747494217,5000.0
optimistic_p10,RBL,WIRRAL UNIVERSITY TEACHING HOSPITAL NHS FOUNDATION TRUST,100,General Surgery Service,248.12790298461914,0,0.0,248.127902,0.0,0.0,Optimal,500,0,6874707.747728985,6869707.747494217,5000.0
optimistic_p10,RBK,WALSALL HEALTHCARE NHS TRUST,502,Gynaecology Service,4466.5892333984375,0,0.0,4466.5892300000005,0.0,0.0,Optimal,500,0,6874707.747728985,6869707.747494217,5000.0
optimistic_p10,RBK,WALSALL HEALTHCARE NHS TRUST,140,Oral Surgery Service,1244.873031616211,0,0.0,1244.873032,0.0,0.0,Optimal,500,0,6874707.747728985,6869707.747494217,5000.0
optimistic_p10,RBK,WALSALL HEALTHCARE NHS TRUST,130,Ophthalmology Service,723.1894226074219,0,0.0,723.189424,0.0,0.0,Optimal,500,0,6874707.747728985,6869707.747494217,5000.0
optimistic_p10,RBK,WALSALL HEALTHCARE NHS TRUST,120,Ear Nose and Throat Service,4393.449890136719,0,0.0,4393.4499,0.0,0.0,Optimal,500,0,6874707.747728985,6869707.747494217,5000.0
optimistic_p10,RBK,WALSALL HEALTHCARE NHS TRUST,110,Trauma and Orthopaedic Service,15009.307495117188,0,0.0,15009.307700000001,0.0,0.0,Optimal,500,0,6874707.747728985,6869707.747494217,5000.0
optimistic_p10,RBK,WALSALL HEALTHCARE NHS TRUST,100,General Surgery Service,6011.833831787109,0,0.0,6011.8338,0.0,0.0,Optimal,500,0,6874707.747728985,6869707.747494217,5000.0
optimistic_p10,RBD,DORSET COUNTY HOSPITAL NHS FOUNDATION TRUST,502,Gynaecology Service,3892.4190673828125,0,0.0,3892.41906,0.0,0.0,Optimal,500,0,6874707.747728985,6869707.747494217,5000.0
optimistic_p10,RBD,DORSET COUNTY HOSPITAL NHS FOUNDATION TRUST,140,Oral Surgery Service,4521.738739013672,0,0.0,4521.73875,0.0,0.0,Optimal,500,0,6874707.747728985,6869707.747494217,5000.0
optimistic_p10,RBD,DORSET COUNTY HOSPITAL NHS FOUNDATION TRUST,130,Ophthalmology Service,3386.3377990722656,0,0.0,3386.33778,0.0,0.0,Optimal,500,0,6874707.747728985,6869707.747494217,5000.0
optimistic_p10,RBD,DORSET COUNTY HOSPITAL NHS FOUNDATION TRUST,120,Ear Nose and Throat Service,3089.4640045166016,0,0.0,3089.464,0.0,0.0,Optimal,500,0,6874707.747728985,6869707.747494217,5000.0
optimistic_p10,RBD,DORSET COUNTY HOSPITAL NHS FOUNDATION TRUST,110,Trauma and Orthopaedic Service,14793.96484375,0,0.0,14793.965,0.0,0.0,Optimal,500,0,6874707.747728985,6869707.747494217,5000.0
optimistic_p10,A4M8P,BUCKSHAW HOSPITAL,100,General Surgery Service,1975.7124786376953,0,0.0,1975.71247,0.0,0.0,Optimal,500,0,6874707.747728985,6869707.747494217,5000.0
optimistic_p10,RBD,DORSET COUNTY HOSPITAL NHS FOUNDATION TRUST,100,General Surgery Service,2161.0851287841797,0,0.0,2161.0851,0.0,0.0,Optimal,500,0,6874707.747728985,6869707.747494217,5000.0
optimistic_p10,RAX,KINGSTON AND RICHMOND NHS FOUNDATION TRUST,502,Gynaecology Service,6727.101745605469,0,0.0,6727.10174,0.0,0.0,Optimal,500,0,6874707.747728985,6869707.747494217,5000.0
optimistic_p10,RAX,KINGSTON AND RICHMOND NHS FOUNDATION TRUST,160,Plastic Surgery Service,1210.166404724121,0,0.0,1210.166417,0.0,0.0,Optimal,500,0,6874707.747728985,6869707.747494217,5000.0
optimistic_p10,RAX,KINGSTON AND RICHMOND NHS FOUNDATION TRUST,140,Oral Surgery Service,1505.6565704345703,0,0.0,1505.65656,0.0,0.0,Optimal,500,0,6874707.747728985,6869707.747494217,5000.0
optimistic_p10,RAX,KINGSTON AND RICHMOND NHS FOUNDATION TRUST,130,Ophthalmology Service,10768.670471191406,0,0.0,10768.670470000001,0.0,0.0,Optimal,500,0,6874707.747728985,6869707.747494217,5000.0
optimistic_p10,RAJ,MID AND SOUTH ESSEX NHS FOUNDATION TRUST,150,Neurosurgical Service,121.97079467773438,0,0.0,121.9707957,0.0,0.0,Optimal,500,0,6874707.747728985,6869707.747494217,5000.0
optimistic_p10,RAJ,MID AND SOUTH ESSEX NHS FOUNDATION TRUST,140,Oral Surgery Service,4812.797210693359,0,0.0,4812.79721,0.0,0.0,Optimal,500,0,6874707.747728985,6869707.747494217,5000.0
optimistic_p10,RAJ,MID AND SOUTH ESSEX NHS FOUNDATION TRUST,130,Ophthalmology Service,13322.407592773438,0,0.0,13322.4077,0.0,0.0,Optimal,500,0,6874707.747728985,6869707.747494217,5000.0
optimistic_p10,RA2,ROYAL SURREY NHS FOUNDATION TRUST,110,Trauma and Orthopaedic Service,8320.341247558594,0,0.0,8320.341260000001,0.0,0.0,Optimal,500,0,6874707.747728985,6869707.747494217,5000.0
optimistic_p10,RA2,ROYAL SURREY NHS FOUNDATION TRUST,100,General Surgery Service,4431.904205322266,0,0.0,4431.90421,0.0,0.0,Optimal,500,0,6874707.747728985,6869707.747494217,5000.0
optimistic_p10,R7W2O,NEWCASTLE NEWMEDICA LTD,130,Ophthalmology Service,2888.9522552490234,0,0.0,2888.95226,0.0,0.0,Optimal,500,0,6874707.747728985,6869707.747494217,5000.0
optimistic_p10,R1K,LONDON NORTH WEST UNIVERSITY HEALTHCARE NHS TRUST,502,Gynaecology Service,4998.437316894531,0,0.0,4998.43733,0.0,0.0,Optimal,500,0,6874707.747728985,6869707.747494217,5000.0
optimistic_p10,R1K,LONDON NORTH WEST UNIVERSITY HEALTHCARE NHS TRUST,160,Plastic Surgery Service,88.92999935150146,0,0.0,88.9299994,0.0,0.0,Optimal,500,0,6874707.747728985,6869707.747494217,5000.0
optimistic_p10,R1K,LONDON NORTH WEST UNIVERSITY HEALTHCARE NHS TRUST,140,Oral Surgery Service,4757.232482910156,0,0.0,4757.2325,0.0,0.0,Optimal,500,0,6874707.747728985,6869707.747494217,5000.0
optimistic_p10,R1K,LONDON NORTH WEST UNIVERSITY HEALTHCARE NHS TRUST,130,Ophthalmology Service,1889.0020751953125,0,0.0,1889.00207,0.0,0.0,Optimal,500,0,6874707.747728985,6869707.747494217,5000.0
optimistic_p10,R1K,LONDON NORTH WEST UNIVERSITY HEALTHCARE NHS TRUST,120,Ear Nose and Throat Service,8515.148498535156,0,0.0,8515.1485,0.0,0.0,Optimal,500,0,6874707.747728985,6869707.747494217,5000.0
optimistic_p10,R1K,LONDON NORTH WEST UNIVERSITY HEALTHCARE NHS TRUST,110,Trauma and Orthopaedic Service,13794.387084960938,0,0.0,13794.3872,0.0,0.0,Optimal,500,0,6874707.747728985,6869707.747494217,5000.0
optimistic_p10,R1K,LONDON NORTH WEST UNIVERSITY HEALTHCARE NHS TRUST,101,Urology Service,7647.1983642578125,0,0.0,7647.19835,0.0,0.0,Optimal,500,0,6874707.747728985,6869707.747494217,5000.0
optimistic_p10,R1K,LONDON NORTH WEST UNIVERSITY HEALTHCARE NHS TRUST,100,General Surgery Service,12301.671569824219,0,0.0,12301.67166,0.0,0.0,Optimal,500,0,6874707.747728985,6869707.747494217,5000.0
optimistic_p10,R1H,BARTS HEALTH NHS TRUST,502,Gynaecology Service,8318.420471191406,0,0.0,8318.42046,0.0,0.0,Optimal,500,0,6874707.747728985,6869707.747494217,5000.0
optimistic_p10,R1H,BARTS HEALTH NHS TRUST,170,Cardiothoracic Surgery Service,15.516475558280945,0,0.0,15.516475569999999,0.0,0.0,Optimal,500,0,6874707.747728985,6869707.747494217,5000.0
optimistic_p10,R1H,BARTS HEALTH NHS TRUST,160,Plastic Surgery Service,4949.110412597656,0,0.0,4949.11042,0.0,0.0,Optimal,500,0,6874707.747728985,6869707.747494217,5000.0
optimistic_p10,R1H,BARTS HEALTH NHS TRUST,150,Neurosurgical Service,1394.1756439208984,0,0.0,1394.17563,0.0,0.0,Optimal,500,0,6874707.747728985,6869707.747494217,5000.0
optimistic_p10,R1H,BARTS HEALTH NHS TRUST,140,Oral Surgery Service,3648.2345275878906,0,0.0,3648.23453,0.0,0.0,Optimal,500,0,6874707.747728985,6869707.747494217,5000.0
optimistic_p10,R1H,BARTS HEALTH NHS TRUST,130,Ophthalmology Service,5925.3291015625,0,0.0,5925.32912,0.0,0.0,Optimal,500,0,6874707.747728985,6869707.747494217,5000.0
optimistic_p10,R1H,BARTS HEALTH NHS TRUST,120,Ear Nose and Throat Service,10519.523681640625,0,0.0,10519.52368,0.0,0.0,Optimal,500,0,6874707.747728985,6869707.747494217,5000.0
optimistic_p10,R1H,BARTS HEALTH NHS TRUST,110,Trauma and Orthopaedic Service,12572.628479003906,0,0.0,12572.6286,0.0,0.0,Optimal,500,0,6874707.747728985,6869707.747494217,5000.0
optimistic_p10,R1H,BARTS HEALTH NHS TRUST,101,Urology Service,6741.545959472656,0,0.0,6741.5459599999995,0.0,0.0,Optimal,500,0,6874707.747728985,6869707.747494217,5000.0
optimistic_p10,R1H,BARTS HEALTH NHS TRUST,100,General Surgery Service,11021.491027832031,0,0.0,11021.49102,0.0,0.0,Optimal,500,0,6874707.747728985,6869707.747494217,5000.0
optimistic_p10,R1G7E,SPAMEDICA KENDAL,130,Ophthalmology Service,1452.0531539916992,0,0.0,1452.05316,0.0,0.0,Optimal,500,0,6874707.747728985,6869707.747494217,5000.0
optimistic_p10,RA2,ROYAL SURREY NHS FOUNDATION TRUST,101,Urology Service,2265.550262451172,0,0.0,2265.5502699999997,0.0,0.0,Optimal,500,0,6874707.747728985,6869707.747494217,5000.0
optimistic_p10,RA2,ROYAL SURREY NHS FOUNDATION TRUST,120,Ear Nose and Throat Service,3911.3456420898438,0,0.0,3911.34563,0.0,0.0,Optimal,500,0,6874707.747728985,6869707.747494217,5000.0
optimistic_p10,RAJ,MID AND SOUTH ESSEX NHS FOUNDATION TRUST,120,Ear Nose and Throat Service,5740.908843994141,0,0.0,5740.90884,0.0,0.0,Optimal,500,0,6874707.747728985,6869707.747494217,5000.0
optimistic_p10,RA2,ROYAL SURREY NHS FOUNDATION TRUST,130,Ophthalmology Service,2490.2247314453125,0,0.0,2490.22473,0.0,0.0,Optimal,500,0,6874707.747728985,6869707.747494217,5000.0
optimistic_p10,RAJ,MID AND SOUTH ESSEX NHS FOUNDATION TRUST,110,Trauma and Orthopaedic Service,23473.611694335938,0,0.0,23473.6117,0.0,0.0,Optimal,500,0,6874707.747728985,6869707.747494217,5000.0
optimistic_p10,RAJ,MID AND SOUTH ESSEX NHS FOUNDATION TRUST,101,Urology Service,8327.009094238281,0,0.0,8327.0091,0.0,0.0,Optimal,500,0,6874707.747728985,6869707.747494217,5000.0
optimistic_p10,RAJ,MID AND SOUTH ESSEX NHS FOUNDATION TRUST,100,General Surgery Service,17449.783935546875,0,0.0,17449.7839,0.0,0.0,Optimal,500,0,6874707.747728985,6869707.747494217,5000.0
optimistic_p10,RAE,BRADFORD TEACHING HOSPITALS NHS FOUNDATION TRUST,502,Gynaecology Service,2206.3428802490234,0,0.0,2206.34287,0.0,0.0,Optimal,500,0,6874707.747728985,6869707.747494217,5000.0
optimistic_p10,RAE,BRADFORD TEACHING HOSPITALS NHS FOUNDATION TRUST,160,Plastic Surgery Service,2881.641159057617,0,0.0,2881.64116,0.0,0.0,Optimal,500,0,6874707.747728985,6869707.747494217,5000.0
optimistic_p10,RAE,BRADFORD TEACHING HOSPITALS NHS FOUNDATION TRUST,140,Oral Surgery Service,998.0595016479492,0,0.0,998.059501,0.0,0.0,Optimal,500,0,6874707.747728985,6869707.747494217,5000.0
optimistic_p10,RAE,BRADFORD TEACHING HOSPITALS NHS FOUNDATION TRUST,130,Ophthalmology Service,2730.7123260498047,0,0.0,2730.71233,0.0,0.0,Optimal,500,0,6874707.747728985,6869707.747494217,5000.0
optimistic_p10,RAE,BRADFORD TEACHING HOSPITALS NHS FOUNDATION TRUST,120,Ear Nose and Throat Service,3283.9503173828125,0,0.0,3283.95031,0.0,0.0,Optimal,500,0,6874707.747728985,6869707.747494217,5000.0
optimistic_p10,RAE,BRADFORD TEACHING HOSPITALS NHS FOUNDATION TRUST,110,Trauma and Orthopaedic Service,7693.044677734375,0,0.0,7693.04469,0.0,0.0,Optimal,500,0,6874707.747728985,6869707.747494217,5000.0
optimistic_p10,RAE,BRADFORD TEACHING HOSPITALS NHS FOUNDATION TRUST,101,Urology Service,2839.1624908447266,0,0.0,2839.1625,0.0,0.0,Optimal,500,0,6874707.747728985,6869707.747494217,5000.0
optimistic_p10,RAE,BRADFORD TEACHING HOSPITALS NHS FOUNDATION TRUST,100,General Surgery Service,1240.9123458862305,0,0.0,1240.912342,0.0,0.0,Optimal,500,0,6874707.747728985,6869707.747494217,5000.0
optimistic_p10,RA7,UNIVERSITY HOSPITALS BRISTOL AND WESTON NHS FOUNDATION TRUST,502,Gynaecology Service,3966.9610290527344,0,0.0,3966.96103,0.0,0.0,Optimal,500,0,6874707.747728985,6869707.747494217,5000.0
optimistic_p10,RA7,UNIVERSITY HOSPITALS BRISTOL AND WESTON NHS FOUNDATION TRUST,170,Cardiothoracic Surgery Service,1553.759033203125,0,0.0,1553.75902,0.0,0.0,Optimal,500,0,6874707.747728985,6869707.747494217,5000.0
optimistic_p10,RA7,UNIVERSITY HOSPITALS BRISTOL AND WESTON NHS FOUNDATION TRUST,140,Oral Surgery Service,3556.533477783203,0,0.0,3556.5335,0.0,0.0,Optimal,500,0,6874707.747728985,6869707.747494217,5000.0
optimistic_p10,RA7,UNIVERSITY HOSPITALS BRISTOL AND WESTON NHS FOUNDATION TRUST,130,Ophthalmology Service,14584.808837890625,0,0.0,14584.808799999999,0.0,0.0,Optimal,500,0,6874707.747728985,6869707.747494217,5000.0
optimistic_p10,RA7,UNIVERSITY HOSPITALS BRISTOL AND WESTON NHS FOUNDATION TRUST,120,Ear Nose and Throat Service,10223.141723632812,0,0.0,10223.14174,0.0,0.0,Optimal,500,0,6874707.747728985,6869707.747494217,5000.0
optimistic_p10,RA7,UNIVERSITY HOSPITALS BRISTOL AND WESTON NHS FOUNDATION TRUST,110,Trauma and Orthopaedic Service,5470.012420654297,0,0.0,5470.01243,0.0,0.0,Optimal,500,0,6874707.747728985,6869707.747494217,5000.0
optimistic_p10,RA7,UNIVERSITY HOSPITALS BRISTOL AND WESTON NHS FOUNDATION TRUST,100,General Surgery Service,124.63775157928467,0,0.0,124.6377521,0.0,0.0,Optimal,500,0,6874707.747728985,6869707.747494217,5000.0
optimistic_p10,RA2,ROYAL SURREY NHS FOUNDATION TRUST,502,Gynaecology Service,3296.3167724609375,0,0.0,3296.31675,0.0,0.0,Optimal,500,0,6874707.747728985,6869707.747494217,5000.0
optimistic_p10,RA2,ROYAL SURREY NHS FOUNDATION TRUST,160,Plastic Surgery Service,639.2473983764648,0,0.0,639.247398,0.0,0.0,Optimal,500,0,6874707.747728985,6869707.747494217,5000.0
optimistic_p10,RA2,ROYAL SURREY NHS FOUNDATION TRUST,140,Oral Surgery Service,4244.197479248047,0,0.0,4244.19748,0.0,0.0,Optimal,500,0,6874707.747728985,6869707.747494217,5000.0
optimistic_p10,NVC20,THE YORKSHIRE CLINIC,120,Ear Nose and Throat Service,323.37709045410156,0,0.0,323.377091,0.0,0.0,Optimal,500,0,6874707.747728985,6869707.747494217,5000.0
optimistic_p10,NVC20,THE YORKSHIRE CLINIC,110,Trauma and Orthopaedic Service,1434.4359893798828,0,0.0,1434.435982,0.0,0.0,Optimal,500,0,6874707.747728985,6869707.747494217,5000.0
optimistic_p10,NVC20,THE YORKSHIRE CLINIC,101,Urology Service,386.4619483947754,0,0.0,386.461948,0.0,0.0,Optimal,500,0,6874707.747728985,6869707.747494217,5000.0
optimistic_p10,NTP16,PRACTICE PLUS GROUP SURGICAL CENTRE - GILLINGHAM,100,General Surgery Service,877.9032287597656,0,0.0,877.90323,0.0,0.0,Optimal,500,0,6874707.747728985,6869707.747494217,5000.0
optimistic_p10,NTPH1,PRACTICE PLUS GROUP HOSPITAL - SHEPTON MALLET,110,Trauma and Orthopaedic Service,7867.285217285156,0,0.0,7867.28523,0.0,0.0,Optimal,500,0,6874707.747728985,6869707.747494217,5000.0
optimistic_p10,NTPH1,PRACTICE PLUS GROUP HOSPITAL - SHEPTON MALLET,101,Urology Service,134.50773525238037,0,0.0,134.507734,0.0,0.0,Optimal,500,0,6874707.747728985,6869707.747494217,5000.0
optimistic_p10,NTPH1,PRACTICE PLUS GROUP HOSPITAL - SHEPTON MALLET,100,General Surgery Service,840.5037460327148,0,0.0,840.503746,0.0,0.0,Optimal,500,0,6874707.747728985,6869707.747494217,5000.0
optimistic_p10,NTPAE,PRACTICE PLUS GROUP OPHTHALMOLOGY - NORTH WEST,130,Ophthalmology Service,2207.506591796875,0,0.0,2207.5066,0.0,0.0,Optimal,500,0,6874707.747728985,6869707.747494217,5000.0
optimistic_p10,NTPAD,PRACTICE PLUS GROUP SURGICAL CENTRE - ST MARYS PORTSMOUTH,120,Ear Nose and Throat Service,161.2529878616333,0,0.0,161.25298800000002,0.0,0.0,Optimal,500,0,6874707.747728985,6869707.747494217,5000.0
optimistic_p10,NTPAD,PRACTICE PLUS GROUP SURGICAL CENTRE - ST MARYS PORTSMOUTH,110,Trauma and Orthopaedic Service,1533.7366333007812,0,0.0,1533.73665,0.0,0.0,Optimal,500,0,6874707.747728985,6869707.747494217,5000.0
optimistic_p10,NTPAD,PRACTICE PLUS GROUP SURGICAL CENTRE - ST MARYS PORTSMOUTH,101,Urology Service,286.74735260009766,0,0.0,286.747353,0.0,0.0,Optimal,500,0,6874707.747728985,6869707.747494217,5000.0
optimistic_p10,NTPAD,PRACTICE PLUS GROUP SURGICAL CENTRE - ST MARYS PORTSMOUTH,100,General Surgery Service,1422.003044128418,0,0.0,1422.00305,0.0,0.0,Optimal,500,0,6874707.747728985,6869707.747494217,5000.0
optimistic_p10,NTP16,PRACTICE PLUS GROUP SURGICAL CENTRE - GILLINGHAM,130,Ophthalmology Service,1189.5122375488281,0,0.0,1189.51224,0.0,0.0,Optimal,500,0,6874707.747728985,6869707.747494217,5000.0
optimistic_p10,NTP16,PRACTICE PLUS GROUP SURGICAL CENTRE - GILLINGHAM,110,Trauma and Orthopaedic Service,464.2869873046875,0,0.0,464.286987,0.0,0.0,Optimal,500,0,6874707.747728985,6869707.747494217,5000.0
optimistic_p10,NTP15,PRACTICE PLUS GROUP HOSPITAL - ILFORD,502,Gynaecology Service,1637.213623046875,0,0.0,1637.21362,0.0,0.0,Optimal,500,0,6874707.747728985,6869707.747494217,5000.0
optimistic_p10,NVC20,THE YORKSHIRE CLINIC,100,General Surgery Service,804.5553207397461,0,0.0,804.555321,0.0,0.0,Optimal,500,0,6874707.747728985,6869707.747494217,5000.0
optimistic_p10,NTP15,PRACTICE PLUS GROUP HOSPITAL - ILFORD,130,Ophthalmology Service,485.6408462524414,0,0.0,485.640846,0.0,0.0,Optimal,500,0,6874707.747728985,6869707.747494217,5000.0
optimistic_p10,NTP15,PRACTICE PLUS GROUP HOSPITAL - ILFORD,120,Ear Nose and Throat Service,273.89990615844727,0,0.0,273.899906,0.0,0.0,Optimal,500,0,6874707.747728985,6869707.747494217,5000.0
optimistic_p10,NTP15,PRACTICE PLUS GROUP HOSPITAL - ILFORD,110,Trauma and Orthopaedic Service,4210.501922607422,0,0.0,4210.50191,0.0,0.0,Optimal,500,0,6874707.747728985,6869707.747494217,5000.0
optimistic_p10,NTP15,PRACTICE PLUS GROUP HOSPITAL - ILFORD,101,Urology Service,343.47707748413086,0,0.0,343.477079,0.0,0.0,Optimal,500,0,6874707.747728985,6869707.747494217,5000.0
optimistic_p10,NTP15,PRACTICE PLUS GROUP HOSPITAL - ILFORD,100,General Surgery Service,1580.5957946777344,0,0.0,1580.59579,0.0,0.0,Optimal,500,0,6874707.747728985,6869707.747494217,5000.0
optimistic_p10,NTP13,PRACTICE PLUS GROUP HOSPITAL - BARLBOROUGH,130,Ophthalmology Service,367.2397918701172,0,0.0,367.239792,0.0,0.0,Optimal,500,0,6874707.747728985,6869707.747494217,5000.0
optimistic_p10,NTP13,PRACTICE PLUS GROUP HOSPITAL - BARLBOROUGH,110,Trauma and Orthopaedic Service,9320.684448242188,0,0.0,9320.68446,0.0,0.0,Optimal,500,0,6874707.747728985,6869707.747494217,5000.0
optimistic_p10,NTP13,PRACTICE PLUS GROUP HOSPITAL - BARLBOROUGH,100,General Surgery Service,81.18417358398438,0,0.0,81.1841736,0.0,0.0,Optimal,500,0,6874707.747728985,6869707.747494217,5000.0
optimistic_p10,NTP11,PRACTICE PLUS GROUP HOSPITAL - SOUTHAMPTON,502,Gynaecology Service,2010.3343048095703,0,0.0,2010.33431,0.0,0.0,Optimal,500,0,6874707.747728985,6869707.747494217,5000.0
optimistic_p10,NTP11,PRACTICE PLUS GROUP HOSPITAL - SOUTHAMPTON,140,Oral Surgery Service,5729.402587890625,0,0.0,5729.40257,0.0,0.0,Optimal,500,0,6874707.747728985,6869707.747494217,5000.0
optimistic_p10,NTPH1,PRACTICE PLUS GROUP HOSPITAL - SHEPTON MALLET,120,Ear Nose and Throat Service,401.777099609375,0,0.0,401.777099,0.0,0.0,Optimal,500,0,6874707.747728985,6869707.747494217,5000.0
optimistic_p10,NTPH1,PRACTICE PLUS GROUP HOSPITAL - SHEPTON MALLET,130,Ophthalmology Service,2105.4371337890625,0,0.0,2105.43713,0.0,0.0,Optimal,500,0,6874707.747728985,6869707.747494217,5000.0
optimistic_p10,NTPH1,PRACTICE PLUS GROUP HOSPITAL - SHEPTON MALLET,502,Gynaecology Service,127.33650875091553,0,0.0,127.3365088,0.0,0.0,Optimal,500,0,6874707.747728985,6869707.747494217,5000.0
optimistic_p10,NTPH2,PRACTICE PLUS GROUP HOSPITAL - EMERSONS GREEN,100,General Surgery Service,871.6806564331055,0,0.0,871.680656,0.0,0.0,Optimal,500,0,6874707.747728985,6869707.747494217,5000.0
optimistic_p10,NVC01,ASHTEAD HOSPITAL,101,Urology Service,95.01389789581299,0,0.0,95.013898,0.0,0.0,Optimal,500,0,6874707.747728985,6869707.747494217,5000.0
optimistic_p10,NVC01,ASHTEAD HOSPITAL,100,General Surgery Service,377.5432987213135,0,0.0,377.543298,0.0,0.0,Optimal,500,0,6874707.747728985,6869707.747494217,5000.0
optimistic_p10,NTX,THE ONE HEALTH GROUP PLC,502,Gynaecology Service,1142.3183670043945,0,0.0,1142.318367,0.0,0.0,Optimal,500,0,6874707.747728985,6869707.747494217,5000.0
optimistic_p10,NTX,THE ONE HEALTH GROUP PLC,150,Neurosurgical Service,2109.062271118164,0,0.0,2109.06226,0.0,0.0,Optimal,500,0,6874707.747728985,6869707.747494217,5000.0
optimistic_p10,NTX,THE ONE HEALTH GROUP PLC,110,Trauma and Orthopaedic Service,3530.693328857422,0,0.0,3530.69332,0.0,0.0,Optimal,500,0,6874707.747728985,6869707.747494217,5000.0
optimistic_p10,NTX,THE ONE HEALTH GROUP PLC,101,Urology Service,478.04472732543945,0,0.0,478.04472899999996,0.0,0.0,Optimal,500,0,6874707.747728985,6869707.747494217,5000.0
optimistic_p10,NTX,THE ONE HEALTH GROUP PLC,100,General Surgery Service,1034.6177062988281,0,0.0,1034.617706,0.0,0.0,Optimal,500,0,6874707.747728985,6869707.747494217,5000.0
optimistic_p10,NTPH5,PRACTICE PLUS GROUP HOSPITAL - PLYMOUTH,130,Ophthalmology Service,300.933069229126,0,0.0,300.93307,0.0,0.0,Optimal,500,0,6874707.747728985,6869707.747494217,5000.0
optimistic_p10,NTPH5,PRACTICE PLUS GROUP HOSPITAL - PLYMOUTH,110,Trauma and Orthopaedic Service,7608.578430175781,0,0.0,7608.5784300000005,0.0,0.0,Optimal,500,0,6874707.747728985,6869707.747494217,5000.0
optimistic_p10,NTPH5,PRACTICE PLUS GROUP HOSPITAL - PLYMOUTH,100,General Surgery Service,282.10838508605957,0,0.0,282.108385,0.0,0.0,Optimal,500,0,6874707.747728985,6869707.747494217,5000.0
optimistic_p10,NTPH3,PRACTICE PLUS GROUP SURGICAL CENTRE - DEVIZES,502,Gynaecology Service,328.4617156982422,0,0.0,328.461716,0.0,0.0,Optimal,500,0,6874707.747728985,6869707.747494217,5000.0
optimistic_p10,NTPH3,PRACTICE PLUS GROUP SURGICAL CENTRE - DEVIZES,140,Oral Surgery Service,1646.6706085205078,0,0.0,1646.6706199999999,0.0,0.0,Optimal,500,0,6874707.747728985,6869707.747494217,5000.0
optimistic_p10,NTPH3,PRACTICE PLUS GROUP SURGICAL CENTRE - DEVIZES,120,Ear Nose and Throat Service,143.33882331848145,0,0.0,143.338824,0.0,0.0,Optimal,500,0,6874707.747728985,6869707.747494217,5000.0
optimistic_p10,NTPH3,PRACTICE PLUS GROUP SURGICAL CENTRE - DEVIZES,110,Trauma and Orthopaedic Service,1309.4682693481445,0,0.0,1309.46827,0.0,0.0,Optimal,500,0,6874707.747728985,6869707.747494217,5000.0
optimistic_p10,NTPH3,PRACTICE PLUS GROUP SURGICAL CENTRE - DEVIZES,101,Urology Service,225.04155921936035,0,0.0,225.041559,0.0,0.0,Optimal,500,0,6874707.747728985,6869707.747494217,5000.0
optimistic_p10,NTPH3,PRACTICE PLUS GROUP SURGICAL CENTRE - DEVIZES,100,General Surgery Service,408.03716468811035,0,0.0,408.037166,0.0,0.0,Optimal,500,0,6874707.747728985,6869707.747494217,5000.0
optimistic_p10,NTPH2,PRACTICE PLUS GROUP HOSPITAL - EMERSONS GREEN,502,Gynaecology Service,1019.3440628051758,0,0.0,1019.344064,0.0,0.0,Optimal,500,0,6874707.747728985,6869707.747494217,5000.0
optimistic_p10,NTPH2,PRACTICE PLUS GROUP HOSPITAL - EMERSONS GREEN,140,Oral Surgery Service,4003.5318603515625,0,0.0,4003.53186,0.0,0.0,Optimal,500,0,6874707.747728985,6869707.747494217,5000.0
optimistic_p10,NTPH2,PRACTICE PLUS GROUP HOSPITAL - EMERSONS GREEN,120,Ear Nose and Throat Service,456.3510055541992,0,0.0,456.351005,0.0,0.0,Optimal,500,0,6874707.747728985,6869707.747494217,5000.0
optimistic_p10,NTPH2,PRACTICE PLUS GROUP HOSPITAL - EMERSONS GREEN,110,Trauma and Orthopaedic Service,3567.102569580078,0,0.0,3567.10257,0.0,0.0,Optimal,500,0,6874707.747728985,6869707.747494217,5000.0
optimistic_p10,NTPH2,PRACTICE PLUS GROUP HOSPITAL - EMERSONS GREEN,101,Urology Service,199.32607650756836,0,0.0,199.326075,0.0,0.0,Optimal,500,0,6874707.747728985,6869707.747494217,5000.0
optimistic_p10,NTP11,PRACTICE PLUS GROUP HOSPITAL - SOUTHAMPTON,130,Ophthalmology Service,449.1284523010254,0,0.0,449.12845300000004,0.0,0.0,Optimal,500,0,6874707.747728985,6869707.747494217,5000.0
optimistic_p10,NTP11,PRACTICE PLUS GROUP HOSPITAL - SOUTHAMPTON,120,Ear Nose and Throat Service,1116.3651428222656,0,0.0,1116.365144,0.0,0.0,Optimal,500,0,6874707.747728985,6869707.747494217,5000.0
optimistic_p10,NTP11,PRACTICE PLUS GROUP HOSPITAL - SOUTHAMPTON,110,Trauma and Orthopaedic Service,4529.582672119141,0,0.0,4529.5826799999995,0.0,0.0,Optimal,500,0,6874707.747728985,6869707.747494217,5000.0
optimistic_p10,NT450,LINCOLN PRIVATE HOSPITAL,110,Trauma and Orthopaedic Service,1435.5354766845703,0,0.0,1435.53548,0.0,0.0,Optimal,500,0,6874707.747728985,6869707.747494217,5000.0
optimistic_p10,NT450,LINCOLN PRIVATE HOSPITAL,100,General Surgery Service,16.231222987174988,0,0.0,16.23122294,0.0,0.0,Optimal,500,0,6874707.747728985,6869707.747494217,5000.0
optimistic_p10,NT449,LANCASTER PRIVATE HOSPITAL,502,Gynaecology Service,54.91719913482666,0,0.0,54.9171993,0.0,0.0,Optimal,500,0,6874707.747728985,6869707.747494217,5000.0
optimistic_p10,NT449,LANCASTER PRIVATE HOSPITAL,110,Trauma and Orthopaedic Service,468.8421745300293,0,0.0,468.842174,0.0,0.0,Optimal,500,0,6874707.747728985,6869707.747494217,5000.0
optimistic_p10,NT449,LANCASTER PRIVATE HOSPITAL,100,General Surgery Service,46.76559352874756,0,0.0,46.7655936,0.0,0.0,Optimal,500,0,6874707.747728985,6869707.747494217,5000.0
optimistic_p10,NT448,HUDDERSFIELD PRIVATE HOSPITAL,502,Gynaecology Service,109.94936466217041,0,0.0,109.9493646,0.0,0.0,Optimal,500,0,6874707.747728985,6869707.747494217,5000.0
optimistic_p10,NT448,HUDDERSFIELD PRIVATE HOSPITAL,110,Trauma and Orthopaedic Service,686.686595916748,0,0.0,686.686596,0.0,0.0,Optimal,500,0,6874707.747728985,6869707.747494217,5000.0
optimistic_p10,NT448,HUDDERSFIELD PRIVATE HOSPITAL,101,Urology Service,59.10791301727295,0,0.0,59.107912999999996,0.0,0.0,Optimal,500,0,6874707.747728985,6869707.747494217,5000.0
optimistic_p10,NT448,HUDDERSFIELD PRIVATE HOSPITAL,100,General Surgery Service,333.2654800415039,0,0.0,333.26548,0.0,0.0,Optimal,500,0,6874707.747728985,6869707.747494217,5000.0
optimistic_p10,NT447,DUCHY HOSPITAL,150,Neurosurgical Service,36.834890365600586,0,0.0,36.8348905,0.0,0.0,Optimal,500,0,6874707.747728985,6869707.747494217,5000.0
optimistic_p10,NT447,DUCHY HOSPITAL,110,Trauma and Orthopaedic Service,253.76654052734375,0,0.0,253.76654000000002,0.0,0.0,Optimal,500,0,6874707.747728985,6869707.747494217,5000.0
optimistic_p10,NT447,DUCHY HOSPITAL,101,Urology Service,16.583997011184692,0,0.0,16.5839969,0.0,0.0,Optimal,500,0,6874707.747728985,6869707.747494217,5000.0
optimistic_p10,NT447,DUCHY HOSPITAL,100,General Surgery Service,54.54996156692505,0,0.0,54.5499615,0.0,0.0,Optimal,500,0,6874707.747728985,6869707.747494217,5000.0
optimistic_p10,NT446,ST EDMUNDS HOSPITAL,130,Ophthalmology Service,16.547204971313477,0,0.0,16.547205,0.0,0.0,Optimal,500,0,6874707.747728985,6869707.747494217,5000.0
optimistic_p10,NT446,ST EDMUNDS HOSPITAL,110,Trauma and Orthopaedic Service,820.0660552978516,0,0.0,820.066057,0.0,0.0,Optimal,500,0,6874707.747728985,6869707.747494217,5000.0
optimistic_p10,NT446,ST EDMUNDS HOSPITAL,101,Urology Service,21.992574214935303,0,0.0,21.9925742,0.0,0.0,Optimal,500,0,6874707.747728985,6869707.747494217,5000.0
optimistic_p10,NT446,ST EDMUNDS HOSPITAL,100,General Surgery Service,91.90458822250366,0,0.0,91.9045882,0.0,0.0,Optimal,500,0,6874707.747728985,6869707.747494217,5000.0
optimistic_p10,NT443,WINTERBOURNE HOSPITAL,110,Trauma and Orthopaedic Service,1220.5608749389648,0,0.0,1220.560858,0.0,0.0,Optimal,500,0,6874707.747728985,6869707.747494217,5000.0
optimistic_p10,NT443,WINTERBOURNE HOSPITAL,100,General Surgery Service,113.4351978302002,0,0.0,113.4351977,0.0,0.0,Optimal,500,0,6874707.747728985,6869707.747494217,5000.0
optimistic_p10,NT441,THREE SHIRES HOSPITAL,502,Gynaecology Service,410.15441131591797,0,0.0,410.15441,0.0,0.0,Optimal,500,0,6874707.747728985,6869707.747494217,5000.0
optimistic_p10,NT441,THREE SHIRES HOSPITAL,150,Neurosurgical Service,40.76269459724426,0,0.0,40.7626945,0.0,0.0,Optimal,500,0,6874707.747728985,6869707.747494217,5000.0
optimistic_p10,NT441,THREE SHIRES HOSPITAL,110,Trauma and Orthopaedic Service,2778.0118255615234,0,0.0,2778.01181,0.0,0.0,Optimal,500,0,6874707.747728985,6869707.747494217,5000.0
optimistic_p10,NT450,LINCOLN PRIVATE HOSPITAL,101,Urology Service,21.327177047729492,0,0.0,21.3271769,0.0,0.0,Optimal,500,0,6874707.747728985,6869707.747494217,5000.0
optimistic_p10,NT450,LINCOLN PRIVATE HOSPITAL,130,Ophthalmology Service,88.03485298156738,0,0.0,88.034853,0.0,0.0,Optimal,500,0,6874707.747728985,6869707.747494217,5000.0
optimistic_p10,NTP11,PRACTICE PLUS GROUP HOSPITAL - SOUTHAMPTON,101,Urology Service,1017.2841186523438,0,0.0,1017.28412,0.0,0.0,Optimal,500,0,6874707.747728985,6869707.747494217,5000.0
optimistic_p10,NT451,CAVELL HOSPITAL,100,General Surgery Service,78.09694814682007,0,0.0,78.0969482,0.0,0.0,Optimal,500,0,6874707.747728985,6869707.747494217,5000.0
optimistic_p10,NTP11,PRACTICE PLUS GROUP HOSPITAL - SOUTHAMPTON,100,General Surgery Service,2059.639602661133,0,0.0,2059.6396,0.0,0.0,Optimal,500,0,6874707.747728985,6869707.747494217,5000.0
optimistic_p10,NTE02,ST HUGH'S HOSPITAL,502,Gynaecology Service,244.16745376586914,0,0.0,244.16745600000002,0.0,0.0,Optimal,500,0,6874707.747728985,6869707.747494217,5000.0
optimistic_p10,NTE02,ST HUGH'S HOSPITAL,130,Ophthalmology Service,315.1058921813965,0,0.0,315.105893,0.0,0.0,Optimal,500,0,6874707.747728985,6869707.747494217,5000.0
optimistic_p10,NTE02,ST HUGH'S HOSPITAL,110,Trauma and Orthopaedic Service,5878.831817626953,0,0.0,5878.83183,0.0,0.0,Optimal,500,0,6874707.747728985,6869707.747494217,5000.0
optimistic_p10,NTE02,ST HUGH'S HOSPITAL,101,Urology Service,123.35606288909912,0,0.0,123.3560613,0.0,0.0,Optimal,500,0,6874707.747728985,6869707.747494217,5000.0
optimistic_p10,NTE02,ST HUGH'S HOSPITAL,100,General Surgery Service,384.5995750427246,0,0.0,384.599577,0.0,0.0,Optimal,500,0,6874707.747728985,6869707.747494217,5000.0
optimistic_p10,NT490,SOUTHEND PRIVATE HOSPITAL,130,Ophthalmology Service,905.66748046875,0,0.0,905.6674810000001,0.0,0.0,Optimal,500,0,6874707.747728985,6869707.747494217,5000.0
optimistic_p10,NT490,SOUTHEND PRIVATE HOSPITAL,110,Trauma and Orthopaedic Service,110.22097206115723,0,0.0,110.2209719,0.0,0.0,Optimal,500,0,6874707.747728985,6869707.747494217,5000.0
optimistic_p10,NT490,SOUTHEND PRIVATE HOSPITAL,100,General Surgery Service,29.974117279052734,0,0.0,29.9741171,0.0,0.0,Optimal,500,0,6874707.747728985,6869707.747494217,5000.0
optimistic_p10,NT457,WOODLANDS HOSPITAL,502,Gynaecology Service,334.6780242919922,0,0.0,334.678023,0.0,0.0,Optimal,500,0,6874707.747728985,6869707.747494217,5000.0
optimistic_p10,NT457,WOODLANDS HOSPITAL,130,Ophthalmology Service,1500.6251220703125,0,0.0,1500.62513,0.0,0.0,Optimal,500,0,6874707.747728985,6869707.747494217,5000.0
optimistic_p10,NT457,WOODLANDS HOSPITAL,120,Ear Nose and Throat Service,126.28304195404053,0,0.0,126.283042,0.0,0.0,Optimal,500,0,6874707.747728985,6869707.747494217,5000.0
optimistic_p10,NT457,WOODLANDS HOSPITAL,110,Trauma and Orthopaedic Service,2172.823257446289,0,0.0,2172.82325,0.0,0.0,Optimal,500,0,6874707.747728985,6869707.747494217,5000.0
optimistic_p10,NT457,WOODLANDS HOSPITAL,101,Urology Service,245.09385681152344,0,0.0,245.09385600000002,0.0,0.0,Optimal,500,0,6874707.747728985,6869707.747494217,5000.0
optimistic_p10,NT457,WOODLANDS HOSPITAL,100,General Surgery Service,825.1149520874023,0,0.0,825.114953,0.0,0.0,Optimal,500,0,6874707.747728985,6869707.747494217,5000.0
optimistic_p10,NT455,MOUNT ALVERNIA HOSPITAL,110,Trauma and Orthopaedic Service,100.88760375976562,0,0.0,100.8876038,0.0,0.0,Optimal,500,0,6874707.747728985,6869707.747494217,5000.0
optimistic_p10,NT455,MOUNT ALVERNIA HOSPITAL,101,Urology Service,42.89787006378174,0,0.0,42.89787,0.0,0.0,Optimal,500,0,6874707.747728985,6869707.747494217,5000.0
optimistic_p10,NT455,MOUNT ALVERNIA HOSPITAL,100,General Surgery Service,46.500778675079346,0,0.0,46.5007786,0.0,0.0,Optimal,500,0,6874707.747728985,6869707.747494217,5000.0
optimistic_p10,NT451,CAVELL HOSPITAL,502,Gynaecology Service,37.98840093612671,0,0.0,37.988401,0.0,0.0,Optimal,500,0,6874707.747728985,6869707.747494217,5000.0
optimistic_p10,NT451,CAVELL HOSPITAL,110,Trauma and Orthopaedic Service,297.4232368469238,0,0.0,297.423238,0.0,0.0,Optimal,500,0,6874707.747728985,6869707.747494217,5000.0
optimistic_p10,NT451,CAVELL HOSPITAL,101,Urology Service,31.498629570007324,0,0.0,31.4986298,0.0,0.0,Optimal,500,0,6874707.747728985,6869707.747494217,5000.0
optimistic_p10,NVC01,ASHTEAD HOSPITAL,110,Trauma and Orthopaedic Service,622.5269508361816,0,0.0,622.526952,0.0,0.0,Optimal,500,0,6874707.747728985,6869707.747494217,5000.0
optimistic_p10,NVC01,ASHTEAD HOSPITAL,130,Ophthalmology Service,195.9930601119995,0,0.0,195.99305900000002,0.0,0.0,Optimal,500,0,6874707.747728985,6869707.747494217,5000.0
optimistic_p10,NVC01,ASHTEAD HOSPITAL,160,Plastic Surgery Service,45.907692432403564,0,0.0,45.9076924,0.0,0.0,Optimal,500,0,6874707.747728985,6869707.747494217,5000.0
optimistic_p10,NVC16,RENACRES HOSPITAL,101,Urology Service,212.28797912597656,0,0.0,212.287978,0.0,0.0,Optimal,500,0,6874707.747728985,6869707.747494217,5000.0
optimistic_p10,NVC15,PINEHILL HOSPITAL,130,Ophthalmology Service,265.4506721496582,0,0.0,265.450672,0.0,0.0,Optimal,500,0,6874707.747728985,6869707.747494217,5000.0
optimistic_p10,NVC15,PINEHILL HOSPITAL,120,Ear Nose and Throat Service,61.72975158691406,0,0.0,61.7297516,0.0,0.0,Optimal,500,0,6874707.747728985,6869707.747494217,5000.0
optimistic_p10,NVC15,PINEHILL HOSPITAL,110,Trauma and Orthopaedic Service,1171.705207824707,0,0.0,1171.705217,0.0,0.0,Optimal,500,0,6874707.747728985,6869707.747494217,5000.0
optimistic_p10,NVC15,PINEHILL HOSPITAL,101,Urology Service,13.935276746749878,0,0.0,13.93527681,0.0,0.0,Optimal,500,0,6874707.747728985,6869707.747494217,5000.0
optimistic_p10,NVC15,PINEHILL HOSPITAL,100,General Surgery Service,353.6211986541748,0,0.0,353.621197,0.0,0.0,Optimal,500,0,6874707.747728985,6869707.747494217,5000.0
optimistic_p10,NVC14,PARK HILL HOSPITAL,110,Trauma and Orthopaedic Service,854.1415863037109,0,0.0,854.141584,0.0,0.0,Optimal,500,0,6874707.747728985,6869707.747494217,5000.0
optimistic_p10,NVC14,PARK HILL HOSPITAL,100,General Surgery Service,187.26878356933594,0,0.0,187.268785,0.0,0.0,Optimal,500,0,6874707.747728985,6869707.747494217,5000.0
optimistic_p10,NVC13,OAKS HOSPITAL,502,Gynaecology Service,68.53343343734741,0,0.0,68.53343339999999,0.0,0.0,Optimal,500,0,6874707.747728985,6869707.747494217,5000.0
optimistic_p10,NVC13,OAKS HOSPITAL,130,Ophthalmology Service,20.750200271606445,0,0.0,20.7502002,0.0,0.0,Optimal,500,0,6874707.747728985,6869707.747494217,5000.0
optimistic_p10,NVC13,OAKS HOSPITAL,120,Ear Nose and Throat Service,22.80830430984497,0,0.0,22.8083044,0.0,0.0,Optimal,500,0,6874707.747728985,6869707.747494217,5000.0
optimistic_p10,NVC13,OAKS HOSPITAL,110,Trauma and Orthopaedic Service,347.654390335083,0,0.0,347.65439,0.0,0.0,Optimal,500,0,6874707.747728985,6869707.747494217,5000.0
optimistic_p10,NVC13,OAKS HOSPITAL,101,Urology Service,16.328928470611572,0,0.0,16.32892843,0.0,0.0,Optimal,500,0,6874707.747728985,6869707.747494217,5000.0
optimistic_p10,NVC13,OAKS HOSPITAL,100,General Surgery Service,157.43449020385742,0,0.0,157.43449,0.0,0.0,Optimal,500,0,6874707.747728985,6869707.747494217,5000.0
optimistic_p10,NVC12,OAKLANDS HOSPITAL,110,Trauma and Orthopaedic Service,2286.1822814941406,0,0.0,2286.18228,0.0,0.0,Optimal,500,0,6874707.747728985,6869707.747494217,5000.0
optimistic_p10,NVC12,OAKLANDS HOSPITAL,101,Urology Service,49.597365856170654,0,0.0,49.5973659,0.0,0.0,Optimal,500,0,6874707.747728985,6869707.747494217,5000.0
optimistic_p10,NVC12,OAKLANDS HOSPITAL,100,General Surgery Service,708.0571250915527,0,0.0,708.057125,0.0,0.0,Optimal,500,0,6874707.747728985,6869707.747494217,5000.0
optimistic_p10,NVC11,NORTH DOWNS HOSPITAL,502,Gynaecology Service,102.26890707015991,0,0.0,102.2689072,0.0,0.0,Optimal,500,0,6874707.747728985,6869707.747494217,5000.0
optimistic_p10,NVC11,NORTH DOWNS HOSPITAL,160,Plastic Surgery Service,20.139610767364502,0,0.0,20.1396108,0.0,0.0,Optimal,500,0,6874707.747728985,6869707.747494217,5000.0
optimistic_p10,NVC11,NORTH DOWNS HOSPITAL,130,Ophthalmology Service,154.62390041351318,0,0.0,154.623901,0.0,0.0,Optimal,500,0,6874707.747728985,6869707.747494217,5000.0
optimistic_p10,NVC11,NORTH DOWNS HOSPITAL,110,Trauma and Orthopaedic Service,1051.1245727539062,0,0.0,1051.124574,0.0,0.0,Optimal,500,0,6874707.747728985,6869707.747494217,5000.0
optimistic_p10,NVC11,NORTH DOWNS HOSPITAL,101,Urology Service,70.25172901153564,0,0.0,70.2517289,0.0,0.0,Optimal,500,0,6874707.747728985,6869707.747494217,5000.0
optimistic_p10,NVC16,RENACRES HOSPITAL,100,General Surgery Service,281.2839889526367,0,0.0,281.28399,0.0,0.0,Optimal,500,0,6874707.747728985,6869707.747494217,5000.0
optimistic_p10,NVC16,RENACRES HOSPITAL,110,Trauma and Orthopaedic Service,2140.8598022460938,0,0.0,2140.8598,0.0,0.0,Optimal,500,0,6874707.747728985,6869707.747494217,5000.0
optimistic_p10,NVC0Y,EXETER MEDICAL,160,Plastic Surgery Service,59.933470249176025,0,0.0,59.933470400000004,0.0,0.0,Optimal,500,0,6874707.747728985,6869707.747494217,5000.0
optimistic_p10,NVC16,RENACRES HOSPITAL,120,Ear Nose and Throat Service,34.9107301235199,0,0.0,34.9107303,0.0,0.0,Optimal,500,0,6874707.747728985,6869707.747494217,5000.0
optimistic_p10,NVC1H,STOURSIDE HOSPITAL,502,Gynaecology Service,361.2277011871338,0,0.0,361.227702,0.0,0.0,Optimal,500,0,6874707.747728985,6869707.747494217,5000.0
optimistic_p10,NVC1H,STOURSIDE HOSPITAL,160,Plastic Surgery Service,30.92037844657898,0,0.0,30.9203784,0.0,0.0,Optimal,500,0,6874707.747728985,6869707.747494217,5000.0
optimistic_p10,NVC1H,STOURSIDE HOSPITAL,130,Ophthalmology Service,454.74934005737305,0,0.0,454.749339,0.0,0.0,Optimal,500,0,6874707.747728985,6869707.747494217,5000.0
optimistic_p10,NVC1H,STOURSIDE HOSPITAL,110,Trauma and Orthopaedic Service,1369.2922668457031,0,0.0,1369.292265,0.0,0.0,Optimal,500,0,6874707.747728985,6869707.747494217,5000.0
optimistic_p10,NVC1H,STOURSIDE HOSPITAL,101,Urology Service,163.34722900390625,0,0.0,163.347229,0.0,0.0,Optimal,500,0,6874707.747728985,6869707.747494217,5000.0
optimistic_p10,NVC1H,STOURSIDE HOSPITAL,100,General Surgery Service,569.0093383789062,0,0.0,569.009337,0.0,0.0,Optimal,500,0,6874707.747728985,6869707.747494217,5000.0
optimistic_p10,NVC19,RIVERS HOSPITAL,502,Gynaecology Service,172.9954252243042,0,0.0,172.995424,0.0,0.0,Optimal,500,0,6874707.747728985,6869707.747494217,5000.0
optimistic_p10,NVC19,RIVERS HOSPITAL,120,Ear Nose and Throat Service,88.60891675949097,0,0.0,88.6089168,0.0,0.0,Optimal,500,0,6874707.747728985,6869707.747494217,5000.0
optimistic_p10,NVC19,RIVERS HOSPITAL,110,Trauma and Orthopaedic Service,1770.3841247558594,0,0.0,1770.38413,0.0,0.0,Optimal,500,0,6874707.747728985,6869707.747494217,5000.0
optimistic_p10,NVC19,RIVERS HOSPITAL,101,Urology Service,463.07886123657227,0,0.0,463.078861,0.0,0.0,Optimal,500,0,6874707.747728985,6869707.747494217,5000.0
optimistic_p10,NVC19,RIVERS HOSPITAL,100,General Surgery Service,948.5612945556641,0,0.0,948.561294,0.0,0.0,Optimal,500,0,6874707.747728985,6869707.747494217,5000.0
optimistic_p10,NVC18,SPRINGFIELD HOSPITAL,502,Gynaecology Service,147.70364093780518,0,0.0,147.703641,0.0,0.0,Optimal,500,0,6874707.747728985,6869707.747494217,5000.0
optimistic_p10,NVC18,SPRINGFIELD HOSPITAL,160,Plastic Surgery Service,37.806352615356445,0,0.0,37.8063525,0.0,0.0,Optimal,500,0,6874707.747728985,6869707.747494217,5000.0
optimistic_p10,NVC18,SPRINGFIELD HOSPITAL,120,Ear Nose and Throat Service,193.3407917022705,0,0.0,193.340794,0.0,0.0,Optimal,500,0,6874707.747728985,6869707.747494217,5000.0
optimistic_p10,NVC18,SPRINGFIELD HOSPITAL,110,Trauma and Orthopaedic Service,1753.5311737060547,0,0.0,1753.53116,0.0,0.0,Optimal,500,0,6874707.747728985,6869707.747494217,5000.0
optimistic_p10,NVC18,SPRINGFIELD HOSPITAL,101,Urology Service,597.317455291748,0,0.0,597.317456,0.0,0.0,Optimal,500,0,6874707.747728985,6869707.747494217,5000.0
optimistic_p10,NVC18,SPRINGFIELD HOSPITAL,100,General Surgery Service,516.9886512756348,0,0.0,516.988652,0.0,0.0,Optimal,500,0,6874707.747728985,6869707.747494217,5000.0
optimistic_p10,NVC17,ROWLEY HALL HOSPITAL,502,Gynaecology Service,219.17818641662598,0,0.0,219.178186,0.0,0.0,Optimal,500,0,6874707.747728985,6869707.747494217,5000.0
optimistic_p10,NVC17,ROWLEY HALL HOSPITAL,110,Trauma and Orthopaedic Service,1842.9854431152344,0,0.0,1842.98544,0.0,0.0,Optimal,500,0,6874707.747728985,6869707.747494217,5000.0
optimistic_p10,NVC17,ROWLEY HALL HOSPITAL,101,Urology Service,50.9032301902771,0,0.0,50.9032301,0.0,0.0,Optimal,500,0,6874707.747728985,6869707.747494217,5000.0
optimistic_p10,NVC17,ROWLEY HALL HOSPITAL,100,General Surgery Service,135.36612701416016,0,0.0,135.366127,0.0,0.0,Optimal,500,0,6874707.747728985,6869707.747494217,5000.0
optimistic_p10,NVC11,NORTH DOWNS HOSPITAL,100,General Surgery Service,212.66120529174805,0,0.0,212.661206,0.0,0.0,Optimal,500,0,6874707.747728985,6869707.747494217,5000.0
optimistic_p10,NVC0Y,EXETER MEDICAL,110,Trauma and Orthopaedic Service,89.81974077224731,0,0.0,89.8197408,0.0,0.0,Optimal,500,0,6874707.747728985,6869707.747494217,5000.0
optimistic_p10,NVC01,ASHTEAD HOSPITAL,502,Gynaecology Service,59.51527786254883,0,0.0,59.5152779,0.0,0.0,Optimal,500,0,6874707.747728985,6869707.747494217,5000.0
optimistic_p10,NVC07,FULWOOD HALL HOSPITAL,160,Plastic Surgery Service,19.201173424720764,0,0.0,19.20117332,0.0,0.0,Optimal,500,0,6874707.747728985,6869707.747494217,5000.0
optimistic_p10,NVC07,FULWOOD HALL HOSPITAL,101,Urology Service,324.3884963989258,0,0.0,324.38849700000003,0.0,0.0,Optimal,500,0,6874707.747728985,6869707.747494217,5000.0
optimistic_p10,NVC07,FULWOOD HALL HOSPITAL,100,General Surgery Service,789.5393409729004,0,0.0,789.539342,0.0,0.0,Optimal,500,0,6874707.747728985,6869707.747494217,5000.0
optimistic_p10,NVC06,FITZWILLIAM HOSPITAL,502,Gynaecology Service,232.0155963897705,0,0.0,232.01559699999999,0.0,0.0,Optimal,500,0,6874707.747728985,6869707.747494217,5000.0
optimistic_p10,NVC06,FITZWILLIAM HOSPITAL,130,Ophthalmology Service,215.8234510421753,0,0.0,215.823452,0.0,0.0,Optimal,500,0,6874707.747728985,6869707.747494217,5000.0
optimistic_p10,NVC06,FITZWILLIAM HOSPITAL,110,Trauma and Orthopaedic Service,3203.7798461914062,0,0.0,3203.77983,0.0,0.0,Optimal,500,0,6874707.747728985,6869707.747494217,5000.0
optimistic_p10,NVC06,FITZWILLIAM HOSPITAL,101,Urology Service,178.87571144104004,0,0.0,178.875712,0.0,0.0,Optimal,500,0,6874707.747728985,6869707.747494217,5000.0
optimistic_p10,NVC06,FITZWILLIAM HOSPITAL,100,General Surgery Service,651.996753692627,0,0.0,651.996753,0.0,0.0,Optimal,500,0,6874707.747728985,6869707.747494217,5000.0
optimistic_p10,NVC05,EUXTON HALL HOSPITAL,502,Gynaecology Service,76.87398719787598,0,0.0,76.8739873,0.0,0.0,Optimal,500,0,6874707.747728985,6869707.747494217,5000.0
optimistic_p10,NVC05,EUXTON HALL HOSPITAL,160,Plastic Surgery Service,20.288317561149597,0,0.0,20.28831743,0.0,0.0,Optimal,500,0,6874707.747728985,6869707.747494217,5000.0
optimistic_p10,NVC05,EUXTON HALL HOSPITAL,120,Ear Nose and Throat Service,12.125229477882385,0,0.0,12.12522942,0.0,0.0,Optimal,500,0,6874707.747728985,6869707.747494217,5000.0
optimistic_p10,NVC05,EUXTON HALL HOSPITAL,110,Trauma and Orthopaedic Service,1522.7971878051758,0,0.0,1522.79719,0.0,0.0,Optimal,500,0,6874707.747728985,6869707.747494217,5000.0
optimistic_p10,NVC05,EUXTON HALL HOSPITAL,101,Urology Service,9.075513482093811,0,0.0,9.07551346,0.0,0.0,Optimal,500,0,6874707.747728985,6869707.747494217,5000.0
optimistic_p10,NVC05,EUXTON HALL HOSPITAL,100,General Surgery Service,786.3742408752441,0,0.0,786.374239,0.0,0.0,Optimal,500,0,6874707.747728985,6869707.747494217,5000.0
optimistic_p10,NVC04,DUCHY HOSPITAL,110,Trauma and Orthopaedic Service,1344.9986877441406,0,0.0,1344.9987,0.0,0.0,Optimal,500,0,6874707.747728985,6869707.747494217,5000.0
optimistic_p10,NVC04,DUCHY HOSPITAL,100,General Surgery Service,484.9621887207031,0,0.0,484.962188,0.0,0.0,Optimal,500,0,6874707.747728985,6869707.747494217,5000.0
optimistic_p10,NVC02,THE BERKSHIRE INDEPENDENT HOSPITAL,502,Gynaecology Service,29.94014859199524,0,0.0,29.9401486,0.0,0.0,Optimal,500,0,6874707.747728985,6869707.747494217,5000.0
optimistic_p10,NVC02,THE BERKSHIRE INDEPENDENT HOSPITAL,160,Plastic Surgery Service,158.45419216156006,0,0.0,158.454193,0.0,0.0,Optimal,500,0,6874707.747728985,6869707.747494217,5000.0
optimistic_p10,NVC02,THE BERKSHIRE INDEPENDENT HOSPITAL,130,Ophthalmology Service,98.80337715148926,0,0.0,98.8033772,0.0,0.0,Optimal,500,0,6874707.747728985,6869707.747494217,5000.0
optimistic_p10,NVC02,THE BERKSHIRE INDEPENDENT HOSPITAL,110,Trauma and Orthopaedic Service,624.3894233703613,0,0.0,624.389424,0.0,0.0,Optimal,500,0,6874707.747728985,6869707.747494217,5000.0
optimistic_p10,NVC02,THE BERKSHIRE INDEPENDENT HOSPITAL,101,Urology Service,274.5470142364502,0,0.0,274.547015,0.0,0.0,Optimal,500,0,6874707.747728985,6869707.747494217,5000.0
optimistic_p10,NVC02,THE BERKSHIRE INDEPENDENT HOSPITAL,100,General Surgery Service,116.2271556854248,0,0.0,116.2271554,0.0,0.0,Optimal,500,0,6874707.747728985,6869707.747494217,5000.0
optimistic_p10,NVC07,FULWOOD HALL HOSPITAL,110,Trauma and Orthopaedic Service,2942.5089111328125,0,0.0,2942.5089,0.0,0.0,Optimal,500,0,6874707.747728985,6869707.747494217,5000.0
optimistic_p10,NVC07,FULWOOD HALL HOSPITAL,502,Gynaecology Service,174.8322982788086,0,0.0,174.83229599999999,0.0,0.0,Optimal,500,0,6874707.747728985,6869707.747494217,5000.0
optimistic_p10,NVC0Y,EXETER MEDICAL,101,Urology Service,141.95149421691895,0,0.0,141.951496,0.0,0.0,Optimal,500,0,6874707.747728985,6869707.747494217,5000.0
optimistic_p10,NVC08,MOUNT STUART HOSPITAL,100,General Surgery Service,599.3935928344727,0,0.0,599.393593,0.0,0.0,Optimal,500,0,6874707.747728985,6869707.747494217,5000.0
optimistic_p10,NVC0R,TEES VALLEY HOSPITAL,502,Gynaecology Service,201.0952386856079,0,0.0,201.095238,0.0,0.0,Optimal,500,0,6874707.747728985,6869707.747494217,5000.0
optimistic_p10,NVC0R,TEES VALLEY HOSPITAL,160,Plastic Surgery Service,1152.5702285766602,0,0.0,1152.570229,0.0,0.0,Optimal,500,0,6874707.747728985,6869707.747494217,5000.0
optimistic_p10,NVC0R,TEES VALLEY HOSPITAL,140,Oral Surgery Service,936.4469909667969,0,0.0,936.44699,0.0,0.0,Optimal,500,0,6874707.747728985,6869707.747494217,5000.0
optimistic_p10,NVC0R,TEES VALLEY HOSPITAL,110,Trauma and Orthopaedic Service,1589.3894271850586,0,0.0,1589.38943,0.0,0.0,Optimal,500,0,6874707.747728985,6869707.747494217,5000.0
optimistic_p10,NVC0R,TEES VALLEY HOSPITAL,101,Urology Service,262.24745178222656,0,0.0,262.24745,0.0,0.0,Optimal,500,0,6874707.747728985,6869707.747494217,5000.0
optimistic_p10,NVC0R,TEES VALLEY HOSPITAL,100,General Surgery Service,857.9679679870605,0,0.0,857.967969,0.0,0.0,Optimal,500,0,6874707.747728985,6869707.747494217,5000.0
optimistic_p10,NVC0I,BEACON PARK HOSPITAL,502,Gynaecology Service,81.00555896759033,0,0.0,81.0055589,0.0,0.0,Optimal,500,0,6874707.747728985,6869707.747494217,5000.0
optimistic_p10,NVC0I,BEACON PARK HOSPITAL,130,Ophthalmology Service,303.5738525390625,0,0.0,303.573853,0.0,0.0,Optimal,500,0,6874707.747728985,6869707.747494217,5000.0
optimistic_p10,NVC0I,BEACON PARK HOSPITAL,110,Trauma and Orthopaedic Service,532.9999237060547,0,0.0,532.999923,0.0,0.0,Optimal,500,0,6874707.747728985,6869707.747494217,5000.0
optimistic_p10,NVC0I,BEACON PARK HOSPITAL,101,Urology Service,126.43083953857422,0,0.0,126.4308384,0.0,0.0,Optimal,500,0,6874707.747728985,6869707.747494217,5000.0
optimistic_p10,NVC0I,BEACON PARK HOSPITAL,100,General Surgery Service,42.80529451370239,0,0.0,42.8052944,0.0,0.0,Optimal,500,0,6874707.747728985,6869707.747494217,5000.0
optimistic_p10,NVC09,NEW HALL HOSPITAL,502,Gynaecology Service,96.3173828125,0,0.0,96.3173828,0.0,0.0,Optimal,500,0,6874707.747728985,6869707.747494217,5000.0
optimistic_p10,NVC09,NEW HALL HOSPITAL,130,Ophthalmology Service,317.94849014282227,0,0.0,317.948491,0.0,0.0,Optimal,500,0,6874707.747728985,6869707.747494217,5000.0
optimistic_p10,NVC09,NEW HALL HOSPITAL,110,Trauma and Orthopaedic Service,4346.140411376953,0,0.0,4346.14043,0.0,0.0,Optimal,500,0,6874707.747728985,6869707.747494217,5000.0
optimistic_p10,NVC09,NEW HALL HOSPITAL,101,Urology Service,90.61659479141235,0,0.0,90.6165947,0.0,0.0,Optimal,500,0,6874707.747728985,6869707.747494217,5000.0
optimistic_p10,NVC09,NEW HALL HOSPITAL,100,General Surgery Service,68.8941535949707,0,0.0,68.8941535,0.0,0.0,Optimal,500,0,6874707.747728985,6869707.747494217,5000.0
optimistic_p10,NVC08,MOUNT STUART HOSPITAL,502,Gynaecology Service,441.6504783630371,0,0.0,441.650478,0.0,0.0,Optimal,500,0,6874707.747728985,6869707.747494217,5000.0
optimistic_p10,NVC08,MOUNT STUART HOSPITAL,160,Plastic Surgery Service,63.12358856201172,0,0.0,63.1235884,0.0,0.0,Optimal,500,0,6874707.747728985,6869707.747494217,5000.0
optimistic_p10,NVC08,MOUNT STUART HOSPITAL,130,Ophthalmology Service,286.9214401245117,0,0.0,286.921441,0.0,0.0,Optimal,500,0,6874707.747728985,6869707.747494217,5000.0
optimistic_p10,NVC08,MOUNT STUART HOSPITAL,110,Trauma and Orthopaedic Service,1053.32373046875,0,0.0,1053.32373,0.0,0.0,Optimal,500,0,6874707.747728985,6869707.747494217,5000.0
optimistic_p10,NVC08,MOUNT STUART HOSPITAL,101,Urology Service,97.35485076904297,0,0.0,97.3548509,0.0,0.0,Optimal,500,0,6874707.747728985,6869707.747494217,5000.0
optimistic_p10,Z9Z1G,SPAMEDICA GATESHEAD,130,Ophthalmology Service,2022.3651885986328,0,0.0,2022.36518,0.0,0.0,Optimal,500,0,6874707.747728985,6869707.747494217,5000.0
median_p50,RJC,SOUTH WARWICKSHIRE UNIVERSITY NHS FOUNDATION TRUST,130,Ophthalmology Service,6996.6473388671875,144,1440.0,5556.64733,129.60000000000002,20.5812860110961,Optimal,500,0,11796417.928881645,11791417.9321846,5000.0
median_p50,NTPH2,PRACTICE PLUS GROUP HOSPITAL - EMERSONS GREEN,130,Ophthalmology Service,1955.1031494140625,88,880.0,1075.103157,79.2,45.01041289119364,Optimal,500,0,11796417.928881645,11791417.9321846,5000.0
median_p50,ACG22,NEWMEDICA - BRIGG - RIVERSIDE SURGERY,130,Ophthalmology Service,3265.029052734375,24,240.0,3025.02904,21.6,7.350623719534942,Optimal,500,0,11796417.928881645,11791417.9321846,5000.0
median_p50,M7C9Q,SPAMEDICA EPSOM,130,Ophthalmology Service,1599.9902801513672,24,240.0,1359.9902663,21.6,15.000091124134503,Optimal,500,0,11796417.928881645,11791417.9321846,5000.0
median_p50,ACG37,NEWMEDICA - IPSWICH,130,Ophthalmology Service,6484.064147949219,24,240.0,6244.06413,21.6,3.701382258469902,Optimal,500,0,11796417.928881645,11791417.9321846,5000.0
median_p50,NPG11,SPAMEDICA BIRMINGHAM,130,Ophthalmology Service,4298.610260009766,24,240.0,4058.6102499999997,21.6,5.583199813035732,Optimal,500,0,11796417.928881645,11791417.9321846,5000.0
median_p50,NVC19,RIVERS HOSPITAL,130,Ophthalmology Service,1224.1866302490234,20,200.0,1024.1866281,18.0,16.337378227968074,Optimal,500,0,11796417.928881645,11791417.9321846,5000.0
median_p50,NPG19,SPAMEDICA BEDFORD,130,Ophthalmology Service,2096.1656646728516,12,120.0,1976.165664,10.8,5.724738365024617,Optimal,500,0,11796417.928881645,11791417.9321846,5000.0
median_p50,M5E1S,SPAMEDICA EXETER,130,Ophthalmology Service,1494.5367279052734,12,120.0,1374.5367217,10.8,8.029243962989836,Optimal,500,0,11796417.928881645,11791417.9321846,5000.0
median_p50,E3D4A,SPAMEDICA TRURO,130,Ophthalmology Service,1546.8373413085938,12,120.0,1426.8373457,10.8,7.757764620453394,Optimal,500,0,11796417.928881645,11791417.9321846,5000.0
median_p50,NT242,"NUFFIELD HEALTH, WOLVERHAMPTON HOSPITAL",130,Ophthalmology Service,835.0552978515625,12,120.0,715.0552958,10.8,14.370305811930903,Optimal,500,0,11796417.928881645,11791417.9321846,5000.0
median_p50,NPG01,SPAMEDICA MANCHESTER,130,Ophthalmology Service,3225.5379943847656,12,120.0,3105.53799,10.8,3.720309610641825,Optimal,500,0,11796417.928881645,11791417.9321846,5000.0
median_p50,L9D3Z,SPAMEDICA LEICESTER,130,Ophthalmology Service,1472.0090103149414,12,120.0,1352.0090244,10.8,8.15212401276848,Optimal,500,0,11796417.928881645,11791417.9321846,5000.0
median_p50,NNH05,OPTEGRA (BIRMINGHAM EYE HOSPITAL),130,Ophthalmology Service,3091.735549926758,12,120.0,2971.73555,10.8,3.881315140385883,Optimal,500,0,11796417.928881645,11791417.9321846,5000.0
median_p50,NPG07,SPAMEDICA EYE HOSPITAL (WAKEFIELD),130,Ophthalmology Service,4739.6494140625,12,120.0,4619.64941,10.8,2.5318328322757586,Optimal,500,0,11796417.928881645,11791417.9321846,5000.0
median_p50,D5P5H,SPAMEDICA BEXHILL,130,Ophthalmology Service,1447.1522674560547,11,110.0,1337.1522755,9.9,7.601135172414767,Optimal,500,0,11796417.928881645,11791417.9321846,5000.0
median_p50,NPG13,SPAMEDICA SKELMERSDALE,130,Ophthalmology Service,1229.9688415527344,10,100.0,1129.9688344,9.0,8.130287257826648,Optimal,500,0,11796417.928881645,11791417.9321846,5000.0
median_p50,NTP11,PRACTICE PLUS GROUP HOSPITAL - SOUTHAMPTON,130,Ophthalmology Service,1086.1502838134766,8,80.0,1006.1502792,7.2,7.365463250547593,Optimal,500,0,11796417.928881645,11791417.9321846,5000.0
median_p50,NVC07,FULWOOD HALL HOSPITAL,130,Ophthalmology Service,1049.4539337158203,8,80.0,969.4539336,7.2,7.62301206654613,Optimal,500,0,11796417.928881645,11791417.9321846,5000.0
median_p50,M0N7E,SPAMEDICA SITTINGBOURNE,130,Ophthalmology Service,864.1451721191406,6,60.0,804.1451719,5.4,6.943277812090551,Optimal,500,0,11796417.928881645,11791417.9321846,5000.0
median_p50,NTE02,ST HUGH'S HOSPITAL,130,Ophthalmology Service,705.9793701171875,5,50.0,655.979369,4.5,7.082359926707258,Optimal,500,0,11796417.928881645,11791417.9321846,5000.0
median_p50,NVC08,MOUNT STUART HOSPITAL,130,Ophthalmology Service,710.7083702087402,5,50.0,660.7083693,4.5,7.035234435935324,Optimal,500,0,11796417.928881645,11791417.9321846,5000.0
median_p50,NT417,GORING HALL HOSPITAL,130,Ophthalmology Service,341.9042778015137,3,30.0,311.9042774,2.7,8.774385682713206,Optimal,500,0,11796417.928881645,11791417.9321846,5000.0
median_p50,RJN,EAST CHESHIRE NHS TRUST,100,General Surgery Service,4265.988006591797,0,0.0,4265.98799,0.0,0.0,Optimal,500,0,11796417.928881645,11791417.9321846,5000.0
median_p50,RJN,EAST CHESHIRE NHS TRUST,120,Ear Nose and Throat Service,2080.7286529541016,0,0.0,2080.72867,0.0,0.0,Optimal,500,0,11796417.928881645,11791417.9321846,5000.0
median_p50,RJN,EAST CHESHIRE NHS TRUST,110,Trauma and Orthopaedic Service,6613.177429199219,0,0.0,6613.17743,0.0,0.0,Optimal,500,0,11796417.928881645,11791417.9321846,5000.0
median_p50,RJN,EAST CHESHIRE NHS TRUST,101,Urology Service,1183.018409729004,0,0.0,1183.018407,0.0,0.0,Optimal,500,0,11796417.928881645,11791417.9321846,5000.0
median_p50,RJL,NORTHERN LINCOLNSHIRE AND GOOLE NHS FOUNDATION TRUST,101,Urology Service,6969.793884277344,0,0.0,6969.79388,0.0,0.0,Optimal,500,0,11796417.928881645,11791417.9321846,5000.0
median_p50,RJL,NORTHERN LINCOLNSHIRE AND GOOLE NHS FOUNDATION TRUST,502,Gynaecology Service,11719.461547851562,0,0.0,11719.46155,0.0,0.0,Optimal,500,0,11796417.928881645,11791417.9321846,5000.0
median_p50,RJL,NORTHERN LINCOLNSHIRE AND GOOLE NHS FOUNDATION TRUST,140,Oral Surgery Service,4537.608123779297,0,0.0,4537.60811,0.0,0.0,Optimal,500,0,11796417.928881645,11791417.9321846,5000.0
median_p50,RJL,NORTHERN LINCOLNSHIRE AND GOOLE NHS FOUNDATION TRUST,130,Ophthalmology Service,6724.1556396484375,0,0.0,6724.15564,0.0,0.0,Optimal,500,0,11796417.928881645,11791417.9321846,5000.0
median_p50,RJL,NORTHERN LINCOLNSHIRE AND GOOLE NHS FOUNDATION TRUST,120,Ear Nose and Throat Service,9808.237731933594,0,0.0,9808.23774,0.0,0.0,Optimal,500,0,11796417.928881645,11791417.9321846,5000.0
median_p50,RJE,UNIVERSITY HOSPITALS OF NORTH MIDLANDS NHS TRUST,170,Cardiothoracic Surgery Service,1316.346290588379,0,0.0,1316.3463,0.0,0.0,Optimal,500,0,11796417.928881645,11791417.9321846,5000.0
median_p50,RJE,UNIVERSITY HOSPITALS OF NORTH MIDLANDS NHS TRUST,502,Gynaecology Service,15680.578735351562,0,0.0,15680.5788,0.0,0.0,Optimal,500,0,11796417.928881645,11791417.9321846,5000.0
median_p50,RJL,NORTHERN LINCOLNSHIRE AND GOOLE NHS FOUNDATION TRUST,110,Trauma and Orthopaedic Service,19490.852905273438,0,0.0,19490.8529,0.0,0.0,Optimal,500,0,11796417.928881645,11791417.9321846,5000.0
median_p50,RJL,NORTHERN LINCOLNSHIRE AND GOOLE NHS FOUNDATION TRUST,100,General Surgery Service,16135.502197265625,0,0.0,16135.5021,0.0,0.0,Optimal,500,0,11796417.928881645,11791417.9321846,5000.0
median_p50,RJE,UNIVERSITY HOSPITALS OF NORTH MIDLANDS NHS TRUST,160,Plastic Surgery Service,7098.949890136719,0,0.0,7098.94988,0.0,0.0,Optimal,500,0,11796417.928881645,11791417.9321846,5000.0
median_p50,RJR,COUNTESS OF CHESTER HOSPITAL NHS FOUNDATION TRUST,101,Urology Service,2184.493408203125,0,0.0,2184.4934200000002,0.0,0.0,Optimal,500,0,11796417.928881645,11791417.9321846,5000.0
median_p50,RJN,EAST CHESHIRE NHS TRUST,130,Ophthalmology Service,3019.1403198242188,0,0.0,3019.14033,0.0,0.0,Optimal,500,0,11796417.928881645,11791417.9321846,5000.0
median_p50,RJZ,KING'S COLLEGE HOSPITAL NHS FOUNDATION TRUST,110,Trauma and Orthopaedic Service,23608.31982421875,0,0.0,23608.3198,0.0,0.0,Optimal,500,0,11796417.928881645,11791417.9321846,5000.0
median_p50,RK5,SHERWOOD FOREST HOSPITALS NHS FOUNDATION TRUST,110,Trauma and Orthopaedic Service,33629.091064453125,0,0.0,33629.091,0.0,0.0,Optimal,500,0,11796417.928881645,11791417.9321846,5000.0
median_p50,RK5,SHERWOOD FOREST HOSPITALS NHS FOUNDATION TRUST,101,Urology Service,4705.983428955078,0,0.0,4705.98344,0.0,0.0,Optimal,500,0,11796417.928881645,11791417.9321846,5000.0
median_p50,RK5,SHERWOOD FOREST HOSPITALS NHS FOUNDATION TRUST,100,General Surgery Service,10700.355163574219,0,0.0,10700.35516,0.0,0.0,Optimal,500,0,11796417.928881645,11791417.9321846,5000.0
median_p50,RJZ,KING'S COLLEGE HOSPITAL NHS FOUNDATION TRUST,502,Gynaecology Service,12224.659362792969,0,0.0,12224.65945,0.0,0.0,Optimal,500,0,11796417.928881645,11791417.9321846,5000.0
median_p50,RJZ,KING'S COLLEGE HOSPITAL NHS FOUNDATION TRUST,170,Cardiothoracic Surgery Service,656.1975555419922,0,0.0,656.197555,0.0,0.0,Optimal,500,0,11796417.928881645,11791417.9321846,5000.0
median_p50,RJZ,KING'S COLLEGE HOSPITAL NHS FOUNDATION TRUST,160,Plastic Surgery Service,201.05103302001953,0,0.0,201.051032,0.0,0.0,Optimal,500,0,11796417.928881645,11791417.9321846,5000.0
median_p50,RJZ,KING'S COLLEGE HOSPITAL NHS FOUNDATION TRUST,150,Neurosurgical Service,9855.783630371094,0,0.0,9855.78364,0.0,0.0,Optimal,500,0,11796417.928881645,11791417.9321846,5000.0
median_p50,RJZ,KING'S COLLEGE HOSPITAL NHS FOUNDATION TRUST,140,Oral Surgery Service,25525.059692382812,0,0.0,25525.059699999998,0.0,0.0,Optimal,500,0,11796417.928881645,11791417.9321846,5000.0
median_p50,RJZ,KING'S COLLEGE HOSPITAL NHS FOUNDATION TRUST,130,Ophthalmology Service,94552.34375,0,0.0,94552.344,0.0,0.0,Optimal,500,0,11796417.928881645,11791417.9321846,5000.0
median_p50,RJZ,KING'S COLLEGE HOSPITAL NHS FOUNDATION TRUST,120,Ear Nose and Throat Service,998.5197067260742,0,0.0,998.5197049999999,0.0,0.0,Optimal,500,0,11796417.928881645,11791417.9321846,5000.0
median_p50,RJZ,KING'S COLLEGE HOSPITAL NHS FOUNDATION TRUST,101,Urology Service,10156.874206542969,0,0.0,10156.87419,0.0,0.0,Optimal,500,0,11796417.928881645,11791417.9321846,5000.0
median_p50,RJN,EAST CHESHIRE NHS TRUST,160,Plastic Surgery Service,124.91312980651855,0,0.0,124.913131,0.0,0.0,Optimal,500,0,11796417.928881645,11791417.9321846,5000.0
median_p50,RJZ,KING'S COLLEGE HOSPITAL NHS FOUNDATION TRUST,100,General Surgery Service,23443.705322265625,0,0.0,23443.7053,0.0,0.0,Optimal,500,0,11796417.928881645,11791417.9321846,5000.0
median_p50,RJR,COUNTESS OF CHESTER HOSPITAL NHS FOUNDATION TRUST,502,Gynaecology Service,4852.981292724609,0,0.0,4852.98129,0.0,0.0,Optimal,500,0,11796417.928881645,11791417.9321846,5000.0
median_p50,RJR,COUNTESS OF CHESTER HOSPITAL NHS FOUNDATION TRUST,160,Plastic Surgery Service,6514.743896484375,0,0.0,6514.743909999999,0.0,0.0,Optimal,500,0,11796417.928881645,11791417.9321846,5000.0
median_p50,RJR,COUNTESS OF CHESTER HOSPITAL NHS FOUNDATION TRUST,140,Oral Surgery Service,3920.3191528320312,0,0.0,3920.31916,0.0,0.0,Optimal,500,0,11796417.928881645,11791417.9321846,5000.0
median_p50,RJR,COUNTESS OF CHESTER HOSPITAL NHS FOUNDATION TRUST,130,Ophthalmology Service,3028.9721069335938,0,0.0,3028.9721099999997,0.0,0.0,Optimal,500,0,11796417.928881645,11791417.9321846,5000.0
median_p50,RJR,COUNTESS OF CHESTER HOSPITAL NHS FOUNDATION TRUST,120,Ear Nose and Throat Service,5067.421325683594,0,0.0,5067.42133,0.0,0.0,Optimal,500,0,11796417.928881645,11791417.9321846,5000.0
median_p50,RJR,COUNTESS OF CHESTER HOSPITAL NHS FOUNDATION TRUST,110,Trauma and Orthopaedic Service,9447.255615234375,0,0.0,9447.25562,0.0,0.0,Optimal,500,0,11796417.928881645,11791417.9321846,5000.0
median_p50,RJE,UNIVERSITY HOSPITALS OF NORTH MIDLANDS NHS TRUST,140,Oral Surgery Service,19622.107788085938,0,0.0,19622.1079,0.0,0.0,Optimal,500,0,11796417.928881645,11791417.9321846,5000.0
median_p50,RJR,COUNTESS OF CHESTER HOSPITAL NHS FOUNDATION TRUST,100,General Surgery Service,3468.4884643554688,0,0.0,3468.48846,0.0,0.0,Optimal,500,0,11796417.928881645,11791417.9321846,5000.0
median_p50,RJN,EAST CHESHIRE NHS TRUST,502,Gynaecology Service,3747.847625732422,0,0.0,3747.84762,0.0,0.0,Optimal,500,0,11796417.928881645,11791417.9321846,5000.0
median_p50,RJE,UNIVERSITY HOSPITALS OF NORTH MIDLANDS NHS TRUST,150,Neurosurgical Service,1092.8964385986328,0,0.0,1092.89644,0.0,0.0,Optimal,500,0,11796417.928881645,11791417.9321846,5000.0
median_p50,A0C5S,SPAMEDICA GLOUCESTER,130,Ophthalmology Service,876.1770095825195,0,0.0,876.17701,0.0,0.0,Optimal,500,0,11796417.928881645,11791417.9321846,5000.0
median_p50,RJE,UNIVERSITY HOSPITALS OF NORTH MIDLANDS NHS TRUST,130,Ophthalmology Service,21459.038330078125,0,0.0,21459.0384,0.0,0.0,Optimal,500,0,11796417.928881645,11791417.9321846,5000.0
median_p50,RJ6,CROYDON HEALTH SERVICES NHS TRUST,101,Urology Service,2780.5541076660156,0,0.0,2780.55411,0.0,0.0,Optimal,500,0,11796417.928881645,11791417.9321846,5000.0
median_p50,RJ2,LEWISHAM AND GREENWICH NHS TRUST,502,Gynaecology Service,8487.179077148438,0,0.0,8487.17908,0.0,0.0,Optimal,500,0,11796417.928881645,11791417.9321846,5000.0
median_p50,RJ2,LEWISHAM AND GREENWICH NHS TRUST,160,Plastic Surgery Service,61.75822591781616,0,0.0,61.758226,0.0,0.0,Optimal,500,0,11796417.928881645,11791417.9321846,5000.0
median_p50,RJ2,LEWISHAM AND GREENWICH NHS TRUST,120,Ear Nose and Throat Service,35225.253662109375,0,0.0,35225.2537,0.0,0.0,Optimal,500,0,11796417.928881645,11791417.9321846,5000.0
median_p50,RJ2,LEWISHAM AND GREENWICH NHS TRUST,110,Trauma and Orthopaedic Service,28896.03515625,0,0.0,28896.0352,0.0,0.0,Optimal,500,0,11796417.928881645,11791417.9321846,5000.0
median_p50,RJ2,LEWISHAM AND GREENWICH NHS TRUST,101,Urology Service,4778.0262451171875,0,0.0,4778.02625,0.0,0.0,Optimal,500,0,11796417.928881645,11791417.9321846,5000.0
median_p50,RJ2,LEWISHAM AND GREENWICH NHS TRUST,100,General Surgery Service,22929.478515625,0,0.0,22929.4783,0.0,0.0,Optimal,500,0,11796417.928881645,11791417.9321846,5000.0
median_p50,RJ1,GUY'S AND ST THOMAS' NHS FOUNDATION TRUST,502,Gynaecology Service,8857.283752441406,0,0.0,8857.28377,0.0,0.0,Optimal,500,0,11796417.928881645,11791417.9321846,5000.0
median_p50,RJ1,GUY'S AND ST THOMAS' NHS FOUNDATION TRUST,170,Cardiothoracic Surgery Service,445.3887939453125,0,0.0,445.388795,0.0,0.0,Optimal,500,0,11796417.928881645,11791417.9321846,5000.0
median_p50,RJ1,GUY'S AND ST THOMAS' NHS FOUNDATION TRUST,160,Plastic Surgery Service,27622.091064453125,0,0.0,27622.0911,0.0,0.0,Optimal,500,0,11796417.928881645,11791417.9321846,5000.0
median_p50,RJ1,GUY'S AND ST THOMAS' NHS FOUNDATION TRUST,140,Oral Surgery Service,15561.41748046875,0,0.0,15561.4176,0.0,0.0,Optimal,500,0,11796417.928881645,11791417.9321846,5000.0
median_p50,RJ1,GUY'S AND ST THOMAS' NHS FOUNDATION TRUST,130,Ophthalmology Service,9436.273803710938,0,0.0,9436.27381,0.0,0.0,Optimal,500,0,11796417.928881645,11791417.9321846,5000.0
median_p50,RJ1,GUY'S AND ST THOMAS' NHS FOUNDATION TRUST,120,Ear Nose and Throat Service,19217.890625,0,0.0,19217.8908,0.0,0.0,Optimal,500,0,11796417.928881645,11791417.9321846,5000.0
median_p50,RJ1,GUY'S AND ST THOMAS' NHS FOUNDATION TRUST,110,Trauma and Orthopaedic Service,30507.77197265625,0,0.0,30507.7719,0.0,0.0,Optimal,500,0,11796417.928881645,11791417.9321846,5000.0
median_p50,RJ1,GUY'S AND ST THOMAS' NHS FOUNDATION TRUST,101,Urology Service,15401.128051757812,0,0.0,15401.128,0.0,0.0,Optimal,500,0,11796417.928881645,11791417.9321846,5000.0
median_p50,RJ1,GUY'S AND ST THOMAS' NHS FOUNDATION TRUST,100,General Surgery Service,4483.681091308594,0,0.0,4483.6811099999995,0.0,0.0,Optimal,500,0,11796417.928881645,11791417.9321846,5000.0
median_p50,RHW,ROYAL BERKSHIRE NHS FOUNDATION TRUST,502,Gynaecology Service,2572.4625244140625,0,0.0,2572.46252,0.0,0.0,Optimal,500,0,11796417.928881645,11791417.9321846,5000.0
median_p50,RHW,ROYAL BERKSHIRE NHS FOUNDATION TRUST,160,Plastic Surgery Service,943.0160751342773,0,0.0,943.016075,0.0,0.0,Optimal,500,0,11796417.928881645,11791417.9321846,5000.0
median_p50,RHW,ROYAL BERKSHIRE NHS FOUNDATION TRUST,140,Oral Surgery Service,759.4469413757324,0,0.0,759.44694,0.0,0.0,Optimal,500,0,11796417.928881645,11791417.9321846,5000.0
median_p50,RHW,ROYAL BERKSHIRE NHS FOUNDATION TRUST,130,Ophthalmology Service,5563.403533935547,0,0.0,5563.4035300000005,0.0,0.0,Optimal,500,0,11796417.928881645,11791417.9321846,5000.0
median_p50,RHW,ROYAL BERKSHIRE NHS FOUNDATION TRUST,120,Ear Nose and Throat Service,2184.260238647461,0,0.0,2184.26023,0.0,0.0,Optimal,500,0,11796417.928881645,11791417.9321846,5000.0
median_p50,RHW,ROYAL BERKSHIRE NHS FOUNDATION TRUST,110,Trauma and Orthopaedic Service,10895.363952636719,0,0.0,10895.36395,0.0,0.0,Optimal,500,0,11796417.928881645,11791417.9321846,5000.0
median_p50,RHW,ROYAL BERKSHIRE NHS FOUNDATION TRUST,101,Urology Service,4041.5613708496094,0,0.0,4041.56137,0.0,0.0,Optimal,500,0,11796417.928881645,11791417.9321846,5000.0
median_p50,RHW,ROYAL BERKSHIRE NHS FOUNDATION TRUST,100,General Surgery Service,5442.688812255859,0,0.0,5442.68879,0.0,0.0,Optimal,500,0,11796417.928881645,11791417.9321846,5000.0
median_p50,RJ6,CROYDON HEALTH SERVICES NHS TRUST,100,General Surgery Service,9441.447937011719,0,0.0,9441.44794,0.0,0.0,Optimal,500,0,11796417.928881645,11791417.9321846,5000.0
median_p50,RJ6,CROYDON HEALTH SERVICES NHS TRUST,110,Trauma and Orthopaedic Service,13300.377807617188,0,0.0,13300.3776,0.0,0.0,Optimal,500,0,11796417.928881645,11791417.9321846,5000.0
median_p50,RJE,UNIVERSITY HOSPITALS OF NORTH MIDLANDS NHS TRUST,120,Ear Nose and Throat Service,15464.70068359375,0,0.0,15464.7008,0.0,0.0,Optimal,500,0,11796417.928881645,11791417.9321846,5000.0
median_p50,RJ6,CROYDON HEALTH SERVICES NHS TRUST,120,Ear Nose and Throat Service,3239.1641235351562,0,0.0,3239.1641099999997,0.0,0.0,Optimal,500,0,11796417.928881645,11791417.9321846,5000.0
median_p50,RJE,UNIVERSITY HOSPITALS OF NORTH MIDLANDS NHS TRUST,110,Trauma and Orthopaedic Service,37092.405517578125,0,0.0,37092.4055,0.0,0.0,Optimal,500,0,11796417.928881645,11791417.9321846,5000.0
median_p50,RJE,UNIVERSITY HOSPITALS OF NORTH MIDLANDS NHS TRUST,101,Urology Service,8494.132751464844,0,0.0,8494.13277,0.0,0.0,Optimal,500,0,11796417.928881645,11791417.9321846,5000.0
median_p50,RK5,SHERWOOD FOREST HOSPITALS NHS FOUNDATION TRUST,120,Ear Nose and Throat Service,8598.30615234375,0,0.0,8598.30615,0.0,0.0,Optimal,500,0,11796417.928881645,11791417.9321846,5000.0
median_p50,RJC,SOUTH WARWICKSHIRE UNIVERSITY NHS FOUNDATION TRUST,502,Gynaecology Service,4174.929534912109,0,0.0,4174.92954,0.0,0.0,Optimal,500,0,11796417.928881645,11791417.9321846,5000.0
median_p50,RJC,SOUTH WARWICKSHIRE UNIVERSITY NHS FOUNDATION TRUST,160,Plastic Surgery Service,2696.237594604492,0,0.0,2696.2375899999997,0.0,0.0,Optimal,500,0,11796417.928881645,11791417.9321846,5000.0
median_p50,RJC,SOUTH WARWICKSHIRE UNIVERSITY NHS FOUNDATION TRUST,140,Oral Surgery Service,936.7437133789062,0,0.0,936.743713,0.0,0.0,Optimal,500,0,11796417.928881645,11791417.9321846,5000.0
median_p50,RJC,SOUTH WARWICKSHIRE UNIVERSITY NHS FOUNDATION TRUST,120,Ear Nose and Throat Service,7212.785400390625,0,0.0,7212.7854,0.0,0.0,Optimal,500,0,11796417.928881645,11791417.9321846,5000.0
median_p50,RJC,SOUTH WARWICKSHIRE UNIVERSITY NHS FOUNDATION TRUST,110,Trauma and Orthopaedic Service,19717.702514648438,0,0.0,19717.7026,0.0,0.0,Optimal,500,0,11796417.928881645,11791417.9321846,5000.0
median_p50,RJC,SOUTH WARWICKSHIRE UNIVERSITY NHS FOUNDATION TRUST,101,Urology Service,4782.456481933594,0,0.0,4782.45647,0.0,0.0,Optimal,500,0,11796417.928881645,11791417.9321846,5000.0
median_p50,RJC,SOUTH WARWICKSHIRE UNIVERSITY NHS FOUNDATION TRUST,100,General Surgery Service,3624.9498291015625,0,0.0,3624.94983,0.0,0.0,Optimal,500,0,11796417.928881645,11791417.9321846,5000.0
median_p50,RJ7,ST GEORGE'S UNIVERSITY HOSPITALS NHS FOUNDATION TRUST,502,Gynaecology Service,7616.970886230469,0,0.0,7616.97088,0.0,0.0,Optimal,500,0,11796417.928881645,11791417.9321846,5000.0
median_p50,RJ7,ST GEORGE'S UNIVERSITY HOSPITALS NHS FOUNDATION TRUST,170,Cardiothoracic Surgery Service,836.9282836914062,0,0.0,836.928285,0.0,0.0,Optimal,500,0,11796417.928881645,11791417.9321846,5000.0
median_p50,RJ7,ST GEORGE'S UNIVERSITY HOSPITALS NHS FOUNDATION TRUST,160,Plastic Surgery Service,9912.394104003906,0,0.0,9912.39411,0.0,0.0,Optimal,500,0,11796417.928881645,11791417.9321846,5000.0
median_p50,RJ7,ST GEORGE'S UNIVERSITY HOSPITALS NHS FOUNDATION TRUST,150,Neurosurgical Service,5153.008605957031,0,0.0,5153.0086,0.0,0.0,Optimal,500,0,11796417.928881645,11791417.9321846,5000.0
median_p50,RJ7,ST GEORGE'S UNIVERSITY HOSPITALS NHS FOUNDATION TRUST,140,Oral Surgery Service,5458.628936767578,0,0.0,5458.62892,0.0,0.0,Optimal,500,0,11796417.928881645,11791417.9321846,5000.0
median_p50,RJ7,ST GEORGE'S UNIVERSITY HOSPITALS NHS FOUNDATION TRUST,130,Ophthalmology Service,314.5082588195801,0,0.0,314.508259,0.0,0.0,Optimal,500,0,11796417.928881645,11791417.9321846,5000.0
median_p50,RJ7,ST GEORGE'S UNIVERSITY HOSPITALS NHS FOUNDATION TRUST,120,Ear Nose and Throat Service,11195.489318847656,0,0.0,11195.48932,0.0,0.0,Optimal,500,0,11796417.928881645,11791417.9321846,5000.0
median_p50,RJ7,ST GEORGE'S UNIVERSITY HOSPITALS NHS FOUNDATION TRUST,110,Trauma and Orthopaedic Service,7524.831787109375,0,0.0,7524.83179,0.0,0.0,Optimal,500,0,11796417.928881645,11791417.9321846,5000.0
median_p50,RJ7,ST GEORGE'S UNIVERSITY HOSPITALS NHS FOUNDATION TRUST,101,Urology Service,8312.313110351562,0,0.0,8312.31313,0.0,0.0,Optimal,500,0,11796417.928881645,11791417.9321846,5000.0
median_p50,RJ7,ST GEORGE'S UNIVERSITY HOSPITALS NHS FOUNDATION TRUST,100,General Surgery Service,5575.298156738281,0,0.0,5575.29817,0.0,0.0,Optimal,500,0,11796417.928881645,11791417.9321846,5000.0
median_p50,RJ6,CROYDON HEALTH SERVICES NHS TRUST,502,Gynaecology Service,4852.160339355469,0,0.0,4852.16034,0.0,0.0,Optimal,500,0,11796417.928881645,11791417.9321846,5000.0
median_p50,RJ6,CROYDON HEALTH SERVICES NHS TRUST,160,Plastic Surgery Service,117.92084693908691,0,0.0,117.9208474,0.0,0.0,Optimal,500,0,11796417.928881645,11791417.9321846,5000.0
median_p50,RJ6,CROYDON HEALTH SERVICES NHS TRUST,140,Oral Surgery Service,5729.250885009766,0,0.0,5729.25089,0.0,0.0,Optimal,500,0,11796417.928881645,11791417.9321846,5000.0
median_p50,RJE,UNIVERSITY HOSPITALS OF NORTH MIDLANDS NHS TRUST,100,General Surgery Service,33665.10986328125,0,0.0,33665.1097,0.0,0.0,Optimal,500,0,11796417.928881645,11791417.9321846,5000.0
median_p50,RK9,UNIVERSITY HOSPITALS PLYMOUTH NHS TRUST,100,General Surgery Service,144.4316520690918,0,0.0,144.4316525,0.0,0.0,Optimal,500,0,11796417.928881645,11791417.9321846,5000.0
median_p50,RK5,SHERWOOD FOREST HOSPITALS NHS FOUNDATION TRUST,130,Ophthalmology Service,4733.154327392578,0,0.0,4733.15432,0.0,0.0,Optimal,500,0,11796417.928881645,11791417.9321846,5000.0
median_p50,RM1,NORFOLK AND NORWICH UNIVERSITY HOSPITALS NHS FOUNDATION TRUST,502,Gynaecology Service,14248.471923828125,0,0.0,14248.472,0.0,0.0,Optimal,500,0,11796417.928881645,11791417.9321846,5000.0
median_p50,RMC,BOLTON NHS FOUNDATION TRUST,100,General Surgery Service,14342.424194335938,0,0.0,14342.4243,0.0,0.0,Optimal,500,0,11796417.928881645,11791417.9321846,5000.0
median_p50,RM3,NORTHERN CARE ALLIANCE NHS FOUNDATION TRUST,502,Gynaecology Service,37384.814697265625,0,0.0,37384.8147,0.0,0.0,Optimal,500,0,11796417.928881645,11791417.9321846,5000.0
median_p50,RM3,NORTHERN CARE ALLIANCE NHS FOUNDATION TRUST,160,Plastic Surgery Service,7941.817932128906,0,0.0,7941.81794,0.0,0.0,Optimal,500,0,11796417.928881645,11791417.9321846,5000.0
median_p50,RM3,NORTHERN CARE ALLIANCE NHS FOUNDATION TRUST,150,Neurosurgical Service,20362.614868164062,0,0.0,20362.6148,0.0,0.0,Optimal,500,0,11796417.928881645,11791417.9321846,5000.0
median_p50,RM3,NORTHERN CARE ALLIANCE NHS FOUNDATION TRUST,140,Oral Surgery Service,1561.9060974121094,0,0.0,1561.90609,0.0,0.0,Optimal,500,0,11796417.928881645,11791417.9321846,5000.0
median_p50,RM3,NORTHERN CARE ALLIANCE NHS FOUNDATION TRUST,130,Ophthalmology Service,11842.196899414062,0,0.0,11842.19696,0.0,0.0,Optimal,500,0,11796417.928881645,11791417.9321846,5000.0
median_p50,RM3,NORTHERN CARE ALLIANCE NHS FOUNDATION TRUST,120,Ear Nose and Throat Service,22229.071044921875,0,0.0,22229.0711,0.0,0.0,Optimal,500,0,11796417.928881645,11791417.9321846,5000.0
median_p50,RM3,NORTHERN CARE ALLIANCE NHS FOUNDATION TRUST,110,Trauma and Orthopaedic Service,75478.10693359375,0,0.0,75478.107,0.0,0.0,Optimal,500,0,11796417.928881645,11791417.9321846,5000.0
median_p50,RM3,NORTHERN CARE ALLIANCE NHS FOUNDATION TRUST,101,Urology Service,19975.836669921875,0,0.0,19975.8368,0.0,0.0,Optimal,500,0,11796417.928881645,11791417.9321846,5000.0
median_p50,RM3,NORTHERN CARE ALLIANCE NHS FOUNDATION TRUST,100,General Surgery Service,27682.314453125,0,0.0,27682.3144,0.0,0.0,Optimal,500,0,11796417.928881645,11791417.9321846,5000.0
median_p50,RM1,NORFOLK AND NORWICH UNIVERSITY HOSPITALS NHS FOUNDATION TRUST,160,Plastic Surgery Service,6358.524719238281,0,0.0,6358.52472,0.0,0.0,Optimal,500,0,11796417.928881645,11791417.9321846,5000.0
median_p50,RMC,BOLTON NHS FOUNDATION TRUST,110,Trauma and Orthopaedic Service,13261.142517089844,0,0.0,13261.14262,0.0,0.0,Optimal,500,0,11796417.928881645,11791417.9321846,5000.0
median_p50,RM1,NORFOLK AND NORWICH UNIVERSITY HOSPITALS NHS FOUNDATION TRUST,140,Oral Surgery Service,7995.4810791015625,0,0.0,7995.48107,0.0,0.0,Optimal,500,0,11796417.928881645,11791417.9321846,5000.0
median_p50,RM1,NORFOLK AND NORWICH UNIVERSITY HOSPITALS NHS FOUNDATION TRUST,130,Ophthalmology Service,10622.34033203125,0,0.0,10622.34034,0.0,0.0,Optimal,500,0,11796417.928881645,11791417.9321846,5000.0
median_p50,RM1,NORFOLK AND NORWICH UNIVERSITY HOSPITALS NHS FOUNDATION TRUST,120,Ear Nose and Throat Service,16798.154541015625,0,0.0,16798.1545,0.0,0.0,Optimal,500,0,11796417.928881645,11791417.9321846,5000.0
median_p50,RM1,NORFOLK AND NORWICH UNIVERSITY HOSPITALS NHS FOUNDATION TRUST,110,Trauma and Orthopaedic Service,50802.65087890625,0,0.0,50802.6509,0.0,0.0,Optimal,500,0,11796417.928881645,11791417.9321846,5000.0
median_p50,RM1,NORFOLK AND NORWICH UNIVERSITY HOSPITALS NHS FOUNDATION TRUST,101,Urology Service,13248.068969726562,0,0.0,13248.069,0.0,0.0,Optimal,500,0,11796417.928881645,11791417.9321846,5000.0
median_p50,RM1,NORFOLK AND NORWICH UNIVERSITY HOSPITALS NHS FOUNDATION TRUST,100,General Surgery Service,15282.9814453125,0,0.0,15282.9813,0.0,0.0,Optimal,500,0,11796417.928881645,11791417.9321846,5000.0
median_p50,RLT,GEORGE ELIOT HOSPITAL NHS TRUST,502,Gynaecology Service,1381.502815246582,0,0.0,1381.502837,0.0,0.0,Optimal,500,0,11796417.928881645,11791417.9321846,5000.0
median_p50,RLT,GEORGE ELIOT HOSPITAL NHS TRUST,160,Plastic Surgery Service,1010.968376159668,0,0.0,1010.968377,0.0,0.0,Optimal,500,0,11796417.928881645,11791417.9321846,5000.0
median_p50,RLT,GEORGE ELIOT HOSPITAL NHS TRUST,140,Oral Surgery Service,1056.086540222168,0,0.0,1056.086541,0.0,0.0,Optimal,500,0,11796417.928881645,11791417.9321846,5000.0
median_p50,RLT,GEORGE ELIOT HOSPITAL NHS TRUST,130,Ophthalmology Service,1495.6094284057617,0,0.0,1495.60943,0.0,0.0,Optimal,500,0,11796417.928881645,11791417.9321846,5000.0
median_p50,RMC,BOLTON NHS FOUNDATION TRUST,101,Urology Service,7202.539794921875,0,0.0,7202.53978,0.0,0.0,Optimal,500,0,11796417.928881645,11791417.9321846,5000.0
median_p50,RMC,BOLTON NHS FOUNDATION TRUST,120,Ear Nose and Throat Service,11446.466552734375,0,0.0,11446.46655,0.0,0.0,Optimal,500,0,11796417.928881645,11791417.9321846,5000.0
median_p50,RK5,SHERWOOD FOREST HOSPITALS NHS FOUNDATION TRUST,140,Oral Surgery Service,3865.4559326171875,0,0.0,3865.45593,0.0,0.0,Optimal,500,0,11796417.928881645,11791417.9321846,5000.0
median_p50,RN3,GREAT WESTERN HOSPITALS NHS FOUNDATION TRUST,110,Trauma and Orthopaedic Service,23623.721069335938,0,0.0,23623.721,0.0,0.0,Optimal,500,0,11796417.928881645,11791417.9321846,5000.0
median_p50,RN5,HAMPSHIRE HOSPITALS NHS FOUNDATION TRUST,130,Ophthalmology Service,10949.131286621094,0,0.0,10949.13131,0.0,0.0,Optimal,500,0,11796417.928881645,11791417.9321846,5000.0
median_p50,RN5,HAMPSHIRE HOSPITALS NHS FOUNDATION TRUST,120,Ear Nose and Throat Service,10669.563110351562,0,0.0,10669.56312,0.0,0.0,Optimal,500,0,11796417.928881645,11791417.9321846,5000.0
median_p50,RN5,HAMPSHIRE HOSPITALS NHS FOUNDATION TRUST,110,Trauma and Orthopaedic Service,50096.221435546875,0,0.0,50096.2214,0.0,0.0,Optimal,500,0,11796417.928881645,11791417.9321846,5000.0
median_p50,RN5,HAMPSHIRE HOSPITALS NHS FOUNDATION TRUST,101,Urology Service,7202.11572265625,0,0.0,7202.1157299999995,0.0,0.0,Optimal,500,0,11796417.928881645,11791417.9321846,5000.0
median_p50,RN5,HAMPSHIRE HOSPITALS NHS FOUNDATION TRUST,100,General Surgery Service,9578.841918945312,0,0.0,9578.84193,0.0,0.0,Optimal,500,0,11796417.928881645,11791417.9321846,5000.0
median_p50,RN3,GREAT WESTERN HOSPITALS NHS FOUNDATION TRUST,502,Gynaecology Service,6247.9853515625,0,0.0,6247.98534,0.0,0.0,Optimal,500,0,11796417.928881645,11791417.9321846,5000.0
median_p50,RN3,GREAT WESTERN HOSPITALS NHS FOUNDATION TRUST,160,Plastic Surgery Service,789.7371215820312,0,0.0,789.737121,0.0,0.0,Optimal,500,0,11796417.928881645,11791417.9321846,5000.0
median_p50,RN3,GREAT WESTERN HOSPITALS NHS FOUNDATION TRUST,140,Oral Surgery Service,3051.3287963867188,0,0.0,3051.3288000000002,0.0,0.0,Optimal,500,0,11796417.928881645,11791417.9321846,5000.0
median_p50,RN3,GREAT WESTERN HOSPITALS NHS FOUNDATION TRUST,130,Ophthalmology Service,8211.150268554688,0,0.0,8211.15028,0.0,0.0,Optimal,500,0,11796417.928881645,11791417.9321846,5000.0
median_p50,RN3,GREAT WESTERN HOSPITALS NHS FOUNDATION TRUST,120,Ear Nose and Throat Service,8080.858947753906,0,0.0,8080.85895,0.0,0.0,Optimal,500,0,11796417.928881645,11791417.9321846,5000.0
median_p50,RN3,GREAT WESTERN HOSPITALS NHS FOUNDATION TRUST,101,Urology Service,7032.855224609375,0,0.0,7032.85522,0.0,0.0,Optimal,500,0,11796417.928881645,11791417.9321846,5000.0
median_p50,RMC,BOLTON NHS FOUNDATION TRUST,130,Ophthalmology Service,9020.502075195312,0,0.0,9020.50208,0.0,0.0,Optimal,500,0,11796417.928881645,11791417.9321846,5000.0
median_p50,RN3,GREAT WESTERN HOSPITALS NHS FOUNDATION TRUST,100,General Surgery Service,12673.990600585938,0,0.0,12673.9907,0.0,0.0,Optimal,500,0,11796417.928881645,11791417.9321846,5000.0
median_p50,RMP,TAMESIDE AND GLOSSOP INTEGRATED CARE NHS FOUNDATION TRUST,502,Gynaecology Service,7421.0555419921875,0,0.0,7421.05554,0.0,0.0,Optimal,500,0,11796417.928881645,11791417.9321846,5000.0
median_p50,RMP,TAMESIDE AND GLOSSOP INTEGRATED CARE NHS FOUNDATION TRUST,140,Oral Surgery Service,5279.089538574219,0,0.0,5279.08954,0.0,0.0,Optimal,500,0,11796417.928881645,11791417.9321846,5000.0
median_p50,RMP,TAMESIDE AND GLOSSOP INTEGRATED CARE NHS FOUNDATION TRUST,120,Ear Nose and Throat Service,3704.429962158203,0,0.0,3704.4299499999997,0.0,0.0,Optimal,500,0,11796417.928881645,11791417.9321846,5000.0
median_p50,RMP,TAMESIDE AND GLOSSOP INTEGRATED CARE NHS FOUNDATION TRUST,110,Trauma and Orthopaedic Service,24782.14208984375,0,0.0,24782.1421,0.0,0.0,Optimal,500,0,11796417.928881645,11791417.9321846,5000.0
median_p50,RMP,TAMESIDE AND GLOSSOP INTEGRATED CARE NHS FOUNDATION TRUST,101,Urology Service,611.3180694580078,0,0.0,611.31807,0.0,0.0,Optimal,500,0,11796417.928881645,11791417.9321846,5000.0
median_p50,RMP,TAMESIDE AND GLOSSOP INTEGRATED CARE NHS FOUNDATION TRUST,100,General Surgery Service,7878.844970703125,0,0.0,7878.84496,0.0,0.0,Optimal,500,0,11796417.928881645,11791417.9321846,5000.0
median_p50,RMC,BOLTON NHS FOUNDATION TRUST,502,Gynaecology Service,4778.903533935547,0,0.0,4778.90354,0.0,0.0,Optimal,500,0,11796417.928881645,11791417.9321846,5000.0
median_p50,RMC,BOLTON NHS FOUNDATION TRUST,160,Plastic Surgery Service,3648.000701904297,0,0.0,3648.00072,0.0,0.0,Optimal,500,0,11796417.928881645,11791417.9321846,5000.0
median_p50,RMC,BOLTON NHS FOUNDATION TRUST,140,Oral Surgery Service,3765.7135009765625,0,0.0,3765.71351,0.0,0.0,Optimal,500,0,11796417.928881645,11791417.9321846,5000.0
median_p50,RLT,GEORGE ELIOT HOSPITAL NHS TRUST,120,Ear Nose and Throat Service,1139.6040802001953,0,0.0,1139.604068,0.0,0.0,Optimal,500,0,11796417.928881645,11791417.9321846,5000.0
median_p50,RLT,GEORGE ELIOT HOSPITAL NHS TRUST,110,Trauma and Orthopaedic Service,6140.4482421875,0,0.0,6140.44824,0.0,0.0,Optimal,500,0,11796417.928881645,11791417.9321846,5000.0
median_p50,RLT,GEORGE ELIOT HOSPITAL NHS TRUST,101,Urology Service,1752.6350555419922,0,0.0,1752.63505,0.0,0.0,Optimal,500,0,11796417.928881645,11791417.9321846,5000.0
median_p50,RKB,UNIVERSITY HOSPITALS COVENTRY AND WARWICKSHIRE NHS TRUST,100,General Surgery Service,7253.44140625,0,0.0,7253.4414,0.0,0.0,Optimal,500,0,11796417.928881645,11791417.9321846,5000.0
median_p50,RKE,WHITTINGTON HEALTH NHS TRUST,100,General Surgery Service,15479.28271484375,0,0.0,15479.2827,0.0,0.0,Optimal,500,0,11796417.928881645,11791417.9321846,5000.0
median_p50,RKB,UNIVERSITY HOSPITALS COVENTRY AND WARWICKSHIRE NHS TRUST,502,Gynaecology Service,5873.1292724609375,0,0.0,5873.12928,0.0,0.0,Optimal,500,0,11796417.928881645,11791417.9321846,5000.0
median_p50,RKB,UNIVERSITY HOSPITALS COVENTRY AND WARWICKSHIRE NHS TRUST,170,Cardiothoracic Surgery Service,1732.0044708251953,0,0.0,1732.00447,0.0,0.0,Optimal,500,0,11796417.928881645,11791417.9321846,5000.0
median_p50,RKB,UNIVERSITY HOSPITALS COVENTRY AND WARWICKSHIRE NHS TRUST,160,Plastic Surgery Service,3624.2213745117188,0,0.0,3624.22138,0.0,0.0,Optimal,500,0,11796417.928881645,11791417.9321846,5000.0
median_p50,RKB,UNIVERSITY HOSPITALS COVENTRY AND WARWICKSHIRE NHS TRUST,150,Neurosurgical Service,7072.035705566406,0,0.0,7072.03571,0.0,0.0,Optimal,500,0,11796417.928881645,11791417.9321846,5000.0
median_p50,RKB,UNIVERSITY HOSPITALS COVENTRY AND WARWICKSHIRE NHS TRUST,140,Oral Surgery Service,11068.832702636719,0,0.0,11068.83271,0.0,0.0,Optimal,500,0,11796417.928881645,11791417.9321846,5000.0
median_p50,RKB,UNIVERSITY HOSPITALS COVENTRY AND WARWICKSHIRE NHS TRUST,130,Ophthalmology Service,11093.35546875,0,0.0,11093.35546,0.0,0.0,Optimal,500,0,11796417.928881645,11791417.9321846,5000.0
median_p50,RKB,UNIVERSITY HOSPITALS COVENTRY AND WARWICKSHIRE NHS TRUST,120,Ear Nose and Throat Service,16190.503662109375,0,0.0,16190.5036,0.0,0.0,Optimal,500,0,11796417.928881645,11791417.9321846,5000.0
median_p50,RKB,UNIVERSITY HOSPITALS COVENTRY AND WARWICKSHIRE NHS TRUST,110,Trauma and Orthopaedic Service,21538.447143554688,0,0.0,21538.4473,0.0,0.0,Optimal,500,0,11796417.928881645,11791417.9321846,5000.0
median_p50,RKB,UNIVERSITY HOSPITALS COVENTRY AND WARWICKSHIRE NHS TRUST,101,Urology Service,5420.185729980469,0,0.0,5420.18573,0.0,0.0,Optimal,500,0,11796417.928881645,11791417.9321846,5000.0
median_p50,RK9,UNIVERSITY HOSPITALS PLYMOUTH NHS TRUST,502,Gynaecology Service,8964.1240234375,0,0.0,8964.12404,0.0,0.0,Optimal,500,0,11796417.928881645,11791417.9321846,5000.0
median_p50,RLT,GEORGE ELIOT HOSPITAL NHS TRUST,100,General Surgery Service,3702.3025817871094,0,0.0,3702.30256,0.0,0.0,Optimal,500,0,11796417.928881645,11791417.9321846,5000.0
median_p50,RK9,UNIVERSITY HOSPITALS PLYMOUTH NHS TRUST,170,Cardiothoracic Surgery Service,3480.510711669922,0,0.0,3480.5107,0.0,0.0,Optimal,500,0,11796417.928881645,11791417.9321846,5000.0
median_p50,RK9,UNIVERSITY HOSPITALS PLYMOUTH NHS TRUST,160,Plastic Surgery Service,9903.730346679688,0,0.0,9903.73034,0.0,0.0,Optimal,500,0,11796417.928881645,11791417.9321846,5000.0
median_p50,RK9,UNIVERSITY HOSPITALS PLYMOUTH NHS TRUST,150,Neurosurgical Service,4458.669647216797,0,0.0,4458.66963,0.0,0.0,Optimal,500,0,11796417.928881645,11791417.9321846,5000.0
median_p50,RK9,UNIVERSITY HOSPITALS PLYMOUTH NHS TRUST,130,Ophthalmology Service,15559.94921875,0,0.0,15559.9493,0.0,0.0,Optimal,500,0,11796417.928881645,11791417.9321846,5000.0
median_p50,RK9,UNIVERSITY HOSPITALS PLYMOUTH NHS TRUST,120,Ear Nose and Throat Service,11470.340515136719,0,0.0,11470.34052,0.0,0.0,Optimal,500,0,11796417.928881645,11791417.9321846,5000.0
median_p50,RK9,UNIVERSITY HOSPITALS PLYMOUTH NHS TRUST,110,Trauma and Orthopaedic Service,22509.70751953125,0,0.0,22509.7076,0.0,0.0,Optimal,500,0,11796417.928881645,11791417.9321846,5000.0
median_p50,RK9,UNIVERSITY HOSPITALS PLYMOUTH NHS TRUST,101,Urology Service,7785.0728759765625,0,0.0,7785.07286,0.0,0.0,Optimal,500,0,11796417.928881645,11791417.9321846,5000.0
median_p50,RHU,PORTSMOUTH HOSPITALS UNIVERSITY NHS TRUST,160,Plastic Surgery Service,3162.104782104492,0,0.0,3162.10477,0.0,0.0,Optimal,500,0,11796417.928881645,11791417.9321846,5000.0
median_p50,RK5,SHERWOOD FOREST HOSPITALS NHS FOUNDATION TRUST,502,Gynaecology Service,9679.800354003906,0,0.0,9679.80035,0.0,0.0,Optimal,500,0,11796417.928881645,11791417.9321846,5000.0
median_p50,RK5,SHERWOOD FOREST HOSPITALS NHS FOUNDATION TRUST,160,Plastic Surgery Service,1378.4345703125,0,0.0,1378.43457,0.0,0.0,Optimal,500,0,11796417.928881645,11791417.9321846,5000.0
median_p50,RKE,WHITTINGTON HEALTH NHS TRUST,101,Urology Service,2981.53369140625,0,0.0,2981.5337,0.0,0.0,Optimal,500,0,11796417.928881645,11791417.9321846,5000.0
median_p50,RKE,WHITTINGTON HEALTH NHS TRUST,110,Trauma and Orthopaedic Service,9853.732971191406,0,0.0,9853.73296,0.0,0.0,Optimal,500,0,11796417.928881645,11791417.9321846,5000.0
median_p50,RKE,WHITTINGTON HEALTH NHS TRUST,120,Ear Nose and Throat Service,510.7540626525879,0,0.0,510.754062,0.0,0.0,Optimal,500,0,11796417.928881645,11791417.9321846,5000.0
median_p50,RKE,WHITTINGTON HEALTH NHS TRUST,130,Ophthalmology Service,1047.5132522583008,0,0.0,1047.513253,0.0,0.0,Optimal,500,0,11796417.928881645,11791417.9321846,5000.0
median_p50,RLQ,WYE VALLEY NHS TRUST,502,Gynaecology Service,5076.145263671875,0,0.0,5076.14527,0.0,0.0,Optimal,500,0,11796417.928881645,11791417.9321846,5000.0
median_p50,RLQ,WYE VALLEY NHS TRUST,170,Cardiothoracic Surgery Service,108.02311706542969,0,0.0,108.0231172,0.0,0.0,Optimal,500,0,11796417.928881645,11791417.9321846,5000.0
median_p50,RLQ,WYE VALLEY NHS TRUST,160,Plastic Surgery Service,2514.903350830078,0,0.0,2514.90333,0.0,0.0,Optimal,500,0,11796417.928881645,11791417.9321846,5000.0
median_p50,RLQ,WYE VALLEY NHS TRUST,140,Oral Surgery Service,3007.5123901367188,0,0.0,3007.51239,0.0,0.0,Optimal,500,0,11796417.928881645,11791417.9321846,5000.0
median_p50,RLQ,WYE VALLEY NHS TRUST,130,Ophthalmology Service,7874.3797607421875,0,0.0,7874.37976,0.0,0.0,Optimal,500,0,11796417.928881645,11791417.9321846,5000.0
median_p50,RLQ,WYE VALLEY NHS TRUST,120,Ear Nose and Throat Service,4891.7587890625,0,0.0,4891.75878,0.0,0.0,Optimal,500,0,11796417.928881645,11791417.9321846,5000.0
median_p50,RLQ,WYE VALLEY NHS TRUST,110,Trauma and Orthopaedic Service,31804.63623046875,0,0.0,31804.6361,0.0,0.0,Optimal,500,0,11796417.928881645,11791417.9321846,5000.0
median_p50,RLQ,WYE VALLEY NHS TRUST,101,Urology Service,5508.194915771484,0,0.0,5508.1949,0.0,0.0,Optimal,500,0,11796417.928881645,11791417.9321846,5000.0
median_p50,RLQ,WYE VALLEY NHS TRUST,100,General Surgery Service,4561.593414306641,0,0.0,4561.59343,0.0,0.0,Optimal,500,0,11796417.928881645,11791417.9321846,5000.0
median_p50,RL4,THE ROYAL WOLVERHAMPTON NHS TRUST,502,Gynaecology Service,10398.214172363281,0,0.0,10398.21418,0.0,0.0,Optimal,500,0,11796417.928881645,11791417.9321846,5000.0
median_p50,RL4,THE ROYAL WOLVERHAMPTON NHS TRUST,160,Plastic Surgery Service,782.0623817443848,0,0.0,782.0623820000001,0.0,0.0,Optimal,500,0,11796417.928881645,11791417.9321846,5000.0
median_p50,RL4,THE ROYAL WOLVERHAMPTON NHS TRUST,140,Oral Surgery Service,5189.054718017578,0,0.0,5189.05473,0.0,0.0,Optimal,500,0,11796417.928881645,11791417.9321846,5000.0
median_p50,RL4,THE ROYAL WOLVERHAMPTON NHS TRUST,130,Ophthalmology Service,18772.328247070312,0,0.0,18772.3283,0.0,0.0,Optimal,500,0,11796417.928881645,11791417.9321846,5000.0
median_p50,RL4,THE ROYAL WOLVERHAMPTON NHS TRUST,120,Ear Nose and Throat Service,7810.2257080078125,0,0.0,7810.22572,0.0,0.0,Optimal,500,0,11796417.928881645,11791417.9321846,5000.0
median_p50,RL4,THE ROYAL WOLVERHAMPTON NHS TRUST,110,Trauma and Orthopaedic Service,36691.9755859375,0,0.0,36691.9756,0.0,0.0,Optimal,500,0,11796417.928881645,11791417.9321846,5000.0
median_p50,RL4,THE ROYAL WOLVERHAMPTON NHS TRUST,101,Urology Service,13267.62451171875,0,0.0,13267.6245,0.0,0.0,Optimal,500,0,11796417.928881645,11791417.9321846,5000.0
median_p50,RL4,THE ROYAL WOLVERHAMPTON NHS TRUST,100,General Surgery Service,4434.329620361328,0,0.0,4434.32962,0.0,0.0,Optimal,500,0,11796417.928881645,11791417.9321846,5000.0
median_p50,RL1,THE ROBERT JONES AND AGNES HUNT ORTHOPAEDIC HOSPITAL NHS FOUNDATION TRUST,110,Trauma and Orthopaedic Service,94105.09912109375,0,0.0,94105.0992,0.0,0.0,Optimal,500,0,11796417.928881645,11791417.9321846,5000.0
median_p50,RKE,WHITTINGTON HEALTH NHS TRUST,502,Gynaecology Service,3384.1578979492188,0,0.0,3384.15791,0.0,0.0,Optimal,500,0,11796417.928881645,11791417.9321846,5000.0
median_p50,RKE,WHITTINGTON HEALTH NHS TRUST,160,Plastic Surgery Service,495.5957908630371,0,0.0,495.595792,0.0,0.0,Optimal,500,0,11796417.928881645,11791417.9321846,5000.0
median_p50,RKE,WHITTINGTON HEALTH NHS TRUST,140,Oral Surgery Service,2852.459182739258,0,0.0,2852.45918,0.0,0.0,Optimal,500,0,11796417.928881645,11791417.9321846,5000.0
median_p50,RHU,PORTSMOUTH HOSPITALS UNIVERSITY NHS TRUST,502,Gynaecology Service,11836.986267089844,0,0.0,11836.98627,0.0,0.0,Optimal,500,0,11796417.928881645,11791417.9321846,5000.0
median_p50,RHM,UNIVERSITY HOSPITAL SOUTHAMPTON NHS FOUNDATION TRUST,170,Cardiothoracic Surgery Service,1991.61328125,0,0.0,1991.61329,0.0,0.0,Optimal,500,0,11796417.928881645,11791417.9321846,5000.0
median_p50,RHU,PORTSMOUTH HOSPITALS UNIVERSITY NHS TRUST,140,Oral Surgery Service,15062.081787109375,0,0.0,15062.081900000001,0.0,0.0,Optimal,500,0,11796417.928881645,11791417.9321846,5000.0
median_p50,RCX,"THE QUEEN ELIZABETH HOSPITAL, KING'S LYNN, NHS FOUNDATION TRUST",160,Plastic Surgery Service,401.55610275268555,0,0.0,401.556104,0.0,0.0,Optimal,500,0,11796417.928881645,11791417.9321846,5000.0
median_p50,RD8,MILTON KEYNES UNIVERSITY HOSPITAL NHS FOUNDATION TRUST,101,Urology Service,8515.102294921875,0,0.0,8515.102289999999,0.0,0.0,Optimal,500,0,11796417.928881645,11791417.9321846,5000.0
median_p50,RD8,MILTON KEYNES UNIVERSITY HOSPITAL NHS FOUNDATION TRUST,100,General Surgery Service,6742.826171875,0,0.0,6742.82619,0.0,0.0,Optimal,500,0,11796417.928881645,11791417.9321846,5000.0
median_p50,RD1,ROYAL UNITED HOSPITALS BATH NHS FOUNDATION TRUST,502,Gynaecology Service,6594.016357421875,0,0.0,6594.01636,0.0,0.0,Optimal,500,0,11796417.928881645,11791417.9321846,5000.0
median_p50,RD1,ROYAL UNITED HOSPITALS BATH NHS FOUNDATION TRUST,140,Oral Surgery Service,4445.155548095703,0,0.0,4445.15556,0.0,0.0,Optimal,500,0,11796417.928881645,11791417.9321846,5000.0
median_p50,RD1,ROYAL UNITED HOSPITALS BATH NHS FOUNDATION TRUST,130,Ophthalmology Service,7241.78125,0,0.0,7241.78126,0.0,0.0,Optimal,500,0,11796417.928881645,11791417.9321846,5000.0
median_p50,RD1,ROYAL UNITED HOSPITALS BATH NHS FOUNDATION TRUST,120,Ear Nose and Throat Service,6936.744567871094,0,0.0,6936.7445800000005,0.0,0.0,Optimal,500,0,11796417.928881645,11791417.9321846,5000.0
median_p50,RD1,ROYAL UNITED HOSPITALS BATH NHS FOUNDATION TRUST,110,Trauma and Orthopaedic Service,15042.825073242188,0,0.0,15042.8251,0.0,0.0,Optimal,500,0,11796417.928881645,11791417.9321846,5000.0
median_p50,RD1,ROYAL UNITED HOSPITALS BATH NHS FOUNDATION TRUST,101,Urology Service,4278.989013671875,0,0.0,4278.98902,0.0,0.0,Optimal,500,0,11796417.928881645,11791417.9321846,5000.0
median_p50,RD1,ROYAL UNITED HOSPITALS BATH NHS FOUNDATION TRUST,100,General Surgery Service,8005.562744140625,0,0.0,8005.56275,0.0,0.0,Optimal,500,0,11796417.928881645,11791417.9321846,5000.0
median_p50,RCX,"THE QUEEN ELIZABETH HOSPITAL, KING'S LYNN, NHS FOUNDATION TRUST",502,Gynaecology Service,4718.662292480469,0,0.0,4718.66229,0.0,0.0,Optimal,500,0,11796417.928881645,11791417.9321846,5000.0
median_p50,RCX,"THE QUEEN ELIZABETH HOSPITAL, KING'S LYNN, NHS FOUNDATION TRUST",140,Oral Surgery Service,2959.613815307617,0,0.0,2959.61382,0.0,0.0,Optimal,500,0,11796417.928881645,11791417.9321846,5000.0
median_p50,RD8,MILTON KEYNES UNIVERSITY HOSPITAL NHS FOUNDATION TRUST,120,Ear Nose and Throat Service,6702.616882324219,0,0.0,6702.61688,0.0,0.0,Optimal,500,0,11796417.928881645,11791417.9321846,5000.0
median_p50,RCX,"THE QUEEN ELIZABETH HOSPITAL, KING'S LYNN, NHS FOUNDATION TRUST",130,Ophthalmology Service,8532.963989257812,0,0.0,8532.96399,0.0,0.0,Optimal,500,0,11796417.928881645,11791417.9321846,5000.0
median_p50,RCX,"THE QUEEN ELIZABETH HOSPITAL, KING'S LYNN, NHS FOUNDATION TRUST",120,Ear Nose and Throat Service,6221.593811035156,0,0.0,6221.5938,0.0,0.0,Optimal,500,0,11796417.928881645,11791417.9321846,5000.0
median_p50,RCX,"THE QUEEN ELIZABETH HOSPITAL, KING'S LYNN, NHS FOUNDATION TRUST",110,Trauma and Orthopaedic Service,12843.913208007812,0,0.0,12843.9131,0.0,0.0,Optimal,500,0,11796417.928881645,11791417.9321846,5000.0
median_p50,RCX,"THE QUEEN ELIZABETH HOSPITAL, KING'S LYNN, NHS FOUNDATION TRUST",101,Urology Service,4114.771789550781,0,0.0,4114.77179,0.0,0.0,Optimal,500,0,11796417.928881645,11791417.9321846,5000.0
median_p50,RCX,"THE QUEEN ELIZABETH HOSPITAL, KING'S LYNN, NHS FOUNDATION TRUST",100,General Surgery Service,5521.712799072266,0,0.0,5521.71279,0.0,0.0,Optimal,500,0,11796417.928881645,11791417.9321846,5000.0
median_p50,RCU,SHEFFIELD CHILDREN'S NHS FOUNDATION TRUST,140,Oral Surgery Service,1053.9481506347656,0,0.0,1053.948153,0.0,0.0,Optimal,500,0,11796417.928881645,11791417.9321846,5000.0
median_p50,RCF,AIREDALE NHS FOUNDATION TRUST,502,Gynaecology Service,4535.207214355469,0,0.0,4535.20723,0.0,0.0,Optimal,500,0,11796417.928881645,11791417.9321846,5000.0
median_p50,RCF,AIREDALE NHS FOUNDATION TRUST,160,Plastic Surgery Service,242.6545057296753,0,0.0,242.654507,0.0,0.0,Optimal,500,0,11796417.928881645,11791417.9321846,5000.0
median_p50,RCF,AIREDALE NHS FOUNDATION TRUST,140,Oral Surgery Service,1189.502944946289,0,0.0,1189.50294,0.0,0.0,Optimal,500,0,11796417.928881645,11791417.9321846,5000.0
median_p50,RCF,AIREDALE NHS FOUNDATION TRUST,130,Ophthalmology Service,1238.6983947753906,0,0.0,1238.698383,0.0,0.0,Optimal,500,0,11796417.928881645,11791417.9321846,5000.0
median_p50,RD8,MILTON KEYNES UNIVERSITY HOSPITAL NHS FOUNDATION TRUST,110,Trauma and Orthopaedic Service,9816.129943847656,0,0.0,9816.12995,0.0,0.0,Optimal,500,0,11796417.928881645,11791417.9321846,5000.0
median_p50,RD8,MILTON KEYNES UNIVERSITY HOSPITAL NHS FOUNDATION TRUST,130,Ophthalmology Service,3845.9071655273438,0,0.0,3845.90717,0.0,0.0,Optimal,500,0,11796417.928881645,11791417.9321846,5000.0
median_p50,RHU,PORTSMOUTH HOSPITALS UNIVERSITY NHS TRUST,130,Ophthalmology Service,14310.012329101562,0,0.0,14310.0123,0.0,0.0,Optimal,500,0,11796417.928881645,11791417.9321846,5000.0
median_p50,RDU,FRIMLEY HEALTH NHS FOUNDATION TRUST,110,Trauma and Orthopaedic Service,78434.390625,0,0.0,78434.3906,0.0,0.0,Optimal,500,0,11796417.928881645,11791417.9321846,5000.0
median_p50,REF,ROYAL CORNWALL HOSPITALS NHS TRUST,130,Ophthalmology Service,13132.324951171875,0,0.0,13132.3249,0.0,0.0,Optimal,500,0,11796417.928881645,11791417.9321846,5000.0
median_p50,REF,ROYAL CORNWALL HOSPITALS NHS TRUST,120,Ear Nose and Throat Service,7994.737243652344,0,0.0,7994.737230000001,0.0,0.0,Optimal,500,0,11796417.928881645,11791417.9321846,5000.0
median_p50,REF,ROYAL CORNWALL HOSPITALS NHS TRUST,110,Trauma and Orthopaedic Service,43541.19580078125,0,0.0,43541.1959,0.0,0.0,Optimal,500,0,11796417.928881645,11791417.9321846,5000.0
median_p50,REF,ROYAL CORNWALL HOSPITALS NHS TRUST,101,Urology Service,4455.651763916016,0,0.0,4455.65176,0.0,0.0,Optimal,500,0,11796417.928881645,11791417.9321846,5000.0
median_p50,REF,ROYAL CORNWALL HOSPITALS NHS TRUST,100,General Surgery Service,5355.906982421875,0,0.0,5355.90698,0.0,0.0,Optimal,500,0,11796417.928881645,11791417.9321846,5000.0
median_p50,RDU,FRIMLEY HEALTH NHS FOUNDATION TRUST,502,Gynaecology Service,19212.489868164062,0,0.0,19212.4899,0.0,0.0,Optimal,500,0,11796417.928881645,11791417.9321846,5000.0
median_p50,RDU,FRIMLEY HEALTH NHS FOUNDATION TRUST,160,Plastic Surgery Service,13642.10205078125,0,0.0,13642.101999999999,0.0,0.0,Optimal,500,0,11796417.928881645,11791417.9321846,5000.0
median_p50,RDU,FRIMLEY HEALTH NHS FOUNDATION TRUST,140,Oral Surgery Service,4372.363983154297,0,0.0,4372.36399,0.0,0.0,Optimal,500,0,11796417.928881645,11791417.9321846,5000.0
median_p50,RDU,FRIMLEY HEALTH NHS FOUNDATION TRUST,130,Ophthalmology Service,21973.844848632812,0,0.0,21973.845,0.0,0.0,Optimal,500,0,11796417.928881645,11791417.9321846,5000.0
median_p50,RDU,FRIMLEY HEALTH NHS FOUNDATION TRUST,120,Ear Nose and Throat Service,15591.649291992188,0,0.0,15591.649300000001,0.0,0.0,Optimal,500,0,11796417.928881645,11791417.9321846,5000.0
median_p50,RDU,FRIMLEY HEALTH NHS FOUNDATION TRUST,101,Urology Service,16226.891479492188,0,0.0,16226.8914,0.0,0.0,Optimal,500,0,11796417.928881645,11791417.9321846,5000.0
median_p50,RD8,MILTON KEYNES UNIVERSITY HOSPITAL NHS FOUNDATION TRUST,140,Oral Surgery Service,3352.0384216308594,0,0.0,3352.03843,0.0,0.0,Optimal,500,0,11796417.928881645,11791417.9321846,5000.0
median_p50,RDU,FRIMLEY HEALTH NHS FOUNDATION TRUST,100,General Surgery Service,3661.5233764648438,0,0.0,3661.52336,0.0,0.0,Optimal,500,0,11796417.928881645,11791417.9321846,5000.0
median_p50,RDE,EAST SUFFOLK AND NORTH ESSEX NHS FOUNDATION TRUST,502,Gynaecology Service,13271.757934570312,0,0.0,13271.758,0.0,0.0,Optimal,500,0,11796417.928881645,11791417.9321846,5000.0
median_p50,RDE,EAST SUFFOLK AND NORTH ESSEX NHS FOUNDATION TRUST,160,Plastic Surgery Service,1361.1665496826172,0,0.0,1361.16653,0.0,0.0,Optimal,500,0,11796417.928881645,11791417.9321846,5000.0
median_p50,RDE,EAST SUFFOLK AND NORTH ESSEX NHS FOUNDATION TRUST,140,Oral Surgery Service,6877.934265136719,0,0.0,6877.93427,0.0,0.0,Optimal,500,0,11796417.928881645,11791417.9321846,5000.0
median_p50,RDE,EAST SUFFOLK AND NORTH ESSEX NHS FOUNDATION TRUST,130,Ophthalmology Service,18248.33056640625,0,0.0,18248.330700000002,0.0,0.0,Optimal,500,0,11796417.928881645,11791417.9321846,5000.0
median_p50,RDE,EAST SUFFOLK AND NORTH ESSEX NHS FOUNDATION TRUST,120,Ear Nose and Throat Service,12181.562072753906,0,0.0,12181.56213,0.0,0.0,Optimal,500,0,11796417.928881645,11791417.9321846,5000.0
median_p50,RDE,EAST SUFFOLK AND NORTH ESSEX NHS FOUNDATION TRUST,110,Trauma and Orthopaedic Service,39360.638671875,0,0.0,39360.6387,0.0,0.0,Optimal,500,0,11796417.928881645,11791417.9321846,5000.0
median_p50,RDE,EAST SUFFOLK AND NORTH ESSEX NHS FOUNDATION TRUST,101,Urology Service,8356.604187011719,0,0.0,8356.60417,0.0,0.0,Optimal,500,0,11796417.928881645,11791417.9321846,5000.0
median_p50,RDE,EAST SUFFOLK AND NORTH ESSEX NHS FOUNDATION TRUST,100,General Surgery Service,11820.789611816406,0,0.0,11820.78962,0.0,0.0,Optimal,500,0,11796417.928881645,11791417.9321846,5000.0
median_p50,RD8,MILTON KEYNES UNIVERSITY HOSPITAL NHS FOUNDATION TRUST,502,Gynaecology Service,10210.11376953125,0,0.0,10210.11376,0.0,0.0,Optimal,500,0,11796417.928881645,11791417.9321846,5000.0
median_p50,RCF,AIREDALE NHS FOUNDATION TRUST,120,Ear Nose and Throat Service,1234.1005020141602,0,0.0,1234.100517,0.0,0.0,Optimal,500,0,11796417.928881645,11791417.9321846,5000.0
median_p50,RCF,AIREDALE NHS FOUNDATION TRUST,110,Trauma and Orthopaedic Service,12239.253295898438,0,0.0,12239.253279999999,0.0,0.0,Optimal,500,0,11796417.928881645,11791417.9321846,5000.0
median_p50,RCF,AIREDALE NHS FOUNDATION TRUST,101,Urology Service,3744.463623046875,0,0.0,3744.46363,0.0,0.0,Optimal,500,0,11796417.928881645,11791417.9321846,5000.0
median_p50,RBN,MERSEY AND WEST LANCASHIRE TEACHING HOSPITALS NHS TRUST,150,Neurosurgical Service,66.2113618850708,0,0.0,66.2113619,0.0,0.0,Optimal,500,0,11796417.928881645,11791417.9321846,5000.0
median_p50,RBV,THE CHRISTIE NHS FOUNDATION TRUST,101,Urology Service,715.5335121154785,0,0.0,715.533511,0.0,0.0,Optimal,500,0,11796417.928881645,11791417.9321846,5000.0
median_p50,RBT,MID CHESHIRE HOSPITALS NHS FOUNDATION TRUST,502,Gynaecology Service,5900.328430175781,0,0.0,5900.32844,0.0,0.0,Optimal,500,0,11796417.928881645,11791417.9321846,5000.0
median_p50,RBT,MID CHESHIRE HOSPITALS NHS FOUNDATION TRUST,130,Ophthalmology Service,9183.983459472656,0,0.0,9183.98349,0.0,0.0,Optimal,500,0,11796417.928881645,11791417.9321846,5000.0
median_p50,RBT,MID CHESHIRE HOSPITALS NHS FOUNDATION TRUST,120,Ear Nose and Throat Service,11034.48193359375,0,0.0,11034.48193,0.0,0.0,Optimal,500,0,11796417.928881645,11791417.9321846,5000.0
median_p50,RBT,MID CHESHIRE HOSPITALS NHS FOUNDATION TRUST,110,Trauma and Orthopaedic Service,8841.380310058594,0,0.0,8841.38031,0.0,0.0,Optimal,500,0,11796417.928881645,11791417.9321846,5000.0
median_p50,RBT,MID CHESHIRE HOSPITALS NHS FOUNDATION TRUST,101,Urology Service,3451.725555419922,0,0.0,3451.72555,0.0,0.0,Optimal,500,0,11796417.928881645,11791417.9321846,5000.0
median_p50,RBT,MID CHESHIRE HOSPITALS NHS FOUNDATION TRUST,100,General Surgery Service,2752.2552947998047,0,0.0,2752.2553,0.0,0.0,Optimal,500,0,11796417.928881645,11791417.9321846,5000.0
median_p50,RBQ,LIVERPOOL HEART AND CHEST HOSPITAL NHS FOUNDATION TRUST,170,Cardiothoracic Surgery Service,5718.609771728516,0,0.0,5718.60976,0.0,0.0,Optimal,500,0,11796417.928881645,11791417.9321846,5000.0
median_p50,RBN,MERSEY AND WEST LANCASHIRE TEACHING HOSPITALS NHS TRUST,502,Gynaecology Service,22135.049926757812,0,0.0,22135.0499,0.0,0.0,Optimal,500,0,11796417.928881645,11791417.9321846,5000.0
median_p50,RBN,MERSEY AND WEST LANCASHIRE TEACHING HOSPITALS NHS TRUST,160,Plastic Surgery Service,100849.8095703125,0,0.0,100849.80960000001,0.0,0.0,Optimal,500,0,11796417.928881645,11791417.9321846,5000.0
median_p50,RBN,MERSEY AND WEST LANCASHIRE TEACHING HOSPITALS NHS TRUST,140,Oral Surgery Service,2317.1730346679688,0,0.0,2317.17302,0.0,0.0,Optimal,500,0,11796417.928881645,11791417.9321846,5000.0
median_p50,RCF,AIREDALE NHS FOUNDATION TRUST,100,General Surgery Service,8289.448852539062,0,0.0,8289.44886,0.0,0.0,Optimal,500,0,11796417.928881645,11791417.9321846,5000.0
median_p50,RBN,MERSEY AND WEST LANCASHIRE TEACHING HOSPITALS NHS TRUST,130,Ophthalmology Service,9047.781799316406,0,0.0,9047.7818,0.0,0.0,Optimal,500,0,11796417.928881645,11791417.9321846,5000.0
median_p50,RBN,MERSEY AND WEST LANCASHIRE TEACHING HOSPITALS NHS TRUST,120,Ear Nose and Throat Service,12298.646545410156,0,0.0,12298.64654,0.0,0.0,Optimal,500,0,11796417.928881645,11791417.9321846,5000.0
median_p50,RBN,MERSEY AND WEST LANCASHIRE TEACHING HOSPITALS NHS TRUST,110,Trauma and Orthopaedic Service,34978.410400390625,0,0.0,34978.4104,0.0,0.0,Optimal,500,0,11796417.928881645,11791417.9321846,5000.0
median_p50,RBN,MERSEY AND WEST LANCASHIRE TEACHING HOSPITALS NHS TRUST,101,Urology Service,18575.78955078125,0,0.0,18575.7895,0.0,0.0,Optimal,500,0,11796417.928881645,11791417.9321846,5000.0
median_p50,RBN,MERSEY AND WEST LANCASHIRE TEACHING HOSPITALS NHS TRUST,100,General Surgery Service,30009.33984375,0,0.0,30009.3399,0.0,0.0,Optimal,500,0,11796417.928881645,11791417.9321846,5000.0
median_p50,RBL,WIRRAL UNIVERSITY TEACHING HOSPITAL NHS FOUNDATION TRUST,502,Gynaecology Service,8057.7716064453125,0,0.0,8057.7716,0.0,0.0,Optimal,500,0,11796417.928881645,11791417.9321846,5000.0
median_p50,RBL,WIRRAL UNIVERSITY TEACHING HOSPITAL NHS FOUNDATION TRUST,140,Oral Surgery Service,5783.6865234375,0,0.0,5783.68654,0.0,0.0,Optimal,500,0,11796417.928881645,11791417.9321846,5000.0
median_p50,RBL,WIRRAL UNIVERSITY TEACHING HOSPITAL NHS FOUNDATION TRUST,130,Ophthalmology Service,4108.28076171875,0,0.0,4108.28076,0.0,0.0,Optimal,500,0,11796417.928881645,11791417.9321846,5000.0
median_p50,RBL,WIRRAL UNIVERSITY TEACHING HOSPITAL NHS FOUNDATION TRUST,120,Ear Nose and Throat Service,4600.0128173828125,0,0.0,4600.01282,0.0,0.0,Optimal,500,0,11796417.928881645,11791417.9321846,5000.0
median_p50,RBL,WIRRAL UNIVERSITY TEACHING HOSPITAL NHS FOUNDATION TRUST,110,Trauma and Orthopaedic Service,17863.487182617188,0,0.0,17863.4872,0.0,0.0,Optimal,500,0,11796417.928881645,11791417.9321846,5000.0
median_p50,RBV,THE CHRISTIE NHS FOUNDATION TRUST,160,Plastic Surgery Service,1742.2349700927734,0,0.0,1742.23496,0.0,0.0,Optimal,500,0,11796417.928881645,11791417.9321846,5000.0
median_p50,RBV,THE CHRISTIE NHS FOUNDATION TRUST,502,Gynaecology Service,322.52736473083496,0,0.0,322.527363,0.0,0.0,Optimal,500,0,11796417.928881645,11791417.9321846,5000.0
median_p50,RC9,BEDFORDSHIRE HOSPITALS NHS FOUNDATION TRUST,100,General Surgery Service,12922.479125976562,0,0.0,12922.4792,0.0,0.0,Optimal,500,0,11796417.928881645,11791417.9321846,5000.0
median_p50,RC9,BEDFORDSHIRE HOSPITALS NHS FOUNDATION TRUST,101,Urology Service,9460.471252441406,0,0.0,9460.47125,0.0,0.0,Optimal,500,0,11796417.928881645,11791417.9321846,5000.0
median_p50,RCD,HARROGATE AND DISTRICT NHS FOUNDATION TRUST,502,Gynaecology Service,3463.6643981933594,0,0.0,3463.6644,0.0,0.0,Optimal,500,0,11796417.928881645,11791417.9321846,5000.0
median_p50,RCD,HARROGATE AND DISTRICT NHS FOUNDATION TRUST,140,Oral Surgery Service,2901.0848541259766,0,0.0,2901.08485,0.0,0.0,Optimal,500,0,11796417.928881645,11791417.9321846,5000.0
median_p50,RCD,HARROGATE AND DISTRICT NHS FOUNDATION TRUST,130,Ophthalmology Service,6728.207275390625,0,0.0,6728.2072800000005,0.0,0.0,Optimal,500,0,11796417.928881645,11791417.9321846,5000.0
median_p50,RCD,HARROGATE AND DISTRICT NHS FOUNDATION TRUST,120,Ear Nose and Throat Service,2820.1380157470703,0,0.0,2820.13802,0.0,0.0,Optimal,500,0,11796417.928881645,11791417.9321846,5000.0
median_p50,RCD,HARROGATE AND DISTRICT NHS FOUNDATION TRUST,110,Trauma and Orthopaedic Service,19828.468505859375,0,0.0,19828.4685,0.0,0.0,Optimal,500,0,11796417.928881645,11791417.9321846,5000.0
median_p50,RCD,HARROGATE AND DISTRICT NHS FOUNDATION TRUST,101,Urology Service,2964.018020629883,0,0.0,2964.01802,0.0,0.0,Optimal,500,0,11796417.928881645,11791417.9321846,5000.0
median_p50,RCD,HARROGATE AND DISTRICT NHS FOUNDATION TRUST,100,General Surgery Service,5359.323394775391,0,0.0,5359.32339,0.0,0.0,Optimal,500,0,11796417.928881645,11791417.9321846,5000.0
median_p50,RCB,YORK AND SCARBOROUGH TEACHING HOSPITALS NHS FOUNDATION TRUST,502,Gynaecology Service,9236.805419921875,0,0.0,9236.80542,0.0,0.0,Optimal,500,0,11796417.928881645,11791417.9321846,5000.0
median_p50,RCB,YORK AND SCARBOROUGH TEACHING HOSPITALS NHS FOUNDATION TRUST,160,Plastic Surgery Service,1908.1360168457031,0,0.0,1908.13602,0.0,0.0,Optimal,500,0,11796417.928881645,11791417.9321846,5000.0
median_p50,RCB,YORK AND SCARBOROUGH TEACHING HOSPITALS NHS FOUNDATION TRUST,140,Oral Surgery Service,7684.242980957031,0,0.0,7684.24297,0.0,0.0,Optimal,500,0,11796417.928881645,11791417.9321846,5000.0
median_p50,RCB,YORK AND SCARBOROUGH TEACHING HOSPITALS NHS FOUNDATION TRUST,130,Ophthalmology Service,16718.1826171875,0,0.0,16718.1828,0.0,0.0,Optimal,500,0,11796417.928881645,11791417.9321846,5000.0
median_p50,RCB,YORK AND SCARBOROUGH TEACHING HOSPITALS NHS FOUNDATION TRUST,120,Ear Nose and Throat Service,12540.592041015625,0,0.0,12540.59213,0.0,0.0,Optimal,500,0,11796417.928881645,11791417.9321846,5000.0
median_p50,RCB,YORK AND SCARBOROUGH TEACHING HOSPITALS NHS FOUNDATION TRUST,110,Trauma and Orthopaedic Service,44986.72265625,0,0.0,44986.7226,0.0,0.0,Optimal,500,0,11796417.928881645,11791417.9321846,5000.0
median_p50,RCB,YORK AND SCARBOROUGH TEACHING HOSPITALS NHS FOUNDATION TRUST,101,Urology Service,13955.425048828125,0,0.0,13955.425,0.0,0.0,Optimal,500,0,11796417.928881645,11791417.9321846,5000.0
median_p50,RCB,YORK AND SCARBOROUGH TEACHING HOSPITALS NHS FOUNDATION TRUST,100,General Surgery Service,193.759614944458,0,0.0,193.759614,0.0,0.0,Optimal,500,0,11796417.928881645,11791417.9321846,5000.0
median_p50,RC9,BEDFORDSHIRE HOSPITALS NHS FOUNDATION TRUST,502,Gynaecology Service,17784.294311523438,0,0.0,17784.2944,0.0,0.0,Optimal,500,0,11796417.928881645,11791417.9321846,5000.0
median_p50,RC9,BEDFORDSHIRE HOSPITALS NHS FOUNDATION TRUST,160,Plastic Surgery Service,10349.307800292969,0,0.0,10349.30779,0.0,0.0,Optimal,500,0,11796417.928881645,11791417.9321846,5000.0
median_p50,RC9,BEDFORDSHIRE HOSPITALS NHS FOUNDATION TRUST,140,Oral Surgery Service,16264.957641601562,0,0.0,16264.9577,0.0,0.0,Optimal,500,0,11796417.928881645,11791417.9321846,5000.0
median_p50,RC9,BEDFORDSHIRE HOSPITALS NHS FOUNDATION TRUST,130,Ophthalmology Service,11002.127990722656,0,0.0,11002.128,0.0,0.0,Optimal,500,0,11796417.928881645,11791417.9321846,5000.0
median_p50,RC9,BEDFORDSHIRE HOSPITALS NHS FOUNDATION TRUST,120,Ear Nose and Throat Service,10809.193725585938,0,0.0,10809.19372,0.0,0.0,Optimal,500,0,11796417.928881645,11791417.9321846,5000.0
median_p50,RC9,BEDFORDSHIRE HOSPITALS NHS FOUNDATION TRUST,110,Trauma and Orthopaedic Service,28244.441650390625,0,0.0,28244.4417,0.0,0.0,Optimal,500,0,11796417.928881645,11791417.9321846,5000.0
median_p50,REF,ROYAL CORNWALL HOSPITALS NHS TRUST,140,Oral Surgery Service,11451.004760742188,0,0.0,11451.00476,0.0,0.0,Optimal,500,0,11796417.928881645,11791417.9321846,5000.0
median_p50,REF,ROYAL CORNWALL HOSPITALS NHS TRUST,502,Gynaecology Service,8051.4774169921875,0,0.0,8051.47742,0.0,0.0,Optimal,500,0,11796417.928881645,11791417.9321846,5000.0
median_p50,REM,LIVERPOOL UNIVERSITY HOSPITALS NHS FOUNDATION TRUST,100,General Surgery Service,7149.7852783203125,0,0.0,7149.785260000001,0.0,0.0,Optimal,500,0,11796417.928881645,11791417.9321846,5000.0
median_p50,RGT,CAMBRIDGE UNIVERSITY HOSPITALS NHS FOUNDATION TRUST,120,Ear Nose and Throat Service,13440.49658203125,0,0.0,13440.4965,0.0,0.0,Optimal,500,0,11796417.928881645,11791417.9321846,5000.0
median_p50,RH5,SOMERSET NHS FOUNDATION TRUST,130,Ophthalmology Service,14678.890014648438,0,0.0,14678.8902,0.0,0.0,Optimal,500,0,11796417.928881645,11791417.9321846,5000.0
median_p50,RH5,SOMERSET NHS FOUNDATION TRUST,120,Ear Nose and Throat Service,14931.78173828125,0,0.0,14931.7818,0.0,0.0,Optimal,500,0,11796417.928881645,11791417.9321846,5000.0
median_p50,RH5,SOMERSET NHS FOUNDATION TRUST,110,Trauma and Orthopaedic Service,51296.410400390625,0,0.0,51296.4106,0.0,0.0,Optimal,500,0,11796417.928881645,11791417.9321846,5000.0
median_p50,RH5,SOMERSET NHS FOUNDATION TRUST,101,Urology Service,11596.747497558594,0,0.0,11596.74753,0.0,0.0,Optimal,500,0,11796417.928881645,11791417.9321846,5000.0
median_p50,RH5,SOMERSET NHS FOUNDATION TRUST,100,General Surgery Service,28196.11279296875,0,0.0,28196.1128,0.0,0.0,Optimal,500,0,11796417.928881645,11791417.9321846,5000.0
median_p50,RGT,CAMBRIDGE UNIVERSITY HOSPITALS NHS FOUNDATION TRUST,502,Gynaecology Service,7261.054443359375,0,0.0,7261.05444,0.0,0.0,Optimal,500,0,11796417.928881645,11791417.9321846,5000.0
median_p50,RGT,CAMBRIDGE UNIVERSITY HOSPITALS NHS FOUNDATION TRUST,160,Plastic Surgery Service,7928.832763671875,0,0.0,7928.83276,0.0,0.0,Optimal,500,0,11796417.928881645,11791417.9321846,5000.0
median_p50,RGT,CAMBRIDGE UNIVERSITY HOSPITALS NHS FOUNDATION TRUST,150,Neurosurgical Service,6586.4556884765625,0,0.0,6586.4557,0.0,0.0,Optimal,500,0,11796417.928881645,11791417.9321846,5000.0
median_p50,RGT,CAMBRIDGE UNIVERSITY HOSPITALS NHS FOUNDATION TRUST,140,Oral Surgery Service,5287.827484130859,0,0.0,5287.82749,0.0,0.0,Optimal,500,0,11796417.928881645,11791417.9321846,5000.0
median_p50,RGT,CAMBRIDGE UNIVERSITY HOSPITALS NHS FOUNDATION TRUST,130,Ophthalmology Service,17182.285400390625,0,0.0,17182.2854,0.0,0.0,Optimal,500,0,11796417.928881645,11791417.9321846,5000.0
median_p50,RGT,CAMBRIDGE UNIVERSITY HOSPITALS NHS FOUNDATION TRUST,110,Trauma and Orthopaedic Service,26311.8076171875,0,0.0,26311.8076,0.0,0.0,Optimal,500,0,11796417.928881645,11791417.9321846,5000.0
median_p50,RGP,JAMES PAGET UNIVERSITY HOSPITALS NHS FOUNDATION TRUST,140,Oral Surgery Service,1185.0813598632812,0,0.0,1185.08135,0.0,0.0,Optimal,500,0,11796417.928881645,11791417.9321846,5000.0
median_p50,RGT,CAMBRIDGE UNIVERSITY HOSPITALS NHS FOUNDATION TRUST,101,Urology Service,8076.2314453125,0,0.0,8076.23145,0.0,0.0,Optimal,500,0,11796417.928881645,11791417.9321846,5000.0
median_p50,RGT,CAMBRIDGE UNIVERSITY HOSPITALS NHS FOUNDATION TRUST,100,General Surgery Service,5421.539581298828,0,0.0,5421.53959,0.0,0.0,Optimal,500,0,11796417.928881645,11791417.9321846,5000.0
median_p50,RGR,WEST SUFFOLK NHS FOUNDATION TRUST,502,Gynaecology Service,10439.017395019531,0,0.0,10439.01737,0.0,0.0,Optimal,500,0,11796417.928881645,11791417.9321846,5000.0
median_p50,RGR,WEST SUFFOLK NHS FOUNDATION TRUST,160,Plastic Surgery Service,6679.764709472656,0,0.0,6679.7647,0.0,0.0,Optimal,500,0,11796417.928881645,11791417.9321846,5000.0
median_p50,RGR,WEST SUFFOLK NHS FOUNDATION TRUST,130,Ophthalmology Service,5158.918395996094,0,0.0,5158.91838,0.0,0.0,Optimal,500,0,11796417.928881645,11791417.9321846,5000.0
median_p50,RGR,WEST SUFFOLK NHS FOUNDATION TRUST,120,Ear Nose and Throat Service,10996.517761230469,0,0.0,10996.51775,0.0,0.0,Optimal,500,0,11796417.928881645,11791417.9321846,5000.0
median_p50,RGR,WEST SUFFOLK NHS FOUNDATION TRUST,110,Trauma and Orthopaedic Service,16713.9599609375,0,0.0,16713.9601,0.0,0.0,Optimal,500,0,11796417.928881645,11791417.9321846,5000.0
median_p50,RGR,WEST SUFFOLK NHS FOUNDATION TRUST,101,Urology Service,4265.648498535156,0,0.0,4265.6484900000005,0.0,0.0,Optimal,500,0,11796417.928881645,11791417.9321846,5000.0
median_p50,RGR,WEST SUFFOLK NHS FOUNDATION TRUST,100,General Surgery Service,10448.656005859375,0,0.0,10448.65601,0.0,0.0,Optimal,500,0,11796417.928881645,11791417.9321846,5000.0
median_p50,RGP,JAMES PAGET UNIVERSITY HOSPITALS NHS FOUNDATION TRUST,502,Gynaecology Service,5451.1273193359375,0,0.0,5451.12733,0.0,0.0,Optimal,500,0,11796417.928881645,11791417.9321846,5000.0
median_p50,RH5,SOMERSET NHS FOUNDATION TRUST,140,Oral Surgery Service,9395.821166992188,0,0.0,9395.821179999999,0.0,0.0,Optimal,500,0,11796417.928881645,11791417.9321846,5000.0
median_p50,RH5,SOMERSET NHS FOUNDATION TRUST,160,Plastic Surgery Service,1247.9391860961914,0,0.0,1247.939209,0.0,0.0,Optimal,500,0,11796417.928881645,11791417.9321846,5000.0
median_p50,RH5,SOMERSET NHS FOUNDATION TRUST,502,Gynaecology Service,13858.088256835938,0,0.0,13858.0882,0.0,0.0,Optimal,500,0,11796417.928881645,11791417.9321846,5000.0
median_p50,RH8,ROYAL DEVON UNIVERSITY HEALTHCARE NHS FOUNDATION TRUST,100,General Surgery Service,3703.358123779297,0,0.0,3703.35811,0.0,0.0,Optimal,500,0,11796417.928881645,11791417.9321846,5000.0
median_p50,RHU,PORTSMOUTH HOSPITALS UNIVERSITY NHS TRUST,120,Ear Nose and Throat Service,15148.732788085938,0,0.0,15148.7328,0.0,0.0,Optimal,500,0,11796417.928881645,11791417.9321846,5000.0
median_p50,RHU,PORTSMOUTH HOSPITALS UNIVERSITY NHS TRUST,110,Trauma and Orthopaedic Service,35022.5068359375,0,0.0,35022.5069,0.0,0.0,Optimal,500,0,11796417.928881645,11791417.9321846,5000.0
median_p50,RHU,PORTSMOUTH HOSPITALS UNIVERSITY NHS TRUST,101,Urology Service,7539.035583496094,0,0.0,7539.0355899999995,0.0,0.0,Optimal,500,0,11796417.928881645,11791417.9321846,5000.0
median_p50,RHU,PORTSMOUTH HOSPITALS UNIVERSITY NHS TRUST,100,General Surgery Service,18040.929931640625,0,0.0,18040.93,0.0,0.0,Optimal,500,0,11796417.928881645,11791417.9321846,5000.0
median_p50,RHM,UNIVERSITY HOSPITAL SOUTHAMPTON NHS FOUNDATION TRUST,502,Gynaecology Service,10588.110656738281,0,0.0,10588.11067,0.0,0.0,Optimal,500,0,11796417.928881645,11791417.9321846,5000.0
median_p50,RN5,HAMPSHIRE HOSPITALS NHS FOUNDATION TRUST,170,Cardiothoracic Surgery Service,50.39469337463379,0,0.0,50.3946934,0.0,0.0,Optimal,500,0,11796417.928881645,11791417.9321846,5000.0
median_p50,RHM,UNIVERSITY HOSPITAL SOUTHAMPTON NHS FOUNDATION TRUST,150,Neurosurgical Service,3396.930450439453,0,0.0,3396.93044,0.0,0.0,Optimal,500,0,11796417.928881645,11791417.9321846,5000.0
median_p50,RHM,UNIVERSITY HOSPITAL SOUTHAMPTON NHS FOUNDATION TRUST,140,Oral Surgery Service,6209.723815917969,0,0.0,6209.7238,0.0,0.0,Optimal,500,0,11796417.928881645,11791417.9321846,5000.0
median_p50,RHM,UNIVERSITY HOSPITAL SOUTHAMPTON NHS FOUNDATION TRUST,130,Ophthalmology Service,14502.444213867188,0,0.0,14502.4442,0.0,0.0,Optimal,500,0,11796417.928881645,11791417.9321846,5000.0
median_p50,RHM,UNIVERSITY HOSPITAL SOUTHAMPTON NHS FOUNDATION TRUST,120,Ear Nose and Throat Service,3107.9435119628906,0,0.0,3107.9435,0.0,0.0,Optimal,500,0,11796417.928881645,11791417.9321846,5000.0
median_p50,RHM,UNIVERSITY HOSPITAL SOUTHAMPTON NHS FOUNDATION TRUST,110,Trauma and Orthopaedic Service,31734.659912109375,0,0.0,31734.6599,0.0,0.0,Optimal,500,0,11796417.928881645,11791417.9321846,5000.0
median_p50,RHM,UNIVERSITY HOSPITAL SOUTHAMPTON NHS FOUNDATION TRUST,101,Urology Service,10314.29052734375,0,0.0,10314.29052,0.0,0.0,Optimal,500,0,11796417.928881645,11791417.9321846,5000.0
median_p50,RHM,UNIVERSITY HOSPITAL SOUTHAMPTON NHS FOUNDATION TRUST,100,General Surgery Service,4978.937805175781,0,0.0,4978.93779,0.0,0.0,Optimal,500,0,11796417.928881645,11791417.9321846,5000.0
median_p50,RH8,ROYAL DEVON UNIVERSITY HEALTHCARE NHS FOUNDATION TRUST,502,Gynaecology Service,16249.326538085938,0,0.0,16249.3266,0.0,0.0,Optimal,500,0,11796417.928881645,11791417.9321846,5000.0
median_p50,RH8,ROYAL DEVON UNIVERSITY HEALTHCARE NHS FOUNDATION TRUST,170,Cardiothoracic Surgery Service,255.4176549911499,0,0.0,255.417655,0.0,0.0,Optimal,500,0,11796417.928881645,11791417.9321846,5000.0
median_p50,RH8,ROYAL DEVON UNIVERSITY HEALTHCARE NHS FOUNDATION TRUST,160,Plastic Surgery Service,8160.676208496094,0,0.0,8160.67622,0.0,0.0,Optimal,500,0,11796417.928881645,11791417.9321846,5000.0
median_p50,RH8,ROYAL DEVON UNIVERSITY HEALTHCARE NHS FOUNDATION TRUST,140,Oral Surgery Service,8985.417785644531,0,0.0,8985.41777,0.0,0.0,Optimal,500,0,11796417.928881645,11791417.9321846,5000.0
median_p50,RH8,ROYAL DEVON UNIVERSITY HEALTHCARE NHS FOUNDATION TRUST,130,Ophthalmology Service,33198.758544921875,0,0.0,33198.7585,0.0,0.0,Optimal,500,0,11796417.928881645,11791417.9321846,5000.0
median_p50,RH8,ROYAL DEVON UNIVERSITY HEALTHCARE NHS FOUNDATION TRUST,120,Ear Nose and Throat Service,13575.581665039062,0,0.0,13575.5818,0.0,0.0,Optimal,500,0,11796417.928881645,11791417.9321846,5000.0
median_p50,RH8,ROYAL DEVON UNIVERSITY HEALTHCARE NHS FOUNDATION TRUST,110,Trauma and Orthopaedic Service,74224.2607421875,0,0.0,74224.2606,0.0,0.0,Optimal,500,0,11796417.928881645,11791417.9321846,5000.0
median_p50,RH8,ROYAL DEVON UNIVERSITY HEALTHCARE NHS FOUNDATION TRUST,101,Urology Service,18427.1357421875,0,0.0,18427.1358,0.0,0.0,Optimal,500,0,11796417.928881645,11791417.9321846,5000.0
median_p50,RGP,JAMES PAGET UNIVERSITY HOSPITALS NHS FOUNDATION TRUST,160,Plastic Surgery Service,889.9580917358398,0,0.0,889.958091,0.0,0.0,Optimal,500,0,11796417.928881645,11791417.9321846,5000.0
median_p50,RGP,JAMES PAGET UNIVERSITY HOSPITALS NHS FOUNDATION TRUST,130,Ophthalmology Service,6228.117370605469,0,0.0,6228.11738,0.0,0.0,Optimal,500,0,11796417.928881645,11791417.9321846,5000.0
median_p50,REM,LIVERPOOL UNIVERSITY HOSPITALS NHS FOUNDATION TRUST,101,Urology Service,7108.561279296875,0,0.0,7108.56127,0.0,0.0,Optimal,500,0,11796417.928881645,11791417.9321846,5000.0
median_p50,RF4,"BARKING, HAVERING AND REDBRIDGE UNIVERSITY HOSPITALS NHS TRUST",140,Oral Surgery Service,5605.043304443359,0,0.0,5605.0433,0.0,0.0,Optimal,500,0,11796417.928881645,11791417.9321846,5000.0
median_p50,RFR,THE ROTHERHAM NHS FOUNDATION TRUST,100,General Surgery Service,8704.643981933594,0,0.0,8704.64398,0.0,0.0,Optimal,500,0,11796417.928881645,11791417.9321846,5000.0
median_p50,RFF,BARNSLEY HOSPITAL NHS FOUNDATION TRUST,502,Gynaecology Service,9344.548767089844,0,0.0,9344.54876,0.0,0.0,Optimal,500,0,11796417.928881645,11791417.9321846,5000.0
median_p50,RFF,BARNSLEY HOSPITAL NHS FOUNDATION TRUST,140,Oral Surgery Service,10686.102233886719,0,0.0,10686.10224,0.0,0.0,Optimal,500,0,11796417.928881645,11791417.9321846,5000.0
median_p50,RFF,BARNSLEY HOSPITAL NHS FOUNDATION TRUST,130,Ophthalmology Service,6517.1451416015625,0,0.0,6517.1451400000005,0.0,0.0,Optimal,500,0,11796417.928881645,11791417.9321846,5000.0
median_p50,RFF,BARNSLEY HOSPITAL NHS FOUNDATION TRUST,120,Ear Nose and Throat Service,5394.432861328125,0,0.0,5394.43286,0.0,0.0,Optimal,500,0,11796417.928881645,11791417.9321846,5000.0
median_p50,RFF,BARNSLEY HOSPITAL NHS FOUNDATION TRUST,110,Trauma and Orthopaedic Service,14762.649291992188,0,0.0,14762.649300000001,0.0,0.0,Optimal,500,0,11796417.928881645,11791417.9321846,5000.0
median_p50,RFF,BARNSLEY HOSPITAL NHS FOUNDATION TRUST,101,Urology Service,5114.829284667969,0,0.0,5114.82928,0.0,0.0,Optimal,500,0,11796417.928881645,11791417.9321846,5000.0
median_p50,RFF,BARNSLEY HOSPITAL NHS FOUNDATION TRUST,100,General Surgery Service,14147.624145507812,0,0.0,14147.6243,0.0,0.0,Optimal,500,0,11796417.928881645,11791417.9321846,5000.0
median_p50,RF4,"BARKING, HAVERING AND REDBRIDGE UNIVERSITY HOSPITALS NHS TRUST",502,Gynaecology Service,5890.807525634766,0,0.0,5890.80752,0.0,0.0,Optimal,500,0,11796417.928881645,11791417.9321846,5000.0
median_p50,RF4,"BARKING, HAVERING AND REDBRIDGE UNIVERSITY HOSPITALS NHS TRUST",150,Neurosurgical Service,1722.834373474121,0,0.0,1722.83437,0.0,0.0,Optimal,500,0,11796417.928881645,11791417.9321846,5000.0
median_p50,RF4,"BARKING, HAVERING AND REDBRIDGE UNIVERSITY HOSPITALS NHS TRUST",130,Ophthalmology Service,4434.806854248047,0,0.0,4434.80685,0.0,0.0,Optimal,500,0,11796417.928881645,11791417.9321846,5000.0
median_p50,RGP,JAMES PAGET UNIVERSITY HOSPITALS NHS FOUNDATION TRUST,120,Ear Nose and Throat Service,2947.197235107422,0,0.0,2947.19722,0.0,0.0,Optimal,500,0,11796417.928881645,11791417.9321846,5000.0
median_p50,RF4,"BARKING, HAVERING AND REDBRIDGE UNIVERSITY HOSPITALS NHS TRUST",120,Ear Nose and Throat Service,9874.071594238281,0,0.0,9874.07159,0.0,0.0,Optimal,500,0,11796417.928881645,11791417.9321846,5000.0
median_p50,RF4,"BARKING, HAVERING AND REDBRIDGE UNIVERSITY HOSPITALS NHS TRUST",110,Trauma and Orthopaedic Service,8752.833801269531,0,0.0,8752.83381,0.0,0.0,Optimal,500,0,11796417.928881645,11791417.9321846,5000.0
median_p50,RF4,"BARKING, HAVERING AND REDBRIDGE UNIVERSITY HOSPITALS NHS TRUST",101,Urology Service,3704.224151611328,0,0.0,3704.2241599999998,0.0,0.0,Optimal,500,0,11796417.928881645,11791417.9321846,5000.0
median_p50,RF4,"BARKING, HAVERING AND REDBRIDGE UNIVERSITY HOSPITALS NHS TRUST",100,General Surgery Service,8561.064392089844,0,0.0,8561.06439,0.0,0.0,Optimal,500,0,11796417.928881645,11791417.9321846,5000.0
median_p50,RET,THE WALTON CENTRE NHS FOUNDATION TRUST,150,Neurosurgical Service,14209.305419921875,0,0.0,14209.3054,0.0,0.0,Optimal,500,0,11796417.928881645,11791417.9321846,5000.0
median_p50,REP,LIVERPOOL WOMEN'S NHS FOUNDATION TRUST,502,Gynaecology Service,27539.609985351562,0,0.0,27539.61,0.0,0.0,Optimal,500,0,11796417.928881645,11791417.9321846,5000.0
median_p50,REM,LIVERPOOL UNIVERSITY HOSPITALS NHS FOUNDATION TRUST,140,Oral Surgery Service,9109.004638671875,0,0.0,9109.00464,0.0,0.0,Optimal,500,0,11796417.928881645,11791417.9321846,5000.0
median_p50,REM,LIVERPOOL UNIVERSITY HOSPITALS NHS FOUNDATION TRUST,130,Ophthalmology Service,20279.121337890625,0,0.0,20279.1214,0.0,0.0,Optimal,500,0,11796417.928881645,11791417.9321846,5000.0
median_p50,REM,LIVERPOOL UNIVERSITY HOSPITALS NHS FOUNDATION TRUST,120,Ear Nose and Throat Service,10161.853515625,0,0.0,10161.85352,0.0,0.0,Optimal,500,0,11796417.928881645,11791417.9321846,5000.0
median_p50,REM,LIVERPOOL UNIVERSITY HOSPITALS NHS FOUNDATION TRUST,110,Trauma and Orthopaedic Service,16180.909301757812,0,0.0,16180.9093,0.0,0.0,Optimal,500,0,11796417.928881645,11791417.9321846,5000.0
median_p50,RFR,THE ROTHERHAM NHS FOUNDATION TRUST,101,Urology Service,5578.542510986328,0,0.0,5578.54251,0.0,0.0,Optimal,500,0,11796417.928881645,11791417.9321846,5000.0
median_p50,RFR,THE ROTHERHAM NHS FOUNDATION TRUST,110,Trauma and Orthopaedic Service,29776.76416015625,0,0.0,29776.7641,0.0,0.0,Optimal,500,0,11796417.928881645,11791417.9321846,5000.0
median_p50,RFR,THE ROTHERHAM NHS FOUNDATION TRUST,120,Ear Nose and Throat Service,9732.335693359375,0,0.0,9732.33569,0.0,0.0,Optimal,500,0,11796417.928881645,11791417.9321846,5000.0
median_p50,RFR,THE ROTHERHAM NHS FOUNDATION TRUST,130,Ophthalmology Service,4294.699676513672,0,0.0,4294.69968,0.0,0.0,Optimal,500,0,11796417.928881645,11791417.9321846,5000.0
median_p50,RGP,JAMES PAGET UNIVERSITY HOSPITALS NHS FOUNDATION TRUST,110,Trauma and Orthopaedic Service,13123.914672851562,0,0.0,13123.9147,0.0,0.0,Optimal,500,0,11796417.928881645,11791417.9321846,5000.0
median_p50,RGP,JAMES PAGET UNIVERSITY HOSPITALS NHS FOUNDATION TRUST,101,Urology Service,3672.5853576660156,0,0.0,3672.58536,0.0,0.0,Optimal,500,0,11796417.928881645,11791417.9321846,5000.0
median_p50,RGP,JAMES PAGET UNIVERSITY HOSPITALS NHS FOUNDATION TRUST,100,General Surgery Service,13257.610961914062,0,0.0,13257.6109,0.0,0.0,Optimal,500,0,11796417.928881645,11791417.9321846,5000.0
median_p50,RGN,NORTH WEST ANGLIA NHS FOUNDATION TRUST,502,Gynaecology Service,7593.914611816406,0,0.0,7593.9146200000005,0.0,0.0,Optimal,500,0,11796417.928881645,11791417.9321846,5000.0
median_p50,RGN,NORTH WEST ANGLIA NHS FOUNDATION TRUST,160,Plastic Surgery Service,10128.993225097656,0,0.0,10128.99324,0.0,0.0,Optimal,500,0,11796417.928881645,11791417.9321846,5000.0
median_p50,RGN,NORTH WEST ANGLIA NHS FOUNDATION TRUST,140,Oral Surgery Service,4474.640075683594,0,0.0,4474.64008,0.0,0.0,Optimal,500,0,11796417.928881645,11791417.9321846,5000.0
median_p50,RGN,NORTH WEST ANGLIA NHS FOUNDATION TRUST,130,Ophthalmology Service,9791.4443359375,0,0.0,9791.44433,0.0,0.0,Optimal,500,0,11796417.928881645,11791417.9321846,5000.0
median_p50,RGN,NORTH WEST ANGLIA NHS FOUNDATION TRUST,120,Ear Nose and Throat Service,9595.936096191406,0,0.0,9595.93609,0.0,0.0,Optimal,500,0,11796417.928881645,11791417.9321846,5000.0
median_p50,RGN,NORTH WEST ANGLIA NHS FOUNDATION TRUST,110,Trauma and Orthopaedic Service,28945.83203125,0,0.0,28945.832,0.0,0.0,Optimal,500,0,11796417.928881645,11791417.9321846,5000.0
median_p50,RGN,NORTH WEST ANGLIA NHS FOUNDATION TRUST,101,Urology Service,6744.273895263672,0,0.0,6744.27391,0.0,0.0,Optimal,500,0,11796417.928881645,11791417.9321846,5000.0
median_p50,RGN,NORTH WEST ANGLIA NHS FOUNDATION TRUST,100,General Surgery Service,13652.069213867188,0,0.0,13652.0692,0.0,0.0,Optimal,500,0,11796417.928881645,11791417.9321846,5000.0
median_p50,RGM,ROYAL PAPWORTH HOSPITAL NHS FOUNDATION TRUST,170,Cardiothoracic Surgery Service,3010.139678955078,0,0.0,3010.1396799999998,0.0,0.0,Optimal,500,0,11796417.928881645,11791417.9321846,5000.0
median_p50,RFS,CHESTERFIELD ROYAL HOSPITAL NHS FOUNDATION TRUST,502,Gynaecology Service,7330.419494628906,0,0.0,7330.41951,0.0,0.0,Optimal,500,0,11796417.928881645,11791417.9321846,5000.0
median_p50,RFS,CHESTERFIELD ROYAL HOSPITAL NHS FOUNDATION TRUST,140,Oral Surgery Service,3071.3455200195312,0,0.0,3071.34551,0.0,0.0,Optimal,500,0,11796417.928881645,11791417.9321846,5000.0
median_p50,RFS,CHESTERFIELD ROYAL HOSPITAL NHS FOUNDATION TRUST,130,Ophthalmology Service,3518.939697265625,0,0.0,3518.93969,0.0,0.0,Optimal,500,0,11796417.928881645,11791417.9321846,5000.0
median_p50,RFS,CHESTERFIELD ROYAL HOSPITAL NHS FOUNDATION TRUST,120,Ear Nose and Throat Service,5107.292572021484,0,0.0,5107.29257,0.0,0.0,Optimal,500,0,11796417.928881645,11791417.9321846,5000.0
median_p50,RFS,CHESTERFIELD ROYAL HOSPITAL NHS FOUNDATION TRUST,110,Trauma and Orthopaedic Service,19483.147216796875,0,0.0,19483.1472,0.0,0.0,Optimal,500,0,11796417.928881645,11791417.9321846,5000.0
median_p50,RFS,CHESTERFIELD ROYAL HOSPITAL NHS FOUNDATION TRUST,101,Urology Service,4497.422302246094,0,0.0,4497.4223,0.0,0.0,Optimal,500,0,11796417.928881645,11791417.9321846,5000.0
median_p50,RFS,CHESTERFIELD ROYAL HOSPITAL NHS FOUNDATION TRUST,100,General Surgery Service,10349.831848144531,0,0.0,10349.83184,0.0,0.0,Optimal,500,0,11796417.928881645,11791417.9321846,5000.0
median_p50,RFR,THE ROTHERHAM NHS FOUNDATION TRUST,502,Gynaecology Service,11443.326965332031,0,0.0,11443.32695,0.0,0.0,Optimal,500,0,11796417.928881645,11791417.9321846,5000.0
median_p50,RFR,THE ROTHERHAM NHS FOUNDATION TRUST,140,Oral Surgery Service,9601.177124023438,0,0.0,9601.17712,0.0,0.0,Optimal,500,0,11796417.928881645,11791417.9321846,5000.0
median_p50,RN5,HAMPSHIRE HOSPITALS NHS FOUNDATION TRUST,140,Oral Surgery Service,3271.4417724609375,0,0.0,3271.4417599999997,0.0,0.0,Optimal,500,0,11796417.928881645,11791417.9321846,5000.0
median_p50,RNA,THE DUDLEY GROUP NHS FOUNDATION TRUST,120,Ear Nose and Throat Service,10921.120788574219,0,0.0,10921.12078,0.0,0.0,Optimal,500,0,11796417.928881645,11791417.9321846,5000.0
median_p50,RN5,HAMPSHIRE HOSPITALS NHS FOUNDATION TRUST,502,Gynaecology Service,6768.368103027344,0,0.0,6768.3681,0.0,0.0,Optimal,500,0,11796417.928881645,11791417.9321846,5000.0
median_p50,RWH,EAST AND NORTH HERTFORDSHIRE TEACHING NHS TRUST,140,Oral Surgery Service,1849.7852478027344,0,0.0,1849.78524,0.0,0.0,Optimal,500,0,11796417.928881645,11791417.9321846,5000.0
median_p50,RWJ,STOCKPORT NHS FOUNDATION TRUST,502,Gynaecology Service,4490.333282470703,0,0.0,4490.33329,0.0,0.0,Optimal,500,0,11796417.928881645,11791417.9321846,5000.0
median_p50,RWJ,STOCKPORT NHS FOUNDATION TRUST,140,Oral Surgery Service,167.87009143829346,0,0.0,167.8700902,0.0,0.0,Optimal,500,0,11796417.928881645,11791417.9321846,5000.0
median_p50,RWJ,STOCKPORT NHS FOUNDATION TRUST,130,Ophthalmology Service,9793.713012695312,0,0.0,9793.71301,0.0,0.0,Optimal,500,0,11796417.928881645,11791417.9321846,5000.0
median_p50,RWJ,STOCKPORT NHS FOUNDATION TRUST,120,Ear Nose and Throat Service,6892.712646484375,0,0.0,6892.71264,0.0,0.0,Optimal,500,0,11796417.928881645,11791417.9321846,5000.0
median_p50,RWJ,STOCKPORT NHS FOUNDATION TRUST,110,Trauma and Orthopaedic Service,29459.776123046875,0,0.0,29459.775999999998,0.0,0.0,Optimal,500,0,11796417.928881645,11791417.9321846,5000.0
median_p50,RWJ,STOCKPORT NHS FOUNDATION TRUST,101,Urology Service,10208.032653808594,0,0.0,10208.032659999999,0.0,0.0,Optimal,500,0,11796417.928881645,11791417.9321846,5000.0
median_p50,RWJ,STOCKPORT NHS FOUNDATION TRUST,100,General Surgery Service,9159.806518554688,0,0.0,9159.80652,0.0,0.0,Optimal,500,0,11796417.928881645,11791417.9321846,5000.0
median_p50,RWH,EAST AND NORTH HERTFORDSHIRE TEACHING NHS TRUST,502,Gynaecology Service,5481.334991455078,0,0.0,5481.33501,0.0,0.0,Optimal,500,0,11796417.928881645,11791417.9321846,5000.0
median_p50,RWH,EAST AND NORTH HERTFORDSHIRE TEACHING NHS TRUST,170,Cardiothoracic Surgery Service,272.2083854675293,0,0.0,272.208387,0.0,0.0,Optimal,500,0,11796417.928881645,11791417.9321846,5000.0
median_p50,RWH,EAST AND NORTH HERTFORDSHIRE TEACHING NHS TRUST,160,Plastic Surgery Service,17447.890991210938,0,0.0,17447.891,0.0,0.0,Optimal,500,0,11796417.928881645,11791417.9321846,5000.0
median_p50,RWH,EAST AND NORTH HERTFORDSHIRE TEACHING NHS TRUST,130,Ophthalmology Service,6149.048004150391,0,0.0,6149.04799,0.0,0.0,Optimal,500,0,11796417.928881645,11791417.9321846,5000.0
median_p50,RWP,WORCESTERSHIRE ACUTE HOSPITALS NHS TRUST,101,Urology Service,16971.349853515625,0,0.0,16971.3498,0.0,0.0,Optimal,500,0,11796417.928881645,11791417.9321846,5000.0
median_p50,RWH,EAST AND NORTH HERTFORDSHIRE TEACHING NHS TRUST,120,Ear Nose and Throat Service,12166.973571777344,0,0.0,12166.97355,0.0,0.0,Optimal,500,0,11796417.928881645,11791417.9321846,5000.0
median_p50,RWH,EAST AND NORTH HERTFORDSHIRE TEACHING NHS TRUST,110,Trauma and Orthopaedic Service,15324.325561523438,0,0.0,15324.3256,0.0,0.0,Optimal,500,0,11796417.928881645,11791417.9321846,5000.0
median_p50,RWH,EAST AND NORTH HERTFORDSHIRE TEACHING NHS TRUST,101,Urology Service,7254.927978515625,0,0.0,7254.92798,0.0,0.0,Optimal,500,0,11796417.928881645,11791417.9321846,5000.0
median_p50,RWH,EAST AND NORTH HERTFORDSHIRE TEACHING NHS TRUST,100,General Surgery Service,5639.567596435547,0,0.0,5639.5676,0.0,0.0,Optimal,500,0,11796417.928881645,11791417.9321846,5000.0
median_p50,RWG,WEST HERTFORDSHIRE TEACHING HOSPITALS NHS TRUST,502,Gynaecology Service,6304.972961425781,0,0.0,6304.97296,0.0,0.0,Optimal,500,0,11796417.928881645,11791417.9321846,5000.0
median_p50,RWG,WEST HERTFORDSHIRE TEACHING HOSPITALS NHS TRUST,140,Oral Surgery Service,8504.910888671875,0,0.0,8504.91091,0.0,0.0,Optimal,500,0,11796417.928881645,11791417.9321846,5000.0
median_p50,RWG,WEST HERTFORDSHIRE TEACHING HOSPITALS NHS TRUST,130,Ophthalmology Service,6176.6942138671875,0,0.0,6176.6942,0.0,0.0,Optimal,500,0,11796417.928881645,11791417.9321846,5000.0
median_p50,RWG,WEST HERTFORDSHIRE TEACHING HOSPITALS NHS TRUST,120,Ear Nose and Throat Service,7389.749694824219,0,0.0,7389.7497,0.0,0.0,Optimal,500,0,11796417.928881645,11791417.9321846,5000.0
median_p50,RWG,WEST HERTFORDSHIRE TEACHING HOSPITALS NHS TRUST,110,Trauma and Orthopaedic Service,25188.632568359375,0,0.0,25188.6325,0.0,0.0,Optimal,500,0,11796417.928881645,11791417.9321846,5000.0
median_p50,RWG,WEST HERTFORDSHIRE TEACHING HOSPITALS NHS TRUST,101,Urology Service,5818.78076171875,0,0.0,5818.78076,0.0,0.0,Optimal,500,0,11796417.928881645,11791417.9321846,5000.0
median_p50,RWP,WORCESTERSHIRE ACUTE HOSPITALS NHS TRUST,100,General Surgery Service,13341.313720703125,0,0.0,13341.313699999999,0.0,0.0,Optimal,500,0,11796417.928881645,11791417.9321846,5000.0
median_p50,RWP,WORCESTERSHIRE ACUTE HOSPITALS NHS TRUST,110,Trauma and Orthopaedic Service,36663.10693359375,0,0.0,36663.107,0.0,0.0,Optimal,500,0,11796417.928881645,11791417.9321846,5000.0
median_p50,RVJ,NORTH BRISTOL NHS TRUST,170,Cardiothoracic Surgery Service,116.24531745910645,0,0.0,116.2453178,0.0,0.0,Optimal,500,0,11796417.928881645,11791417.9321846,5000.0
median_p50,RWY,CALDERDALE AND HUDDERSFIELD NHS FOUNDATION TRUST,101,Urology Service,6487.873291015625,0,0.0,6487.8732899999995,0.0,0.0,Optimal,500,0,11796417.928881645,11791417.9321846,5000.0
median_p50,RX1,NOTTINGHAM UNIVERSITY HOSPITALS NHS TRUST,120,Ear Nose and Throat Service,10069.757507324219,0,0.0,10069.7575,0.0,0.0,Optimal,500,0,11796417.928881645,11791417.9321846,5000.0
median_p50,RX1,NOTTINGHAM UNIVERSITY HOSPITALS NHS TRUST,110,Trauma and Orthopaedic Service,15142.487670898438,0,0.0,15142.4876,0.0,0.0,Optimal,500,0,11796417.928881645,11791417.9321846,5000.0
median_p50,RX1,NOTTINGHAM UNIVERSITY HOSPITALS NHS TRUST,101,Urology Service,5796.455749511719,0,0.0,5796.4557700000005,0.0,0.0,Optimal,500,0,11796417.928881645,11791417.9321846,5000.0
median_p50,RX1,NOTTINGHAM UNIVERSITY HOSPITALS NHS TRUST,100,General Surgery Service,3519.48193359375,0,0.0,3519.48193,0.0,0.0,Optimal,500,0,11796417.928881645,11791417.9321846,5000.0
median_p50,RWY,CALDERDALE AND HUDDERSFIELD NHS FOUNDATION TRUST,502,Gynaecology Service,6632.577697753906,0,0.0,6632.5777100000005,0.0,0.0,Optimal,500,0,11796417.928881645,11791417.9321846,5000.0
median_p50,RWY,CALDERDALE AND HUDDERSFIELD NHS FOUNDATION TRUST,160,Plastic Surgery Service,3145.9689331054688,0,0.0,3145.9689200000003,0.0,0.0,Optimal,500,0,11796417.928881645,11791417.9321846,5000.0
median_p50,RWY,CALDERDALE AND HUDDERSFIELD NHS FOUNDATION TRUST,140,Oral Surgery Service,2385.1172637939453,0,0.0,2385.11727,0.0,0.0,Optimal,500,0,11796417.928881645,11791417.9321846,5000.0
median_p50,RWY,CALDERDALE AND HUDDERSFIELD NHS FOUNDATION TRUST,130,Ophthalmology Service,8542.749572753906,0,0.0,8542.74957,0.0,0.0,Optimal,500,0,11796417.928881645,11791417.9321846,5000.0
median_p50,RWY,CALDERDALE AND HUDDERSFIELD NHS FOUNDATION TRUST,120,Ear Nose and Throat Service,6884.11083984375,0,0.0,6884.11083,0.0,0.0,Optimal,500,0,11796417.928881645,11791417.9321846,5000.0
median_p50,RWY,CALDERDALE AND HUDDERSFIELD NHS FOUNDATION TRUST,110,Trauma and Orthopaedic Service,14039.751953125,0,0.0,14039.7519,0.0,0.0,Optimal,500,0,11796417.928881645,11791417.9321846,5000.0
median_p50,RWY,CALDERDALE AND HUDDERSFIELD NHS FOUNDATION TRUST,100,General Surgery Service,22473.201171875,0,0.0,22473.201,0.0,0.0,Optimal,500,0,11796417.928881645,11791417.9321846,5000.0
median_p50,RWP,WORCESTERSHIRE ACUTE HOSPITALS NHS TRUST,120,Ear Nose and Throat Service,13246.579711914062,0,0.0,13246.5796,0.0,0.0,Optimal,500,0,11796417.928881645,11791417.9321846,5000.0
median_p50,RWW,NORTH CHESHIRE AND MERSEY NHS FOUNDATION TRUST,502,Gynaecology Service,4819.316650390625,0,0.0,4819.31666,0.0,0.0,Optimal,500,0,11796417.928881645,11791417.9321846,5000.0
median_p50,RWW,NORTH CHESHIRE AND MERSEY NHS FOUNDATION TRUST,130,Ophthalmology Service,7534.456481933594,0,0.0,7534.45649,0.0,0.0,Optimal,500,0,11796417.928881645,11791417.9321846,5000.0
median_p50,RWW,NORTH CHESHIRE AND MERSEY NHS FOUNDATION TRUST,120,Ear Nose and Throat Service,4935.840179443359,0,0.0,4935.84018,0.0,0.0,Optimal,500,0,11796417.928881645,11791417.9321846,5000.0
median_p50,RWW,NORTH CHESHIRE AND MERSEY NHS FOUNDATION TRUST,110,Trauma and Orthopaedic Service,18374.70458984375,0,0.0,18374.7044,0.0,0.0,Optimal,500,0,11796417.928881645,11791417.9321846,5000.0
median_p50,RWW,NORTH CHESHIRE AND MERSEY NHS FOUNDATION TRUST,101,Urology Service,5041.627990722656,0,0.0,5041.62799,0.0,0.0,Optimal,500,0,11796417.928881645,11791417.9321846,5000.0
median_p50,RWW,NORTH CHESHIRE AND MERSEY NHS FOUNDATION TRUST,100,General Surgery Service,3469.2901306152344,0,0.0,3469.29015,0.0,0.0,Optimal,500,0,11796417.928881645,11791417.9321846,5000.0
median_p50,RWP,WORCESTERSHIRE ACUTE HOSPITALS NHS TRUST,502,Gynaecology Service,11259.152893066406,0,0.0,11259.15289,0.0,0.0,Optimal,500,0,11796417.928881645,11791417.9321846,5000.0
median_p50,RWP,WORCESTERSHIRE ACUTE HOSPITALS NHS TRUST,160,Plastic Surgery Service,59.3831729888916,0,0.0,59.3831731,0.0,0.0,Optimal,500,0,11796417.928881645,11791417.9321846,5000.0
median_p50,RWP,WORCESTERSHIRE ACUTE HOSPITALS NHS TRUST,140,Oral Surgery Service,9721.612060546875,0,0.0,9721.61205,0.0,0.0,Optimal,500,0,11796417.928881645,11791417.9321846,5000.0
median_p50,RWP,WORCESTERSHIRE ACUTE HOSPITALS NHS TRUST,130,Ophthalmology Service,13822.908203125,0,0.0,13822.9083,0.0,0.0,Optimal,500,0,11796417.928881645,11791417.9321846,5000.0
median_p50,RWG,WEST HERTFORDSHIRE TEACHING HOSPITALS NHS TRUST,100,General Surgery Service,13995.119873046875,0,0.0,13995.1199,0.0,0.0,Optimal,500,0,11796417.928881645,11791417.9321846,5000.0
median_p50,RWF,MAIDSTONE AND TUNBRIDGE WELLS NHS TRUST,502,Gynaecology Service,11291.626586914062,0,0.0,11291.62659,0.0,0.0,Optimal,500,0,11796417.928881645,11791417.9321846,5000.0
median_p50,RWF,MAIDSTONE AND TUNBRIDGE WELLS NHS TRUST,130,Ophthalmology Service,17178.448974609375,0,0.0,17178.449,0.0,0.0,Optimal,500,0,11796417.928881645,11791417.9321846,5000.0
median_p50,RVV,EAST KENT HOSPITALS UNIVERSITY NHS FOUNDATION TRUST,130,Ophthalmology Service,16305.277465820312,0,0.0,16305.2777,0.0,0.0,Optimal,500,0,11796417.928881645,11791417.9321846,5000.0
median_p50,RWA,HULL UNIVERSITY TEACHING HOSPITALS NHS TRUST,110,Trauma and Orthopaedic Service,28565.571044921875,0,0.0,28565.5711,0.0,0.0,Optimal,500,0,11796417.928881645,11791417.9321846,5000.0
median_p50,RWA,HULL UNIVERSITY TEACHING HOSPITALS NHS TRUST,101,Urology Service,12041.923583984375,0,0.0,12041.92356,0.0,0.0,Optimal,500,0,11796417.928881645,11791417.9321846,5000.0
median_p50,RWA,HULL UNIVERSITY TEACHING HOSPITALS NHS TRUST,100,General Surgery Service,23657.584594726562,0,0.0,23657.5847,0.0,0.0,Optimal,500,0,11796417.928881645,11791417.9321846,5000.0
median_p50,RW1,HAMPSHIRE AND ISLE OF WIGHT HEALTHCARE NHS FOUNDATION TRUST,100,General Surgery Service,120.1825680732727,0,0.0,120.1825679,0.0,0.0,Optimal,500,0,11796417.928881645,11791417.9321846,5000.0
median_p50,RVW,NORTH TEES AND HARTLEPOOL NHS FOUNDATION TRUST,502,Gynaecology Service,10232.76806640625,0,0.0,10232.76806,0.0,0.0,Optimal,500,0,11796417.928881645,11791417.9321846,5000.0
median_p50,RVW,NORTH TEES AND HARTLEPOOL NHS FOUNDATION TRUST,110,Trauma and Orthopaedic Service,27893.473876953125,0,0.0,27893.4739,0.0,0.0,Optimal,500,0,11796417.928881645,11791417.9321846,5000.0
median_p50,RVW,NORTH TEES AND HARTLEPOOL NHS FOUNDATION TRUST,101,Urology Service,7339.307312011719,0,0.0,7339.30731,0.0,0.0,Optimal,500,0,11796417.928881645,11791417.9321846,5000.0
median_p50,RVW,NORTH TEES AND HARTLEPOOL NHS FOUNDATION TRUST,100,General Surgery Service,6438.346252441406,0,0.0,6438.34624,0.0,0.0,Optimal,500,0,11796417.928881645,11791417.9321846,5000.0
median_p50,RVV,EAST KENT HOSPITALS UNIVERSITY NHS FOUNDATION TRUST,502,Gynaecology Service,6097.989807128906,0,0.0,6097.98982,0.0,0.0,Optimal,500,0,11796417.928881645,11791417.9321846,5000.0
median_p50,RVV,EAST KENT HOSPITALS UNIVERSITY NHS FOUNDATION TRUST,140,Oral Surgery Service,8266.159790039062,0,0.0,8266.1598,0.0,0.0,Optimal,500,0,11796417.928881645,11791417.9321846,5000.0
median_p50,RVV,EAST KENT HOSPITALS UNIVERSITY NHS FOUNDATION TRUST,120,Ear Nose and Throat Service,28816.5576171875,0,0.0,28816.5574,0.0,0.0,Optimal,500,0,11796417.928881645,11791417.9321846,5000.0
median_p50,RWF,MAIDSTONE AND TUNBRIDGE WELLS NHS TRUST,120,Ear Nose and Throat Service,9022.518737792969,0,0.0,9022.51874,0.0,0.0,Optimal,500,0,11796417.928881645,11791417.9321846,5000.0
median_p50,RVV,EAST KENT HOSPITALS UNIVERSITY NHS FOUNDATION TRUST,110,Trauma and Orthopaedic Service,52914.9384765625,0,0.0,52914.9385,0.0,0.0,Optimal,500,0,11796417.928881645,11791417.9321846,5000.0
median_p50,RVV,EAST KENT HOSPITALS UNIVERSITY NHS FOUNDATION TRUST,101,Urology Service,14690.414916992188,0,0.0,14690.4148,0.0,0.0,Optimal,500,0,11796417.928881645,11791417.9321846,5000.0
median_p50,RVV,EAST KENT HOSPITALS UNIVERSITY NHS FOUNDATION TRUST,100,General Surgery Service,39044.243896484375,0,0.0,39044.244,0.0,0.0,Optimal,500,0,11796417.928881645,11791417.9321846,5000.0
median_p50,RVR,EPSOM AND ST HELIER UNIVERSITY HOSPITALS NHS TRUST,502,Gynaecology Service,7880.828186035156,0,0.0,7880.82819,0.0,0.0,Optimal,500,0,11796417.928881645,11791417.9321846,5000.0
median_p50,RVR,EPSOM AND ST HELIER UNIVERSITY HOSPITALS NHS TRUST,140,Oral Surgery Service,1911.4325408935547,0,0.0,1911.43254,0.0,0.0,Optimal,500,0,11796417.928881645,11791417.9321846,5000.0
median_p50,RVR,EPSOM AND ST HELIER UNIVERSITY HOSPITALS NHS TRUST,130,Ophthalmology Service,6660.81005859375,0,0.0,6660.8100699999995,0.0,0.0,Optimal,500,0,11796417.928881645,11791417.9321846,5000.0
median_p50,RVR,EPSOM AND ST HELIER UNIVERSITY HOSPITALS NHS TRUST,120,Ear Nose and Throat Service,2723.744415283203,0,0.0,2723.74444,0.0,0.0,Optimal,500,0,11796417.928881645,11791417.9321846,5000.0
median_p50,RVR,EPSOM AND ST HELIER UNIVERSITY HOSPITALS NHS TRUST,110,Trauma and Orthopaedic Service,58280.4912109375,0,0.0,58280.491200000004,0.0,0.0,Optimal,500,0,11796417.928881645,11791417.9321846,5000.0
median_p50,RVR,EPSOM AND ST HELIER UNIVERSITY HOSPITALS NHS TRUST,101,Urology Service,5165.350860595703,0,0.0,5165.35087,0.0,0.0,Optimal,500,0,11796417.928881645,11791417.9321846,5000.0
median_p50,RVR,EPSOM AND ST HELIER UNIVERSITY HOSPITALS NHS TRUST,100,General Surgery Service,9174.784973144531,0,0.0,9174.78498,0.0,0.0,Optimal,500,0,11796417.928881645,11791417.9321846,5000.0
median_p50,RWA,HULL UNIVERSITY TEACHING HOSPITALS NHS TRUST,120,Ear Nose and Throat Service,14524.175903320312,0,0.0,14524.176,0.0,0.0,Optimal,500,0,11796417.928881645,11791417.9321846,5000.0
median_p50,RWA,HULL UNIVERSITY TEACHING HOSPITALS NHS TRUST,130,Ophthalmology Service,33398.33251953125,0,0.0,33398.3325,0.0,0.0,Optimal,500,0,11796417.928881645,11791417.9321846,5000.0
median_p50,RWA,HULL UNIVERSITY TEACHING HOSPITALS NHS TRUST,140,Oral Surgery Service,5213.076080322266,0,0.0,5213.07609,0.0,0.0,Optimal,500,0,11796417.928881645,11791417.9321846,5000.0
median_p50,RWA,HULL UNIVERSITY TEACHING HOSPITALS NHS TRUST,150,Neurosurgical Service,8531.379150390625,0,0.0,8531.37916,0.0,0.0,Optimal,500,0,11796417.928881645,11791417.9321846,5000.0
median_p50,RWF,MAIDSTONE AND TUNBRIDGE WELLS NHS TRUST,110,Trauma and Orthopaedic Service,26377.95361328125,0,0.0,26377.9535,0.0,0.0,Optimal,500,0,11796417.928881645,11791417.9321846,5000.0
median_p50,RWF,MAIDSTONE AND TUNBRIDGE WELLS NHS TRUST,101,Urology Service,8483.193725585938,0,0.0,8483.19373,0.0,0.0,Optimal,500,0,11796417.928881645,11791417.9321846,5000.0
median_p50,RWF,MAIDSTONE AND TUNBRIDGE WELLS NHS TRUST,100,General Surgery Service,29171.0888671875,0,0.0,29171.089,0.0,0.0,Optimal,500,0,11796417.928881645,11791417.9321846,5000.0
median_p50,RWE,UNIVERSITY HOSPITALS OF LEICESTER NHS TRUST,502,Gynaecology Service,11039.487487792969,0,0.0,11039.48747,0.0,0.0,Optimal,500,0,11796417.928881645,11791417.9321846,5000.0
median_p50,RWE,UNIVERSITY HOSPITALS OF LEICESTER NHS TRUST,170,Cardiothoracic Surgery Service,2138.8790283203125,0,0.0,2138.87902,0.0,0.0,Optimal,500,0,11796417.928881645,11791417.9321846,5000.0
median_p50,RWE,UNIVERSITY HOSPITALS OF LEICESTER NHS TRUST,160,Plastic Surgery Service,7967.068420410156,0,0.0,7967.06843,0.0,0.0,Optimal,500,0,11796417.928881645,11791417.9321846,5000.0
median_p50,RWE,UNIVERSITY HOSPITALS OF LEICESTER NHS TRUST,140,Oral Surgery Service,6211.045074462891,0,0.0,6211.04507,0.0,0.0,Optimal,500,0,11796417.928881645,11791417.9321846,5000.0
median_p50,RWE,UNIVERSITY HOSPITALS OF LEICESTER NHS TRUST,130,Ophthalmology Service,14214.208984375,0,0.0,14214.2089,0.0,0.0,Optimal,500,0,11796417.928881645,11791417.9321846,5000.0
median_p50,RWE,UNIVERSITY HOSPITALS OF LEICESTER NHS TRUST,120,Ear Nose and Throat Service,10413.037658691406,0,0.0,10413.03763,0.0,0.0,Optimal,500,0,11796417.928881645,11791417.9321846,5000.0
median_p50,RWE,UNIVERSITY HOSPITALS OF LEICESTER NHS TRUST,110,Trauma and Orthopaedic Service,32339.97265625,0,0.0,32339.972700000002,0.0,0.0,Optimal,500,0,11796417.928881645,11791417.9321846,5000.0
median_p50,RWE,UNIVERSITY HOSPITALS OF LEICESTER NHS TRUST,101,Urology Service,9415.28564453125,0,0.0,9415.28564,0.0,0.0,Optimal,500,0,11796417.928881645,11791417.9321846,5000.0
median_p50,RWE,UNIVERSITY HOSPITALS OF LEICESTER NHS TRUST,100,General Surgery Service,11579.630737304688,0,0.0,11579.63078,0.0,0.0,Optimal,500,0,11796417.928881645,11791417.9321846,5000.0
median_p50,RWD,UNITED LINCOLNSHIRE TEACHING HOSPITALS NHS TRUST,502,Gynaecology Service,7084.254638671875,0,0.0,7084.25464,0.0,0.0,Optimal,500,0,11796417.928881645,11791417.9321846,5000.0
median_p50,RWD,UNITED LINCOLNSHIRE TEACHING HOSPITALS NHS TRUST,130,Ophthalmology Service,7626.2177734375,0,0.0,7626.2177599999995,0.0,0.0,Optimal,500,0,11796417.928881645,11791417.9321846,5000.0
median_p50,RWD,UNITED LINCOLNSHIRE TEACHING HOSPITALS NHS TRUST,120,Ear Nose and Throat Service,9388.992736816406,0,0.0,9388.99273,0.0,0.0,Optimal,500,0,11796417.928881645,11791417.9321846,5000.0
median_p50,RWD,UNITED LINCOLNSHIRE TEACHING HOSPITALS NHS TRUST,110,Trauma and Orthopaedic Service,31989.838134765625,0,0.0,31989.8381,0.0,0.0,Optimal,500,0,11796417.928881645,11791417.9321846,5000.0
median_p50,RWD,UNITED LINCOLNSHIRE TEACHING HOSPITALS NHS TRUST,101,Urology Service,7280.699645996094,0,0.0,7280.69963,0.0,0.0,Optimal,500,0,11796417.928881645,11791417.9321846,5000.0
median_p50,RWD,UNITED LINCOLNSHIRE TEACHING HOSPITALS NHS TRUST,100,General Surgery Service,25132.78466796875,0,0.0,25132.7846,0.0,0.0,Optimal,500,0,11796417.928881645,11791417.9321846,5000.0
median_p50,RWA,HULL UNIVERSITY TEACHING HOSPITALS NHS TRUST,502,Gynaecology Service,14690.436767578125,0,0.0,14690.4368,0.0,0.0,Optimal,500,0,11796417.928881645,11791417.9321846,5000.0
median_p50,RWA,HULL UNIVERSITY TEACHING HOSPITALS NHS TRUST,170,Cardiothoracic Surgery Service,1247.578514099121,0,0.0,1247.57852,0.0,0.0,Optimal,500,0,11796417.928881645,11791417.9321846,5000.0
median_p50,RWA,HULL UNIVERSITY TEACHING HOSPITALS NHS TRUST,160,Plastic Surgery Service,23359.526611328125,0,0.0,23359.526700000002,0.0,0.0,Optimal,500,0,11796417.928881645,11791417.9321846,5000.0
median_p50,RX1,NOTTINGHAM UNIVERSITY HOSPITALS NHS TRUST,130,Ophthalmology Service,5127.524444580078,0,0.0,5127.52445,0.0,0.0,Optimal,500,0,11796417.928881645,11791417.9321846,5000.0
median_p50,RX1,NOTTINGHAM UNIVERSITY HOSPITALS NHS TRUST,140,Oral Surgery Service,3005.6446533203125,0,0.0,3005.64464,0.0,0.0,Optimal,500,0,11796417.928881645,11791417.9321846,5000.0
median_p50,RX1,NOTTINGHAM UNIVERSITY HOSPITALS NHS TRUST,150,Neurosurgical Service,1727.9944610595703,0,0.0,1727.9944699999999,0.0,0.0,Optimal,500,0,11796417.928881645,11791417.9321846,5000.0
median_p50,RXR,EAST LANCASHIRE HOSPITALS NHS TRUST,120,Ear Nose and Throat Service,9848.989135742188,0,0.0,9848.98913,0.0,0.0,Optimal,500,0,11796417.928881645,11791417.9321846,5000.0
median_p50,RXW,THE SHREWSBURY AND TELFORD HOSPITAL NHS TRUST,170,Cardiothoracic Surgery Service,474.1919136047363,0,0.0,474.191912,0.0,0.0,Optimal,500,0,11796417.928881645,11791417.9321846,5000.0
median_p50,RXW,THE SHREWSBURY AND TELFORD HOSPITAL NHS TRUST,140,Oral Surgery Service,3385.744354248047,0,0.0,3385.74436,0.0,0.0,Optimal,500,0,11796417.928881645,11791417.9321846,5000.0
median_p50,RXW,THE SHREWSBURY AND TELFORD HOSPITAL NHS TRUST,130,Ophthalmology Service,10270.112365722656,0,0.0,10270.11236,0.0,0.0,Optimal,500,0,11796417.928881645,11791417.9321846,5000.0
median_p50,RXW,THE SHREWSBURY AND TELFORD HOSPITAL NHS TRUST,120,Ear Nose and Throat Service,7415.671691894531,0,0.0,7415.67169,0.0,0.0,Optimal,500,0,11796417.928881645,11791417.9321846,5000.0
median_p50,RXW,THE SHREWSBURY AND TELFORD HOSPITAL NHS TRUST,110,Trauma and Orthopaedic Service,17228.857666015625,0,0.0,17228.8578,0.0,0.0,Optimal,500,0,11796417.928881645,11791417.9321846,5000.0
median_p50,RXW,THE SHREWSBURY AND TELFORD HOSPITAL NHS TRUST,101,Urology Service,8522.788635253906,0,0.0,8522.78865,0.0,0.0,Optimal,500,0,11796417.928881645,11791417.9321846,5000.0
median_p50,RXW,THE SHREWSBURY AND TELFORD HOSPITAL NHS TRUST,100,General Surgery Service,22095.7041015625,0,0.0,22095.7041,0.0,0.0,Optimal,500,0,11796417.928881645,11791417.9321846,5000.0
median_p50,RXR,EAST LANCASHIRE HOSPITALS NHS TRUST,502,Gynaecology Service,14132.508911132812,0,0.0,14132.5088,0.0,0.0,Optimal,500,0,11796417.928881645,11791417.9321846,5000.0
median_p50,RXR,EAST LANCASHIRE HOSPITALS NHS TRUST,140,Oral Surgery Service,19723.07763671875,0,0.0,19723.0778,0.0,0.0,Optimal,500,0,11796417.928881645,11791417.9321846,5000.0
median_p50,RXR,EAST LANCASHIRE HOSPITALS NHS TRUST,130,Ophthalmology Service,12168.692565917969,0,0.0,12168.69249,0.0,0.0,Optimal,500,0,11796417.928881645,11791417.9321846,5000.0
median_p50,RXR,EAST LANCASHIRE HOSPITALS NHS TRUST,110,Trauma and Orthopaedic Service,15362.370727539062,0,0.0,15362.3705,0.0,0.0,Optimal,500,0,11796417.928881645,11791417.9321846,5000.0
median_p50,RXP,COUNTY DURHAM AND DARLINGTON NHS FOUNDATION TRUST,170,Cardiothoracic Surgery Service,141.2482204437256,0,0.0,141.2482214,0.0,0.0,Optimal,500,0,11796417.928881645,11791417.9321846,5000.0
median_p50,RXR,EAST LANCASHIRE HOSPITALS NHS TRUST,101,Urology Service,5076.875457763672,0,0.0,5076.87546,0.0,0.0,Optimal,500,0,11796417.928881645,11791417.9321846,5000.0
median_p50,RXR,EAST LANCASHIRE HOSPITALS NHS TRUST,100,General Surgery Service,11889.244506835938,0,0.0,11889.24451,0.0,0.0,Optimal,500,0,11796417.928881645,11791417.9321846,5000.0
median_p50,RXQ,BUCKINGHAMSHIRE HEALTHCARE NHS TRUST,502,Gynaecology Service,10538.57373046875,0,0.0,10538.57372,0.0,0.0,Optimal,500,0,11796417.928881645,11791417.9321846,5000.0
median_p50,RXQ,BUCKINGHAMSHIRE HEALTHCARE NHS TRUST,160,Plastic Surgery Service,9849.274841308594,0,0.0,9849.27484,0.0,0.0,Optimal,500,0,11796417.928881645,11791417.9321846,5000.0
median_p50,RXQ,BUCKINGHAMSHIRE HEALTHCARE NHS TRUST,140,Oral Surgery Service,3420.7967224121094,0,0.0,3420.7967200000003,0.0,0.0,Optimal,500,0,11796417.928881645,11791417.9321846,5000.0
median_p50,RXQ,BUCKINGHAMSHIRE HEALTHCARE NHS TRUST,130,Ophthalmology Service,11980.120056152344,0,0.0,11980.11997,0.0,0.0,Optimal,500,0,11796417.928881645,11791417.9321846,5000.0
median_p50,RXQ,BUCKINGHAMSHIRE HEALTHCARE NHS TRUST,120,Ear Nose and Throat Service,7250.9832763671875,0,0.0,7250.98327,0.0,0.0,Optimal,500,0,11796417.928881645,11791417.9321846,5000.0
median_p50,RXQ,BUCKINGHAMSHIRE HEALTHCARE NHS TRUST,110,Trauma and Orthopaedic Service,26710.61376953125,0,0.0,26710.6138,0.0,0.0,Optimal,500,0,11796417.928881645,11791417.9321846,5000.0
median_p50,RXQ,BUCKINGHAMSHIRE HEALTHCARE NHS TRUST,101,Urology Service,7256.063781738281,0,0.0,7256.06378,0.0,0.0,Optimal,500,0,11796417.928881645,11791417.9321846,5000.0
median_p50,RXQ,BUCKINGHAMSHIRE HEALTHCARE NHS TRUST,100,General Surgery Service,15203.850219726562,0,0.0,15203.8503,0.0,0.0,Optimal,500,0,11796417.928881645,11791417.9321846,5000.0
median_p50,RXW,THE SHREWSBURY AND TELFORD HOSPITAL NHS TRUST,502,Gynaecology Service,9474.39013671875,0,0.0,9474.39012,0.0,0.0,Optimal,500,0,11796417.928881645,11791417.9321846,5000.0
median_p50,RYJ,IMPERIAL COLLEGE HEALTHCARE NHS TRUST,100,General Surgery Service,9124.950256347656,0,0.0,9124.95027,0.0,0.0,Optimal,500,0,11796417.928881645,11791417.9321846,5000.0
median_p50,RYJ,IMPERIAL COLLEGE HEALTHCARE NHS TRUST,101,Urology Service,5025.648376464844,0,0.0,5025.64839,0.0,0.0,Optimal,500,0,11796417.928881645,11791417.9321846,5000.0
median_p50,RYJ,IMPERIAL COLLEGE HEALTHCARE NHS TRUST,110,Trauma and Orthopaedic Service,7125.537048339844,0,0.0,7125.53704,0.0,0.0,Optimal,500,0,11796417.928881645,11791417.9321846,5000.0
median_p50,Y8L9S,SPAMEDICA BROMLEY,130,Ophthalmology Service,2884.8328704833984,0,0.0,2884.83286,0.0,0.0,Optimal,500,0,11796417.928881645,11791417.9321846,5000.0
median_p50,V4U1Y,SPAMEDICA CHESTER,130,Ophthalmology Service,2235.3616485595703,0,0.0,2235.36165,0.0,0.0,Optimal,500,0,11796417.928881645,11791417.9321846,5000.0
median_p50,T8V3L,SPAMEDICA DONCASTER,130,Ophthalmology Service,2407.930160522461,0,0.0,2407.93015,0.0,0.0,Optimal,500,0,11796417.928881645,11791417.9321846,5000.0
median_p50,T8R5I,SPAMEDICA WOKINGHAM,130,Ophthalmology Service,1311.003646850586,0,0.0,1311.003625,0.0,0.0,Optimal,500,0,11796417.928881645,11791417.9321846,5000.0
median_p50,S1Z4X,NEWMEDICA - BIRMINGHAM,130,Ophthalmology Service,3606.004364013672,0,0.0,3606.00435,0.0,0.0,Optimal,500,0,11796417.928881645,11791417.9321846,5000.0
median_p50,RYR,UNIVERSITY HOSPITALS SUSSEX NHS FOUNDATION TRUST,502,Gynaecology Service,17071.455322265625,0,0.0,17071.4553,0.0,0.0,Optimal,500,0,11796417.928881645,11791417.9321846,5000.0
median_p50,RYR,UNIVERSITY HOSPITALS SUSSEX NHS FOUNDATION TRUST,170,Cardiothoracic Surgery Service,855.353157043457,0,0.0,855.353158,0.0,0.0,Optimal,500,0,11796417.928881645,11791417.9321846,5000.0
median_p50,RYR,UNIVERSITY HOSPITALS SUSSEX NHS FOUNDATION TRUST,150,Neurosurgical Service,2111.387008666992,0,0.0,2111.38701,0.0,0.0,Optimal,500,0,11796417.928881645,11791417.9321846,5000.0
median_p50,RYR,UNIVERSITY HOSPITALS SUSSEX NHS FOUNDATION TRUST,140,Oral Surgery Service,19946.673461914062,0,0.0,19946.6734,0.0,0.0,Optimal,500,0,11796417.928881645,11791417.9321846,5000.0
median_p50,RYR,UNIVERSITY HOSPITALS SUSSEX NHS FOUNDATION TRUST,130,Ophthalmology Service,29916.197998046875,0,0.0,29916.198,0.0,0.0,Optimal,500,0,11796417.928881645,11791417.9321846,5000.0
median_p50,RYR,UNIVERSITY HOSPITALS SUSSEX NHS FOUNDATION TRUST,120,Ear Nose and Throat Service,14582.946899414062,0,0.0,14582.947,0.0,0.0,Optimal,500,0,11796417.928881645,11791417.9321846,5000.0
median_p50,RYR,UNIVERSITY HOSPITALS SUSSEX NHS FOUNDATION TRUST,110,Trauma and Orthopaedic Service,41280.856201171875,0,0.0,41280.8561,0.0,0.0,Optimal,500,0,11796417.928881645,11791417.9321846,5000.0
median_p50,RYR,UNIVERSITY HOSPITALS SUSSEX NHS FOUNDATION TRUST,101,Urology Service,11965.326782226562,0,0.0,11965.32678,0.0,0.0,Optimal,500,0,11796417.928881645,11791417.9321846,5000.0
median_p50,RYR,UNIVERSITY HOSPITALS SUSSEX NHS FOUNDATION TRUST,100,General Surgery Service,13928.013427734375,0,0.0,13928.0134,0.0,0.0,Optimal,500,0,11796417.928881645,11791417.9321846,5000.0
median_p50,RYJ,IMPERIAL COLLEGE HEALTHCARE NHS TRUST,502,Gynaecology Service,8770.201293945312,0,0.0,8770.20129,0.0,0.0,Optimal,500,0,11796417.928881645,11791417.9321846,5000.0
median_p50,RYJ,IMPERIAL COLLEGE HEALTHCARE NHS TRUST,170,Cardiothoracic Surgery Service,2170.947463989258,0,0.0,2170.94747,0.0,0.0,Optimal,500,0,11796417.928881645,11791417.9321846,5000.0
median_p50,RYJ,IMPERIAL COLLEGE HEALTHCARE NHS TRUST,160,Plastic Surgery Service,5435.925598144531,0,0.0,5435.9256000000005,0.0,0.0,Optimal,500,0,11796417.928881645,11791417.9321846,5000.0
median_p50,RYJ,IMPERIAL COLLEGE HEALTHCARE NHS TRUST,150,Neurosurgical Service,2646.183364868164,0,0.0,2646.18337,0.0,0.0,Optimal,500,0,11796417.928881645,11791417.9321846,5000.0
median_p50,RYJ,IMPERIAL COLLEGE HEALTHCARE NHS TRUST,140,Oral Surgery Service,934.3346786499023,0,0.0,934.3346779999999,0.0,0.0,Optimal,500,0,11796417.928881645,11791417.9321846,5000.0
median_p50,RYJ,IMPERIAL COLLEGE HEALTHCARE NHS TRUST,130,Ophthalmology Service,12781.665161132812,0,0.0,12781.6652,0.0,0.0,Optimal,500,0,11796417.928881645,11791417.9321846,5000.0
median_p50,RYJ,IMPERIAL COLLEGE HEALTHCARE NHS TRUST,120,Ear Nose and Throat Service,14416.90771484375,0,0.0,14416.9077,0.0,0.0,Optimal,500,0,11796417.928881645,11791417.9321846,5000.0
median_p50,RXP,COUNTY DURHAM AND DARLINGTON NHS FOUNDATION TRUST,502,Gynaecology Service,10506.960571289062,0,0.0,10506.96057,0.0,0.0,Optimal,500,0,11796417.928881645,11791417.9321846,5000.0
median_p50,RXP,COUNTY DURHAM AND DARLINGTON NHS FOUNDATION TRUST,160,Plastic Surgery Service,8527.161010742188,0,0.0,8527.16102,0.0,0.0,Optimal,500,0,11796417.928881645,11791417.9321846,5000.0
median_p50,RX1,NOTTINGHAM UNIVERSITY HOSPITALS NHS TRUST,160,Plastic Surgery Service,3885.1473999023438,0,0.0,3885.1474200000002,0.0,0.0,Optimal,500,0,11796417.928881645,11791417.9321846,5000.0
median_p50,RXF,MID YORKSHIRE TEACHING NHS TRUST,110,Trauma and Orthopaedic Service,38749.98583984375,0,0.0,38749.9858,0.0,0.0,Optimal,500,0,11796417.928881645,11791417.9321846,5000.0
median_p50,RXK,SANDWELL AND WEST BIRMINGHAM HOSPITALS NHS TRUST,130,Ophthalmology Service,18295.633911132812,0,0.0,18295.6339,0.0,0.0,Optimal,500,0,11796417.928881645,11791417.9321846,5000.0
median_p50,RXK,SANDWELL AND WEST BIRMINGHAM HOSPITALS NHS TRUST,120,Ear Nose and Throat Service,4241.3944091796875,0,0.0,4241.3944,0.0,0.0,Optimal,500,0,11796417.928881645,11791417.9321846,5000.0
median_p50,RXK,SANDWELL AND WEST BIRMINGHAM HOSPITALS NHS TRUST,110,Trauma and Orthopaedic Service,20835.876953125,0,0.0,20835.8768,0.0,0.0,Optimal,500,0,11796417.928881645,11791417.9321846,5000.0
median_p50,RXK,SANDWELL AND WEST BIRMINGHAM HOSPITALS NHS TRUST,101,Urology Service,5462.366027832031,0,0.0,5462.36602,0.0,0.0,Optimal,500,0,11796417.928881645,11791417.9321846,5000.0
median_p50,RXK,SANDWELL AND WEST BIRMINGHAM HOSPITALS NHS TRUST,100,General Surgery Service,9522.379577636719,0,0.0,9522.37958,0.0,0.0,Optimal,500,0,11796417.928881645,11791417.9321846,5000.0
median_p50,RXF,MID YORKSHIRE TEACHING NHS TRUST,502,Gynaecology Service,7357.073059082031,0,0.0,7357.07304,0.0,0.0,Optimal,500,0,11796417.928881645,11791417.9321846,5000.0
median_p50,RXF,MID YORKSHIRE TEACHING NHS TRUST,160,Plastic Surgery Service,9326.416931152344,0,0.0,9326.41695,0.0,0.0,Optimal,500,0,11796417.928881645,11791417.9321846,5000.0
median_p50,RXF,MID YORKSHIRE TEACHING NHS TRUST,140,Oral Surgery Service,11072.980712890625,0,0.0,11072.98071,0.0,0.0,Optimal,500,0,11796417.928881645,11791417.9321846,5000.0
median_p50,RXF,MID YORKSHIRE TEACHING NHS TRUST,130,Ophthalmology Service,11180.911804199219,0,0.0,11180.91177,0.0,0.0,Optimal,500,0,11796417.928881645,11791417.9321846,5000.0
median_p50,RXF,MID YORKSHIRE TEACHING NHS TRUST,120,Ear Nose and Throat Service,11279.622680664062,0,0.0,11279.62267,0.0,0.0,Optimal,500,0,11796417.928881645,11791417.9321846,5000.0
median_p50,RXF,MID YORKSHIRE TEACHING NHS TRUST,101,Urology Service,12740.927490234375,0,0.0,12740.927599999999,0.0,0.0,Optimal,500,0,11796417.928881645,11791417.9321846,5000.0
median_p50,RXP,COUNTY DURHAM AND DARLINGTON NHS FOUNDATION TRUST,140,Oral Surgery Service,2477.206527709961,0,0.0,2477.20652,0.0,0.0,Optimal,500,0,11796417.928881645,11791417.9321846,5000.0
median_p50,RXF,MID YORKSHIRE TEACHING NHS TRUST,100,General Surgery Service,8146.013916015625,0,0.0,8146.0139,0.0,0.0,Optimal,500,0,11796417.928881645,11791417.9321846,5000.0
median_p50,RXC,EAST SUSSEX HEALTHCARE NHS TRUST,502,Gynaecology Service,7658.057861328125,0,0.0,7658.05786,0.0,0.0,Optimal,500,0,11796417.928881645,11791417.9321846,5000.0
median_p50,RXC,EAST SUSSEX HEALTHCARE NHS TRUST,140,Oral Surgery Service,2894.8458709716797,0,0.0,2894.84588,0.0,0.0,Optimal,500,0,11796417.928881645,11791417.9321846,5000.0
median_p50,RXC,EAST SUSSEX HEALTHCARE NHS TRUST,130,Ophthalmology Service,16893.193237304688,0,0.0,16893.1932,0.0,0.0,Optimal,500,0,11796417.928881645,11791417.9321846,5000.0
median_p50,RXC,EAST SUSSEX HEALTHCARE NHS TRUST,120,Ear Nose and Throat Service,9888.684692382812,0,0.0,9888.68468,0.0,0.0,Optimal,500,0,11796417.928881645,11791417.9321846,5000.0
median_p50,RXC,EAST SUSSEX HEALTHCARE NHS TRUST,110,Trauma and Orthopaedic Service,30404.6630859375,0,0.0,30404.6631,0.0,0.0,Optimal,500,0,11796417.928881645,11791417.9321846,5000.0
median_p50,RXC,EAST SUSSEX HEALTHCARE NHS TRUST,101,Urology Service,9159.461364746094,0,0.0,9159.46137,0.0,0.0,Optimal,500,0,11796417.928881645,11791417.9321846,5000.0
median_p50,RXC,EAST SUSSEX HEALTHCARE NHS TRUST,100,General Surgery Service,8942.402038574219,0,0.0,8942.40203,0.0,0.0,Optimal,500,0,11796417.928881645,11791417.9321846,5000.0
median_p50,RX1,NOTTINGHAM UNIVERSITY HOSPITALS NHS TRUST,502,Gynaecology Service,3070.966812133789,0,0.0,3070.96681,0.0,0.0,Optimal,500,0,11796417.928881645,11791417.9321846,5000.0
median_p50,RX1,NOTTINGHAM UNIVERSITY HOSPITALS NHS TRUST,170,Cardiothoracic Surgery Service,1252.4059371948242,0,0.0,1252.405934,0.0,0.0,Optimal,500,0,11796417.928881645,11791417.9321846,5000.0
median_p50,RXK,SANDWELL AND WEST BIRMINGHAM HOSPITALS NHS TRUST,140,Oral Surgery Service,4774.703948974609,0,0.0,4774.70396,0.0,0.0,Optimal,500,0,11796417.928881645,11791417.9321846,5000.0
median_p50,RXK,SANDWELL AND WEST BIRMINGHAM HOSPITALS NHS TRUST,160,Plastic Surgery Service,3164.503143310547,0,0.0,3164.50313,0.0,0.0,Optimal,500,0,11796417.928881645,11791417.9321846,5000.0
median_p50,RXK,SANDWELL AND WEST BIRMINGHAM HOSPITALS NHS TRUST,170,Cardiothoracic Surgery Service,121.43695163726807,0,0.0,121.4369513,0.0,0.0,Optimal,500,0,11796417.928881645,11791417.9321846,5000.0
median_p50,RXK,SANDWELL AND WEST BIRMINGHAM HOSPITALS NHS TRUST,502,Gynaecology Service,5701.90283203125,0,0.0,5701.90283,0.0,0.0,Optimal,500,0,11796417.928881645,11791417.9321846,5000.0
median_p50,RXP,COUNTY DURHAM AND DARLINGTON NHS FOUNDATION TRUST,130,Ophthalmology Service,7317.7952880859375,0,0.0,7317.79529,0.0,0.0,Optimal,500,0,11796417.928881645,11791417.9321846,5000.0
median_p50,RXP,COUNTY DURHAM AND DARLINGTON NHS FOUNDATION TRUST,120,Ear Nose and Throat Service,3861.6668395996094,0,0.0,3861.66684,0.0,0.0,Optimal,500,0,11796417.928881645,11791417.9321846,5000.0
median_p50,RXP,COUNTY DURHAM AND DARLINGTON NHS FOUNDATION TRUST,110,Trauma and Orthopaedic Service,33755.444580078125,0,0.0,33755.4445,0.0,0.0,Optimal,500,0,11796417.928881645,11791417.9321846,5000.0
median_p50,RXP,COUNTY DURHAM AND DARLINGTON NHS FOUNDATION TRUST,100,General Surgery Service,17379.349487304688,0,0.0,17379.3495,0.0,0.0,Optimal,500,0,11796417.928881645,11791417.9321846,5000.0
median_p50,RXN,LANCASHIRE TEACHING HOSPITALS NHS FOUNDATION TRUST,502,Gynaecology Service,5526.538024902344,0,0.0,5526.53803,0.0,0.0,Optimal,500,0,11796417.928881645,11791417.9321846,5000.0
median_p50,RXN,LANCASHIRE TEACHING HOSPITALS NHS FOUNDATION TRUST,160,Plastic Surgery Service,37610.513916015625,0,0.0,37610.5138,0.0,0.0,Optimal,500,0,11796417.928881645,11791417.9321846,5000.0
median_p50,RXN,LANCASHIRE TEACHING HOSPITALS NHS FOUNDATION TRUST,150,Neurosurgical Service,4911.531097412109,0,0.0,4911.53108,0.0,0.0,Optimal,500,0,11796417.928881645,11791417.9321846,5000.0
median_p50,RXN,LANCASHIRE TEACHING HOSPITALS NHS FOUNDATION TRUST,140,Oral Surgery Service,9010.943054199219,0,0.0,9010.94305,0.0,0.0,Optimal,500,0,11796417.928881645,11791417.9321846,5000.0
median_p50,RXN,LANCASHIRE TEACHING HOSPITALS NHS FOUNDATION TRUST,130,Ophthalmology Service,10410.352783203125,0,0.0,10410.35278,0.0,0.0,Optimal,500,0,11796417.928881645,11791417.9321846,5000.0
median_p50,RXN,LANCASHIRE TEACHING HOSPITALS NHS FOUNDATION TRUST,120,Ear Nose and Throat Service,8843.469665527344,0,0.0,8843.46967,0.0,0.0,Optimal,500,0,11796417.928881645,11791417.9321846,5000.0
median_p50,RXN,LANCASHIRE TEACHING HOSPITALS NHS FOUNDATION TRUST,110,Trauma and Orthopaedic Service,19481.890258789062,0,0.0,19481.8904,0.0,0.0,Optimal,500,0,11796417.928881645,11791417.9321846,5000.0
median_p50,RXN,LANCASHIRE TEACHING HOSPITALS NHS FOUNDATION TRUST,101,Urology Service,8155.178405761719,0,0.0,8155.1784,0.0,0.0,Optimal,500,0,11796417.928881645,11791417.9321846,5000.0
median_p50,RXN,LANCASHIRE TEACHING HOSPITALS NHS FOUNDATION TRUST,100,General Surgery Service,1132.2581100463867,0,0.0,1132.25811,0.0,0.0,Optimal,500,0,11796417.928881645,11791417.9321846,5000.0
median_p50,RXL,BLACKPOOL TEACHING HOSPITALS NHS FOUNDATION TRUST,502,Gynaecology Service,3233.9058227539062,0,0.0,3233.9058,0.0,0.0,Optimal,500,0,11796417.928881645,11791417.9321846,5000.0
median_p50,RXL,BLACKPOOL TEACHING HOSPITALS NHS FOUNDATION TRUST,170,Cardiothoracic Surgery Service,3921.6390991210938,0,0.0,3921.63909,0.0,0.0,Optimal,500,0,11796417.928881645,11791417.9321846,5000.0
median_p50,RXL,BLACKPOOL TEACHING HOSPITALS NHS FOUNDATION TRUST,140,Oral Surgery Service,4362.4989013671875,0,0.0,4362.49891,0.0,0.0,Optimal,500,0,11796417.928881645,11791417.9321846,5000.0
median_p50,RXL,BLACKPOOL TEACHING HOSPITALS NHS FOUNDATION TRUST,130,Ophthalmology Service,8144.0548095703125,0,0.0,8144.05481,0.0,0.0,Optimal,500,0,11796417.928881645,11791417.9321846,5000.0
median_p50,RXL,BLACKPOOL TEACHING HOSPITALS NHS FOUNDATION TRUST,120,Ear Nose and Throat Service,6267.2567138671875,0,0.0,6267.25672,0.0,0.0,Optimal,500,0,11796417.928881645,11791417.9321846,5000.0
median_p50,RXL,BLACKPOOL TEACHING HOSPITALS NHS FOUNDATION TRUST,110,Trauma and Orthopaedic Service,15420.214599609375,0,0.0,15420.2146,0.0,0.0,Optimal,500,0,11796417.928881645,11791417.9321846,5000.0
median_p50,RXL,BLACKPOOL TEACHING HOSPITALS NHS FOUNDATION TRUST,101,Urology Service,5454.415863037109,0,0.0,5454.41586,0.0,0.0,Optimal,500,0,11796417.928881645,11791417.9321846,5000.0
median_p50,RXL,BLACKPOOL TEACHING HOSPITALS NHS FOUNDATION TRUST,100,General Surgery Service,4488.183502197266,0,0.0,4488.18349,0.0,0.0,Optimal,500,0,11796417.928881645,11791417.9321846,5000.0
median_p50,RVJ,NORTH BRISTOL NHS TRUST,502,Gynaecology Service,17977.435913085938,0,0.0,17977.4358,0.0,0.0,Optimal,500,0,11796417.928881645,11791417.9321846,5000.0
median_p50,RVJ,NORTH BRISTOL NHS TRUST,160,Plastic Surgery Service,20670.05078125,0,0.0,20670.0507,0.0,0.0,Optimal,500,0,11796417.928881645,11791417.9321846,5000.0
median_p50,RN7,DARTFORD AND GRAVESHAM NHS TRUST,100,General Surgery Service,27440.609619140625,0,0.0,27440.6096,0.0,0.0,Optimal,500,0,11796417.928881645,11791417.9321846,5000.0
median_p50,RPY,THE ROYAL MARSDEN NHS FOUNDATION TRUST,140,Oral Surgery Service,411.56746101379395,0,0.0,411.567461,0.0,0.0,Optimal,500,0,11796417.928881645,11791417.9321846,5000.0
median_p50,RQM,CHELSEA AND WESTMINSTER HOSPITAL NHS FOUNDATION TRUST,502,Gynaecology Service,11036.765747070312,0,0.0,11036.76573,0.0,0.0,Optimal,500,0,11796417.928881645,11791417.9321846,5000.0
median_p50,RQM,CHELSEA AND WESTMINSTER HOSPITAL NHS FOUNDATION TRUST,160,Plastic Surgery Service,6693.8299560546875,0,0.0,6693.82996,0.0,0.0,Optimal,500,0,11796417.928881645,11791417.9321846,5000.0
median_p50,RQM,CHELSEA AND WESTMINSTER HOSPITAL NHS FOUNDATION TRUST,140,Oral Surgery Service,938.8316421508789,0,0.0,938.831642,0.0,0.0,Optimal,500,0,11796417.928881645,11791417.9321846,5000.0
median_p50,RQM,CHELSEA AND WESTMINSTER HOSPITAL NHS FOUNDATION TRUST,130,Ophthalmology Service,5225.960540771484,0,0.0,5225.96054,0.0,0.0,Optimal,500,0,11796417.928881645,11791417.9321846,5000.0
median_p50,RQM,CHELSEA AND WESTMINSTER HOSPITAL NHS FOUNDATION TRUST,120,Ear Nose and Throat Service,7555.9840087890625,0,0.0,7555.98402,0.0,0.0,Optimal,500,0,11796417.928881645,11791417.9321846,5000.0
median_p50,RQM,CHELSEA AND WESTMINSTER HOSPITAL NHS FOUNDATION TRUST,110,Trauma and Orthopaedic Service,12143.967163085938,0,0.0,12143.96714,0.0,0.0,Optimal,500,0,11796417.928881645,11791417.9321846,5000.0
median_p50,RQM,CHELSEA AND WESTMINSTER HOSPITAL NHS FOUNDATION TRUST,101,Urology Service,8682.713684082031,0,0.0,8682.71368,0.0,0.0,Optimal,500,0,11796417.928881645,11791417.9321846,5000.0
median_p50,RQM,CHELSEA AND WESTMINSTER HOSPITAL NHS FOUNDATION TRUST,100,General Surgery Service,15632.361572265625,0,0.0,15632.3615,0.0,0.0,Optimal,500,0,11796417.928881645,11791417.9321846,5000.0
median_p50,RQ3,BIRMINGHAM WOMEN'S AND CHILDREN'S NHS FOUNDATION TRUST,502,Gynaecology Service,8619.639343261719,0,0.0,8619.63934,0.0,0.0,Optimal,500,0,11796417.928881645,11791417.9321846,5000.0
median_p50,RPY,THE ROYAL MARSDEN NHS FOUNDATION TRUST,160,Plastic Surgery Service,289.5143508911133,0,0.0,289.51435100000003,0.0,0.0,Optimal,500,0,11796417.928881645,11791417.9321846,5000.0
median_p50,RPY,THE ROYAL MARSDEN NHS FOUNDATION TRUST,101,Urology Service,291.6475067138672,0,0.0,291.647506,0.0,0.0,Optimal,500,0,11796417.928881645,11791417.9321846,5000.0
median_p50,RQW,THE PRINCESS ALEXANDRA HOSPITAL NHS TRUST,101,Urology Service,1574.4421920776367,0,0.0,1574.44219,0.0,0.0,Optimal,500,0,11796417.928881645,11791417.9321846,5000.0
median_p50,RPY,THE ROYAL MARSDEN NHS FOUNDATION TRUST,100,General Surgery Service,429.78575897216797,0,0.0,429.785759,0.0,0.0,Optimal,500,0,11796417.928881645,11791417.9321846,5000.0
median_p50,RPC,QUEEN VICTORIA HOSPITAL NHS FOUNDATION TRUST,160,Plastic Surgery Service,40323.541015625,0,0.0,40323.5409,0.0,0.0,Optimal,500,0,11796417.928881645,11791417.9321846,5000.0
median_p50,RPC,QUEEN VICTORIA HOSPITAL NHS FOUNDATION TRUST,140,Oral Surgery Service,11222.014282226562,0,0.0,11222.01423,0.0,0.0,Optimal,500,0,11796417.928881645,11791417.9321846,5000.0
median_p50,RPC,QUEEN VICTORIA HOSPITAL NHS FOUNDATION TRUST,130,Ophthalmology Service,6381.2728271484375,0,0.0,6381.27282,0.0,0.0,Optimal,500,0,11796417.928881645,11791417.9321846,5000.0
median_p50,RPC,QUEEN VICTORIA HOSPITAL NHS FOUNDATION TRUST,120,Ear Nose and Throat Service,657.6700553894043,0,0.0,657.670055,0.0,0.0,Optimal,500,0,11796417.928881645,11791417.9321846,5000.0
median_p50,RPA,MEDWAY NHS FOUNDATION TRUST,502,Gynaecology Service,7052.881286621094,0,0.0,7052.8813,0.0,0.0,Optimal,500,0,11796417.928881645,11791417.9321846,5000.0
median_p50,RPA,MEDWAY NHS FOUNDATION TRUST,120,Ear Nose and Throat Service,15859.056030273438,0,0.0,15859.0561,0.0,0.0,Optimal,500,0,11796417.928881645,11791417.9321846,5000.0
median_p50,RPA,MEDWAY NHS FOUNDATION TRUST,110,Trauma and Orthopaedic Service,22762.387329101562,0,0.0,22762.3872,0.0,0.0,Optimal,500,0,11796417.928881645,11791417.9321846,5000.0
median_p50,RPA,MEDWAY NHS FOUNDATION TRUST,101,Urology Service,5015.134002685547,0,0.0,5015.13401,0.0,0.0,Optimal,500,0,11796417.928881645,11791417.9321846,5000.0
median_p50,RPA,MEDWAY NHS FOUNDATION TRUST,100,General Surgery Service,3641.1884765625,0,0.0,3641.18846,0.0,0.0,Optimal,500,0,11796417.928881645,11791417.9321846,5000.0
median_p50,RQW,THE PRINCESS ALEXANDRA HOSPITAL NHS TRUST,100,General Surgery Service,4102.569610595703,0,0.0,4102.5696,0.0,0.0,Optimal,500,0,11796417.928881645,11791417.9321846,5000.0
median_p50,RQW,THE PRINCESS ALEXANDRA HOSPITAL NHS TRUST,110,Trauma and Orthopaedic Service,3228.0048065185547,0,0.0,3228.00483,0.0,0.0,Optimal,500,0,11796417.928881645,11791417.9321846,5000.0
median_p50,RVJ,NORTH BRISTOL NHS TRUST,150,Neurosurgical Service,4658.43017578125,0,0.0,4658.43017,0.0,0.0,Optimal,500,0,11796417.928881645,11791417.9321846,5000.0
median_p50,RR7,GATESHEAD HEALTH NHS FOUNDATION TRUST,101,Urology Service,991.6899719238281,0,0.0,991.689972,0.0,0.0,Optimal,500,0,11796417.928881645,11791417.9321846,5000.0
median_p50,RR8,LEEDS TEACHING HOSPITALS NHS TRUST,160,Plastic Surgery Service,13540.75732421875,0,0.0,13540.7574,0.0,0.0,Optimal,500,0,11796417.928881645,11791417.9321846,5000.0
median_p50,RR8,LEEDS TEACHING HOSPITALS NHS TRUST,150,Neurosurgical Service,3391.7738342285156,0,0.0,3391.77384,0.0,0.0,Optimal,500,0,11796417.928881645,11791417.9321846,5000.0
median_p50,RR8,LEEDS TEACHING HOSPITALS NHS TRUST,140,Oral Surgery Service,4953.799163818359,0,0.0,4953.79915,0.0,0.0,Optimal,500,0,11796417.928881645,11791417.9321846,5000.0
median_p50,RR8,LEEDS TEACHING HOSPITALS NHS TRUST,130,Ophthalmology Service,13078.376708984375,0,0.0,13078.3764,0.0,0.0,Optimal,500,0,11796417.928881645,11791417.9321846,5000.0
median_p50,RR8,LEEDS TEACHING HOSPITALS NHS TRUST,120,Ear Nose and Throat Service,19775.26953125,0,0.0,19775.2697,0.0,0.0,Optimal,500,0,11796417.928881645,11791417.9321846,5000.0
median_p50,RR8,LEEDS TEACHING HOSPITALS NHS TRUST,110,Trauma and Orthopaedic Service,44238.794921875,0,0.0,44238.7949,0.0,0.0,Optimal,500,0,11796417.928881645,11791417.9321846,5000.0
median_p50,RR8,LEEDS TEACHING HOSPITALS NHS TRUST,101,Urology Service,9923.761169433594,0,0.0,9923.76116,0.0,0.0,Optimal,500,0,11796417.928881645,11791417.9321846,5000.0
median_p50,RR8,LEEDS TEACHING HOSPITALS NHS TRUST,100,General Surgery Service,9224.59521484375,0,0.0,9224.59524,0.0,0.0,Optimal,500,0,11796417.928881645,11791417.9321846,5000.0
median_p50,RR7,GATESHEAD HEALTH NHS FOUNDATION TRUST,502,Gynaecology Service,4828.490692138672,0,0.0,4828.4907,0.0,0.0,Optimal,500,0,11796417.928881645,11791417.9321846,5000.0
median_p50,RR7,GATESHEAD HEALTH NHS FOUNDATION TRUST,110,Trauma and Orthopaedic Service,16069.216430664062,0,0.0,16069.2166,0.0,0.0,Optimal,500,0,11796417.928881645,11791417.9321846,5000.0
median_p50,RR7,GATESHEAD HEALTH NHS FOUNDATION TRUST,100,General Surgery Service,9140.941345214844,0,0.0,9140.941350000001,0.0,0.0,Optimal,500,0,11796417.928881645,11791417.9321846,5000.0
median_p50,RQW,THE PRINCESS ALEXANDRA HOSPITAL NHS TRUST,120,Ear Nose and Throat Service,1152.8607864379883,0,0.0,1152.860782,0.0,0.0,Optimal,500,0,11796417.928881645,11791417.9321846,5000.0
median_p50,RQX,HOMERTON HEALTHCARE NHS FOUNDATION TRUST,502,Gynaecology Service,12668.375122070312,0,0.0,12668.375240000001,0.0,0.0,Optimal,500,0,11796417.928881645,11791417.9321846,5000.0
median_p50,RQX,HOMERTON HEALTHCARE NHS FOUNDATION TRUST,160,Plastic Surgery Service,907.7535629272461,0,0.0,907.753563,0.0,0.0,Optimal,500,0,11796417.928881645,11791417.9321846,5000.0
median_p50,RQX,HOMERTON HEALTHCARE NHS FOUNDATION TRUST,140,Oral Surgery Service,11243.526489257812,0,0.0,11243.52644,0.0,0.0,Optimal,500,0,11796417.928881645,11791417.9321846,5000.0
median_p50,RQX,HOMERTON HEALTHCARE NHS FOUNDATION TRUST,120,Ear Nose and Throat Service,13262.88623046875,0,0.0,13262.8865,0.0,0.0,Optimal,500,0,11796417.928881645,11791417.9321846,5000.0
median_p50,RQX,HOMERTON HEALTHCARE NHS FOUNDATION TRUST,110,Trauma and Orthopaedic Service,17210.612426757812,0,0.0,17210.6124,0.0,0.0,Optimal,500,0,11796417.928881645,11791417.9321846,5000.0
median_p50,RQX,HOMERTON HEALTHCARE NHS FOUNDATION TRUST,101,Urology Service,9291.102844238281,0,0.0,9291.10284,0.0,0.0,Optimal,500,0,11796417.928881645,11791417.9321846,5000.0
median_p50,RQX,HOMERTON HEALTHCARE NHS FOUNDATION TRUST,100,General Surgery Service,16530.256713867188,0,0.0,16530.2566,0.0,0.0,Optimal,500,0,11796417.928881645,11791417.9321846,5000.0
median_p50,RQW,THE PRINCESS ALEXANDRA HOSPITAL NHS TRUST,502,Gynaecology Service,1049.4191665649414,0,0.0,1049.4191720000001,0.0,0.0,Optimal,500,0,11796417.928881645,11791417.9321846,5000.0
median_p50,RQW,THE PRINCESS ALEXANDRA HOSPITAL NHS TRUST,140,Oral Surgery Service,719.5959320068359,0,0.0,719.595933,0.0,0.0,Optimal,500,0,11796417.928881645,11791417.9321846,5000.0
median_p50,RQW,THE PRINCESS ALEXANDRA HOSPITAL NHS TRUST,130,Ophthalmology Service,1114.7351913452148,0,0.0,1114.7351899999999,0.0,0.0,Optimal,500,0,11796417.928881645,11791417.9321846,5000.0
median_p50,RP6,MOORFIELDS EYE HOSPITAL NHS FOUNDATION TRUST,130,Ophthalmology Service,77899.65478515625,0,0.0,77899.6546,0.0,0.0,Optimal,500,0,11796417.928881645,11791417.9321846,5000.0
median_p50,RP5,DONCASTER AND BASSETLAW TEACHING HOSPITALS NHS FOUNDATION TRUST,502,Gynaecology Service,7756.552429199219,0,0.0,7756.5524399999995,0.0,0.0,Optimal,500,0,11796417.928881645,11791417.9321846,5000.0
median_p50,RP5,DONCASTER AND BASSETLAW TEACHING HOSPITALS NHS FOUNDATION TRUST,140,Oral Surgery Service,4324.5997314453125,0,0.0,4324.59973,0.0,0.0,Optimal,500,0,11796417.928881645,11791417.9321846,5000.0
median_p50,RNN,NORTH CUMBRIA INTEGRATED CARE NHS FOUNDATION TRUST,100,General Surgery Service,5035.630920410156,0,0.0,5035.63093,0.0,0.0,Optimal,500,0,11796417.928881645,11791417.9321846,5000.0
median_p50,RNQ,KETTERING GENERAL HOSPITAL NHS FOUNDATION TRUST,120,Ear Nose and Throat Service,4904.331604003906,0,0.0,4904.33161,0.0,0.0,Optimal,500,0,11796417.928881645,11791417.9321846,5000.0
median_p50,RNQ,KETTERING GENERAL HOSPITAL NHS FOUNDATION TRUST,110,Trauma and Orthopaedic Service,12545.561096191406,0,0.0,12545.5611,0.0,0.0,Optimal,500,0,11796417.928881645,11791417.9321846,5000.0
median_p50,RNQ,KETTERING GENERAL HOSPITAL NHS FOUNDATION TRUST,101,Urology Service,4644.203674316406,0,0.0,4644.20368,0.0,0.0,Optimal,500,0,11796417.928881645,11791417.9321846,5000.0
median_p50,RNQ,KETTERING GENERAL HOSPITAL NHS FOUNDATION TRUST,100,General Surgery Service,6889.527526855469,0,0.0,6889.527520000001,0.0,0.0,Optimal,500,0,11796417.928881645,11791417.9321846,5000.0
median_p50,RNN,NORTH CUMBRIA INTEGRATED CARE NHS FOUNDATION TRUST,502,Gynaecology Service,10503.744445800781,0,0.0,10503.74445,0.0,0.0,Optimal,500,0,11796417.928881645,11791417.9321846,5000.0
median_p50,RNN,NORTH CUMBRIA INTEGRATED CARE NHS FOUNDATION TRUST,140,Oral Surgery Service,1003.8044204711914,0,0.0,1003.8044199999999,0.0,0.0,Optimal,500,0,11796417.928881645,11791417.9321846,5000.0
median_p50,RNN,NORTH CUMBRIA INTEGRATED CARE NHS FOUNDATION TRUST,130,Ophthalmology Service,5863.624298095703,0,0.0,5863.62428,0.0,0.0,Optimal,500,0,11796417.928881645,11791417.9321846,5000.0
median_p50,RNN,NORTH CUMBRIA INTEGRATED CARE NHS FOUNDATION TRUST,120,Ear Nose and Throat Service,6985.591125488281,0,0.0,6985.5911399999995,0.0,0.0,Optimal,500,0,11796417.928881645,11791417.9321846,5000.0
median_p50,RNN,NORTH CUMBRIA INTEGRATED CARE NHS FOUNDATION TRUST,110,Trauma and Orthopaedic Service,18733.914184570312,0,0.0,18733.9142,0.0,0.0,Optimal,500,0,11796417.928881645,11791417.9321846,5000.0
median_p50,RNN,NORTH CUMBRIA INTEGRATED CARE NHS FOUNDATION TRUST,101,Urology Service,6288.360778808594,0,0.0,6288.360769999999,0.0,0.0,Optimal,500,0,11796417.928881645,11791417.9321846,5000.0
median_p50,RNA,THE DUDLEY GROUP NHS FOUNDATION TRUST,502,Gynaecology Service,10073.925964355469,0,0.0,10073.92596,0.0,0.0,Optimal,500,0,11796417.928881645,11791417.9321846,5000.0
median_p50,RP5,DONCASTER AND BASSETLAW TEACHING HOSPITALS NHS FOUNDATION TRUST,130,Ophthalmology Service,8675.451538085938,0,0.0,8675.45152,0.0,0.0,Optimal,500,0,11796417.928881645,11791417.9321846,5000.0
median_p50,RNA,THE DUDLEY GROUP NHS FOUNDATION TRUST,160,Plastic Surgery Service,11290.371337890625,0,0.0,11290.37134,0.0,0.0,Optimal,500,0,11796417.928881645,11791417.9321846,5000.0
median_p50,RNA,THE DUDLEY GROUP NHS FOUNDATION TRUST,140,Oral Surgery Service,4125.5001220703125,0,0.0,4125.50012,0.0,0.0,Optimal,500,0,11796417.928881645,11791417.9321846,5000.0
median_p50,RNA,THE DUDLEY GROUP NHS FOUNDATION TRUST,130,Ophthalmology Service,13648.958740234375,0,0.0,13648.958700000001,0.0,0.0,Optimal,500,0,11796417.928881645,11791417.9321846,5000.0
median_p50,RBL,WIRRAL UNIVERSITY TEACHING HOSPITAL NHS FOUNDATION TRUST,100,General Surgery Service,534.612907409668,0,0.0,534.612907,0.0,0.0,Optimal,500,0,11796417.928881645,11791417.9321846,5000.0
median_p50,RNA,THE DUDLEY GROUP NHS FOUNDATION TRUST,110,Trauma and Orthopaedic Service,38483.6865234375,0,0.0,38483.6865,0.0,0.0,Optimal,500,0,11796417.928881645,11791417.9321846,5000.0
median_p50,RNA,THE DUDLEY GROUP NHS FOUNDATION TRUST,101,Urology Service,9543.72607421875,0,0.0,9543.72608,0.0,0.0,Optimal,500,0,11796417.928881645,11791417.9321846,5000.0
median_p50,RNA,THE DUDLEY GROUP NHS FOUNDATION TRUST,100,General Surgery Service,11092.230834960938,0,0.0,11092.23083,0.0,0.0,Optimal,500,0,11796417.928881645,11791417.9321846,5000.0
median_p50,RN7,DARTFORD AND GRAVESHAM NHS TRUST,502,Gynaecology Service,11614.083129882812,0,0.0,11614.08314,0.0,0.0,Optimal,500,0,11796417.928881645,11791417.9321846,5000.0
median_p50,RN7,DARTFORD AND GRAVESHAM NHS TRUST,110,Trauma and Orthopaedic Service,24044.427001953125,0,0.0,24044.4271,0.0,0.0,Optimal,500,0,11796417.928881645,11791417.9321846,5000.0
median_p50,RN7,DARTFORD AND GRAVESHAM NHS TRUST,101,Urology Service,11888.05029296875,0,0.0,11888.05036,0.0,0.0,Optimal,500,0,11796417.928881645,11791417.9321846,5000.0
median_p50,RNQ,KETTERING GENERAL HOSPITAL NHS FOUNDATION TRUST,130,Ophthalmology Service,8638.74560546875,0,0.0,8638.74561,0.0,0.0,Optimal,500,0,11796417.928881645,11791417.9321846,5000.0
median_p50,RNQ,KETTERING GENERAL HOSPITAL NHS FOUNDATION TRUST,140,Oral Surgery Service,6441.0537109375,0,0.0,6441.0537,0.0,0.0,Optimal,500,0,11796417.928881645,11791417.9321846,5000.0
median_p50,RNQ,KETTERING GENERAL HOSPITAL NHS FOUNDATION TRUST,160,Plastic Surgery Service,480.97997665405273,0,0.0,480.979976,0.0,0.0,Optimal,500,0,11796417.928881645,11791417.9321846,5000.0
median_p50,RNQ,KETTERING GENERAL HOSPITAL NHS FOUNDATION TRUST,502,Gynaecology Service,2171.589385986328,0,0.0,2171.58939,0.0,0.0,Optimal,500,0,11796417.928881645,11791417.9321846,5000.0
median_p50,RP5,DONCASTER AND BASSETLAW TEACHING HOSPITALS NHS FOUNDATION TRUST,120,Ear Nose and Throat Service,7965.6494140625,0,0.0,7965.64942,0.0,0.0,Optimal,500,0,11796417.928881645,11791417.9321846,5000.0
median_p50,RP5,DONCASTER AND BASSETLAW TEACHING HOSPITALS NHS FOUNDATION TRUST,110,Trauma and Orthopaedic Service,70005.662109375,0,0.0,70005.6621,0.0,0.0,Optimal,500,0,11796417.928881645,11791417.9321846,5000.0
median_p50,RP5,DONCASTER AND BASSETLAW TEACHING HOSPITALS NHS FOUNDATION TRUST,101,Urology Service,3446.4986572265625,0,0.0,3446.49866,0.0,0.0,Optimal,500,0,11796417.928881645,11791417.9321846,5000.0
median_p50,RP5,DONCASTER AND BASSETLAW TEACHING HOSPITALS NHS FOUNDATION TRUST,100,General Surgery Service,13981.4697265625,0,0.0,13981.4697,0.0,0.0,Optimal,500,0,11796417.928881645,11791417.9321846,5000.0
median_p50,RNZ,SALISBURY NHS FOUNDATION TRUST,502,Gynaecology Service,6219.230224609375,0,0.0,6219.23022,0.0,0.0,Optimal,500,0,11796417.928881645,11791417.9321846,5000.0
median_p50,RNZ,SALISBURY NHS FOUNDATION TRUST,160,Plastic Surgery Service,11989.638305664062,0,0.0,11989.63828,0.0,0.0,Optimal,500,0,11796417.928881645,11791417.9321846,5000.0
median_p50,RNZ,SALISBURY NHS FOUNDATION TRUST,140,Oral Surgery Service,3412.2606506347656,0,0.0,3412.26065,0.0,0.0,Optimal,500,0,11796417.928881645,11791417.9321846,5000.0
median_p50,RNZ,SALISBURY NHS FOUNDATION TRUST,130,Ophthalmology Service,3143.3299865722656,0,0.0,3143.32999,0.0,0.0,Optimal,500,0,11796417.928881645,11791417.9321846,5000.0
median_p50,RNZ,SALISBURY NHS FOUNDATION TRUST,120,Ear Nose and Throat Service,2544.8863067626953,0,0.0,2544.8863,0.0,0.0,Optimal,500,0,11796417.928881645,11791417.9321846,5000.0
median_p50,RNZ,SALISBURY NHS FOUNDATION TRUST,110,Trauma and Orthopaedic Service,12782.752319335938,0,0.0,12782.7524,0.0,0.0,Optimal,500,0,11796417.928881645,11791417.9321846,5000.0
median_p50,RNZ,SALISBURY NHS FOUNDATION TRUST,101,Urology Service,5995.784576416016,0,0.0,5995.78458,0.0,0.0,Optimal,500,0,11796417.928881645,11791417.9321846,5000.0
median_p50,RNZ,SALISBURY NHS FOUNDATION TRUST,100,General Surgery Service,4432.223937988281,0,0.0,4432.22395,0.0,0.0,Optimal,500,0,11796417.928881645,11791417.9321846,5000.0
median_p50,RNS,NORTHAMPTON GENERAL HOSPITAL NHS TRUST,502,Gynaecology Service,5183.639465332031,0,0.0,5183.63947,0.0,0.0,Optimal,500,0,11796417.928881645,11791417.9321846,5000.0
median_p50,RNS,NORTHAMPTON GENERAL HOSPITAL NHS TRUST,170,Cardiothoracic Surgery Service,198.39135932922363,0,0.0,198.391359,0.0,0.0,Optimal,500,0,11796417.928881645,11791417.9321846,5000.0
median_p50,RNS,NORTHAMPTON GENERAL HOSPITAL NHS TRUST,160,Plastic Surgery Service,629.5176544189453,0,0.0,629.517656,0.0,0.0,Optimal,500,0,11796417.928881645,11791417.9321846,5000.0
median_p50,RNS,NORTHAMPTON GENERAL HOSPITAL NHS TRUST,140,Oral Surgery Service,8227.27587890625,0,0.0,8227.27589,0.0,0.0,Optimal,500,0,11796417.928881645,11791417.9321846,5000.0
median_p50,RNS,NORTHAMPTON GENERAL HOSPITAL NHS TRUST,130,Ophthalmology Service,6534.448669433594,0,0.0,6534.44866,0.0,0.0,Optimal,500,0,11796417.928881645,11791417.9321846,5000.0
median_p50,RNS,NORTHAMPTON GENERAL HOSPITAL NHS TRUST,120,Ear Nose and Throat Service,9679.794860839844,0,0.0,9679.79485,0.0,0.0,Optimal,500,0,11796417.928881645,11791417.9321846,5000.0
median_p50,RNS,NORTHAMPTON GENERAL HOSPITAL NHS TRUST,110,Trauma and Orthopaedic Service,11126.850036621094,0,0.0,11126.85004,0.0,0.0,Optimal,500,0,11796417.928881645,11791417.9321846,5000.0
median_p50,RNS,NORTHAMPTON GENERAL HOSPITAL NHS TRUST,101,Urology Service,4483.110076904297,0,0.0,4483.11009,0.0,0.0,Optimal,500,0,11796417.928881645,11791417.9321846,5000.0
median_p50,RNS,NORTHAMPTON GENERAL HOSPITAL NHS TRUST,100,General Surgery Service,11351.739440917969,0,0.0,11351.73943,0.0,0.0,Optimal,500,0,11796417.928881645,11791417.9321846,5000.0
median_p50,RR8,LEEDS TEACHING HOSPITALS NHS TRUST,170,Cardiothoracic Surgery Service,2850.8897094726562,0,0.0,2850.8897,0.0,0.0,Optimal,500,0,11796417.928881645,11791417.9321846,5000.0
median_p50,RR8,LEEDS TEACHING HOSPITALS NHS TRUST,502,Gynaecology Service,5010.441009521484,0,0.0,5010.44102,0.0,0.0,Optimal,500,0,11796417.928881645,11791417.9321846,5000.0
median_p50,RRF,"WRIGHTINGTON, WIGAN AND LEIGH TEACHING HOSPITALS NHS FOUNDATION TRUST",100,General Surgery Service,11184.943786621094,0,0.0,11184.94379,0.0,0.0,Optimal,500,0,11796417.928881645,11791417.9321846,5000.0
median_p50,RTH,OXFORD UNIVERSITY HOSPITALS NHS FOUNDATION TRUST,160,Plastic Surgery Service,9883.127990722656,0,0.0,9883.128,0.0,0.0,Optimal,500,0,11796417.928881645,11791417.9321846,5000.0
median_p50,RTP,SURREY AND SUSSEX HEALTHCARE NHS TRUST,100,General Surgery Service,3141.9583435058594,0,0.0,3141.95835,0.0,0.0,Optimal,500,0,11796417.928881645,11791417.9321846,5000.0
median_p50,RTK,ASHFORD AND ST PETER'S HOSPITALS NHS FOUNDATION TRUST,502,Gynaecology Service,4417.213897705078,0,0.0,4417.2139,0.0,0.0,Optimal,500,0,11796417.928881645,11791417.9321846,5000.0
median_p50,RTK,ASHFORD AND ST PETER'S HOSPITALS NHS FOUNDATION TRUST,160,Plastic Surgery Service,86.7144546508789,0,0.0,86.7144546,0.0,0.0,Optimal,500,0,11796417.928881645,11791417.9321846,5000.0
median_p50,RTK,ASHFORD AND ST PETER'S HOSPITALS NHS FOUNDATION TRUST,140,Oral Surgery Service,4525.91552734375,0,0.0,4525.91553,0.0,0.0,Optimal,500,0,11796417.928881645,11791417.9321846,5000.0
median_p50,RTK,ASHFORD AND ST PETER'S HOSPITALS NHS FOUNDATION TRUST,130,Ophthalmology Service,10476.193908691406,0,0.0,10476.1939,0.0,0.0,Optimal,500,0,11796417.928881645,11791417.9321846,5000.0
median_p50,RTK,ASHFORD AND ST PETER'S HOSPITALS NHS FOUNDATION TRUST,120,Ear Nose and Throat Service,5277.511962890625,0,0.0,5277.51195,0.0,0.0,Optimal,500,0,11796417.928881645,11791417.9321846,5000.0
median_p50,RTK,ASHFORD AND ST PETER'S HOSPITALS NHS FOUNDATION TRUST,110,Trauma and Orthopaedic Service,12493.485778808594,0,0.0,12493.4859,0.0,0.0,Optimal,500,0,11796417.928881645,11791417.9321846,5000.0
median_p50,RTK,ASHFORD AND ST PETER'S HOSPITALS NHS FOUNDATION TRUST,101,Urology Service,2500.1305389404297,0,0.0,2500.13054,0.0,0.0,Optimal,500,0,11796417.928881645,11791417.9321846,5000.0
median_p50,RTK,ASHFORD AND ST PETER'S HOSPITALS NHS FOUNDATION TRUST,100,General Surgery Service,1046.452278137207,0,0.0,1046.452278,0.0,0.0,Optimal,500,0,11796417.928881645,11791417.9321846,5000.0
median_p50,RTH,OXFORD UNIVERSITY HOSPITALS NHS FOUNDATION TRUST,502,Gynaecology Service,24450.2509765625,0,0.0,24450.2509,0.0,0.0,Optimal,500,0,11796417.928881645,11791417.9321846,5000.0
median_p50,RTH,OXFORD UNIVERSITY HOSPITALS NHS FOUNDATION TRUST,150,Neurosurgical Service,2687.8756713867188,0,0.0,2687.87567,0.0,0.0,Optimal,500,0,11796417.928881645,11791417.9321846,5000.0
median_p50,RTG,UNIVERSITY HOSPITALS OF DERBY AND BURTON NHS FOUNDATION TRUST,110,Trauma and Orthopaedic Service,114377.0849609375,0,0.0,114377.08469999999,0.0,0.0,Optimal,500,0,11796417.928881645,11791417.9321846,5000.0
median_p50,RTH,OXFORD UNIVERSITY HOSPITALS NHS FOUNDATION TRUST,140,Oral Surgery Service,8897.7724609375,0,0.0,8897.77246,0.0,0.0,Optimal,500,0,11796417.928881645,11791417.9321846,5000.0
median_p50,RTH,OXFORD UNIVERSITY HOSPITALS NHS FOUNDATION TRUST,130,Ophthalmology Service,27562.929443359375,0,0.0,27562.9295,0.0,0.0,Optimal,500,0,11796417.928881645,11791417.9321846,5000.0
median_p50,RTH,OXFORD UNIVERSITY HOSPITALS NHS FOUNDATION TRUST,120,Ear Nose and Throat Service,10102.222961425781,0,0.0,10102.22296,0.0,0.0,Optimal,500,0,11796417.928881645,11791417.9321846,5000.0
median_p50,RTH,OXFORD UNIVERSITY HOSPITALS NHS FOUNDATION TRUST,110,Trauma and Orthopaedic Service,46241.324951171875,0,0.0,46241.325,0.0,0.0,Optimal,500,0,11796417.928881645,11791417.9321846,5000.0
median_p50,RTH,OXFORD UNIVERSITY HOSPITALS NHS FOUNDATION TRUST,101,Urology Service,9928.555297851562,0,0.0,9928.55529,0.0,0.0,Optimal,500,0,11796417.928881645,11791417.9321846,5000.0
median_p50,RTH,OXFORD UNIVERSITY HOSPITALS NHS FOUNDATION TRUST,100,General Surgery Service,9274.518615722656,0,0.0,9274.51861,0.0,0.0,Optimal,500,0,11796417.928881645,11791417.9321846,5000.0
median_p50,RTG,UNIVERSITY HOSPITALS OF DERBY AND BURTON NHS FOUNDATION TRUST,502,Gynaecology Service,17502.632080078125,0,0.0,17502.632,0.0,0.0,Optimal,500,0,11796417.928881645,11791417.9321846,5000.0
median_p50,RTG,UNIVERSITY HOSPITALS OF DERBY AND BURTON NHS FOUNDATION TRUST,160,Plastic Surgery Service,3434.6017150878906,0,0.0,3434.60171,0.0,0.0,Optimal,500,0,11796417.928881645,11791417.9321846,5000.0
median_p50,RTG,UNIVERSITY HOSPITALS OF DERBY AND BURTON NHS FOUNDATION TRUST,140,Oral Surgery Service,7305.786376953125,0,0.0,7305.78637,0.0,0.0,Optimal,500,0,11796417.928881645,11791417.9321846,5000.0
median_p50,RTG,UNIVERSITY HOSPITALS OF DERBY AND BURTON NHS FOUNDATION TRUST,130,Ophthalmology Service,21215.994750976562,0,0.0,21215.9947,0.0,0.0,Optimal,500,0,11796417.928881645,11791417.9321846,5000.0
median_p50,RTP,SURREY AND SUSSEX HEALTHCARE NHS TRUST,101,Urology Service,10314.700988769531,0,0.0,10314.70099,0.0,0.0,Optimal,500,0,11796417.928881645,11791417.9321846,5000.0
median_p50,RTP,SURREY AND SUSSEX HEALTHCARE NHS TRUST,110,Trauma and Orthopaedic Service,21978.884887695312,0,0.0,21978.8851,0.0,0.0,Optimal,500,0,11796417.928881645,11791417.9321846,5000.0
median_p50,RTP,SURREY AND SUSSEX HEALTHCARE NHS TRUST,120,Ear Nose and Throat Service,10199.894348144531,0,0.0,10199.89435,0.0,0.0,Optimal,500,0,11796417.928881645,11791417.9321846,5000.0
median_p50,RTP,SURREY AND SUSSEX HEALTHCARE NHS TRUST,130,Ophthalmology Service,5802.187927246094,0,0.0,5802.18793,0.0,0.0,Optimal,500,0,11796417.928881645,11791417.9321846,5000.0
median_p50,RVJ,NORTH BRISTOL NHS TRUST,110,Trauma and Orthopaedic Service,60387.80078125,0,0.0,60387.8008,0.0,0.0,Optimal,500,0,11796417.928881645,11791417.9321846,5000.0
median_p50,RVJ,NORTH BRISTOL NHS TRUST,101,Urology Service,25829.956298828125,0,0.0,25829.9563,0.0,0.0,Optimal,500,0,11796417.928881645,11791417.9321846,5000.0
median_p50,RVJ,NORTH BRISTOL NHS TRUST,100,General Surgery Service,3129.1713104248047,0,0.0,3129.17132,0.0,0.0,Optimal,500,0,11796417.928881645,11791417.9321846,5000.0
median_p50,RTX,UNIVERSITY HOSPITALS OF MORECAMBE BAY NHS FOUNDATION TRUST,502,Gynaecology Service,4018.952423095703,0,0.0,4018.95241,0.0,0.0,Optimal,500,0,11796417.928881645,11791417.9321846,5000.0
median_p50,RTX,UNIVERSITY HOSPITALS OF MORECAMBE BAY NHS FOUNDATION TRUST,140,Oral Surgery Service,2987.2833709716797,0,0.0,2987.28338,0.0,0.0,Optimal,500,0,11796417.928881645,11791417.9321846,5000.0
median_p50,RTX,UNIVERSITY HOSPITALS OF MORECAMBE BAY NHS FOUNDATION TRUST,130,Ophthalmology Service,6135.409393310547,0,0.0,6135.40939,0.0,0.0,Optimal,500,0,11796417.928881645,11791417.9321846,5000.0
median_p50,RTX,UNIVERSITY HOSPITALS OF MORECAMBE BAY NHS FOUNDATION TRUST,120,Ear Nose and Throat Service,4901.6075439453125,0,0.0,4901.60755,0.0,0.0,Optimal,500,0,11796417.928881645,11791417.9321846,5000.0
median_p50,RTX,UNIVERSITY HOSPITALS OF MORECAMBE BAY NHS FOUNDATION TRUST,110,Trauma and Orthopaedic Service,40277.4111328125,0,0.0,40277.4113,0.0,0.0,Optimal,500,0,11796417.928881645,11791417.9321846,5000.0
median_p50,RTX,UNIVERSITY HOSPITALS OF MORECAMBE BAY NHS FOUNDATION TRUST,101,Urology Service,4878.532501220703,0,0.0,4878.53251,0.0,0.0,Optimal,500,0,11796417.928881645,11791417.9321846,5000.0
median_p50,RTX,UNIVERSITY HOSPITALS OF MORECAMBE BAY NHS FOUNDATION TRUST,100,General Surgery Service,6521.6912841796875,0,0.0,6521.6912999999995,0.0,0.0,Optimal,500,0,11796417.928881645,11791417.9321846,5000.0
median_p50,RTR,SOUTH TEES HOSPITALS NHS FOUNDATION TRUST,502,Gynaecology Service,11514.042602539062,0,0.0,11514.04262,0.0,0.0,Optimal,500,0,11796417.928881645,11791417.9321846,5000.0
median_p50,RTR,SOUTH TEES HOSPITALS NHS FOUNDATION TRUST,170,Cardiothoracic Surgery Service,1557.1965637207031,0,0.0,1557.1965599999999,0.0,0.0,Optimal,500,0,11796417.928881645,11791417.9321846,5000.0
median_p50,RTR,SOUTH TEES HOSPITALS NHS FOUNDATION TRUST,160,Plastic Surgery Service,15325.503784179688,0,0.0,15325.5039,0.0,0.0,Optimal,500,0,11796417.928881645,11791417.9321846,5000.0
median_p50,RTR,SOUTH TEES HOSPITALS NHS FOUNDATION TRUST,150,Neurosurgical Service,3174.8253326416016,0,0.0,3174.82531,0.0,0.0,Optimal,500,0,11796417.928881645,11791417.9321846,5000.0
median_p50,RTR,SOUTH TEES HOSPITALS NHS FOUNDATION TRUST,130,Ophthalmology Service,12079.465698242188,0,0.0,12079.46567,0.0,0.0,Optimal,500,0,11796417.928881645,11791417.9321846,5000.0
median_p50,RTR,SOUTH TEES HOSPITALS NHS FOUNDATION TRUST,120,Ear Nose and Throat Service,10786.248168945312,0,0.0,10786.24817,0.0,0.0,Optimal,500,0,11796417.928881645,11791417.9321846,5000.0
median_p50,RTR,SOUTH TEES HOSPITALS NHS FOUNDATION TRUST,110,Trauma and Orthopaedic Service,41606.53076171875,0,0.0,41606.5308,0.0,0.0,Optimal,500,0,11796417.928881645,11791417.9321846,5000.0
median_p50,RTR,SOUTH TEES HOSPITALS NHS FOUNDATION TRUST,101,Urology Service,7525.470642089844,0,0.0,7525.4706400000005,0.0,0.0,Optimal,500,0,11796417.928881645,11791417.9321846,5000.0
median_p50,RTR,SOUTH TEES HOSPITALS NHS FOUNDATION TRUST,100,General Surgery Service,9911.653198242188,0,0.0,9911.6532,0.0,0.0,Optimal,500,0,11796417.928881645,11791417.9321846,5000.0
median_p50,RTP,SURREY AND SUSSEX HEALTHCARE NHS TRUST,502,Gynaecology Service,13842.292114257812,0,0.0,13842.292,0.0,0.0,Optimal,500,0,11796417.928881645,11791417.9321846,5000.0
median_p50,RTP,SURREY AND SUSSEX HEALTHCARE NHS TRUST,140,Oral Surgery Service,2563.8330078125,0,0.0,2563.83301,0.0,0.0,Optimal,500,0,11796417.928881645,11791417.9321846,5000.0
median_p50,RTG,UNIVERSITY HOSPITALS OF DERBY AND BURTON NHS FOUNDATION TRUST,120,Ear Nose and Throat Service,16745.73828125,0,0.0,16745.7383,0.0,0.0,Optimal,500,0,11796417.928881645,11791417.9321846,5000.0
median_p50,RTG,UNIVERSITY HOSPITALS OF DERBY AND BURTON NHS FOUNDATION TRUST,101,Urology Service,7831.514099121094,0,0.0,7831.5141,0.0,0.0,Optimal,500,0,11796417.928881645,11791417.9321846,5000.0
median_p50,RRF,"WRIGHTINGTON, WIGAN AND LEIGH TEACHING HOSPITALS NHS FOUNDATION TRUST",101,Urology Service,6898.494384765625,0,0.0,6898.49439,0.0,0.0,Optimal,500,0,11796417.928881645,11791417.9321846,5000.0
median_p50,RRK,UNIVERSITY HOSPITALS BIRMINGHAM NHS FOUNDATION TRUST,130,Ophthalmology Service,16087.493774414062,0,0.0,16087.4939,0.0,0.0,Optimal,500,0,11796417.928881645,11791417.9321846,5000.0
median_p50,RRV,UNIVERSITY COLLEGE LONDON HOSPITALS NHS FOUNDATION TRUST,140,Oral Surgery Service,13489.354614257812,0,0.0,13489.3547,0.0,0.0,Optimal,500,0,11796417.928881645,11791417.9321846,5000.0
median_p50,RRV,UNIVERSITY COLLEGE LONDON HOSPITALS NHS FOUNDATION TRUST,120,Ear Nose and Throat Service,18540.991455078125,0,0.0,18540.9913,0.0,0.0,Optimal,500,0,11796417.928881645,11791417.9321846,5000.0
median_p50,RRV,UNIVERSITY COLLEGE LONDON HOSPITALS NHS FOUNDATION TRUST,110,Trauma and Orthopaedic Service,20167.4521484375,0,0.0,20167.4521,0.0,0.0,Optimal,500,0,11796417.928881645,11791417.9321846,5000.0
median_p50,RRV,UNIVERSITY COLLEGE LONDON HOSPITALS NHS FOUNDATION TRUST,101,Urology Service,12988.120361328125,0,0.0,12988.120499999999,0.0,0.0,Optimal,500,0,11796417.928881645,11791417.9321846,5000.0
median_p50,RRV,UNIVERSITY COLLEGE LONDON HOSPITALS NHS FOUNDATION TRUST,100,General Surgery Service,145.4655704498291,0,0.0,145.46557,0.0,0.0,Optimal,500,0,11796417.928881645,11791417.9321846,5000.0
median_p50,RRK,UNIVERSITY HOSPITALS BIRMINGHAM NHS FOUNDATION TRUST,502,Gynaecology Service,3784.527099609375,0,0.0,3784.5271,0.0,0.0,Optimal,500,0,11796417.928881645,11791417.9321846,5000.0
median_p50,RRK,UNIVERSITY HOSPITALS BIRMINGHAM NHS FOUNDATION TRUST,170,Cardiothoracic Surgery Service,1234.0233154296875,0,0.0,1234.023313,0.0,0.0,Optimal,500,0,11796417.928881645,11791417.9321846,5000.0
median_p50,RRK,UNIVERSITY HOSPITALS BIRMINGHAM NHS FOUNDATION TRUST,160,Plastic Surgery Service,3055.7969512939453,0,0.0,3055.79695,0.0,0.0,Optimal,500,0,11796417.928881645,11791417.9321846,5000.0
median_p50,RRK,UNIVERSITY HOSPITALS BIRMINGHAM NHS FOUNDATION TRUST,150,Neurosurgical Service,1897.7099914550781,0,0.0,1897.71,0.0,0.0,Optimal,500,0,11796417.928881645,11791417.9321846,5000.0
median_p50,RRK,UNIVERSITY HOSPITALS BIRMINGHAM NHS FOUNDATION TRUST,140,Oral Surgery Service,1770.9350128173828,0,0.0,1770.9350100000001,0.0,0.0,Optimal,500,0,11796417.928881645,11791417.9321846,5000.0
median_p50,RRK,UNIVERSITY HOSPITALS BIRMINGHAM NHS FOUNDATION TRUST,120,Ear Nose and Throat Service,10804.869873046875,0,0.0,10804.86986,0.0,0.0,Optimal,500,0,11796417.928881645,11791417.9321846,5000.0
median_p50,RTG,UNIVERSITY HOSPITALS OF DERBY AND BURTON NHS FOUNDATION TRUST,100,General Surgery Service,12693.234252929688,0,0.0,12693.2342,0.0,0.0,Optimal,500,0,11796417.928881645,11791417.9321846,5000.0
median_p50,RRK,UNIVERSITY HOSPITALS BIRMINGHAM NHS FOUNDATION TRUST,110,Trauma and Orthopaedic Service,9287.797973632812,0,0.0,9287.79796,0.0,0.0,Optimal,500,0,11796417.928881645,11791417.9321846,5000.0
median_p50,RRK,UNIVERSITY HOSPITALS BIRMINGHAM NHS FOUNDATION TRUST,101,Urology Service,11234.824890136719,0,0.0,11234.8249,0.0,0.0,Optimal,500,0,11796417.928881645,11791417.9321846,5000.0
median_p50,RRK,UNIVERSITY HOSPITALS BIRMINGHAM NHS FOUNDATION TRUST,100,General Surgery Service,11512.426879882812,0,0.0,11512.426879999999,0.0,0.0,Optimal,500,0,11796417.928881645,11791417.9321846,5000.0
median_p50,RRJ,THE ROYAL ORTHOPAEDIC HOSPITAL NHS FOUNDATION TRUST,110,Trauma and Orthopaedic Service,37340.703125,0,0.0,37340.703,0.0,0.0,Optimal,500,0,11796417.928881645,11791417.9321846,5000.0
median_p50,RRF,"WRIGHTINGTON, WIGAN AND LEIGH TEACHING HOSPITALS NHS FOUNDATION TRUST",502,Gynaecology Service,5803.963226318359,0,0.0,5803.96321,0.0,0.0,Optimal,500,0,11796417.928881645,11791417.9321846,5000.0
median_p50,RRF,"WRIGHTINGTON, WIGAN AND LEIGH TEACHING HOSPITALS NHS FOUNDATION TRUST",160,Plastic Surgery Service,2402.7010498046875,0,0.0,2402.70106,0.0,0.0,Optimal,500,0,11796417.928881645,11791417.9321846,5000.0
median_p50,RRF,"WRIGHTINGTON, WIGAN AND LEIGH TEACHING HOSPITALS NHS FOUNDATION TRUST",140,Oral Surgery Service,4502.869384765625,0,0.0,4502.86937,0.0,0.0,Optimal,500,0,11796417.928881645,11791417.9321846,5000.0
median_p50,RRF,"WRIGHTINGTON, WIGAN AND LEIGH TEACHING HOSPITALS NHS FOUNDATION TRUST",130,Ophthalmology Service,4723.35791015625,0,0.0,4723.35792,0.0,0.0,Optimal,500,0,11796417.928881645,11791417.9321846,5000.0
median_p50,RRF,"WRIGHTINGTON, WIGAN AND LEIGH TEACHING HOSPITALS NHS FOUNDATION TRUST",120,Ear Nose and Throat Service,10575.086791992188,0,0.0,10575.086800000001,0.0,0.0,Optimal,500,0,11796417.928881645,11791417.9321846,5000.0
median_p50,RRF,"WRIGHTINGTON, WIGAN AND LEIGH TEACHING HOSPITALS NHS FOUNDATION TRUST",110,Trauma and Orthopaedic Service,77320.5126953125,0,0.0,77320.5126,0.0,0.0,Optimal,500,0,11796417.928881645,11791417.9321846,5000.0
median_p50,RRV,UNIVERSITY COLLEGE LONDON HOSPITALS NHS FOUNDATION TRUST,150,Neurosurgical Service,7331.443359375,0,0.0,7331.44335,0.0,0.0,Optimal,500,0,11796417.928881645,11791417.9321846,5000.0
median_p50,RRV,UNIVERSITY COLLEGE LONDON HOSPITALS NHS FOUNDATION TRUST,502,Gynaecology Service,6152.472717285156,0,0.0,6152.47271,0.0,0.0,Optimal,500,0,11796417.928881645,11791417.9321846,5000.0
median_p50,RTD,THE NEWCASTLE UPON TYNE HOSPITALS NHS FOUNDATION TRUST,100,General Surgery Service,2700.9041595458984,0,0.0,2700.90417,0.0,0.0,Optimal,500,0,11796417.928881645,11791417.9321846,5000.0
median_p50,RTD,THE NEWCASTLE UPON TYNE HOSPITALS NHS FOUNDATION TRUST,101,Urology Service,16264.098266601562,0,0.0,16264.0983,0.0,0.0,Optimal,500,0,11796417.928881645,11791417.9321846,5000.0
median_p50,RTF,NORTHUMBRIA HEALTHCARE NHS FOUNDATION TRUST,502,Gynaecology Service,6262.564788818359,0,0.0,6262.5648,0.0,0.0,Optimal,500,0,11796417.928881645,11791417.9321846,5000.0
median_p50,RTF,NORTHUMBRIA HEALTHCARE NHS FOUNDATION TRUST,160,Plastic Surgery Service,12738.545166015625,0,0.0,12738.5451,0.0,0.0,Optimal,500,0,11796417.928881645,11791417.9321846,5000.0
median_p50,RTF,NORTHUMBRIA HEALTHCARE NHS FOUNDATION TRUST,140,Oral Surgery Service,9818.798706054688,0,0.0,9818.79871,0.0,0.0,Optimal,500,0,11796417.928881645,11791417.9321846,5000.0
median_p50,RTF,NORTHUMBRIA HEALTHCARE NHS FOUNDATION TRUST,110,Trauma and Orthopaedic Service,48163.2099609375,0,0.0,48163.21,0.0,0.0,Optimal,500,0,11796417.928881645,11791417.9321846,5000.0
median_p50,RTF,NORTHUMBRIA HEALTHCARE NHS FOUNDATION TRUST,101,Urology Service,3126.05029296875,0,0.0,3126.05029,0.0,0.0,Optimal,500,0,11796417.928881645,11791417.9321846,5000.0
median_p50,RTF,NORTHUMBRIA HEALTHCARE NHS FOUNDATION TRUST,100,General Surgery Service,16183.52294921875,0,0.0,16183.523,0.0,0.0,Optimal,500,0,11796417.928881645,11791417.9321846,5000.0
median_p50,RTE,GLOUCESTERSHIRE HOSPITALS NHS FOUNDATION TRUST,502,Gynaecology Service,7812.754638671875,0,0.0,7812.75464,0.0,0.0,Optimal,500,0,11796417.928881645,11791417.9321846,5000.0
median_p50,RTE,GLOUCESTERSHIRE HOSPITALS NHS FOUNDATION TRUST,140,Oral Surgery Service,5652.065185546875,0,0.0,5652.06518,0.0,0.0,Optimal,500,0,11796417.928881645,11791417.9321846,5000.0
median_p50,RTE,GLOUCESTERSHIRE HOSPITALS NHS FOUNDATION TRUST,130,Ophthalmology Service,9508.40234375,0,0.0,9508.40235,0.0,0.0,Optimal,500,0,11796417.928881645,11791417.9321846,5000.0
median_p50,RTE,GLOUCESTERSHIRE HOSPITALS NHS FOUNDATION TRUST,120,Ear Nose and Throat Service,10053.7431640625,0,0.0,10053.74316,0.0,0.0,Optimal,500,0,11796417.928881645,11791417.9321846,5000.0
median_p50,RTE,GLOUCESTERSHIRE HOSPITALS NHS FOUNDATION TRUST,110,Trauma and Orthopaedic Service,48579.38720703125,0,0.0,48579.3872,0.0,0.0,Optimal,500,0,11796417.928881645,11791417.9321846,5000.0
median_p50,RTE,GLOUCESTERSHIRE HOSPITALS NHS FOUNDATION TRUST,101,Urology Service,14452.342041015625,0,0.0,14452.3421,0.0,0.0,Optimal,500,0,11796417.928881645,11791417.9321846,5000.0
median_p50,RTE,GLOUCESTERSHIRE HOSPITALS NHS FOUNDATION TRUST,100,General Surgery Service,67.08690690994263,0,0.0,67.0869069,0.0,0.0,Optimal,500,0,11796417.928881645,11791417.9321846,5000.0
median_p50,RTD,THE NEWCASTLE UPON TYNE HOSPITALS NHS FOUNDATION TRUST,502,Gynaecology Service,7336.3912353515625,0,0.0,7336.391250000001,0.0,0.0,Optimal,500,0,11796417.928881645,11791417.9321846,5000.0
median_p50,RTD,THE NEWCASTLE UPON TYNE HOSPITALS NHS FOUNDATION TRUST,170,Cardiothoracic Surgery Service,579.3552513122559,0,0.0,579.355251,0.0,0.0,Optimal,500,0,11796417.928881645,11791417.9321846,5000.0
median_p50,RTD,THE NEWCASTLE UPON TYNE HOSPITALS NHS FOUNDATION TRUST,160,Plastic Surgery Service,13052.904663085938,0,0.0,13052.9048,0.0,0.0,Optimal,500,0,11796417.928881645,11791417.9321846,5000.0
median_p50,RTD,THE NEWCASTLE UPON TYNE HOSPITALS NHS FOUNDATION TRUST,150,Neurosurgical Service,2794.5323028564453,0,0.0,2794.53231,0.0,0.0,Optimal,500,0,11796417.928881645,11791417.9321846,5000.0
median_p50,RTD,THE NEWCASTLE UPON TYNE HOSPITALS NHS FOUNDATION TRUST,140,Oral Surgery Service,3322.756118774414,0,0.0,3322.75612,0.0,0.0,Optimal,500,0,11796417.928881645,11791417.9321846,5000.0
median_p50,RTD,THE NEWCASTLE UPON TYNE HOSPITALS NHS FOUNDATION TRUST,130,Ophthalmology Service,36051.9775390625,0,0.0,36051.9777,0.0,0.0,Optimal,500,0,11796417.928881645,11791417.9321846,5000.0
median_p50,RTD,THE NEWCASTLE UPON TYNE HOSPITALS NHS FOUNDATION TRUST,120,Ear Nose and Throat Service,19978.978393554688,0,0.0,19978.9785,0.0,0.0,Optimal,500,0,11796417.928881645,11791417.9321846,5000.0
median_p50,RTD,THE NEWCASTLE UPON TYNE HOSPITALS NHS FOUNDATION TRUST,110,Trauma and Orthopaedic Service,63714.8642578125,0,0.0,63714.8643,0.0,0.0,Optimal,500,0,11796417.928881645,11791417.9321846,5000.0
median_p50,RBL,WIRRAL UNIVERSITY TEACHING HOSPITAL NHS FOUNDATION TRUST,101,Urology Service,5279.623046875,0,0.0,5279.62306,0.0,0.0,Optimal,500,0,11796417.928881645,11791417.9321846,5000.0
median_p50,RBD,DORSET COUNTY HOSPITAL NHS FOUNDATION TRUST,101,Urology Service,3359.7486724853516,0,0.0,3359.74869,0.0,0.0,Optimal,500,0,11796417.928881645,11791417.9321846,5000.0
median_p50,RBK,WALSALL HEALTHCARE NHS TRUST,502,Gynaecology Service,7534.748046875,0,0.0,7534.74805,0.0,0.0,Optimal,500,0,11796417.928881645,11791417.9321846,5000.0
median_p50,NT343,SPIRE THAMES VALLEY HOSPITAL,100,General Surgery Service,83.92038822174072,0,0.0,83.9203883,0.0,0.0,Optimal,500,0,11796417.928881645,11791417.9321846,5000.0
median_p50,NT347,SPIRE FYLDE COAST HOSPITAL,110,Trauma and Orthopaedic Service,5201.8267822265625,0,0.0,5201.8268,0.0,0.0,Optimal,500,0,11796417.928881645,11791417.9321846,5000.0
median_p50,NT347,SPIRE FYLDE COAST HOSPITAL,101,Urology Service,178.04948234558105,0,0.0,178.049482,0.0,0.0,Optimal,500,0,11796417.928881645,11791417.9321846,5000.0
median_p50,NT347,SPIRE FYLDE COAST HOSPITAL,100,General Surgery Service,1447.563217163086,0,0.0,1447.56322,0.0,0.0,Optimal,500,0,11796417.928881645,11791417.9321846,5000.0
median_p50,NT345,SPIRE CLARE PARK HOSPITAL,120,Ear Nose and Throat Service,58.492629051208496,0,0.0,58.492629,0.0,0.0,Optimal,500,0,11796417.928881645,11791417.9321846,5000.0
median_p50,NT345,SPIRE CLARE PARK HOSPITAL,110,Trauma and Orthopaedic Service,300.5591335296631,0,0.0,300.55913400000003,0.0,0.0,Optimal,500,0,11796417.928881645,11791417.9321846,5000.0
median_p50,NT345,SPIRE CLARE PARK HOSPITAL,101,Urology Service,87.83487176895142,0,0.0,87.8348717,0.0,0.0,Optimal,500,0,11796417.928881645,11791417.9321846,5000.0
median_p50,NT345,SPIRE CLARE PARK HOSPITAL,100,General Surgery Service,160.69315814971924,0,0.0,160.693159,0.0,0.0,Optimal,500,0,11796417.928881645,11791417.9321846,5000.0
median_p50,NT344,SPIRE DUNEDIN HOSPITAL,110,Trauma and Orthopaedic Service,693.8788299560547,0,0.0,693.878831,0.0,0.0,Optimal,500,0,11796417.928881645,11791417.9321846,5000.0
median_p50,NT344,SPIRE DUNEDIN HOSPITAL,100,General Surgery Service,169.63408660888672,0,0.0,169.634088,0.0,0.0,Optimal,500,0,11796417.928881645,11791417.9321846,5000.0
median_p50,NT343,SPIRE THAMES VALLEY HOSPITAL,110,Trauma and Orthopaedic Service,757.6396293640137,0,0.0,757.639628,0.0,0.0,Optimal,500,0,11796417.928881645,11791417.9321846,5000.0
median_p50,NT339,SPIRE REGENCY HOSPITAL,502,Gynaecology Service,751.3308410644531,0,0.0,751.330842,0.0,0.0,Optimal,500,0,11796417.928881645,11791417.9321846,5000.0
median_p50,NT333,SPIRE WASHINGTON HOSPITAL,150,Neurosurgical Service,251.36089897155762,0,0.0,251.360898,0.0,0.0,Optimal,500,0,11796417.928881645,11791417.9321846,5000.0
median_p50,NT339,SPIRE REGENCY HOSPITAL,150,Neurosurgical Service,84.91984844207764,0,0.0,84.9198483,0.0,0.0,Optimal,500,0,11796417.928881645,11791417.9321846,5000.0
median_p50,NT339,SPIRE REGENCY HOSPITAL,120,Ear Nose and Throat Service,254.0869655609131,0,0.0,254.086965,0.0,0.0,Optimal,500,0,11796417.928881645,11791417.9321846,5000.0
median_p50,NT339,SPIRE REGENCY HOSPITAL,110,Trauma and Orthopaedic Service,3579.660430908203,0,0.0,3579.66043,0.0,0.0,Optimal,500,0,11796417.928881645,11791417.9321846,5000.0
median_p50,NT339,SPIRE REGENCY HOSPITAL,101,Urology Service,89.20534181594849,0,0.0,89.2053418,0.0,0.0,Optimal,500,0,11796417.928881645,11791417.9321846,5000.0
median_p50,NT339,SPIRE REGENCY HOSPITAL,100,General Surgery Service,1002.9153900146484,0,0.0,1002.915389,0.0,0.0,Optimal,500,0,11796417.928881645,11791417.9321846,5000.0
median_p50,NT337,SPIRE LIVERPOOL HOSPITAL,160,Plastic Surgery Service,160.56998348236084,0,0.0,160.5699825,0.0,0.0,Optimal,500,0,11796417.928881645,11791417.9321846,5000.0
median_p50,NT337,SPIRE LIVERPOOL HOSPITAL,120,Ear Nose and Throat Service,342.30272674560547,0,0.0,342.302728,0.0,0.0,Optimal,500,0,11796417.928881645,11791417.9321846,5000.0
median_p50,NT337,SPIRE LIVERPOOL HOSPITAL,110,Trauma and Orthopaedic Service,2645.2742614746094,0,0.0,2645.27426,0.0,0.0,Optimal,500,0,11796417.928881645,11791417.9321846,5000.0
median_p50,NT337,SPIRE LIVERPOOL HOSPITAL,101,Urology Service,426.77772521972656,0,0.0,426.77772500000003,0.0,0.0,Optimal,500,0,11796417.928881645,11791417.9321846,5000.0
median_p50,NT337,SPIRE LIVERPOOL HOSPITAL,100,General Surgery Service,1163.8452377319336,0,0.0,1163.845236,0.0,0.0,Optimal,500,0,11796417.928881645,11791417.9321846,5000.0
median_p50,NT347,SPIRE FYLDE COAST HOSPITAL,120,Ear Nose and Throat Service,231.38718795776367,0,0.0,231.387189,0.0,0.0,Optimal,500,0,11796417.928881645,11791417.9321846,5000.0
median_p50,NT347,SPIRE FYLDE COAST HOSPITAL,150,Neurosurgical Service,191.39711380004883,0,0.0,191.3971133,0.0,0.0,Optimal,500,0,11796417.928881645,11791417.9321846,5000.0
median_p50,NT347,SPIRE FYLDE COAST HOSPITAL,502,Gynaecology Service,478.59521102905273,0,0.0,478.595212,0.0,0.0,Optimal,500,0,11796417.928881645,11791417.9321846,5000.0
median_p50,NT348,SPIRE ELLAND HOSPITAL,100,General Surgery Service,799.8463516235352,0,0.0,799.846352,0.0,0.0,Optimal,500,0,11796417.928881645,11791417.9321846,5000.0
median_p50,NT3X3,SPIRE ST ANTHONY'S HOSPITAL,502,Gynaecology Service,83.41973209381104,0,0.0,83.4197321,0.0,0.0,Optimal,500,0,11796417.928881645,11791417.9321846,5000.0
median_p50,NT3X3,SPIRE ST ANTHONY'S HOSPITAL,150,Neurosurgical Service,80.6030740737915,0,0.0,80.6030741,0.0,0.0,Optimal,500,0,11796417.928881645,11791417.9321846,5000.0
median_p50,NT3X3,SPIRE ST ANTHONY'S HOSPITAL,120,Ear Nose and Throat Service,60.87165927886963,0,0.0,60.8716594,0.0,0.0,Optimal,500,0,11796417.928881645,11791417.9321846,5000.0
median_p50,NT3X3,SPIRE ST ANTHONY'S HOSPITAL,110,Trauma and Orthopaedic Service,331.1936912536621,0,0.0,331.193691,0.0,0.0,Optimal,500,0,11796417.928881645,11791417.9321846,5000.0
median_p50,NT3X3,SPIRE ST ANTHONY'S HOSPITAL,100,General Surgery Service,1021.205810546875,0,0.0,1021.205809,0.0,0.0,Optimal,500,0,11796417.928881645,11791417.9321846,5000.0
median_p50,NT364,SPIRE MONTEFIORE HOSPITAL,110,Trauma and Orthopaedic Service,1417.164421081543,0,0.0,1417.1644000000001,0.0,0.0,Optimal,500,0,11796417.928881645,11791417.9321846,5000.0
median_p50,NT364,SPIRE MONTEFIORE HOSPITAL,100,General Surgery Service,312.5718936920166,0,0.0,312.571894,0.0,0.0,Optimal,500,0,11796417.928881645,11791417.9321846,5000.0
median_p50,NT351,SPIRE HULL AND EAST RIDING HOSPITAL,502,Gynaecology Service,104.77896118164062,0,0.0,104.77896129999999,0.0,0.0,Optimal,500,0,11796417.928881645,11791417.9321846,5000.0
median_p50,NT351,SPIRE HULL AND EAST RIDING HOSPITAL,150,Neurosurgical Service,333.4678764343262,0,0.0,333.467877,0.0,0.0,Optimal,500,0,11796417.928881645,11791417.9321846,5000.0
median_p50,NT351,SPIRE HULL AND EAST RIDING HOSPITAL,120,Ear Nose and Throat Service,97.41889476776123,0,0.0,97.4188949,0.0,0.0,Optimal,500,0,11796417.928881645,11791417.9321846,5000.0
median_p50,NT351,SPIRE HULL AND EAST RIDING HOSPITAL,110,Trauma and Orthopaedic Service,4705.885711669922,0,0.0,4705.88572,0.0,0.0,Optimal,500,0,11796417.928881645,11791417.9321846,5000.0
median_p50,NT351,SPIRE HULL AND EAST RIDING HOSPITAL,101,Urology Service,62.9012336730957,0,0.0,62.9012338,0.0,0.0,Optimal,500,0,11796417.928881645,11791417.9321846,5000.0
median_p50,NT351,SPIRE HULL AND EAST RIDING HOSPITAL,100,General Surgery Service,2399.9810485839844,0,0.0,2399.98103,0.0,0.0,Optimal,500,0,11796417.928881645,11791417.9321846,5000.0
median_p50,NT350,SPIRE METHLEY PARK HOSPITAL,160,Plastic Surgery Service,122.45036315917969,0,0.0,122.4503636,0.0,0.0,Optimal,500,0,11796417.928881645,11791417.9321846,5000.0
median_p50,NT350,SPIRE METHLEY PARK HOSPITAL,150,Neurosurgical Service,53.045652866363525,0,0.0,53.0456529,0.0,0.0,Optimal,500,0,11796417.928881645,11791417.9321846,5000.0
median_p50,NT350,SPIRE METHLEY PARK HOSPITAL,110,Trauma and Orthopaedic Service,1614.034294128418,0,0.0,1614.0343,0.0,0.0,Optimal,500,0,11796417.928881645,11791417.9321846,5000.0
median_p50,NT350,SPIRE METHLEY PARK HOSPITAL,101,Urology Service,70.328444480896,0,0.0,70.3284445,0.0,0.0,Optimal,500,0,11796417.928881645,11791417.9321846,5000.0
median_p50,NT350,SPIRE METHLEY PARK HOSPITAL,100,General Surgery Service,535.9036140441895,0,0.0,535.903614,0.0,0.0,Optimal,500,0,11796417.928881645,11791417.9321846,5000.0
median_p50,NT348,SPIRE ELLAND HOSPITAL,502,Gynaecology Service,87.43766355514526,0,0.0,87.4376637,0.0,0.0,Optimal,500,0,11796417.928881645,11791417.9321846,5000.0
median_p50,NT348,SPIRE ELLAND HOSPITAL,110,Trauma and Orthopaedic Service,2850.9837646484375,0,0.0,2850.98377,0.0,0.0,Optimal,500,0,11796417.928881645,11791417.9321846,5000.0
median_p50,NT348,SPIRE ELLAND HOSPITAL,101,Urology Service,109.51992702484131,0,0.0,109.519927,0.0,0.0,Optimal,500,0,11796417.928881645,11791417.9321846,5000.0
median_p50,NT333,SPIRE WASHINGTON HOSPITAL,160,Plastic Surgery Service,667.1811485290527,0,0.0,667.181149,0.0,0.0,Optimal,500,0,11796417.928881645,11791417.9321846,5000.0
median_p50,NT333,SPIRE WASHINGTON HOSPITAL,110,Trauma and Orthopaedic Service,5061.118316650391,0,0.0,5061.11833,0.0,0.0,Optimal,500,0,11796417.928881645,11791417.9321846,5000.0
median_p50,NT401,ALEXANDRA HOSPITAL,110,Trauma and Orthopaedic Service,1179.9092254638672,0,0.0,1179.909224,0.0,0.0,Optimal,500,0,11796417.928881645,11791417.9321846,5000.0
median_p50,NT315,SPIRE BUSHEY HOSPITAL,100,General Surgery Service,455.4606590270996,0,0.0,455.460659,0.0,0.0,Optimal,500,0,11796417.928881645,11791417.9321846,5000.0
median_p50,NT317,SPIRE CAMBRIDGE LEA HOSPITAL,150,Neurosurgical Service,55.15738868713379,0,0.0,55.157388600000004,0.0,0.0,Optimal,500,0,11796417.928881645,11791417.9321846,5000.0
median_p50,NT317,SPIRE CAMBRIDGE LEA HOSPITAL,120,Ear Nose and Throat Service,110.68366479873657,0,0.0,110.68366470000001,0.0,0.0,Optimal,500,0,11796417.928881645,11791417.9321846,5000.0
median_p50,NT317,SPIRE CAMBRIDGE LEA HOSPITAL,110,Trauma and Orthopaedic Service,1249.065559387207,0,0.0,1249.06556,0.0,0.0,Optimal,500,0,11796417.928881645,11791417.9321846,5000.0
median_p50,NT317,SPIRE CAMBRIDGE LEA HOSPITAL,100,General Surgery Service,128.6730136871338,0,0.0,128.6730129,0.0,0.0,Optimal,500,0,11796417.928881645,11791417.9321846,5000.0
median_p50,NT316,SPIRE HARPENDEN HOSPITAL,120,Ear Nose and Throat Service,287.31173515319824,0,0.0,287.311736,0.0,0.0,Optimal,500,0,11796417.928881645,11791417.9321846,5000.0
median_p50,NT316,SPIRE HARPENDEN HOSPITAL,110,Trauma and Orthopaedic Service,1280.3503189086914,0,0.0,1280.35032,0.0,0.0,Optimal,500,0,11796417.928881645,11791417.9321846,5000.0
median_p50,NT316,SPIRE HARPENDEN HOSPITAL,100,General Surgery Service,444.51384353637695,0,0.0,444.513843,0.0,0.0,Optimal,500,0,11796417.928881645,11791417.9321846,5000.0
median_p50,NT315,SPIRE BUSHEY HOSPITAL,502,Gynaecology Service,235.26890563964844,0,0.0,235.26890600000002,0.0,0.0,Optimal,500,0,11796417.928881645,11791417.9321846,5000.0
median_p50,NT315,SPIRE BUSHEY HOSPITAL,120,Ear Nose and Throat Service,256.2758541107178,0,0.0,256.275854,0.0,0.0,Optimal,500,0,11796417.928881645,11791417.9321846,5000.0
median_p50,NT315,SPIRE BUSHEY HOSPITAL,110,Trauma and Orthopaedic Service,1164.682273864746,0,0.0,1164.6822769999999,0.0,0.0,Optimal,500,0,11796417.928881645,11791417.9321846,5000.0
median_p50,NT314,SPIRE LONDON EAST,502,Gynaecology Service,310.7805652618408,0,0.0,310.780567,0.0,0.0,Optimal,500,0,11796417.928881645,11791417.9321846,5000.0
median_p50,NT333,SPIRE WASHINGTON HOSPITAL,100,General Surgery Service,544.737060546875,0,0.0,544.737059,0.0,0.0,Optimal,500,0,11796417.928881645,11791417.9321846,5000.0
median_p50,NT314,SPIRE LONDON EAST,160,Plastic Surgery Service,90.10731410980225,0,0.0,90.1073141,0.0,0.0,Optimal,500,0,11796417.928881645,11791417.9321846,5000.0
median_p50,NT314,SPIRE LONDON EAST,150,Neurosurgical Service,296.5518264770508,0,0.0,296.551825,0.0,0.0,Optimal,500,0,11796417.928881645,11791417.9321846,5000.0
median_p50,NT314,SPIRE LONDON EAST,110,Trauma and Orthopaedic Service,1540.2152252197266,0,0.0,1540.21522,0.0,0.0,Optimal,500,0,11796417.928881645,11791417.9321846,5000.0
median_p50,NT314,SPIRE LONDON EAST,100,General Surgery Service,707.6316528320312,0,0.0,707.631652,0.0,0.0,Optimal,500,0,11796417.928881645,11791417.9321846,5000.0
median_p50,NT313,SPIRE WELLESLEY HOSPITAL,160,Plastic Surgery Service,567.6700706481934,0,0.0,567.670072,0.0,0.0,Optimal,500,0,11796417.928881645,11791417.9321846,5000.0
median_p50,NT313,SPIRE WELLESLEY HOSPITAL,110,Trauma and Orthopaedic Service,1937.5684661865234,0,0.0,1937.56846,0.0,0.0,Optimal,500,0,11796417.928881645,11791417.9321846,5000.0
median_p50,NT313,SPIRE WELLESLEY HOSPITAL,100,General Surgery Service,277.30870819091797,0,0.0,277.308708,0.0,0.0,Optimal,500,0,11796417.928881645,11791417.9321846,5000.0
median_p50,NT312,SPIRE ALEXANDRA HOSPITAL,502,Gynaecology Service,153.60467910766602,0,0.0,153.6046785,0.0,0.0,Optimal,500,0,11796417.928881645,11791417.9321846,5000.0
median_p50,NT312,SPIRE ALEXANDRA HOSPITAL,160,Plastic Surgery Service,124.53788423538208,0,0.0,124.537885,0.0,0.0,Optimal,500,0,11796417.928881645,11791417.9321846,5000.0
median_p50,NT312,SPIRE ALEXANDRA HOSPITAL,110,Trauma and Orthopaedic Service,1215.8866806030273,0,0.0,1215.886674,0.0,0.0,Optimal,500,0,11796417.928881645,11791417.9321846,5000.0
median_p50,NT318,SPIRE NORWICH HOSPITAL,100,General Surgery Service,379.2771167755127,0,0.0,379.277117,0.0,0.0,Optimal,500,0,11796417.928881645,11791417.9321846,5000.0
median_p50,NT318,SPIRE NORWICH HOSPITAL,110,Trauma and Orthopaedic Service,2190.722930908203,0,0.0,2190.72293,0.0,0.0,Optimal,500,0,11796417.928881645,11791417.9321846,5000.0
median_p50,NT319,SPIRE HARTSWOOD HOSPITAL,100,General Surgery Service,501.33770751953125,0,0.0,501.337708,0.0,0.0,Optimal,500,0,11796417.928881645,11791417.9321846,5000.0
median_p50,NT319,SPIRE HARTSWOOD HOSPITAL,110,Trauma and Orthopaedic Service,3347.0743103027344,0,0.0,3347.07429,0.0,0.0,Optimal,500,0,11796417.928881645,11791417.9321846,5000.0
median_p50,NT332,SPIRE LEEDS HOSPITAL,160,Plastic Surgery Service,364.4675598144531,0,0.0,364.46756,0.0,0.0,Optimal,500,0,11796417.928881645,11791417.9321846,5000.0
median_p50,NT332,SPIRE LEEDS HOSPITAL,110,Trauma and Orthopaedic Service,1917.9057006835938,0,0.0,1917.9057,0.0,0.0,Optimal,500,0,11796417.928881645,11791417.9321846,5000.0
median_p50,NT332,SPIRE LEEDS HOSPITAL,100,General Surgery Service,574.7802581787109,0,0.0,574.780259,0.0,0.0,Optimal,500,0,11796417.928881645,11791417.9321846,5000.0
median_p50,NT327,SPIRE MANCHESTER HOSPITAL,110,Trauma and Orthopaedic Service,1397.7182083129883,0,0.0,1397.718221,0.0,0.0,Optimal,500,0,11796417.928881645,11791417.9321846,5000.0
median_p50,NT327,SPIRE MANCHESTER HOSPITAL,100,General Surgery Service,224.76177597045898,0,0.0,224.761776,0.0,0.0,Optimal,500,0,11796417.928881645,11791417.9321846,5000.0
median_p50,NT325,SPIRE MURRAYFIELD HOSPITAL,110,Trauma and Orthopaedic Service,1574.0835876464844,0,0.0,1574.08358,0.0,0.0,Optimal,500,0,11796417.928881645,11791417.9321846,5000.0
median_p50,NT325,SPIRE MURRAYFIELD HOSPITAL,101,Urology Service,105.2067985534668,0,0.0,105.2067986,0.0,0.0,Optimal,500,0,11796417.928881645,11791417.9321846,5000.0
median_p50,NT325,SPIRE MURRAYFIELD HOSPITAL,100,General Surgery Service,747.9186973571777,0,0.0,747.918698,0.0,0.0,Optimal,500,0,11796417.928881645,11791417.9321846,5000.0
median_p50,NT324,SPIRE CHESHIRE HOSPITAL,160,Plastic Surgery Service,310.2369327545166,0,0.0,310.236932,0.0,0.0,Optimal,500,0,11796417.928881645,11791417.9321846,5000.0
median_p50,NT324,SPIRE CHESHIRE HOSPITAL,120,Ear Nose and Throat Service,376.3513774871826,0,0.0,376.351379,0.0,0.0,Optimal,500,0,11796417.928881645,11791417.9321846,5000.0
median_p50,NT324,SPIRE CHESHIRE HOSPITAL,110,Trauma and Orthopaedic Service,2215.9813079833984,0,0.0,2215.98131,0.0,0.0,Optimal,500,0,11796417.928881645,11791417.9321846,5000.0
median_p50,NT324,SPIRE CHESHIRE HOSPITAL,101,Urology Service,210.96736907958984,0,0.0,210.96737,0.0,0.0,Optimal,500,0,11796417.928881645,11791417.9321846,5000.0
median_p50,NT324,SPIRE CHESHIRE HOSPITAL,100,General Surgery Service,1038.2512741088867,0,0.0,1038.251274,0.0,0.0,Optimal,500,0,11796417.928881645,11791417.9321846,5000.0
median_p50,NT322,SPIRE LEICESTER HOSPITAL,110,Trauma and Orthopaedic Service,1316.3859558105469,0,0.0,1316.385957,0.0,0.0,Optimal,500,0,11796417.928881645,11791417.9321846,5000.0
median_p50,NT322,SPIRE LEICESTER HOSPITAL,100,General Surgery Service,79.60800123214722,0,0.0,79.6080012,0.0,0.0,Optimal,500,0,11796417.928881645,11791417.9321846,5000.0
median_p50,NT321,SPIRE LITTLE ASTON HOSPITAL,502,Gynaecology Service,112.86947870254517,0,0.0,112.8694787,0.0,0.0,Optimal,500,0,11796417.928881645,11791417.9321846,5000.0
median_p50,NT321,SPIRE LITTLE ASTON HOSPITAL,110,Trauma and Orthopaedic Service,2330.400360107422,0,0.0,2330.40036,0.0,0.0,Optimal,500,0,11796417.928881645,11791417.9321846,5000.0
median_p50,NT321,SPIRE LITTLE ASTON HOSPITAL,100,General Surgery Service,732.338924407959,0,0.0,732.338925,0.0,0.0,Optimal,500,0,11796417.928881645,11791417.9321846,5000.0
median_p50,NT320,SPIRE PARKWAY HOSPITAL,502,Gynaecology Service,144.34906196594238,0,0.0,144.349061,0.0,0.0,Optimal,500,0,11796417.928881645,11791417.9321846,5000.0
median_p50,NT320,SPIRE PARKWAY HOSPITAL,110,Trauma and Orthopaedic Service,2399.3956146240234,0,0.0,2399.39561,0.0,0.0,Optimal,500,0,11796417.928881645,11791417.9321846,5000.0
median_p50,NT320,SPIRE PARKWAY HOSPITAL,100,General Surgery Service,365.30336570739746,0,0.0,365.303365,0.0,0.0,Optimal,500,0,11796417.928881645,11791417.9321846,5000.0
median_p50,NT401,ALEXANDRA HOSPITAL,100,General Surgery Service,530.6553955078125,0,0.0,530.655394,0.0,0.0,Optimal,500,0,11796417.928881645,11791417.9321846,5000.0
median_p50,NT402,BATH CLINIC,100,General Surgery Service,98.18820762634277,0,0.0,98.1882076,0.0,0.0,Optimal,500,0,11796417.928881645,11791417.9321846,5000.0
median_p50,NT436,SHIRLEY OAKS HOSPITAL,110,Trauma and Orthopaedic Service,957.6521987915039,0,0.0,957.652201,0.0,0.0,Optimal,500,0,11796417.928881645,11791417.9321846,5000.0
median_p50,NT421,KINGS OAK HOSPITAL,502,Gynaecology Service,70.03129816055298,0,0.0,70.0312981,0.0,0.0,Optimal,500,0,11796417.928881645,11791417.9321846,5000.0
median_p50,NT424,MERIDEN HOSPITAL,100,General Surgery Service,808.6182022094727,0,0.0,808.618203,0.0,0.0,Optimal,500,0,11796417.928881645,11791417.9321846,5000.0
median_p50,NT423,MANOR HOSPITAL,502,Gynaecology Service,374.9256286621094,0,0.0,374.925629,0.0,0.0,Optimal,500,0,11796417.928881645,11791417.9321846,5000.0
median_p50,NT423,MANOR HOSPITAL,110,Trauma and Orthopaedic Service,764.5453605651855,0,0.0,764.54536,0.0,0.0,Optimal,500,0,11796417.928881645,11791417.9321846,5000.0
median_p50,NT423,MANOR HOSPITAL,100,General Surgery Service,223.85205459594727,0,0.0,223.852055,0.0,0.0,Optimal,500,0,11796417.928881645,11791417.9321846,5000.0
median_p50,NT422,LONDON INDEPENDENT HOSPITAL,502,Gynaecology Service,174.70242023468018,0,0.0,174.70242,0.0,0.0,Optimal,500,0,11796417.928881645,11791417.9321846,5000.0
median_p50,NT422,LONDON INDEPENDENT HOSPITAL,150,Neurosurgical Service,122.85712623596191,0,0.0,122.8571268,0.0,0.0,Optimal,500,0,11796417.928881645,11791417.9321846,5000.0
median_p50,NT422,LONDON INDEPENDENT HOSPITAL,130,Ophthalmology Service,262.38356590270996,0,0.0,262.383567,0.0,0.0,Optimal,500,0,11796417.928881645,11791417.9321846,5000.0
median_p50,NT422,LONDON INDEPENDENT HOSPITAL,110,Trauma and Orthopaedic Service,4293.235870361328,0,0.0,4293.23586,0.0,0.0,Optimal,500,0,11796417.928881645,11791417.9321846,5000.0
median_p50,NT422,LONDON INDEPENDENT HOSPITAL,101,Urology Service,391.86502838134766,0,0.0,391.865029,0.0,0.0,Optimal,500,0,11796417.928881645,11791417.9321846,5000.0
median_p50,NT422,LONDON INDEPENDENT HOSPITAL,100,General Surgery Service,2578.492904663086,0,0.0,2578.49291,0.0,0.0,Optimal,500,0,11796417.928881645,11791417.9321846,5000.0
median_p50,NT421,KINGS OAK HOSPITAL,110,Trauma and Orthopaedic Service,588.8601264953613,0,0.0,588.860126,0.0,0.0,Optimal,500,0,11796417.928881645,11791417.9321846,5000.0
median_p50,NT416,HENDON HOSPITAL,502,Gynaecology Service,237.60958576202393,0,0.0,237.60958599999998,0.0,0.0,Optimal,500,0,11796417.928881645,11791417.9321846,5000.0
median_p50,NT421,KINGS OAK HOSPITAL,101,Urology Service,132.00969791412354,0,0.0,132.0096992,0.0,0.0,Optimal,500,0,11796417.928881645,11791417.9321846,5000.0
median_p50,NT421,KINGS OAK HOSPITAL,100,General Surgery Service,148.55722045898438,0,0.0,148.557219,0.0,0.0,Optimal,500,0,11796417.928881645,11791417.9321846,5000.0
median_p50,NT420,HIGHFIELD HOSPITAL,110,Trauma and Orthopaedic Service,2297.3379669189453,0,0.0,2297.33796,0.0,0.0,Optimal,500,0,11796417.928881645,11791417.9321846,5000.0
median_p50,NT420,HIGHFIELD HOSPITAL,100,General Surgery Service,486.1961975097656,0,0.0,486.196198,0.0,0.0,Optimal,500,0,11796417.928881645,11791417.9321846,5000.0
median_p50,NT419,HARBOUR HOSPITAL,110,Trauma and Orthopaedic Service,644.2203216552734,0,0.0,644.220323,0.0,0.0,Optimal,500,0,11796417.928881645,11791417.9321846,5000.0
median_p50,NT418,HAMPSHIRE CLINIC,502,Gynaecology Service,218.4255256652832,0,0.0,218.425526,0.0,0.0,Optimal,500,0,11796417.928881645,11791417.9321846,5000.0
median_p50,NT418,HAMPSHIRE CLINIC,110,Trauma and Orthopaedic Service,519.670223236084,0,0.0,519.670223,0.0,0.0,Optimal,500,0,11796417.928881645,11791417.9321846,5000.0
median_p50,NT418,HAMPSHIRE CLINIC,101,Urology Service,58.37815570831299,0,0.0,58.3781559,0.0,0.0,Optimal,500,0,11796417.928881645,11791417.9321846,5000.0
median_p50,NT418,HAMPSHIRE CLINIC,100,General Surgery Service,92.27001762390137,0,0.0,92.2700177,0.0,0.0,Optimal,500,0,11796417.928881645,11791417.9321846,5000.0
median_p50,NT417,GORING HALL HOSPITAL,110,Trauma and Orthopaedic Service,1579.4736785888672,0,0.0,1579.47369,0.0,0.0,Optimal,500,0,11796417.928881645,11791417.9321846,5000.0
median_p50,NT424,MERIDEN HOSPITAL,110,Trauma and Orthopaedic Service,2781.959030151367,0,0.0,2781.95903,0.0,0.0,Optimal,500,0,11796417.928881645,11791417.9321846,5000.0
median_p50,NT424,MERIDEN HOSPITAL,150,Neurosurgical Service,411.49133682250977,0,0.0,411.491338,0.0,0.0,Optimal,500,0,11796417.928881645,11791417.9321846,5000.0
median_p50,NT427,PARK HOSPITAL,100,General Surgery Service,209.6913719177246,0,0.0,209.691371,0.0,0.0,Optimal,500,0,11796417.928881645,11791417.9321846,5000.0
median_p50,NT427,PARK HOSPITAL,101,Urology Service,67.79338121414185,0,0.0,67.7933812,0.0,0.0,Optimal,500,0,11796417.928881645,11791417.9321846,5000.0
median_p50,NT436,SHIRLEY OAKS HOSPITAL,100,General Surgery Service,201.72793006896973,0,0.0,201.72793,0.0,0.0,Optimal,500,0,11796417.928881645,11791417.9321846,5000.0
median_p50,NT435,SHELBURNE HOSPITAL,110,Trauma and Orthopaedic Service,294.9088249206543,0,0.0,294.908825,0.0,0.0,Optimal,500,0,11796417.928881645,11791417.9321846,5000.0
median_p50,NT435,SHELBURNE HOSPITAL,101,Urology Service,61.10484313964844,0,0.0,61.104843100000004,0.0,0.0,Optimal,500,0,11796417.928881645,11791417.9321846,5000.0
median_p50,NT435,SHELBURNE HOSPITAL,100,General Surgery Service,46.68416213989258,0,0.0,46.6841624,0.0,0.0,Optimal,500,0,11796417.928881645,11791417.9321846,5000.0
median_p50,NT434,SAXON CLINIC,110,Trauma and Orthopaedic Service,957.899299621582,0,0.0,957.8993,0.0,0.0,Optimal,500,0,11796417.928881645,11791417.9321846,5000.0
median_p50,NT434,SAXON CLINIC,100,General Surgery Service,537.611644744873,0,0.0,537.611644,0.0,0.0,Optimal,500,0,11796417.928881645,11791417.9321846,5000.0
median_p50,NT433,SARUM ROAD HOSPITAL,110,Trauma and Orthopaedic Service,754.2868843078613,0,0.0,754.286882,0.0,0.0,Optimal,500,0,11796417.928881645,11791417.9321846,5000.0
median_p50,NT433,SARUM ROAD HOSPITAL,100,General Surgery Service,67.04767608642578,0,0.0,67.047676,0.0,0.0,Optimal,500,0,11796417.928881645,11791417.9321846,5000.0
median_p50,NT431,RUNNYMEDE HOSPITAL,130,Ophthalmology Service,78.32609796524048,0,0.0,78.326098,0.0,0.0,Optimal,500,0,11796417.928881645,11791417.9321846,5000.0
median_p50,NT431,RUNNYMEDE HOSPITAL,110,Trauma and Orthopaedic Service,269.0214385986328,0,0.0,269.021438,0.0,0.0,Optimal,500,0,11796417.928881645,11791417.9321846,5000.0
median_p50,NT431,RUNNYMEDE HOSPITAL,100,General Surgery Service,188.01566791534424,0,0.0,188.015667,0.0,0.0,Optimal,500,0,11796417.928881645,11791417.9321846,5000.0
median_p50,NT430,RIDGEWAY HOSPITAL,502,Gynaecology Service,126.79684638977051,0,0.0,126.7968464,0.0,0.0,Optimal,500,0,11796417.928881645,11791417.9321846,5000.0
median_p50,NT430,RIDGEWAY HOSPITAL,130,Ophthalmology Service,435.9019584655762,0,0.0,435.901958,0.0,0.0,Optimal,500,0,11796417.928881645,11791417.9321846,5000.0
median_p50,NT430,RIDGEWAY HOSPITAL,110,Trauma and Orthopaedic Service,99.33599901199341,0,0.0,99.335999,0.0,0.0,Optimal,500,0,11796417.928881645,11791417.9321846,5000.0
median_p50,NT430,RIDGEWAY HOSPITAL,100,General Surgery Service,164.44913482666016,0,0.0,164.449133,0.0,0.0,Optimal,500,0,11796417.928881645,11791417.9321846,5000.0
median_p50,NT429,PRIORY HOSPITAL,110,Trauma and Orthopaedic Service,634.4346580505371,0,0.0,634.434658,0.0,0.0,Optimal,500,0,11796417.928881645,11791417.9321846,5000.0
median_p50,NT428,PRINCESS MARGARET HOSPITAL,110,Trauma and Orthopaedic Service,178.03881359100342,0,0.0,178.038813,0.0,0.0,Optimal,500,0,11796417.928881645,11791417.9321846,5000.0
median_p50,NT428,PRINCESS MARGARET HOSPITAL,100,General Surgery Service,137.5198106765747,0,0.0,137.519811,0.0,0.0,Optimal,500,0,11796417.928881645,11791417.9321846,5000.0
median_p50,NT427,PARK HOSPITAL,502,Gynaecology Service,114.08916854858398,0,0.0,114.089168,0.0,0.0,Optimal,500,0,11796417.928881645,11791417.9321846,5000.0
median_p50,NT427,PARK HOSPITAL,150,Neurosurgical Service,88.13267135620117,0,0.0,88.1326713,0.0,0.0,Optimal,500,0,11796417.928881645,11791417.9321846,5000.0
median_p50,NT427,PARK HOSPITAL,110,Trauma and Orthopaedic Service,1826.6763305664062,0,0.0,1826.67633,0.0,0.0,Optimal,500,0,11796417.928881645,11791417.9321846,5000.0
median_p50,NT417,GORING HALL HOSPITAL,100,General Surgery Service,143.70743083953857,0,0.0,143.7074323,0.0,0.0,Optimal,500,0,11796417.928881645,11791417.9321846,5000.0
median_p50,NT416,HENDON HOSPITAL,130,Ophthalmology Service,337.250696182251,0,0.0,337.250694,0.0,0.0,Optimal,500,0,11796417.928881645,11791417.9321846,5000.0
median_p50,NT402,BATH CLINIC,110,Trauma and Orthopaedic Service,1772.2156677246094,0,0.0,1772.21569,0.0,0.0,Optimal,500,0,11796417.928881645,11791417.9321846,5000.0
median_p50,NT404,BEAUMONT HOSPITAL,502,Gynaecology Service,432.8942985534668,0,0.0,432.894298,0.0,0.0,Optimal,500,0,11796417.928881645,11791417.9321846,5000.0
median_p50,NT406,BLACKHEATH HOSPITAL,150,Neurosurgical Service,44.56270170211792,0,0.0,44.5627017,0.0,0.0,Optimal,500,0,11796417.928881645,11791417.9321846,5000.0
median_p50,NT406,BLACKHEATH HOSPITAL,130,Ophthalmology Service,145.87326908111572,0,0.0,145.873268,0.0,0.0,Optimal,500,0,11796417.928881645,11791417.9321846,5000.0
median_p50,NT406,BLACKHEATH HOSPITAL,110,Trauma and Orthopaedic Service,1390.3251495361328,0,0.0,1390.3251520000001,0.0,0.0,Optimal,500,0,11796417.928881645,11791417.9321846,5000.0
median_p50,NT406,BLACKHEATH HOSPITAL,101,Urology Service,140.29053211212158,0,0.0,140.29053199999998,0.0,0.0,Optimal,500,0,11796417.928881645,11791417.9321846,5000.0
median_p50,NT406,BLACKHEATH HOSPITAL,100,General Surgery Service,228.11307525634766,0,0.0,228.11307499999998,0.0,0.0,Optimal,500,0,11796417.928881645,11791417.9321846,5000.0
median_p50,NT405,BISHOPS WOOD HOSPITAL,502,Gynaecology Service,50.76011562347412,0,0.0,50.7601156,0.0,0.0,Optimal,500,0,11796417.928881645,11791417.9321846,5000.0
median_p50,NT405,BISHOPS WOOD HOSPITAL,130,Ophthalmology Service,41.499165058135986,0,0.0,41.499165,0.0,0.0,Optimal,500,0,11796417.928881645,11791417.9321846,5000.0
median_p50,NT405,BISHOPS WOOD HOSPITAL,110,Trauma and Orthopaedic Service,905.3550720214844,0,0.0,905.355073,0.0,0.0,Optimal,500,0,11796417.928881645,11791417.9321846,5000.0
median_p50,NT405,BISHOPS WOOD HOSPITAL,101,Urology Service,103.3108344078064,0,0.0,103.3108345,0.0,0.0,Optimal,500,0,11796417.928881645,11791417.9321846,5000.0
median_p50,NT405,BISHOPS WOOD HOSPITAL,100,General Surgery Service,118.89122200012207,0,0.0,118.89122280000001,0.0,0.0,Optimal,500,0,11796417.928881645,11791417.9321846,5000.0
median_p50,NT404,BEAUMONT HOSPITAL,120,Ear Nose and Throat Service,201.04201126098633,0,0.0,201.042011,0.0,0.0,Optimal,500,0,11796417.928881645,11791417.9321846,5000.0
median_p50,NT416,HENDON HOSPITAL,110,Trauma and Orthopaedic Service,486.13922119140625,0,0.0,486.139222,0.0,0.0,Optimal,500,0,11796417.928881645,11791417.9321846,5000.0
median_p50,NT404,BEAUMONT HOSPITAL,110,Trauma and Orthopaedic Service,2820.5518646240234,0,0.0,2820.55186,0.0,0.0,Optimal,500,0,11796417.928881645,11791417.9321846,5000.0
median_p50,NT404,BEAUMONT HOSPITAL,101,Urology Service,309.95008277893066,0,0.0,309.950081,0.0,0.0,Optimal,500,0,11796417.928881645,11791417.9321846,5000.0
median_p50,NT404,BEAUMONT HOSPITAL,100,General Surgery Service,1553.3176956176758,0,0.0,1553.31769,0.0,0.0,Optimal,500,0,11796417.928881645,11791417.9321846,5000.0
median_p50,NT403,BEARDWOOD HOSPITAL,502,Gynaecology Service,368.12772941589355,0,0.0,368.127728,0.0,0.0,Optimal,500,0,11796417.928881645,11791417.9321846,5000.0
median_p50,NT403,BEARDWOOD HOSPITAL,150,Neurosurgical Service,100.4829626083374,0,0.0,100.4829626,0.0,0.0,Optimal,500,0,11796417.928881645,11791417.9321846,5000.0
median_p50,NT403,BEARDWOOD HOSPITAL,120,Ear Nose and Throat Service,184.86110019683838,0,0.0,184.8611,0.0,0.0,Optimal,500,0,11796417.928881645,11791417.9321846,5000.0
median_p50,NT403,BEARDWOOD HOSPITAL,110,Trauma and Orthopaedic Service,5448.708343505859,0,0.0,5448.70835,0.0,0.0,Optimal,500,0,11796417.928881645,11791417.9321846,5000.0
median_p50,NT403,BEARDWOOD HOSPITAL,101,Urology Service,229.6099510192871,0,0.0,229.609951,0.0,0.0,Optimal,500,0,11796417.928881645,11791417.9321846,5000.0
median_p50,NT403,BEARDWOOD HOSPITAL,100,General Surgery Service,929.9368515014648,0,0.0,929.936852,0.0,0.0,Optimal,500,0,11796417.928881645,11791417.9321846,5000.0
median_p50,NT402,BATH CLINIC,130,Ophthalmology Service,266.8975238800049,0,0.0,266.89752599999997,0.0,0.0,Optimal,500,0,11796417.928881645,11791417.9321846,5000.0
median_p50,NT406,BLACKHEATH HOSPITAL,502,Gynaecology Service,432.03057861328125,0,0.0,432.03058,0.0,0.0,Optimal,500,0,11796417.928881645,11791417.9321846,5000.0
median_p50,NT408,CHAUCER HOSPITAL,100,General Surgery Service,267.8659267425537,0,0.0,267.865928,0.0,0.0,Optimal,500,0,11796417.928881645,11791417.9321846,5000.0
median_p50,NT408,CHAUCER HOSPITAL,101,Urology Service,71.23367357254028,0,0.0,71.2336736,0.0,0.0,Optimal,500,0,11796417.928881645,11791417.9321846,5000.0
median_p50,NT408,CHAUCER HOSPITAL,110,Trauma and Orthopaedic Service,2085.9149169921875,0,0.0,2085.91492,0.0,0.0,Optimal,500,0,11796417.928881645,11791417.9321846,5000.0
median_p50,NT416,HENDON HOSPITAL,101,Urology Service,166.29635429382324,0,0.0,166.296354,0.0,0.0,Optimal,500,0,11796417.928881645,11791417.9321846,5000.0
median_p50,NT416,HENDON HOSPITAL,100,General Surgery Service,599.9051856994629,0,0.0,599.905187,0.0,0.0,Optimal,500,0,11796417.928881645,11791417.9321846,5000.0
median_p50,NT412,DROITWICH SPA HOSPITAL,130,Ophthalmology Service,63.035964488983154,0,0.0,63.0359645,0.0,0.0,Optimal,500,0,11796417.928881645,11791417.9321846,5000.0
median_p50,NT412,DROITWICH SPA HOSPITAL,120,Ear Nose and Throat Service,51.22074890136719,0,0.0,51.220749,0.0,0.0,Optimal,500,0,11796417.928881645,11791417.9321846,5000.0
median_p50,NT412,DROITWICH SPA HOSPITAL,110,Trauma and Orthopaedic Service,2920.8052520751953,0,0.0,2920.80527,0.0,0.0,Optimal,500,0,11796417.928881645,11791417.9321846,5000.0
median_p50,NT412,DROITWICH SPA HOSPITAL,100,General Surgery Service,1289.5671844482422,0,0.0,1289.56718,0.0,0.0,Optimal,500,0,11796417.928881645,11791417.9321846,5000.0
median_p50,NT411,CLEMENTINE CHURCHILL HOSPITAL,502,Gynaecology Service,152.86939811706543,0,0.0,152.869396,0.0,0.0,Optimal,500,0,11796417.928881645,11791417.9321846,5000.0
median_p50,NT411,CLEMENTINE CHURCHILL HOSPITAL,130,Ophthalmology Service,195.26378917694092,0,0.0,195.263789,0.0,0.0,Optimal,500,0,11796417.928881645,11791417.9321846,5000.0
median_p50,NT411,CLEMENTINE CHURCHILL HOSPITAL,120,Ear Nose and Throat Service,113.15691947937012,0,0.0,113.1569205,0.0,0.0,Optimal,500,0,11796417.928881645,11791417.9321846,5000.0
median_p50,NT411,CLEMENTINE CHURCHILL HOSPITAL,110,Trauma and Orthopaedic Service,1686.899673461914,0,0.0,1686.89965,0.0,0.0,Optimal,500,0,11796417.928881645,11791417.9321846,5000.0
median_p50,NT411,CLEMENTINE CHURCHILL HOSPITAL,101,Urology Service,81.68752098083496,0,0.0,81.687521,0.0,0.0,Optimal,500,0,11796417.928881645,11791417.9321846,5000.0
median_p50,NT411,CLEMENTINE CHURCHILL HOSPITAL,100,General Surgery Service,779.8196716308594,0,0.0,779.81967,0.0,0.0,Optimal,500,0,11796417.928881645,11791417.9321846,5000.0
median_p50,NT410,CHILTERN HOSPITAL,110,Trauma and Orthopaedic Service,1808.8232727050781,0,0.0,1808.82326,0.0,0.0,Optimal,500,0,11796417.928881645,11791417.9321846,5000.0
median_p50,NT410,CHILTERN HOSPITAL,101,Urology Service,54.08041191101074,0,0.0,54.080412100000004,0.0,0.0,Optimal,500,0,11796417.928881645,11791417.9321846,5000.0
median_p50,NT410,CHILTERN HOSPITAL,100,General Surgery Service,102.49706411361694,0,0.0,102.4970642,0.0,0.0,Optimal,500,0,11796417.928881645,11791417.9321846,5000.0
median_p50,NT409,CHELSFIELD PARK HOSPITAL,502,Gynaecology Service,242.77254962921143,0,0.0,242.772551,0.0,0.0,Optimal,500,0,11796417.928881645,11791417.9321846,5000.0
median_p50,NT409,CHELSFIELD PARK HOSPITAL,120,Ear Nose and Throat Service,71.11508655548096,0,0.0,71.1150865,0.0,0.0,Optimal,500,0,11796417.928881645,11791417.9321846,5000.0
median_p50,NT409,CHELSFIELD PARK HOSPITAL,110,Trauma and Orthopaedic Service,778.1135902404785,0,0.0,778.113591,0.0,0.0,Optimal,500,0,11796417.928881645,11791417.9321846,5000.0
median_p50,NT409,CHELSFIELD PARK HOSPITAL,101,Urology Service,73.79317092895508,0,0.0,73.7931709,0.0,0.0,Optimal,500,0,11796417.928881645,11791417.9321846,5000.0
median_p50,NT409,CHELSFIELD PARK HOSPITAL,100,General Surgery Service,354.7355251312256,0,0.0,354.735525,0.0,0.0,Optimal,500,0,11796417.928881645,11791417.9321846,5000.0
median_p50,NT408,CHAUCER HOSPITAL,130,Ophthalmology Service,496.64163970947266,0,0.0,496.641641,0.0,0.0,Optimal,500,0,11796417.928881645,11791417.9321846,5000.0
median_p50,NT312,SPIRE ALEXANDRA HOSPITAL,100,General Surgery Service,348.52480125427246,0,0.0,348.524802,0.0,0.0,Optimal,500,0,11796417.928881645,11791417.9321846,5000.0
median_p50,NT30A,SPIRE NOTTINGHAM HOSPITAL,110,Trauma and Orthopaedic Service,1171.8803176879883,0,0.0,1171.880325,0.0,0.0,Optimal,500,0,11796417.928881645,11791417.9321846,5000.0
median_p50,NT30A,SPIRE NOTTINGHAM HOSPITAL,101,Urology Service,57.8908371925354,0,0.0,57.8908371,0.0,0.0,Optimal,500,0,11796417.928881645,11791417.9321846,5000.0
median_p50,H4I8B,NUFFIELD HEALTH THE HOLLY HOSPITAL,100,General Surgery Service,1791.5467681884766,0,0.0,1791.54677,0.0,0.0,Optimal,500,0,11796417.928881645,11791417.9321846,5000.0
median_p50,K8I4X,GLENDON WOOD HOSPITAL,110,Trauma and Orthopaedic Service,1144.5156021118164,0,0.0,1144.515611,0.0,0.0,Optimal,500,0,11796417.928881645,11791417.9321846,5000.0
median_p50,K8I4X,GLENDON WOOD HOSPITAL,100,General Surgery Service,527.850025177002,0,0.0,527.850025,0.0,0.0,Optimal,500,0,11796417.928881645,11791417.9321846,5000.0
median_p50,J7V1N,SPAMEDICA SOLIHULL,130,Ophthalmology Service,2563.2181396484375,0,0.0,2563.21816,0.0,0.0,Optimal,500,0,11796417.928881645,11791417.9321846,5000.0
median_p50,I9A4A,SPAMEDICA BRIGHTON,130,Ophthalmology Service,1559.2172241210938,0,0.0,1559.21723,0.0,0.0,Optimal,500,0,11796417.928881645,11791417.9321846,5000.0
median_p50,I2C7H,SPAMEDICA BRADFORD,130,Ophthalmology Service,1419.6243591308594,0,0.0,1419.62436,0.0,0.0,Optimal,500,0,11796417.928881645,11791417.9321846,5000.0
median_p50,H4J9P,NEWMEDICA AZTEC WEST,130,Ophthalmology Service,1967.7925415039062,0,0.0,1967.7925400000001,0.0,0.0,Optimal,500,0,11796417.928881645,11791417.9321846,5000.0
median_p50,H4I8B,NUFFIELD HEALTH THE HOLLY HOSPITAL,502,Gynaecology Service,224.53257656097412,0,0.0,224.532578,0.0,0.0,Optimal,500,0,11796417.928881645,11791417.9321846,5000.0
median_p50,H4I8B,NUFFIELD HEALTH THE HOLLY HOSPITAL,130,Ophthalmology Service,762.1295623779297,0,0.0,762.129562,0.0,0.0,Optimal,500,0,11796417.928881645,11791417.9321846,5000.0
median_p50,H4I8B,NUFFIELD HEALTH THE HOLLY HOSPITAL,120,Ear Nose and Throat Service,273.8717727661133,0,0.0,273.871774,0.0,0.0,Optimal,500,0,11796417.928881645,11791417.9321846,5000.0
median_p50,H4I8B,NUFFIELD HEALTH THE HOLLY HOSPITAL,110,Trauma and Orthopaedic Service,8049.783630371094,0,0.0,8049.78362,0.0,0.0,Optimal,500,0,11796417.928881645,11791417.9321846,5000.0
median_p50,G3Z1Q,SULIS HOSPITAL BATH (FOXCOTE AVENUE),502,Gynaecology Service,769.077766418457,0,0.0,769.077767,0.0,0.0,Optimal,500,0,11796417.928881645,11791417.9321846,5000.0
median_p50,F9Z4V,CIRCLE READING HOSPITAL,130,Ophthalmology Service,563.000904083252,0,0.0,563.000904,0.0,0.0,Optimal,500,0,11796417.928881645,11791417.9321846,5000.0
median_p50,G3Z1Q,SULIS HOSPITAL BATH (FOXCOTE AVENUE),130,Ophthalmology Service,1873.3622741699219,0,0.0,1873.36228,0.0,0.0,Optimal,500,0,11796417.928881645,11791417.9321846,5000.0
median_p50,G3Z1Q,SULIS HOSPITAL BATH (FOXCOTE AVENUE),120,Ear Nose and Throat Service,1111.5552444458008,0,0.0,1111.555245,0.0,0.0,Optimal,500,0,11796417.928881645,11791417.9321846,5000.0
median_p50,G3Z1Q,SULIS HOSPITAL BATH (FOXCOTE AVENUE),110,Trauma and Orthopaedic Service,14365.19677734375,0,0.0,14365.1968,0.0,0.0,Optimal,500,0,11796417.928881645,11791417.9321846,5000.0
median_p50,G3Z1Q,SULIS HOSPITAL BATH (FOXCOTE AVENUE),101,Urology Service,820.6139907836914,0,0.0,820.6139900000001,0.0,0.0,Optimal,500,0,11796417.928881645,11791417.9321846,5000.0
median_p50,G3Z1Q,SULIS HOSPITAL BATH (FOXCOTE AVENUE),100,General Surgery Service,2223.3675079345703,0,0.0,2223.36751,0.0,0.0,Optimal,500,0,11796417.928881645,11791417.9321846,5000.0
median_p50,G3Q3Z,NUFFIELD HEALTH HIGHGATE HOSPITAL,160,Plastic Surgery Service,315.72299575805664,0,0.0,315.722994,0.0,0.0,Optimal,500,0,11796417.928881645,11791417.9321846,5000.0
median_p50,G3Q3Z,NUFFIELD HEALTH HIGHGATE HOSPITAL,120,Ear Nose and Throat Service,330.54836654663086,0,0.0,330.548366,0.0,0.0,Optimal,500,0,11796417.928881645,11791417.9321846,5000.0
median_p50,G3Q3Z,NUFFIELD HEALTH HIGHGATE HOSPITAL,110,Trauma and Orthopaedic Service,1093.2708129882812,0,0.0,1093.27081,0.0,0.0,Optimal,500,0,11796417.928881645,11791417.9321846,5000.0
median_p50,G3Q3Z,NUFFIELD HEALTH HIGHGATE HOSPITAL,100,General Surgery Service,605.4363250732422,0,0.0,605.436325,0.0,0.0,Optimal,500,0,11796417.928881645,11791417.9321846,5000.0
median_p50,G3O5P,SPAMEDICA NEWARK,130,Ophthalmology Service,3038.188278198242,0,0.0,3038.18828,0.0,0.0,Optimal,500,0,11796417.928881645,11791417.9321846,5000.0
median_p50,K8I4X,GLENDON WOOD HOSPITAL,130,Ophthalmology Service,1311.9822235107422,0,0.0,1311.98223,0.0,0.0,Optimal,500,0,11796417.928881645,11791417.9321846,5000.0
median_p50,L0D9W,NEWMEDICA - GLOUCESTER (BRIGHOUSE COURT),130,Ophthalmology Service,4685.654479980469,0,0.0,4685.65449,0.0,0.0,Optimal,500,0,11796417.928881645,11791417.9321846,5000.0
median_p50,L6O7H,SPAMEDICA POOLE,130,Ophthalmology Service,4330.7586669921875,0,0.0,4330.75867,0.0,0.0,Optimal,500,0,11796417.928881645,11791417.9321846,5000.0
median_p50,M3R0W,SPAMEDICA NORWICH,130,Ophthalmology Service,1782.5193176269531,0,0.0,1782.5193399999998,0.0,0.0,Optimal,500,0,11796417.928881645,11791417.9321846,5000.0
median_p50,NN4,TYNESIDE SURGICAL SERVICES LTD,502,Gynaecology Service,153.7653570175171,0,0.0,153.7653569,0.0,0.0,Optimal,500,0,11796417.928881645,11791417.9321846,5000.0
median_p50,NN4,TYNESIDE SURGICAL SERVICES LTD,160,Plastic Surgery Service,1678.7064056396484,0,0.0,1678.70639,0.0,0.0,Optimal,500,0,11796417.928881645,11791417.9321846,5000.0
median_p50,NN4,TYNESIDE SURGICAL SERVICES LTD,110,Trauma and Orthopaedic Service,2801.4017944335938,0,0.0,2801.40179,0.0,0.0,Optimal,500,0,11796417.928881645,11791417.9321846,5000.0
median_p50,NN4,TYNESIDE SURGICAL SERVICES LTD,101,Urology Service,218.4977321624756,0,0.0,218.497732,0.0,0.0,Optimal,500,0,11796417.928881645,11791417.9321846,5000.0
median_p50,NN4,TYNESIDE SURGICAL SERVICES LTD,100,General Surgery Service,376.6537036895752,0,0.0,376.653701,0.0,0.0,Optimal,500,0,11796417.928881645,11791417.9321846,5000.0
median_p50,NLX,SIRONA CARE & HEALTH,110,Trauma and Orthopaedic Service,2457.230422973633,0,0.0,2457.23042,0.0,0.0,Optimal,500,0,11796417.928881645,11791417.9321846,5000.0
median_p50,NLE01,LANCASTER HOUSE CONSULTING DIAGNOSTICS SURGICAL LTD HQ,101,Urology Service,236.46213340759277,0,0.0,236.462135,0.0,0.0,Optimal,500,0,11796417.928881645,11791417.9321846,5000.0
median_p50,NFH,SOMERSET SURGICAL SERVICES HQ,160,Plastic Surgery Service,1157.9433898925781,0,0.0,1157.9433920000001,0.0,0.0,Optimal,500,0,11796417.928881645,11791417.9321846,5000.0
median_p50,NFH,SOMERSET SURGICAL SERVICES HQ,140,Oral Surgery Service,3315.3229370117188,0,0.0,3315.32294,0.0,0.0,Optimal,500,0,11796417.928881645,11791417.9321846,5000.0
median_p50,NFH,SOMERSET SURGICAL SERVICES HQ,130,Ophthalmology Service,1976.3887786865234,0,0.0,1976.38878,0.0,0.0,Optimal,500,0,11796417.928881645,11791417.9321846,5000.0
median_p50,NFH,SOMERSET SURGICAL SERVICES HQ,110,Trauma and Orthopaedic Service,3104.0347747802734,0,0.0,3104.03478,0.0,0.0,Optimal,500,0,11796417.928881645,11791417.9321846,5000.0
median_p50,NEY,PIONEER HEALTHCARE LIMITED,150,Neurosurgical Service,317.5349597930908,0,0.0,317.534961,0.0,0.0,Optimal,500,0,11796417.928881645,11791417.9321846,5000.0
median_p50,NEY,PIONEER HEALTHCARE LIMITED,110,Trauma and Orthopaedic Service,305.59951400756836,0,0.0,305.599513,0.0,0.0,Optimal,500,0,11796417.928881645,11791417.9321846,5000.0
median_p50,NEQ,PHOENIX HEALTH SOLUTIONS LIMITED HQ,130,Ophthalmology Service,1096.5636520385742,0,0.0,1096.563654,0.0,0.0,Optimal,500,0,11796417.928881645,11791417.9321846,5000.0
median_p50,NCR,ISIGHT,130,Ophthalmology Service,4733.619934082031,0,0.0,4733.61992,0.0,0.0,Optimal,500,0,11796417.928881645,11791417.9321846,5000.0
median_p50,NAM01,PROBUS SURGICAL CENTRE,130,Ophthalmology Service,1739.0798645019531,0,0.0,1739.07987,0.0,0.0,Optimal,500,0,11796417.928881645,11791417.9321846,5000.0
median_p50,NAM01,PROBUS SURGICAL CENTRE,110,Trauma and Orthopaedic Service,1316.0190505981445,0,0.0,1316.019055,0.0,0.0,Optimal,500,0,11796417.928881645,11791417.9321846,5000.0
median_p50,NAM01,PROBUS SURGICAL CENTRE,101,Urology Service,482.66492462158203,0,0.0,482.664923,0.0,0.0,Optimal,500,0,11796417.928881645,11791417.9321846,5000.0
median_p50,NAM01,PROBUS SURGICAL CENTRE,100,General Surgery Service,1549.4476165771484,0,0.0,1549.4476300000001,0.0,0.0,Optimal,500,0,11796417.928881645,11791417.9321846,5000.0
median_p50,N6Z0R,NEWMEDICA - LINCOLN,130,Ophthalmology Service,187.59780025482178,0,0.0,187.5978,0.0,0.0,Optimal,500,0,11796417.928881645,11791417.9321846,5000.0
median_p50,M4C5R,NEWMEDICA - NORTHAMPTON,130,Ophthalmology Service,5582.030090332031,0,0.0,5582.03008,0.0,0.0,Optimal,500,0,11796417.928881645,11791417.9321846,5000.0
median_p50,F9Z4V,CIRCLE READING HOSPITAL,502,Gynaecology Service,121.19887828826904,0,0.0,121.1988762,0.0,0.0,Optimal,500,0,11796417.928881645,11791417.9321846,5000.0
median_p50,F9Z4V,CIRCLE READING HOSPITAL,120,Ear Nose and Throat Service,109.08062839508057,0,0.0,109.0806285,0.0,0.0,Optimal,500,0,11796417.928881645,11791417.9321846,5000.0
median_p50,NT30A,SPIRE NOTTINGHAM HOSPITAL,100,General Surgery Service,263.63184928894043,0,0.0,263.63185,0.0,0.0,Optimal,500,0,11796417.928881645,11791417.9321846,5000.0
median_p50,AAV,COMMUNITY HEALTH AND EYECARE LIMITED,130,Ophthalmology Service,63749.48681640625,0,0.0,63749.4869,0.0,0.0,Optimal,500,0,11796417.928881645,11791417.9321846,5000.0
median_p50,ACG38,NEWMEDICA - LANGFORD,130,Ophthalmology Service,1026.901252746582,0,0.0,1026.9012539999999,0.0,0.0,Optimal,500,0,11796417.928881645,11791417.9321846,5000.0
median_p50,ACG36,NEWMEDICA - EXETER - GLEN HOUSE,130,Ophthalmology Service,1972.4893188476562,0,0.0,1972.48931,0.0,0.0,Optimal,500,0,11796417.928881645,11791417.9321846,5000.0
median_p50,ACG31,NEWMEDICA - WORCESTER,130,Ophthalmology Service,2067.0382232666016,0,0.0,2067.03822,0.0,0.0,Optimal,500,0,11796417.928881645,11791417.9321846,5000.0
median_p50,ACG30,NEWMEDICA - WORKSOP - DUKERIES,130,Ophthalmology Service,440.7026557922363,0,0.0,440.702658,0.0,0.0,Optimal,500,0,11796417.928881645,11791417.9321846,5000.0
median_p50,ACG26,NEWMEDICA - NORTH DERBYSHIRE - MIDLAND COURT,130,Ophthalmology Service,5305.384246826172,0,0.0,5305.38425,0.0,0.0,Optimal,500,0,11796417.928881645,11791417.9321846,5000.0
median_p50,ACG24,NEWMEDICA - TEESSIDE - NORTH ORMESBY,130,Ophthalmology Service,8545.4892578125,0,0.0,8545.48927,0.0,0.0,Optimal,500,0,11796417.928881645,11791417.9321846,5000.0
median_p50,ACG20,NEWMEDICA - BRISTOL - LITFIELD HOUSE,130,Ophthalmology Service,1647.160545349121,0,0.0,1647.16055,0.0,0.0,Optimal,500,0,11796417.928881645,11791417.9321846,5000.0
median_p50,ACG19,NEWMEDICA COMMUNITY OPHTHALMOLOGY - LEEDS,130,Ophthalmology Service,2560.7662506103516,0,0.0,2560.76626,0.0,0.0,Optimal,500,0,11796417.928881645,11791417.9321846,5000.0
median_p50,ACG13,NEWMEDICA - GLOUCESTER (ASPEN MEDICAL CENTRE),130,Ophthalmology Service,367.71307945251465,0,0.0,367.71308,0.0,0.0,Optimal,500,0,11796417.928881645,11791417.9321846,5000.0
median_p50,ACG12,NEWMEDICA COMMUNITY OPHTHALMOLOGY - NORTH EAST LINCOLNSHIRE - GRIMSBY,130,Ophthalmology Service,3893.4363708496094,0,0.0,3893.43638,0.0,0.0,Optimal,500,0,11796417.928881645,11791417.9321846,5000.0
median_p50,AAH,TETBURY HOSPITAL TRUST LTD,502,Gynaecology Service,144.19513702392578,0,0.0,144.195137,0.0,0.0,Optimal,500,0,11796417.928881645,11791417.9321846,5000.0
median_p50,F9Z4V,CIRCLE READING HOSPITAL,110,Trauma and Orthopaedic Service,2181.192398071289,0,0.0,2181.19241,0.0,0.0,Optimal,500,0,11796417.928881645,11791417.9321846,5000.0
median_p50,AAH,TETBURY HOSPITAL TRUST LTD,140,Oral Surgery Service,348.2800178527832,0,0.0,348.280017,0.0,0.0,Optimal,500,0,11796417.928881645,11791417.9321846,5000.0
median_p50,AAH,TETBURY HOSPITAL TRUST LTD,130,Ophthalmology Service,1319.521499633789,0,0.0,1319.521502,0.0,0.0,Optimal,500,0,11796417.928881645,11791417.9321846,5000.0
median_p50,AAH,TETBURY HOSPITAL TRUST LTD,120,Ear Nose and Throat Service,193.70461559295654,0,0.0,193.704617,0.0,0.0,Optimal,500,0,11796417.928881645,11791417.9321846,5000.0
median_p50,AAH,TETBURY HOSPITAL TRUST LTD,110,Trauma and Orthopaedic Service,190.77172470092773,0,0.0,190.771726,0.0,0.0,Optimal,500,0,11796417.928881645,11791417.9321846,5000.0
median_p50,AAH,TETBURY HOSPITAL TRUST LTD,101,Urology Service,65.88541793823242,0,0.0,65.88541790000001,0.0,0.0,Optimal,500,0,11796417.928881645,11791417.9321846,5000.0
median_p50,AAH,TETBURY HOSPITAL TRUST LTD,100,General Surgery Service,350.9632263183594,0,0.0,350.963228,0.0,0.0,Optimal,500,0,11796417.928881645,11791417.9321846,5000.0
median_p50,A4M8P,BUCKSHAW HOSPITAL,502,Gynaecology Service,946.897533416748,0,0.0,946.8975340000001,0.0,0.0,Optimal,500,0,11796417.928881645,11791417.9321846,5000.0
median_p50,A4M8P,BUCKSHAW HOSPITAL,120,Ear Nose and Throat Service,692.2202606201172,0,0.0,692.220261,0.0,0.0,Optimal,500,0,11796417.928881645,11791417.9321846,5000.0
median_p50,A4M8P,BUCKSHAW HOSPITAL,110,Trauma and Orthopaedic Service,973.4444999694824,0,0.0,973.4445,0.0,0.0,Optimal,500,0,11796417.928881645,11791417.9321846,5000.0
median_p50,A4M8P,BUCKSHAW HOSPITAL,101,Urology Service,1710.3115692138672,0,0.0,1710.31157,0.0,0.0,Optimal,500,0,11796417.928881645,11791417.9321846,5000.0
median_p50,ACG40,NEWMEDICA - WAKEFIELD,130,Ophthalmology Service,2414.8497009277344,0,0.0,2414.8496999999998,0.0,0.0,Optimal,500,0,11796417.928881645,11791417.9321846,5000.0
median_p50,ADP02,KIMS HOSPITAL (NEWNHAM COURT),100,General Surgery Service,304.8498821258545,0,0.0,304.849881,0.0,0.0,Optimal,500,0,11796417.928881645,11791417.9321846,5000.0
median_p50,ADP02,KIMS HOSPITAL (NEWNHAM COURT),101,Urology Service,48.79224157333374,0,0.0,48.7922416,0.0,0.0,Optimal,500,0,11796417.928881645,11791417.9321846,5000.0
median_p50,ADP02,KIMS HOSPITAL (NEWNHAM COURT),110,Trauma and Orthopaedic Service,5615.48828125,0,0.0,5615.48827,0.0,0.0,Optimal,500,0,11796417.928881645,11791417.9321846,5000.0
median_p50,F9Z4V,CIRCLE READING HOSPITAL,100,General Surgery Service,511.3530387878418,0,0.0,511.35304,0.0,0.0,Optimal,500,0,11796417.928881645,11791417.9321846,5000.0
median_p50,DX1,THE NEW FOSCOTE HOSPITAL LTD,110,Trauma and Orthopaedic Service,671.0036392211914,0,0.0,671.003638,0.0,0.0,Optimal,500,0,11796417.928881645,11791417.9321846,5000.0
median_p50,DX1,THE NEW FOSCOTE HOSPITAL LTD,100,General Surgery Service,760.3999080657959,0,0.0,760.399909,0.0,0.0,Optimal,500,0,11796417.928881645,11791417.9321846,5000.0
median_p50,DFQ,NORWICH & NORFOLK SURGICAL LTD (N2S),160,Plastic Surgery Service,63.78263568878174,0,0.0,63.7826358,0.0,0.0,Optimal,500,0,11796417.928881645,11791417.9321846,5000.0
median_p50,DFQ,NORWICH & NORFOLK SURGICAL LTD (N2S),130,Ophthalmology Service,1715.2330169677734,0,0.0,1715.23303,0.0,0.0,Optimal,500,0,11796417.928881645,11791417.9321846,5000.0
median_p50,DFQ,NORWICH & NORFOLK SURGICAL LTD (N2S),110,Trauma and Orthopaedic Service,1918.0648040771484,0,0.0,1918.06481,0.0,0.0,Optimal,500,0,11796417.928881645,11791417.9321846,5000.0
median_p50,DFQ,NORWICH & NORFOLK SURGICAL LTD (N2S),100,General Surgery Service,1427.4053573608398,0,0.0,1427.40537,0.0,0.0,Optimal,500,0,11796417.928881645,11791417.9321846,5000.0
median_p50,D3O0Z,PLYMOUTH NEWMEDICA LTD,130,Ophthalmology Service,3349.6221923828125,0,0.0,3349.62218,0.0,0.0,Optimal,500,0,11796417.928881645,11791417.9321846,5000.0
median_p50,B9M3W,SPAMEDICA SOUTHAMPTON,130,Ophthalmology Service,1652.9576568603516,0,0.0,1652.95766,0.0,0.0,Optimal,500,0,11796417.928881645,11791417.9321846,5000.0
median_p50,B9J4U,SPAMEDICA PETERBOROUGH,130,Ophthalmology Service,1941.5671081542969,0,0.0,1941.56711,0.0,0.0,Optimal,500,0,11796417.928881645,11791417.9321846,5000.0
median_p50,B5M7B,NEWMEDICA - NORWICH,130,Ophthalmology Service,8299.221801757812,0,0.0,8299.2218,0.0,0.0,Optimal,500,0,11796417.928881645,11791417.9321846,5000.0
median_p50,B4N1U,SPAMEDICA ROMFORD,130,Ophthalmology Service,6346.0999755859375,0,0.0,6346.09998,0.0,0.0,Optimal,500,0,11796417.928881645,11791417.9321846,5000.0
median_p50,B3M1X,CLAREMONT PRIVATE HOSPITAL,502,Gynaecology Service,478.8323211669922,0,0.0,478.832321,0.0,0.0,Optimal,500,0,11796417.928881645,11791417.9321846,5000.0
median_p50,B3M1X,CLAREMONT PRIVATE HOSPITAL,150,Neurosurgical Service,1217.7755889892578,0,0.0,1217.775591,0.0,0.0,Optimal,500,0,11796417.928881645,11791417.9321846,5000.0
median_p50,B3M1X,CLAREMONT PRIVATE HOSPITAL,130,Ophthalmology Service,84.84369945526123,0,0.0,84.84369939999999,0.0,0.0,Optimal,500,0,11796417.928881645,11791417.9321846,5000.0
median_p50,B3M1X,CLAREMONT PRIVATE HOSPITAL,120,Ear Nose and Throat Service,392.07216453552246,0,0.0,392.072164,0.0,0.0,Optimal,500,0,11796417.928881645,11791417.9321846,5000.0
median_p50,B3M1X,CLAREMONT PRIVATE HOSPITAL,110,Trauma and Orthopaedic Service,5559.778137207031,0,0.0,5559.77814,0.0,0.0,Optimal,500,0,11796417.928881645,11791417.9321846,5000.0
median_p50,B3M1X,CLAREMONT PRIVATE HOSPITAL,101,Urology Service,379.3082637786865,0,0.0,379.308263,0.0,0.0,Optimal,500,0,11796417.928881645,11791417.9321846,5000.0
median_p50,B3M1X,CLAREMONT PRIVATE HOSPITAL,100,General Surgery Service,1373.3031387329102,0,0.0,1373.30316,0.0,0.0,Optimal,500,0,11796417.928881645,11791417.9321846,5000.0
median_p50,ADP02,KIMS HOSPITAL (NEWNHAM COURT),502,Gynaecology Service,437.5096740722656,0,0.0,437.509675,0.0,0.0,Optimal,500,0,11796417.928881645,11791417.9321846,5000.0
median_p50,ADP02,KIMS HOSPITAL (NEWNHAM COURT),120,Ear Nose and Throat Service,51.327176570892334,0,0.0,51.3271766,0.0,0.0,Optimal,500,0,11796417.928881645,11791417.9321846,5000.0
median_p50,NN5,MANCHESTER SURGICAL SERVICES LTD,100,General Surgery Service,936.8562164306641,0,0.0,936.856218,0.0,0.0,Optimal,500,0,11796417.928881645,11791417.9321846,5000.0
median_p50,NN5,MANCHESTER SURGICAL SERVICES LTD,110,Trauma and Orthopaedic Service,497.7348213195801,0,0.0,497.734822,0.0,0.0,Optimal,500,0,11796417.928881645,11791417.9321846,5000.0
median_p50,NN8,SPENCER PRIVATE HOSPITALS LTD,100,General Surgery Service,3290.577362060547,0,0.0,3290.57737,0.0,0.0,Optimal,500,0,11796417.928881645,11791417.9321846,5000.0
median_p50,NT233,"NUFFIELD HEALTH, PLYMOUTH HOSPITAL",101,Urology Service,65.58874607086182,0,0.0,65.5887461,0.0,0.0,Optimal,500,0,11796417.928881645,11791417.9321846,5000.0
median_p50,NT238,"NUFFIELD HEALTH, TAUNTON HOSPITAL",110,Trauma and Orthopaedic Service,3613.3775024414062,0,0.0,3613.37752,0.0,0.0,Optimal,500,0,11796417.928881645,11791417.9321846,5000.0
median_p50,NT237,"NUFFIELD HEALTH, TEES HOSPITAL",130,Ophthalmology Service,2570.9663696289062,0,0.0,2570.96637,0.0,0.0,Optimal,500,0,11796417.928881645,11791417.9321846,5000.0
median_p50,NT237,"NUFFIELD HEALTH, TEES HOSPITAL",110,Trauma and Orthopaedic Service,5673.417877197266,0,0.0,5673.41787,0.0,0.0,Optimal,500,0,11796417.928881645,11791417.9321846,5000.0
median_p50,NT237,"NUFFIELD HEALTH, TEES HOSPITAL",101,Urology Service,61.10284948348999,0,0.0,61.1028495,0.0,0.0,Optimal,500,0,11796417.928881645,11791417.9321846,5000.0
median_p50,NT237,"NUFFIELD HEALTH, TEES HOSPITAL",100,General Surgery Service,901.2720565795898,0,0.0,901.272057,0.0,0.0,Optimal,500,0,11796417.928881645,11791417.9321846,5000.0
median_p50,NT235,"NUFFIELD HEALTH, SHREWSBURY HOSPITAL",130,Ophthalmology Service,1605.8772583007812,0,0.0,1605.87727,0.0,0.0,Optimal,500,0,11796417.928881645,11791417.9321846,5000.0
median_p50,NT235,"NUFFIELD HEALTH, SHREWSBURY HOSPITAL",110,Trauma and Orthopaedic Service,2628.6437072753906,0,0.0,2628.64371,0.0,0.0,Optimal,500,0,11796417.928881645,11791417.9321846,5000.0
median_p50,NT233,"NUFFIELD HEALTH, PLYMOUTH HOSPITAL",160,Plastic Surgery Service,236.5894947052002,0,0.0,236.589496,0.0,0.0,Optimal,500,0,11796417.928881645,11791417.9321846,5000.0
median_p50,NT233,"NUFFIELD HEALTH, PLYMOUTH HOSPITAL",150,Neurosurgical Service,470.3121032714844,0,0.0,470.312103,0.0,0.0,Optimal,500,0,11796417.928881645,11791417.9321846,5000.0
median_p50,NT233,"NUFFIELD HEALTH, PLYMOUTH HOSPITAL",110,Trauma and Orthopaedic Service,3651.8344116210938,0,0.0,3651.83442,0.0,0.0,Optimal,500,0,11796417.928881645,11791417.9321846,5000.0
median_p50,NT233,"NUFFIELD HEALTH, PLYMOUTH HOSPITAL",100,General Surgery Service,836.6844711303711,0,0.0,836.6844719999999,0.0,0.0,Optimal,500,0,11796417.928881645,11791417.9321846,5000.0
median_p50,NN8,SPENCER PRIVATE HOSPITALS LTD,101,Urology Service,904.8458557128906,0,0.0,904.845856,0.0,0.0,Optimal,500,0,11796417.928881645,11791417.9321846,5000.0
median_p50,NT230,"NUFFIELD HEALTH, NORTH STAFFORDSHIRE HOSPITAL",130,Ophthalmology Service,710.0927429199219,0,0.0,710.092744,0.0,0.0,Optimal,500,0,11796417.928881645,11791417.9321846,5000.0
median_p50,NT230,"NUFFIELD HEALTH, NORTH STAFFORDSHIRE HOSPITAL",110,Trauma and Orthopaedic Service,5054.299407958984,0,0.0,5054.29941,0.0,0.0,Optimal,500,0,11796417.928881645,11791417.9321846,5000.0
median_p50,NT230,"NUFFIELD HEALTH, NORTH STAFFORDSHIRE HOSPITAL",100,General Surgery Service,263.65125465393066,0,0.0,263.651254,0.0,0.0,Optimal,500,0,11796417.928881645,11791417.9321846,5000.0
median_p50,NT229,"NUFFIELD HEALTH, NEWCASTLE UPON TYNE HOSPITAL",110,Trauma and Orthopaedic Service,2606.106979370117,0,0.0,2606.10698,0.0,0.0,Optimal,500,0,11796417.928881645,11791417.9321846,5000.0
median_p50,NT229,"NUFFIELD HEALTH, NEWCASTLE UPON TYNE HOSPITAL",100,General Surgery Service,73.07549905776978,0,0.0,73.0754992,0.0,0.0,Optimal,500,0,11796417.928881645,11791417.9321846,5000.0
median_p50,NT226,"NUFFIELD HEALTH, LEICESTER HOSPITAL",160,Plastic Surgery Service,136.36600875854492,0,0.0,136.366009,0.0,0.0,Optimal,500,0,11796417.928881645,11791417.9321846,5000.0
median_p50,NT226,"NUFFIELD HEALTH, LEICESTER HOSPITAL",110,Trauma and Orthopaedic Service,2383.66015625,0,0.0,2383.66017,0.0,0.0,Optimal,500,0,11796417.928881645,11791417.9321846,5000.0
median_p50,NT226,"NUFFIELD HEALTH, LEICESTER HOSPITAL",100,General Surgery Service,110.853675365448,0,0.0,110.853675,0.0,0.0,Optimal,500,0,11796417.928881645,11791417.9321846,5000.0
median_p50,NT224,"NUFFIELD HEALTH, WARWICKSHIRE HOSPITAL",110,Trauma and Orthopaedic Service,1399.4652481079102,0,0.0,1399.46525,0.0,0.0,Optimal,500,0,11796417.928881645,11791417.9321846,5000.0
median_p50,NT224,"NUFFIELD HEALTH, WARWICKSHIRE HOSPITAL",100,General Surgery Service,520.623291015625,0,0.0,520.623291,0.0,0.0,Optimal,500,0,11796417.928881645,11791417.9321846,5000.0
median_p50,NT239,"NUFFIELD HEALTH, TUNBRIDGE WELLS HOSPITAL",100,General Surgery Service,136.1679449081421,0,0.0,136.1679452,0.0,0.0,Optimal,500,0,11796417.928881645,11791417.9321846,5000.0
median_p50,NT239,"NUFFIELD HEALTH, TUNBRIDGE WELLS HOSPITAL",101,Urology Service,47.69325256347656,0,0.0,47.6932525,0.0,0.0,Optimal,500,0,11796417.928881645,11791417.9321846,5000.0
median_p50,NT239,"NUFFIELD HEALTH, TUNBRIDGE WELLS HOSPITAL",110,Trauma and Orthopaedic Service,1127.7140731811523,0,0.0,1127.714066,0.0,0.0,Optimal,500,0,11796417.928881645,11791417.9321846,5000.0
median_p50,NT239,"NUFFIELD HEALTH, TUNBRIDGE WELLS HOSPITAL",120,Ear Nose and Throat Service,65.9835033416748,0,0.0,65.9835033,0.0,0.0,Optimal,500,0,11796417.928881645,11791417.9321846,5000.0
median_p50,NT308,SPIRE GATWICK PARK HOSPITAL,110,Trauma and Orthopaedic Service,2632.9647216796875,0,0.0,2632.96471,0.0,0.0,Optimal,500,0,11796417.928881645,11791417.9321846,5000.0
median_p50,NT308,SPIRE GATWICK PARK HOSPITAL,100,General Surgery Service,247.1746425628662,0,0.0,247.174644,0.0,0.0,Optimal,500,0,11796417.928881645,11791417.9321846,5000.0
median_p50,NT305,SPIRE PORTSMOUTH HOSPITAL,110,Trauma and Orthopaedic Service,1027.5078201293945,0,0.0,1027.507821,0.0,0.0,Optimal,500,0,11796417.928881645,11791417.9321846,5000.0
median_p50,NT304,SPIRE SOUTHAMPTON HOSPITAL,150,Neurosurgical Service,94.3368911743164,0,0.0,94.3368912,0.0,0.0,Optimal,500,0,11796417.928881645,11791417.9321846,5000.0
median_p50,NT304,SPIRE SOUTHAMPTON HOSPITAL,110,Trauma and Orthopaedic Service,1140.750099182129,0,0.0,1140.750098,0.0,0.0,Optimal,500,0,11796417.928881645,11791417.9321846,5000.0
median_p50,NT304,SPIRE SOUTHAMPTON HOSPITAL,100,General Surgery Service,176.94996643066406,0,0.0,176.949967,0.0,0.0,Optimal,500,0,11796417.928881645,11791417.9321846,5000.0
median_p50,NT302,SPIRE BRISTOL HOSPITAL,110,Trauma and Orthopaedic Service,5931.210205078125,0,0.0,5931.21021,0.0,0.0,Optimal,500,0,11796417.928881645,11791417.9321846,5000.0
median_p50,NT302,SPIRE BRISTOL HOSPITAL,100,General Surgery Service,71.5286693572998,0,0.0,71.5286694,0.0,0.0,Optimal,500,0,11796417.928881645,11791417.9321846,5000.0
median_p50,NT301,SPIRE SOUTH BANK HOSPITAL,110,Trauma and Orthopaedic Service,1356.7140426635742,0,0.0,1356.71405,0.0,0.0,Optimal,500,0,11796417.928881645,11791417.9321846,5000.0
median_p50,NT301,SPIRE SOUTH BANK HOSPITAL,100,General Surgery Service,613.3230667114258,0,0.0,613.323067,0.0,0.0,Optimal,500,0,11796417.928881645,11791417.9321846,5000.0
median_p50,NT245,"NUFFIELD HEALTH, YORK HOSPITAL",110,Trauma and Orthopaedic Service,6342.330749511719,0,0.0,6342.33076,0.0,0.0,Optimal,500,0,11796417.928881645,11791417.9321846,5000.0
median_p50,NT245,"NUFFIELD HEALTH, YORK HOSPITAL",101,Urology Service,60.84627056121826,0,0.0,60.846270600000004,0.0,0.0,Optimal,500,0,11796417.928881645,11791417.9321846,5000.0
median_p50,NT244,NUFFIELD HOSPITAL OXFORD (THE MANOR),110,Trauma and Orthopaedic Service,1095.687156677246,0,0.0,1095.68715,0.0,0.0,Optimal,500,0,11796417.928881645,11791417.9321846,5000.0
median_p50,NT242,"NUFFIELD HEALTH, WOLVERHAMPTON HOSPITAL",110,Trauma and Orthopaedic Service,1408.7341003417969,0,0.0,1408.73409,0.0,0.0,Optimal,500,0,11796417.928881645,11791417.9321846,5000.0
median_p50,NT242,"NUFFIELD HEALTH, WOLVERHAMPTON HOSPITAL",100,General Surgery Service,146.83239364624023,0,0.0,146.832393,0.0,0.0,Optimal,500,0,11796417.928881645,11791417.9321846,5000.0
median_p50,NT241,"NUFFIELD HEALTH, WOKING HOSPITAL",502,Gynaecology Service,240.43220329284668,0,0.0,240.432204,0.0,0.0,Optimal,500,0,11796417.928881645,11791417.9321846,5000.0
median_p50,NT241,"NUFFIELD HEALTH, WOKING HOSPITAL",110,Trauma and Orthopaedic Service,1403.8533172607422,0,0.0,1403.85331,0.0,0.0,Optimal,500,0,11796417.928881645,11791417.9321846,5000.0
median_p50,NT241,"NUFFIELD HEALTH, WOKING HOSPITAL",101,Urology Service,85.77917575836182,0,0.0,85.7791756,0.0,0.0,Optimal,500,0,11796417.928881645,11791417.9321846,5000.0
median_p50,NT241,"NUFFIELD HEALTH, WOKING HOSPITAL",100,General Surgery Service,86.61259269714355,0,0.0,86.6125925,0.0,0.0,Optimal,500,0,11796417.928881645,11791417.9321846,5000.0
median_p50,NT239,"NUFFIELD HEALTH, TUNBRIDGE WELLS HOSPITAL",502,Gynaecology Service,114.20394611358643,0,0.0,114.2039464,0.0,0.0,Optimal,500,0,11796417.928881645,11791417.9321846,5000.0
median_p50,NT239,"NUFFIELD HEALTH, TUNBRIDGE WELLS HOSPITAL",150,Neurosurgical Service,135.97478199005127,0,0.0,135.974782,0.0,0.0,Optimal,500,0,11796417.928881645,11791417.9321846,5000.0
median_p50,NT219,"NUFFIELD HEALTH, HEREFORD HOSPITAL",110,Trauma and Orthopaedic Service,2045.340103149414,0,0.0,2045.34011,0.0,0.0,Optimal,500,0,11796417.928881645,11791417.9321846,5000.0
median_p50,NT219,"NUFFIELD HEALTH, HEREFORD HOSPITAL",100,General Surgery Service,414.86479568481445,0,0.0,414.864794,0.0,0.0,Optimal,500,0,11796417.928881645,11791417.9321846,5000.0
median_p50,NT218,"NUFFIELD HEALTH, HAYWARDS HEATH HOSPITAL",130,Ophthalmology Service,59.605884075164795,0,0.0,59.6058842,0.0,0.0,Optimal,500,0,11796417.928881645,11791417.9321846,5000.0
median_p50,NT204,"NUFFIELD HEALTH, BRENTWOOD HOSPITAL",110,Trauma and Orthopaedic Service,1963.7801666259766,0,0.0,1963.78017,0.0,0.0,Optimal,500,0,11796417.928881645,11791417.9321846,5000.0
median_p50,NT204,"NUFFIELD HEALTH, BRENTWOOD HOSPITAL",100,General Surgery Service,377.3514518737793,0,0.0,377.351452,0.0,0.0,Optimal,500,0,11796417.928881645,11791417.9321846,5000.0
median_p50,NT202,"NUFFIELD HEALTH, BOURNEMOUTH HOSPITAL",110,Trauma and Orthopaedic Service,1924.7061767578125,0,0.0,1924.70616,0.0,0.0,Optimal,500,0,11796417.928881645,11791417.9321846,5000.0
median_p50,NT202,"NUFFIELD HEALTH, BOURNEMOUTH HOSPITAL",101,Urology Service,102.27673292160034,0,0.0,102.27673300000001,0.0,0.0,Optimal,500,0,11796417.928881645,11791417.9321846,5000.0
median_p50,NT202,"NUFFIELD HEALTH, BOURNEMOUTH HOSPITAL",100,General Surgery Service,275.1716842651367,0,0.0,275.171684,0.0,0.0,Optimal,500,0,11796417.928881645,11791417.9321846,5000.0
median_p50,NQM01,ORTHOPAEDICS & SPINE SPECIALIST HOSPITAL SITE,110,Trauma and Orthopaedic Service,1049.2427520751953,0,0.0,1049.242751,0.0,0.0,Optimal,500,0,11796417.928881645,11791417.9321846,5000.0
median_p50,NPG23,SPAMEDICA DERBY,130,Ophthalmology Service,2370.7886505126953,0,0.0,2370.78866,0.0,0.0,Optimal,500,0,11796417.928881645,11791417.9321846,5000.0
median_p50,NPG22,SPAMEDICA STOCKTON-ON-TEES,130,Ophthalmology Service,2331.3529663085938,0,0.0,2331.35297,0.0,0.0,Optimal,500,0,11796417.928881645,11791417.9321846,5000.0
median_p50,NPG21,SPAMEDICA COVENTRY,130,Ophthalmology Service,3648.0664672851562,0,0.0,3648.06644,0.0,0.0,Optimal,500,0,11796417.928881645,11791417.9321846,5000.0
median_p50,NPG20,SPAMEDICA WOLVERHAMPTON,130,Ophthalmology Service,6224.121673583984,0,0.0,6224.12168,0.0,0.0,Optimal,500,0,11796417.928881645,11791417.9321846,5000.0
median_p50,NPG18,SPAMEDICA HULL,130,Ophthalmology Service,4314.955810546875,0,0.0,4314.95581,0.0,0.0,Optimal,500,0,11796417.928881645,11791417.9321846,5000.0
median_p50,NPG17,SPAMEDICA PRESTON,130,Ophthalmology Service,2067.0877532958984,0,0.0,2067.08775,0.0,0.0,Optimal,500,0,11796417.928881645,11791417.9321846,5000.0
median_p50,NPG16,SPAMEDICA CHELMSFORD,130,Ophthalmology Service,4099.971160888672,0,0.0,4099.97116,0.0,0.0,Optimal,500,0,11796417.928881645,11791417.9321846,5000.0
median_p50,NPG15,SPAMEDICA NEWCASTLE-UNDER-LYME,130,Ophthalmology Service,2098.650588989258,0,0.0,2098.65057,0.0,0.0,Optimal,500,0,11796417.928881645,11791417.9321846,5000.0
median_p50,NPG14,SPAMEDICA WIDNES,130,Ophthalmology Service,1777.645523071289,0,0.0,1777.64552,0.0,0.0,Optimal,500,0,11796417.928881645,11791417.9321846,5000.0
median_p50,NPG10,SPAMEDICA SHEFFIELD,130,Ophthalmology Service,3380.1390380859375,0,0.0,3380.13904,0.0,0.0,Optimal,500,0,11796417.928881645,11791417.9321846,5000.0
median_p50,NPG08,SPAMEDICA BOLTON,130,Ophthalmology Service,4709.836212158203,0,0.0,4709.8362,0.0,0.0,Optimal,500,0,11796417.928881645,11791417.9321846,5000.0
median_p50,NPG06,SPAMEDICA LIVERPOOL,130,Ophthalmology Service,3204.3941345214844,0,0.0,3204.39414,0.0,0.0,Optimal,500,0,11796417.928881645,11791417.9321846,5000.0
median_p50,NPG02,SPAMEDICA WIRRAL,130,Ophthalmology Service,2549.133758544922,0,0.0,2549.13375,0.0,0.0,Optimal,500,0,11796417.928881645,11791417.9321846,5000.0
median_p50,NN8,SPENCER PRIVATE HOSPITALS LTD,502,Gynaecology Service,4330.390350341797,0,0.0,4330.39036,0.0,0.0,Optimal,500,0,11796417.928881645,11791417.9321846,5000.0
median_p50,NN8,SPENCER PRIVATE HOSPITALS LTD,120,Ear Nose and Throat Service,470.9969959259033,0,0.0,470.996995,0.0,0.0,Optimal,500,0,11796417.928881645,11791417.9321846,5000.0
median_p50,NN8,SPENCER PRIVATE HOSPITALS LTD,110,Trauma and Orthopaedic Service,7468.0994873046875,0,0.0,7468.09948,0.0,0.0,Optimal,500,0,11796417.928881645,11791417.9321846,5000.0
median_p50,NT204,"NUFFIELD HEALTH, BRENTWOOD HOSPITAL",101,Urology Service,267.59576416015625,0,0.0,267.59576400000003,0.0,0.0,Optimal,500,0,11796417.928881645,11791417.9321846,5000.0
median_p50,NT204,"NUFFIELD HEALTH, BRENTWOOD HOSPITAL",120,Ear Nose and Throat Service,380.9984474182129,0,0.0,380.998446,0.0,0.0,Optimal,500,0,11796417.928881645,11791417.9321846,5000.0
median_p50,NT218,"NUFFIELD HEALTH, HAYWARDS HEATH HOSPITAL",110,Trauma and Orthopaedic Service,1834.890609741211,0,0.0,1834.8906200000001,0.0,0.0,Optimal,500,0,11796417.928881645,11791417.9321846,5000.0
median_p50,NT204,"NUFFIELD HEALTH, BRENTWOOD HOSPITAL",150,Neurosurgical Service,126.52604007720947,0,0.0,126.5260413,0.0,0.0,Optimal,500,0,11796417.928881645,11791417.9321846,5000.0
median_p50,NT218,"NUFFIELD HEALTH, HAYWARDS HEATH HOSPITAL",100,General Surgery Service,174.90958786010742,0,0.0,174.90958799999999,0.0,0.0,Optimal,500,0,11796417.928881645,11791417.9321846,5000.0
median_p50,NT215,"NUFFIELD HEALTH, EXETER HOSPITAL",110,Trauma and Orthopaedic Service,979.2832641601562,0,0.0,979.283265,0.0,0.0,Optimal,500,0,11796417.928881645,11791417.9321846,5000.0
median_p50,NT215,"NUFFIELD HEALTH, EXETER HOSPITAL",100,General Surgery Service,725.6013069152832,0,0.0,725.601307,0.0,0.0,Optimal,500,0,11796417.928881645,11791417.9321846,5000.0
median_p50,NT214,"NUFFIELD HEALTH, WESSEX HOSPITAL",110,Trauma and Orthopaedic Service,3503.5237731933594,0,0.0,3503.52376,0.0,0.0,Optimal,500,0,11796417.928881645,11791417.9321846,5000.0
median_p50,NT213,"NUFFIELD HEALTH, DERBY HOSPITAL",110,Trauma and Orthopaedic Service,6628.462951660156,0,0.0,6628.46296,0.0,0.0,Optimal,500,0,11796417.928881645,11791417.9321846,5000.0
median_p50,NT213,"NUFFIELD HEALTH, DERBY HOSPITAL",100,General Surgery Service,599.5704078674316,0,0.0,599.57041,0.0,0.0,Optimal,500,0,11796417.928881645,11791417.9321846,5000.0
median_p50,NT212,"NUFFIELD HEALTH, CHICHESTER HOSPITAL",502,Gynaecology Service,94.87956380844116,0,0.0,94.8795638,0.0,0.0,Optimal,500,0,11796417.928881645,11791417.9321846,5000.0
median_p50,NT212,"NUFFIELD HEALTH, CHICHESTER HOSPITAL",110,Trauma and Orthopaedic Service,2755.8717193603516,0,0.0,2755.87172,0.0,0.0,Optimal,500,0,11796417.928881645,11791417.9321846,5000.0
median_p50,NT212,"NUFFIELD HEALTH, CHICHESTER HOSPITAL",100,General Surgery Service,149.89611530303955,0,0.0,149.8961161,0.0,0.0,Optimal,500,0,11796417.928881645,11791417.9321846,5000.0
median_p50,NT211,"NUFFIELD HEALTH, CHELTENHAM HOSPITAL",110,Trauma and Orthopaedic Service,364.15954780578613,0,0.0,364.159549,0.0,0.0,Optimal,500,0,11796417.928881645,11791417.9321846,5000.0
median_p50,NT210,"NUFFIELD HEALTH, THE GROSVENOR HOSPITAL, CHESTER",110,Trauma and Orthopaedic Service,2171.9190521240234,0,0.0,2171.91906,0.0,0.0,Optimal,500,0,11796417.928881645,11791417.9321846,5000.0
median_p50,NT210,"NUFFIELD HEALTH, THE GROSVENOR HOSPITAL, CHESTER",100,General Surgery Service,174.94697093963623,0,0.0,174.946971,0.0,0.0,Optimal,500,0,11796417.928881645,11791417.9321846,5000.0
median_p50,NT209,"NUFFIELD HEALTH, CAMBRIDGE HOSPITAL",150,Neurosurgical Service,130.19017124176025,0,0.0,130.1901702,0.0,0.0,Optimal,500,0,11796417.928881645,11791417.9321846,5000.0
median_p50,NT209,"NUFFIELD HEALTH, CAMBRIDGE HOSPITAL",110,Trauma and Orthopaedic Service,1330.6934280395508,0,0.0,1330.693432,0.0,0.0,Optimal,500,0,11796417.928881645,11791417.9321846,5000.0
median_p50,NT206,"NUFFIELD HEALTH, BRISTOL HOSPITAL (CHESTERFIELD)",110,Trauma and Orthopaedic Service,3347.0599670410156,0,0.0,3347.0599700000002,0.0,0.0,Optimal,500,0,11796417.928881645,11791417.9321846,5000.0
median_p50,NT206,"NUFFIELD HEALTH, BRISTOL HOSPITAL (CHESTERFIELD)",100,General Surgery Service,120.4992094039917,0,0.0,120.4992099,0.0,0.0,Optimal,500,0,11796417.928881645,11791417.9321846,5000.0
median_p50,NT205,"NUFFIELD HEALTH, BRIGHTON HOSPITAL",160,Plastic Surgery Service,344.41500091552734,0,0.0,344.415,0.0,0.0,Optimal,500,0,11796417.928881645,11791417.9321846,5000.0
median_p50,NT205,"NUFFIELD HEALTH, BRIGHTON HOSPITAL",110,Trauma and Orthopaedic Service,984.2741546630859,0,0.0,984.2741530000001,0.0,0.0,Optimal,500,0,11796417.928881645,11791417.9321846,5000.0
median_p50,NT205,"NUFFIELD HEALTH, BRIGHTON HOSPITAL",101,Urology Service,629.6321258544922,0,0.0,629.632127,0.0,0.0,Optimal,500,0,11796417.928881645,11791417.9321846,5000.0
median_p50,NT205,"NUFFIELD HEALTH, BRIGHTON HOSPITAL",100,General Surgery Service,220.13994789123535,0,0.0,220.139949,0.0,0.0,Optimal,500,0,11796417.928881645,11791417.9321846,5000.0
median_p50,NT204,"NUFFIELD HEALTH, BRENTWOOD HOSPITAL",502,Gynaecology Service,1626.9339447021484,0,0.0,1626.9339400000001,0.0,0.0,Optimal,500,0,11796417.928881645,11791417.9321846,5000.0
median_p50,NT436,SHIRLEY OAKS HOSPITAL,101,Urology Service,345.81241607666016,0,0.0,345.812417,0.0,0.0,Optimal,500,0,11796417.928881645,11791417.9321846,5000.0
median_p50,NT436,SHIRLEY OAKS HOSPITAL,130,Ophthalmology Service,185.8066749572754,0,0.0,185.806675,0.0,0.0,Optimal,500,0,11796417.928881645,11791417.9321846,5000.0
median_p50,RBK,WALSALL HEALTHCARE NHS TRUST,140,Oral Surgery Service,2379.656494140625,0,0.0,2379.65649,0.0,0.0,Optimal,500,0,11796417.928881645,11791417.9321846,5000.0
median_p50,NXP,INDEPENDENT HEALTH GROUP,100,General Surgery Service,1189.1030044555664,0,0.0,1189.103001,0.0,0.0,Optimal,500,0,11796417.928881645,11791417.9321846,5000.0
median_p50,Q1W6P,SPAMEDICA WATFORD,130,Ophthalmology Service,1906.2602081298828,0,0.0,1906.26021,0.0,0.0,Optimal,500,0,11796417.928881645,11791417.9321846,5000.0
median_p50,P5Y6K,NEWMEDICA - SHREWSBURY,130,Ophthalmology Service,2828.5614471435547,0,0.0,2828.56147,0.0,0.0,Optimal,500,0,11796417.928881645,11791417.9321846,5000.0
median_p50,P1B7M,SPAMEDICA BRISTOL,130,Ophthalmology Service,1086.2923736572266,0,0.0,1086.2923739999999,0.0,0.0,Optimal,500,0,11796417.928881645,11791417.9321846,5000.0
median_p50,P0C3F,SPAMEDICA LEEDS,130,Ophthalmology Service,2201.0799407958984,0,0.0,2201.07995,0.0,0.0,Optimal,500,0,11796417.928881645,11791417.9321846,5000.0
median_p50,O5Y9D,SPAMEDICA OXFORD,130,Ophthalmology Service,2015.2798614501953,0,0.0,2015.27986,0.0,0.0,Optimal,500,0,11796417.928881645,11791417.9321846,5000.0
median_p50,O1P6X,SPAMEDICA OLDHAM,130,Ophthalmology Service,4803.006805419922,0,0.0,4803.00679,0.0,0.0,Optimal,500,0,11796417.928881645,11791417.9321846,5000.0
median_p50,NYR,CORA HEALTH DIAGNOSTICS (FORMERLY HEALTHSHARE DIAGNOSTICS),110,Trauma and Orthopaedic Service,1661.4034805297852,0,0.0,1661.40347,0.0,0.0,Optimal,500,0,11796417.928881645,11791417.9321846,5000.0
median_p50,NXP,INDEPENDENT HEALTH GROUP,130,Ophthalmology Service,1329.4136962890625,0,0.0,1329.413704,0.0,0.0,Optimal,500,0,11796417.928881645,11791417.9321846,5000.0
median_p50,NXP,INDEPENDENT HEALTH GROUP,110,Trauma and Orthopaedic Service,1762.9970245361328,0,0.0,1762.99702,0.0,0.0,Optimal,500,0,11796417.928881645,11791417.9321846,5000.0
median_p50,NXP,INDEPENDENT HEALTH GROUP,101,Urology Service,1196.9308319091797,0,0.0,1196.930842,0.0,0.0,Optimal,500,0,11796417.928881645,11791417.9321846,5000.0
median_p50,NXM01,THE HORDER CENTRE - ST JOHNS ROAD,110,Trauma and Orthopaedic Service,5160.666595458984,0,0.0,5160.6666,0.0,0.0,Optimal,500,0,11796417.928881645,11791417.9321846,5000.0
median_p50,NVM,EPSOMEDICAL GROUP,100,General Surgery Service,1147.042953491211,0,0.0,1147.042958,0.0,0.0,Optimal,500,0,11796417.928881645,11791417.9321846,5000.0
median_p50,NWF01,BENENDEN HOSPITAL,502,Gynaecology Service,830.7107925415039,0,0.0,830.710791,0.0,0.0,Optimal,500,0,11796417.928881645,11791417.9321846,5000.0
median_p50,NWF01,BENENDEN HOSPITAL,130,Ophthalmology Service,427.08595275878906,0,0.0,427.085953,0.0,0.0,Optimal,500,0,11796417.928881645,11791417.9321846,5000.0
median_p50,NWF01,BENENDEN HOSPITAL,120,Ear Nose and Throat Service,196.3639965057373,0,0.0,196.363997,0.0,0.0,Optimal,500,0,11796417.928881645,11791417.9321846,5000.0
median_p50,NWF01,BENENDEN HOSPITAL,110,Trauma and Orthopaedic Service,3192.3639526367188,0,0.0,3192.36394,0.0,0.0,Optimal,500,0,11796417.928881645,11791417.9321846,5000.0
median_p50,NWF01,BENENDEN HOSPITAL,101,Urology Service,168.01566982269287,0,0.0,168.01567,0.0,0.0,Optimal,500,0,11796417.928881645,11791417.9321846,5000.0
median_p50,NWF01,BENENDEN HOSPITAL,100,General Surgery Service,450.0629348754883,0,0.0,450.062934,0.0,0.0,Optimal,500,0,11796417.928881645,11791417.9321846,5000.0
median_p50,NVM,EPSOMEDICAL GROUP,502,Gynaecology Service,948.6554718017578,0,0.0,948.655472,0.0,0.0,Optimal,500,0,11796417.928881645,11791417.9321846,5000.0
median_p50,NVM,EPSOMEDICAL GROUP,160,Plastic Surgery Service,2014.1592559814453,0,0.0,2014.15925,0.0,0.0,Optimal,500,0,11796417.928881645,11791417.9321846,5000.0
median_p50,NVM,EPSOMEDICAL GROUP,130,Ophthalmology Service,1609.3546447753906,0,0.0,1609.35466,0.0,0.0,Optimal,500,0,11796417.928881645,11791417.9321846,5000.0
median_p50,NVM,EPSOMEDICAL GROUP,110,Trauma and Orthopaedic Service,384.9533576965332,0,0.0,384.953359,0.0,0.0,Optimal,500,0,11796417.928881645,11791417.9321846,5000.0
median_p50,R0A,MANCHESTER UNIVERSITY NHS FOUNDATION TRUST,100,General Surgery Service,20130.376586914062,0,0.0,20130.3766,0.0,0.0,Optimal,500,0,11796417.928881645,11791417.9321846,5000.0
median_p50,R0A,MANCHESTER UNIVERSITY NHS FOUNDATION TRUST,101,Urology Service,14517.6875,0,0.0,14517.6875,0.0,0.0,Optimal,500,0,11796417.928881645,11791417.9321846,5000.0
median_p50,R0A,MANCHESTER UNIVERSITY NHS FOUNDATION TRUST,110,Trauma and Orthopaedic Service,117000.07421875,0,0.0,117000.07430000001,0.0,0.0,Optimal,500,0,11796417.928881645,11791417.9321846,5000.0
median_p50,R0A,MANCHESTER UNIVERSITY NHS FOUNDATION TRUST,120,Ear Nose and Throat Service,31990.092041015625,0,0.0,31990.092,0.0,0.0,Optimal,500,0,11796417.928881645,11791417.9321846,5000.0
median_p50,R0F4N,NUFFIELD HEALTH PARKSIDE HOSPITAL,101,Urology Service,571.340747833252,0,0.0,571.340748,0.0,0.0,Optimal,500,0,11796417.928881645,11791417.9321846,5000.0
median_p50,R0F4N,NUFFIELD HEALTH PARKSIDE HOSPITAL,100,General Surgery Service,275.7190628051758,0,0.0,275.719062,0.0,0.0,Optimal,500,0,11796417.928881645,11791417.9321846,5000.0
median_p50,R0D,UNIVERSITY HOSPITALS DORSET NHS FOUNDATION TRUST,502,Gynaecology Service,19777.019897460938,0,0.0,19777.0199,0.0,0.0,Optimal,500,0,11796417.928881645,11791417.9321846,5000.0
median_p50,R0D,UNIVERSITY HOSPITALS DORSET NHS FOUNDATION TRUST,140,Oral Surgery Service,16366.1630859375,0,0.0,16366.163199999999,0.0,0.0,Optimal,500,0,11796417.928881645,11791417.9321846,5000.0
median_p50,R0D,UNIVERSITY HOSPITALS DORSET NHS FOUNDATION TRUST,130,Ophthalmology Service,20958.5478515625,0,0.0,20958.5479,0.0,0.0,Optimal,500,0,11796417.928881645,11791417.9321846,5000.0
median_p50,R0D,UNIVERSITY HOSPITALS DORSET NHS FOUNDATION TRUST,120,Ear Nose and Throat Service,11549.796752929688,0,0.0,11549.79675,0.0,0.0,Optimal,500,0,11796417.928881645,11791417.9321846,5000.0
median_p50,R0D,UNIVERSITY HOSPITALS DORSET NHS FOUNDATION TRUST,110,Trauma and Orthopaedic Service,53986.79052734375,0,0.0,53986.7906,0.0,0.0,Optimal,500,0,11796417.928881645,11791417.9321846,5000.0
median_p50,R0D,UNIVERSITY HOSPITALS DORSET NHS FOUNDATION TRUST,101,Urology Service,10964.746704101562,0,0.0,10964.74671,0.0,0.0,Optimal,500,0,11796417.928881645,11791417.9321846,5000.0
median_p50,R0D,UNIVERSITY HOSPITALS DORSET NHS FOUNDATION TRUST,100,General Surgery Service,2654.796859741211,0,0.0,2654.79686,0.0,0.0,Optimal,500,0,11796417.928881645,11791417.9321846,5000.0
median_p50,R0B,SOUTH TYNESIDE AND SUNDERLAND NHS FOUNDATION TRUST,502,Gynaecology Service,7294.291442871094,0,0.0,7294.29145,0.0,0.0,Optimal,500,0,11796417.928881645,11791417.9321846,5000.0
median_p50,R0B,SOUTH TYNESIDE AND SUNDERLAND NHS FOUNDATION TRUST,140,Oral Surgery Service,15721.6953125,0,0.0,15721.6954,0.0,0.0,Optimal,500,0,11796417.928881645,11791417.9321846,5000.0
median_p50,R0B,SOUTH TYNESIDE AND SUNDERLAND NHS FOUNDATION TRUST,130,Ophthalmology Service,22610.160034179688,0,0.0,22610.1601,0.0,0.0,Optimal,500,0,11796417.928881645,11791417.9321846,5000.0
median_p50,R0B,SOUTH TYNESIDE AND SUNDERLAND NHS FOUNDATION TRUST,120,Ear Nose and Throat Service,13210.845947265625,0,0.0,13210.846,0.0,0.0,Optimal,500,0,11796417.928881645,11791417.9321846,5000.0
median_p50,R0B,SOUTH TYNESIDE AND SUNDERLAND NHS FOUNDATION TRUST,110,Trauma and Orthopaedic Service,40180.011474609375,0,0.0,40180.0114,0.0,0.0,Optimal,500,0,11796417.928881645,11791417.9321846,5000.0
median_p50,R0B,SOUTH TYNESIDE AND SUNDERLAND NHS FOUNDATION TRUST,101,Urology Service,14770.174560546875,0,0.0,14770.1746,0.0,0.0,Optimal,500,0,11796417.928881645,11791417.9321846,5000.0
median_p50,R0B,SOUTH TYNESIDE AND SUNDERLAND NHS FOUNDATION TRUST,100,General Surgery Service,18229.354370117188,0,0.0,18229.3542,0.0,0.0,Optimal,500,0,11796417.928881645,11791417.9321846,5000.0
median_p50,R0A,MANCHESTER UNIVERSITY NHS FOUNDATION TRUST,502,Gynaecology Service,25454.855590820312,0,0.0,25454.855499999998,0.0,0.0,Optimal,500,0,11796417.928881645,11791417.9321846,5000.0
median_p50,R0A,MANCHESTER UNIVERSITY NHS FOUNDATION TRUST,170,Cardiothoracic Surgery Service,3222.490203857422,0,0.0,3222.4902,0.0,0.0,Optimal,500,0,11796417.928881645,11791417.9321846,5000.0
median_p50,R0A,MANCHESTER UNIVERSITY NHS FOUNDATION TRUST,160,Plastic Surgery Service,37018.333984375,0,0.0,37018.3339,0.0,0.0,Optimal,500,0,11796417.928881645,11791417.9321846,5000.0
median_p50,R0A,MANCHESTER UNIVERSITY NHS FOUNDATION TRUST,140,Oral Surgery Service,64494.04541015625,0,0.0,64494.0455,0.0,0.0,Optimal,500,0,11796417.928881645,11791417.9321846,5000.0
median_p50,R0A,MANCHESTER UNIVERSITY NHS FOUNDATION TRUST,130,Ophthalmology Service,73718.4423828125,0,0.0,73718.4424,0.0,0.0,Optimal,500,0,11796417.928881645,11791417.9321846,5000.0
median_p50,NVM,EPSOMEDICAL GROUP,101,Urology Service,279.27108573913574,0,0.0,279.271087,0.0,0.0,Optimal,500,0,11796417.928881645,11791417.9321846,5000.0
median_p50,NVC44,THE WESTBOURNE CENTRE,140,Oral Surgery Service,2289.9801483154297,0,0.0,2289.98015,0.0,0.0,Optimal,500,0,11796417.928881645,11791417.9321846,5000.0
median_p50,R0F4N,NUFFIELD HEALTH PARKSIDE HOSPITAL,120,Ear Nose and Throat Service,131.5453805923462,0,0.0,131.54538,0.0,0.0,Optimal,500,0,11796417.928881645,11791417.9321846,5000.0
median_p50,NVC21,WEST MIDLANDS HOSPITAL,110,Trauma and Orthopaedic Service,1195.1502380371094,0,0.0,1195.150245,0.0,0.0,Optimal,500,0,11796417.928881645,11791417.9321846,5000.0
median_p50,NVC23,WOODLAND HOSPITAL,110,Trauma and Orthopaedic Service,4642.9632568359375,0,0.0,4642.96325,0.0,0.0,Optimal,500,0,11796417.928881645,11791417.9321846,5000.0
median_p50,NVC23,WOODLAND HOSPITAL,101,Urology Service,363.0783290863037,0,0.0,363.07833,0.0,0.0,Optimal,500,0,11796417.928881645,11791417.9321846,5000.0
median_p50,NVC23,WOODLAND HOSPITAL,100,General Surgery Service,887.0656280517578,0,0.0,887.065628,0.0,0.0,Optimal,500,0,11796417.928881645,11791417.9321846,5000.0
median_p50,NVC22,WINFIELD HOSPITAL,160,Plastic Surgery Service,56.92459487915039,0,0.0,56.924595,0.0,0.0,Optimal,500,0,11796417.928881645,11791417.9321846,5000.0
median_p50,NVC22,WINFIELD HOSPITAL,120,Ear Nose and Throat Service,57.8183479309082,0,0.0,57.8183478,0.0,0.0,Optimal,500,0,11796417.928881645,11791417.9321846,5000.0
median_p50,NVC22,WINFIELD HOSPITAL,110,Trauma and Orthopaedic Service,2268.445999145508,0,0.0,2268.44601,0.0,0.0,Optimal,500,0,11796417.928881645,11791417.9321846,5000.0
median_p50,NVC22,WINFIELD HOSPITAL,101,Urology Service,72.89875173568726,0,0.0,72.8987516,0.0,0.0,Optimal,500,0,11796417.928881645,11791417.9321846,5000.0
median_p50,NVC22,WINFIELD HOSPITAL,100,General Surgery Service,421.4261894226074,0,0.0,421.42619,0.0,0.0,Optimal,500,0,11796417.928881645,11791417.9321846,5000.0
median_p50,NVC21,WEST MIDLANDS HOSPITAL,502,Gynaecology Service,81.10296154022217,0,0.0,81.1029615,0.0,0.0,Optimal,500,0,11796417.928881645,11791417.9321846,5000.0
median_p50,NVC21,WEST MIDLANDS HOSPITAL,130,Ophthalmology Service,196.28751754760742,0,0.0,196.287517,0.0,0.0,Optimal,500,0,11796417.928881645,11791417.9321846,5000.0
median_p50,NVC21,WEST MIDLANDS HOSPITAL,101,Urology Service,75.5586485862732,0,0.0,75.5586487,0.0,0.0,Optimal,500,0,11796417.928881645,11791417.9321846,5000.0
median_p50,NVC44,THE WESTBOURNE CENTRE,130,Ophthalmology Service,112.24947547912598,0,0.0,112.2494755,0.0,0.0,Optimal,500,0,11796417.928881645,11791417.9321846,5000.0
median_p50,NVC21,WEST MIDLANDS HOSPITAL,100,General Surgery Service,94.49595785140991,0,0.0,94.4959581,0.0,0.0,Optimal,500,0,11796417.928881645,11791417.9321846,5000.0
median_p50,NVC20,THE YORKSHIRE CLINIC,502,Gynaecology Service,303.4144992828369,0,0.0,303.4145,0.0,0.0,Optimal,500,0,11796417.928881645,11791417.9321846,5000.0
median_p50,NVC20,THE YORKSHIRE CLINIC,160,Plastic Surgery Service,510.5949287414551,0,0.0,510.59493000000003,0.0,0.0,Optimal,500,0,11796417.928881645,11791417.9321846,5000.0
median_p50,NVC20,THE YORKSHIRE CLINIC,130,Ophthalmology Service,2892.2990112304688,0,0.0,2892.29902,0.0,0.0,Optimal,500,0,11796417.928881645,11791417.9321846,5000.0
median_p50,NVC20,THE YORKSHIRE CLINIC,120,Ear Nose and Throat Service,777.7961235046387,0,0.0,777.796124,0.0,0.0,Optimal,500,0,11796417.928881645,11791417.9321846,5000.0
median_p50,NVC20,THE YORKSHIRE CLINIC,110,Trauma and Orthopaedic Service,3416.2234649658203,0,0.0,3416.22346,0.0,0.0,Optimal,500,0,11796417.928881645,11791417.9321846,5000.0
median_p50,NVC20,THE YORKSHIRE CLINIC,101,Urology Service,1063.0024719238281,0,0.0,1063.0024740000001,0.0,0.0,Optimal,500,0,11796417.928881645,11791417.9321846,5000.0
median_p50,NVC20,THE YORKSHIRE CLINIC,100,General Surgery Service,1863.1543502807617,0,0.0,1863.15435,0.0,0.0,Optimal,500,0,11796417.928881645,11791417.9321846,5000.0
median_p50,NVC1H,STOURSIDE HOSPITAL,502,Gynaecology Service,840.3010139465332,0,0.0,840.301012,0.0,0.0,Optimal,500,0,11796417.928881645,11791417.9321846,5000.0
median_p50,NVC1H,STOURSIDE HOSPITAL,160,Plastic Surgery Service,85.46058988571167,0,0.0,85.4605899,0.0,0.0,Optimal,500,0,11796417.928881645,11791417.9321846,5000.0
median_p50,NVC23,WOODLAND HOSPITAL,130,Ophthalmology Service,95.53321313858032,0,0.0,95.5332132,0.0,0.0,Optimal,500,0,11796417.928881645,11791417.9321846,5000.0
median_p50,NVC23,WOODLAND HOSPITAL,160,Plastic Surgery Service,172.98456478118896,0,0.0,172.984566,0.0,0.0,Optimal,500,0,11796417.928881645,11791417.9321846,5000.0
median_p50,NVC23,WOODLAND HOSPITAL,502,Gynaecology Service,371.08294105529785,0,0.0,371.08294,0.0,0.0,Optimal,500,0,11796417.928881645,11791417.9321846,5000.0
median_p50,NVC25,THE CHERWELL HOSPITAL,110,Trauma and Orthopaedic Service,5114.83984375,0,0.0,5114.83985,0.0,0.0,Optimal,500,0,11796417.928881645,11791417.9321846,5000.0
median_p50,NVC44,THE WESTBOURNE CENTRE,110,Trauma and Orthopaedic Service,447.33012771606445,0,0.0,447.330128,0.0,0.0,Optimal,500,0,11796417.928881645,11791417.9321846,5000.0
median_p50,NVC44,THE WESTBOURNE CENTRE,100,General Surgery Service,732.8869132995605,0,0.0,732.886913,0.0,0.0,Optimal,500,0,11796417.928881645,11791417.9321846,5000.0
median_p50,NVC40,WOODTHORPE HOSPITAL,502,Gynaecology Service,478.89351654052734,0,0.0,478.893517,0.0,0.0,Optimal,500,0,11796417.928881645,11791417.9321846,5000.0
median_p50,NVC40,WOODTHORPE HOSPITAL,130,Ophthalmology Service,1179.1341857910156,0,0.0,1179.134192,0.0,0.0,Optimal,500,0,11796417.928881645,11791417.9321846,5000.0
median_p50,NVC40,WOODTHORPE HOSPITAL,110,Trauma and Orthopaedic Service,6961.6519775390625,0,0.0,6961.65197,0.0,0.0,Optimal,500,0,11796417.928881645,11791417.9321846,5000.0
median_p50,NVC40,WOODTHORPE HOSPITAL,101,Urology Service,373.8822898864746,0,0.0,373.882289,0.0,0.0,Optimal,500,0,11796417.928881645,11791417.9321846,5000.0
median_p50,NVC40,WOODTHORPE HOSPITAL,100,General Surgery Service,349.5079574584961,0,0.0,349.507958,0.0,0.0,Optimal,500,0,11796417.928881645,11791417.9321846,5000.0
median_p50,NVC31,BLAKELANDS HOSPITAL,130,Ophthalmology Service,648.2106246948242,0,0.0,648.210626,0.0,0.0,Optimal,500,0,11796417.928881645,11791417.9321846,5000.0
median_p50,NVC31,BLAKELANDS HOSPITAL,110,Trauma and Orthopaedic Service,1705.256492614746,0,0.0,1705.25649,0.0,0.0,Optimal,500,0,11796417.928881645,11791417.9321846,5000.0
median_p50,NVC31,BLAKELANDS HOSPITAL,101,Urology Service,206.0710220336914,0,0.0,206.071022,0.0,0.0,Optimal,500,0,11796417.928881645,11791417.9321846,5000.0
median_p50,NVC31,BLAKELANDS HOSPITAL,100,General Surgery Service,943.886848449707,0,0.0,943.886846,0.0,0.0,Optimal,500,0,11796417.928881645,11791417.9321846,5000.0
median_p50,NVC29,COBALT HOSPITAL,160,Plastic Surgery Service,2016.8997344970703,0,0.0,2016.89973,0.0,0.0,Optimal,500,0,11796417.928881645,11791417.9321846,5000.0
median_p50,NVC29,COBALT HOSPITAL,110,Trauma and Orthopaedic Service,1838.8262100219727,0,0.0,1838.82621,0.0,0.0,Optimal,500,0,11796417.928881645,11791417.9321846,5000.0
median_p50,NVC29,COBALT HOSPITAL,100,General Surgery Service,647.1243858337402,0,0.0,647.124386,0.0,0.0,Optimal,500,0,11796417.928881645,11791417.9321846,5000.0
median_p50,NVC28,CLIFTON PARK HOSPITAL,110,Trauma and Orthopaedic Service,3958.5580444335938,0,0.0,3958.55805,0.0,0.0,Optimal,500,0,11796417.928881645,11791417.9321846,5000.0
median_p50,NVC27,BOSTON WEST HOSPITAL,502,Gynaecology Service,248.96942329406738,0,0.0,248.969423,0.0,0.0,Optimal,500,0,11796417.928881645,11791417.9321846,5000.0
median_p50,NVC27,BOSTON WEST HOSPITAL,130,Ophthalmology Service,1628.2590942382812,0,0.0,1628.2591,0.0,0.0,Optimal,500,0,11796417.928881645,11791417.9321846,5000.0
median_p50,NVC27,BOSTON WEST HOSPITAL,110,Trauma and Orthopaedic Service,1563.3274002075195,0,0.0,1563.32739,0.0,0.0,Optimal,500,0,11796417.928881645,11791417.9321846,5000.0
median_p50,NVC27,BOSTON WEST HOSPITAL,101,Urology Service,287.9607677459717,0,0.0,287.960769,0.0,0.0,Optimal,500,0,11796417.928881645,11791417.9321846,5000.0
median_p50,NVC27,BOSTON WEST HOSPITAL,100,General Surgery Service,522.5677146911621,0,0.0,522.567713,0.0,0.0,Optimal,500,0,11796417.928881645,11791417.9321846,5000.0
median_p50,NVC25,THE CHERWELL HOSPITAL,130,Ophthalmology Service,338.0038032531738,0,0.0,338.003801,0.0,0.0,Optimal,500,0,11796417.928881645,11791417.9321846,5000.0
median_p50,R0F4N,NUFFIELD HEALTH PARKSIDE HOSPITAL,110,Trauma and Orthopaedic Service,1609.858139038086,0,0.0,1609.85814,0.0,0.0,Optimal,500,0,11796417.928881645,11791417.9321846,5000.0
median_p50,R0F4N,NUFFIELD HEALTH PARKSIDE HOSPITAL,160,Plastic Surgery Service,475.19648361206055,0,0.0,475.196484,0.0,0.0,Optimal,500,0,11796417.928881645,11791417.9321846,5000.0
median_p50,NT436,SHIRLEY OAKS HOSPITAL,502,Gynaecology Service,94.80102443695068,0,0.0,94.8010245,0.0,0.0,Optimal,500,0,11796417.928881645,11791417.9321846,5000.0
median_p50,RAL,ROYAL FREE LONDON NHS FOUNDATION TRUST,110,Trauma and Orthopaedic Service,24048.68212890625,0,0.0,24048.6821,0.0,0.0,Optimal,500,0,11796417.928881645,11791417.9321846,5000.0
median_p50,RAS,THE HILLINGDON HOSPITALS NHS FOUNDATION TRUST,100,General Surgery Service,5684.178405761719,0,0.0,5684.1784,0.0,0.0,Optimal,500,0,11796417.928881645,11791417.9321846,5000.0
median_p50,RAN,ROYAL NATIONAL ORTHOPAEDIC HOSPITAL NHS TRUST,160,Plastic Surgery Service,86.23797607421875,0,0.0,86.237976,0.0,0.0,Optimal,500,0,11796417.928881645,11791417.9321846,5000.0
median_p50,RAN,ROYAL NATIONAL ORTHOPAEDIC HOSPITAL NHS TRUST,110,Trauma and Orthopaedic Service,20369.765502929688,0,0.0,20369.7655,0.0,0.0,Optimal,500,0,11796417.928881645,11791417.9321846,5000.0
median_p50,RAN,ROYAL NATIONAL ORTHOPAEDIC HOSPITAL NHS TRUST,101,Urology Service,229.33258438110352,0,0.0,229.332584,0.0,0.0,Optimal,500,0,11796417.928881645,11791417.9321846,5000.0
median_p50,RAL,ROYAL FREE LONDON NHS FOUNDATION TRUST,502,Gynaecology Service,12863.223999023438,0,0.0,12863.224,0.0,0.0,Optimal,500,0,11796417.928881645,11791417.9321846,5000.0
median_p50,RAL,ROYAL FREE LONDON NHS FOUNDATION TRUST,160,Plastic Surgery Service,20502.310302734375,0,0.0,20502.3103,0.0,0.0,Optimal,500,0,11796417.928881645,11791417.9321846,5000.0
median_p50,RAL,ROYAL FREE LONDON NHS FOUNDATION TRUST,150,Neurosurgical Service,173.18919563293457,0,0.0,173.189195,0.0,0.0,Optimal,500,0,11796417.928881645,11791417.9321846,5000.0
median_p50,RAL,ROYAL FREE LONDON NHS FOUNDATION TRUST,140,Oral Surgery Service,3416.549606323242,0,0.0,3416.54963,0.0,0.0,Optimal,500,0,11796417.928881645,11791417.9321846,5000.0
median_p50,RAL,ROYAL FREE LONDON NHS FOUNDATION TRUST,130,Ophthalmology Service,6203.338623046875,0,0.0,6203.33863,0.0,0.0,Optimal,500,0,11796417.928881645,11791417.9321846,5000.0
median_p50,RAL,ROYAL FREE LONDON NHS FOUNDATION TRUST,120,Ear Nose and Throat Service,13231.114624023438,0,0.0,13231.1146,0.0,0.0,Optimal,500,0,11796417.928881645,11791417.9321846,5000.0
median_p50,RAL,ROYAL FREE LONDON NHS FOUNDATION TRUST,101,Urology Service,9926.754089355469,0,0.0,9926.75408,0.0,0.0,Optimal,500,0,11796417.928881645,11791417.9321846,5000.0
median_p50,RAE,BRADFORD TEACHING HOSPITALS NHS FOUNDATION TRUST,502,Gynaecology Service,3751.317596435547,0,0.0,3751.31762,0.0,0.0,Optimal,500,0,11796417.928881645,11791417.9321846,5000.0
median_p50,RAL,ROYAL FREE LONDON NHS FOUNDATION TRUST,100,General Surgery Service,13562.136108398438,0,0.0,13562.1359,0.0,0.0,Optimal,500,0,11796417.928881645,11791417.9321846,5000.0
median_p50,RAJ,MID AND SOUTH ESSEX NHS FOUNDATION TRUST,502,Gynaecology Service,14595.168701171875,0,0.0,14595.168599999999,0.0,0.0,Optimal,500,0,11796417.928881645,11791417.9321846,5000.0
median_p50,RAJ,MID AND SOUTH ESSEX NHS FOUNDATION TRUST,170,Cardiothoracic Surgery Service,79.99654054641724,0,0.0,79.9965406,0.0,0.0,Optimal,500,0,11796417.928881645,11791417.9321846,5000.0
median_p50,RAJ,MID AND SOUTH ESSEX NHS FOUNDATION TRUST,160,Plastic Surgery Service,35488.87353515625,0,0.0,35488.8735,0.0,0.0,Optimal,500,0,11796417.928881645,11791417.9321846,5000.0
median_p50,RAJ,MID AND SOUTH ESSEX NHS FOUNDATION TRUST,150,Neurosurgical Service,259.2423973083496,0,0.0,259.242398,0.0,0.0,Optimal,500,0,11796417.928881645,11791417.9321846,5000.0
median_p50,RAJ,MID AND SOUTH ESSEX NHS FOUNDATION TRUST,140,Oral Surgery Service,8126.4349365234375,0,0.0,8126.43494,0.0,0.0,Optimal,500,0,11796417.928881645,11791417.9321846,5000.0
median_p50,RAJ,MID AND SOUTH ESSEX NHS FOUNDATION TRUST,130,Ophthalmology Service,22401.418090820312,0,0.0,22401.4183,0.0,0.0,Optimal,500,0,11796417.928881645,11791417.9321846,5000.0
median_p50,RAJ,MID AND SOUTH ESSEX NHS FOUNDATION TRUST,120,Ear Nose and Throat Service,9509.594787597656,0,0.0,9509.5948,0.0,0.0,Optimal,500,0,11796417.928881645,11791417.9321846,5000.0
median_p50,RAJ,MID AND SOUTH ESSEX NHS FOUNDATION TRUST,110,Trauma and Orthopaedic Service,40303.150634765625,0,0.0,40303.1507,0.0,0.0,Optimal,500,0,11796417.928881645,11791417.9321846,5000.0
median_p50,RAJ,MID AND SOUTH ESSEX NHS FOUNDATION TRUST,101,Urology Service,13770.35205078125,0,0.0,13770.352,0.0,0.0,Optimal,500,0,11796417.928881645,11791417.9321846,5000.0
median_p50,RAS,THE HILLINGDON HOSPITALS NHS FOUNDATION TRUST,101,Urology Service,4106.4525146484375,0,0.0,4106.45252,0.0,0.0,Optimal,500,0,11796417.928881645,11791417.9321846,5000.0
median_p50,RAS,THE HILLINGDON HOSPITALS NHS FOUNDATION TRUST,110,Trauma and Orthopaedic Service,14565.37841796875,0,0.0,14565.3786,0.0,0.0,Optimal,500,0,11796417.928881645,11791417.9321846,5000.0
median_p50,RAS,THE HILLINGDON HOSPITALS NHS FOUNDATION TRUST,120,Ear Nose and Throat Service,754.7981872558594,0,0.0,754.798187,0.0,0.0,Optimal,500,0,11796417.928881645,11791417.9321846,5000.0
median_p50,RAS,THE HILLINGDON HOSPITALS NHS FOUNDATION TRUST,130,Ophthalmology Service,3094.0372924804688,0,0.0,3094.03731,0.0,0.0,Optimal,500,0,11796417.928881645,11791417.9321846,5000.0
median_p50,RBK,WALSALL HEALTHCARE NHS TRUST,130,Ophthalmology Service,1428.934669494629,0,0.0,1428.934663,0.0,0.0,Optimal,500,0,11796417.928881645,11791417.9321846,5000.0
median_p50,RBK,WALSALL HEALTHCARE NHS TRUST,120,Ear Nose and Throat Service,7323.3895263671875,0,0.0,7323.38954,0.0,0.0,Optimal,500,0,11796417.928881645,11791417.9321846,5000.0
median_p50,RBK,WALSALL HEALTHCARE NHS TRUST,110,Trauma and Orthopaedic Service,25088.213500976562,0,0.0,25088.2136,0.0,0.0,Optimal,500,0,11796417.928881645,11791417.9321846,5000.0
median_p50,RBK,WALSALL HEALTHCARE NHS TRUST,100,General Surgery Service,10121.781188964844,0,0.0,10121.78118,0.0,0.0,Optimal,500,0,11796417.928881645,11791417.9321846,5000.0
median_p50,RBD,DORSET COUNTY HOSPITAL NHS FOUNDATION TRUST,502,Gynaecology Service,6817.870788574219,0,0.0,6817.8707699999995,0.0,0.0,Optimal,500,0,11796417.928881645,11791417.9321846,5000.0
median_p50,RBD,DORSET COUNTY HOSPITAL NHS FOUNDATION TRUST,140,Oral Surgery Service,8244.708435058594,0,0.0,8244.708419999999,0.0,0.0,Optimal,500,0,11796417.928881645,11791417.9321846,5000.0
median_p50,RBD,DORSET COUNTY HOSPITAL NHS FOUNDATION TRUST,130,Ophthalmology Service,6718.408966064453,0,0.0,6718.40896,0.0,0.0,Optimal,500,0,11796417.928881645,11791417.9321846,5000.0
median_p50,RBD,DORSET COUNTY HOSPITAL NHS FOUNDATION TRUST,120,Ear Nose and Throat Service,5363.713775634766,0,0.0,5363.71378,0.0,0.0,Optimal,500,0,11796417.928881645,11791417.9321846,5000.0
median_p50,RBD,DORSET COUNTY HOSPITAL NHS FOUNDATION TRUST,110,Trauma and Orthopaedic Service,25111.136962890625,0,0.0,25111.137,0.0,0.0,Optimal,500,0,11796417.928881645,11791417.9321846,5000.0
median_p50,A4M8P,BUCKSHAW HOSPITAL,100,General Surgery Service,3479.8368530273438,0,0.0,3479.83686,0.0,0.0,Optimal,500,0,11796417.928881645,11791417.9321846,5000.0
median_p50,RBD,DORSET COUNTY HOSPITAL NHS FOUNDATION TRUST,100,General Surgery Service,3821.9264221191406,0,0.0,3821.92642,0.0,0.0,Optimal,500,0,11796417.928881645,11791417.9321846,5000.0
median_p50,RAX,KINGSTON AND RICHMOND NHS FOUNDATION TRUST,502,Gynaecology Service,10858.4208984375,0,0.0,10858.4209,0.0,0.0,Optimal,500,0,11796417.928881645,11791417.9321846,5000.0
median_p50,RAX,KINGSTON AND RICHMOND NHS FOUNDATION TRUST,160,Plastic Surgery Service,2207.0034790039062,0,0.0,2207.00348,0.0,0.0,Optimal,500,0,11796417.928881645,11791417.9321846,5000.0
median_p50,RAX,KINGSTON AND RICHMOND NHS FOUNDATION TRUST,140,Oral Surgery Service,3392.451934814453,0,0.0,3392.45193,0.0,0.0,Optimal,500,0,11796417.928881645,11791417.9321846,5000.0
median_p50,RAX,KINGSTON AND RICHMOND NHS FOUNDATION TRUST,130,Ophthalmology Service,18269.201416015625,0,0.0,18269.2013,0.0,0.0,Optimal,500,0,11796417.928881645,11791417.9321846,5000.0
median_p50,RAX,KINGSTON AND RICHMOND NHS FOUNDATION TRUST,120,Ear Nose and Throat Service,15583.481201171875,0,0.0,15583.4812,0.0,0.0,Optimal,500,0,11796417.928881645,11791417.9321846,5000.0
median_p50,RAX,KINGSTON AND RICHMOND NHS FOUNDATION TRUST,110,Trauma and Orthopaedic Service,9477.77978515625,0,0.0,9477.779770000001,0.0,0.0,Optimal,500,0,11796417.928881645,11791417.9321846,5000.0
median_p50,RAX,KINGSTON AND RICHMOND NHS FOUNDATION TRUST,101,Urology Service,6314.3428955078125,0,0.0,6314.3429,0.0,0.0,Optimal,500,0,11796417.928881645,11791417.9321846,5000.0
median_p50,RAX,KINGSTON AND RICHMOND NHS FOUNDATION TRUST,100,General Surgery Service,2455.255584716797,0,0.0,2455.25558,0.0,0.0,Optimal,500,0,11796417.928881645,11791417.9321846,5000.0
median_p50,RAS,THE HILLINGDON HOSPITALS NHS FOUNDATION TRUST,502,Gynaecology Service,2050.932815551758,0,0.0,2050.93282,0.0,0.0,Optimal,500,0,11796417.928881645,11791417.9321846,5000.0
median_p50,RAS,THE HILLINGDON HOSPITALS NHS FOUNDATION TRUST,140,Oral Surgery Service,1891.520767211914,0,0.0,1891.5207599999999,0.0,0.0,Optimal,500,0,11796417.928881645,11791417.9321846,5000.0
median_p50,RAJ,MID AND SOUTH ESSEX NHS FOUNDATION TRUST,100,General Surgery Service,28907.6298828125,0,0.0,28907.6299,0.0,0.0,Optimal,500,0,11796417.928881645,11791417.9321846,5000.0
median_p50,RAE,BRADFORD TEACHING HOSPITALS NHS FOUNDATION TRUST,160,Plastic Surgery Service,4867.4171142578125,0,0.0,4867.41712,0.0,0.0,Optimal,500,0,11796417.928881645,11791417.9321846,5000.0
median_p50,R1D,SHROPSHIRE COMMUNITY HEALTH NHS TRUST,140,Oral Surgery Service,3130.8035430908203,0,0.0,3130.80355,0.0,0.0,Optimal,500,0,11796417.928881645,11791417.9321846,5000.0
median_p50,R1H,BARTS HEALTH NHS TRUST,120,Ear Nose and Throat Service,17684.080932617188,0,0.0,17684.0809,0.0,0.0,Optimal,500,0,11796417.928881645,11791417.9321846,5000.0
median_p50,R1K,LONDON NORTH WEST UNIVERSITY HEALTHCARE NHS TRUST,120,Ear Nose and Throat Service,14237.0615234375,0,0.0,14237.0616,0.0,0.0,Optimal,500,0,11796417.928881645,11791417.9321846,5000.0
median_p50,R1K,LONDON NORTH WEST UNIVERSITY HEALTHCARE NHS TRUST,110,Trauma and Orthopaedic Service,23071.50732421875,0,0.0,23071.5075,0.0,0.0,Optimal,500,0,11796417.928881645,11791417.9321846,5000.0
median_p50,R1K,LONDON NORTH WEST UNIVERSITY HEALTHCARE NHS TRUST,101,Urology Service,12652.86474609375,0,0.0,12652.8649,0.0,0.0,Optimal,500,0,11796417.928881645,11791417.9321846,5000.0
median_p50,R1K,LONDON NORTH WEST UNIVERSITY HEALTHCARE NHS TRUST,100,General Surgery Service,20531.788330078125,0,0.0,20531.7884,0.0,0.0,Optimal,500,0,11796417.928881645,11791417.9321846,5000.0
median_p50,R1H,BARTS HEALTH NHS TRUST,502,Gynaecology Service,13950.284545898438,0,0.0,13950.2847,0.0,0.0,Optimal,500,0,11796417.928881645,11791417.9321846,5000.0
median_p50,R1H,BARTS HEALTH NHS TRUST,170,Cardiothoracic Surgery Service,60.26472997665405,0,0.0,60.2647299,0.0,0.0,Optimal,500,0,11796417.928881645,11791417.9321846,5000.0
median_p50,R1H,BARTS HEALTH NHS TRUST,160,Plastic Surgery Service,8487.850036621094,0,0.0,8487.85004,0.0,0.0,Optimal,500,0,11796417.928881645,11791417.9321846,5000.0
median_p50,R1H,BARTS HEALTH NHS TRUST,150,Neurosurgical Service,2658.285446166992,0,0.0,2658.28544,0.0,0.0,Optimal,500,0,11796417.928881645,11791417.9321846,5000.0
median_p50,R1H,BARTS HEALTH NHS TRUST,140,Oral Surgery Service,6367.373474121094,0,0.0,6367.37348,0.0,0.0,Optimal,500,0,11796417.928881645,11791417.9321846,5000.0
median_p50,R1H,BARTS HEALTH NHS TRUST,130,Ophthalmology Service,9976.257019042969,0,0.0,9976.25701,0.0,0.0,Optimal,500,0,11796417.928881645,11791417.9321846,5000.0
median_p50,R1H,BARTS HEALTH NHS TRUST,110,Trauma and Orthopaedic Service,21119.036376953125,0,0.0,21119.0365,0.0,0.0,Optimal,500,0,11796417.928881645,11791417.9321846,5000.0
median_p50,RAE,BRADFORD TEACHING HOSPITALS NHS FOUNDATION TRUST,140,Oral Surgery Service,2012.0352783203125,0,0.0,2012.0352699999999,0.0,0.0,Optimal,500,0,11796417.928881645,11791417.9321846,5000.0
median_p50,R1H,BARTS HEALTH NHS TRUST,101,Urology Service,11036.085693359375,0,0.0,11036.08569,0.0,0.0,Optimal,500,0,11796417.928881645,11791417.9321846,5000.0
median_p50,R1H,BARTS HEALTH NHS TRUST,100,General Surgery Service,18348.320556640625,0,0.0,18348.3205,0.0,0.0,Optimal,500,0,11796417.928881645,11791417.9321846,5000.0
median_p50,R1G7E,SPAMEDICA KENDAL,130,Ophthalmology Service,2739.8336029052734,0,0.0,2739.8336,0.0,0.0,Optimal,500,0,11796417.928881645,11791417.9321846,5000.0
median_p50,R1F,ISLE OF WIGHT NHS TRUST,502,Gynaecology Service,2565.054397583008,0,0.0,2565.0543900000002,0.0,0.0,Optimal,500,0,11796417.928881645,11791417.9321846,5000.0
median_p50,R1F,ISLE OF WIGHT NHS TRUST,140,Oral Surgery Service,1100.7722396850586,0,0.0,1100.77224,0.0,0.0,Optimal,500,0,11796417.928881645,11791417.9321846,5000.0
median_p50,R1F,ISLE OF WIGHT NHS TRUST,130,Ophthalmology Service,6958.481872558594,0,0.0,6958.48188,0.0,0.0,Optimal,500,0,11796417.928881645,11791417.9321846,5000.0
median_p50,R1F,ISLE OF WIGHT NHS TRUST,120,Ear Nose and Throat Service,1404.3365859985352,0,0.0,1404.33659,0.0,0.0,Optimal,500,0,11796417.928881645,11791417.9321846,5000.0
median_p50,R1F,ISLE OF WIGHT NHS TRUST,110,Trauma and Orthopaedic Service,17816.654296875,0,0.0,17816.6544,0.0,0.0,Optimal,500,0,11796417.928881645,11791417.9321846,5000.0
median_p50,R1F,ISLE OF WIGHT NHS TRUST,101,Urology Service,879.8113327026367,0,0.0,879.811332,0.0,0.0,Optimal,500,0,11796417.928881645,11791417.9321846,5000.0
median_p50,R1F,ISLE OF WIGHT NHS TRUST,100,General Surgery Service,4644.2178955078125,0,0.0,4644.21788,0.0,0.0,Optimal,500,0,11796417.928881645,11791417.9321846,5000.0
median_p50,R1K,LONDON NORTH WEST UNIVERSITY HEALTHCARE NHS TRUST,130,Ophthalmology Service,3252.8948364257812,0,0.0,3252.89482,0.0,0.0,Optimal,500,0,11796417.928881645,11791417.9321846,5000.0
median_p50,R1K,LONDON NORTH WEST UNIVERSITY HEALTHCARE NHS TRUST,140,Oral Surgery Service,8148.412780761719,0,0.0,8148.41279,0.0,0.0,Optimal,500,0,11796417.928881645,11791417.9321846,5000.0
median_p50,R1K,LONDON NORTH WEST UNIVERSITY HEALTHCARE NHS TRUST,160,Plastic Surgery Service,182.19825267791748,0,0.0,182.198253,0.0,0.0,Optimal,500,0,11796417.928881645,11791417.9321846,5000.0
median_p50,R1K,LONDON NORTH WEST UNIVERSITY HEALTHCARE NHS TRUST,502,Gynaecology Service,8454.82421875,0,0.0,8454.82422,0.0,0.0,Optimal,500,0,11796417.928881645,11791417.9321846,5000.0
median_p50,RAE,BRADFORD TEACHING HOSPITALS NHS FOUNDATION TRUST,130,Ophthalmology Service,4499.023956298828,0,0.0,4499.02395,0.0,0.0,Optimal,500,0,11796417.928881645,11791417.9321846,5000.0
median_p50,RAE,BRADFORD TEACHING HOSPITALS NHS FOUNDATION TRUST,120,Ear Nose and Throat Service,5366.683166503906,0,0.0,5366.68318,0.0,0.0,Optimal,500,0,11796417.928881645,11791417.9321846,5000.0
median_p50,RAE,BRADFORD TEACHING HOSPITALS NHS FOUNDATION TRUST,110,Trauma and Orthopaedic Service,12849.302490234375,0,0.0,12849.3025,0.0,0.0,Optimal,500,0,11796417.928881645,11791417.9321846,5000.0
median_p50,RAE,BRADFORD TEACHING HOSPITALS NHS FOUNDATION TRUST,101,Urology Service,4701.547698974609,0,0.0,4701.54769,0.0,0.0,Optimal,500,0,11796417.928881645,11791417.9321846,5000.0
median_p50,RAE,BRADFORD TEACHING HOSPITALS NHS FOUNDATION TRUST,100,General Surgery Service,2201.429214477539,0,0.0,2201.42922,0.0,0.0,Optimal,500,0,11796417.928881645,11791417.9321846,5000.0
median_p50,RA7,UNIVERSITY HOSPITALS BRISTOL AND WESTON NHS FOUNDATION TRUST,502,Gynaecology Service,6997.234710693359,0,0.0,6997.23474,0.0,0.0,Optimal,500,0,11796417.928881645,11791417.9321846,5000.0
median_p50,RA7,UNIVERSITY HOSPITALS BRISTOL AND WESTON NHS FOUNDATION TRUST,170,Cardiothoracic Surgery Service,2788.580520629883,0,0.0,2788.58051,0.0,0.0,Optimal,500,0,11796417.928881645,11791417.9321846,5000.0
median_p50,RA7,UNIVERSITY HOSPITALS BRISTOL AND WESTON NHS FOUNDATION TRUST,140,Oral Surgery Service,6208.260986328125,0,0.0,6208.26099,0.0,0.0,Optimal,500,0,11796417.928881645,11791417.9321846,5000.0
median_p50,RA7,UNIVERSITY HOSPITALS BRISTOL AND WESTON NHS FOUNDATION TRUST,130,Ophthalmology Service,24701.422973632812,0,0.0,24701.4229,0.0,0.0,Optimal,500,0,11796417.928881645,11791417.9321846,5000.0
median_p50,RA7,UNIVERSITY HOSPITALS BRISTOL AND WESTON NHS FOUNDATION TRUST,120,Ear Nose and Throat Service,17561.392578125,0,0.0,17561.3925,0.0,0.0,Optimal,500,0,11796417.928881645,11791417.9321846,5000.0
median_p50,RA7,UNIVERSITY HOSPITALS BRISTOL AND WESTON NHS FOUNDATION TRUST,110,Trauma and Orthopaedic Service,9968.779235839844,0,0.0,9968.77923,0.0,0.0,Optimal,500,0,11796417.928881645,11791417.9321846,5000.0
median_p50,RA7,UNIVERSITY HOSPITALS BRISTOL AND WESTON NHS FOUNDATION TRUST,100,General Surgery Service,285.1470241546631,0,0.0,285.147025,0.0,0.0,Optimal,500,0,11796417.928881645,11791417.9321846,5000.0
median_p50,RA2,ROYAL SURREY NHS FOUNDATION TRUST,502,Gynaecology Service,5425.430267333984,0,0.0,5425.43026,0.0,0.0,Optimal,500,0,11796417.928881645,11791417.9321846,5000.0
median_p50,RA2,ROYAL SURREY NHS FOUNDATION TRUST,160,Plastic Surgery Service,1265.3080596923828,0,0.0,1265.308059,0.0,0.0,Optimal,500,0,11796417.928881645,11791417.9321846,5000.0
median_p50,RA2,ROYAL SURREY NHS FOUNDATION TRUST,140,Oral Surgery Service,7131.713623046875,0,0.0,7131.71362,0.0,0.0,Optimal,500,0,11796417.928881645,11791417.9321846,5000.0
median_p50,RA2,ROYAL SURREY NHS FOUNDATION TRUST,130,Ophthalmology Service,4418.970611572266,0,0.0,4418.97061,0.0,0.0,Optimal,500,0,11796417.928881645,11791417.9321846,5000.0
median_p50,RA2,ROYAL SURREY NHS FOUNDATION TRUST,120,Ear Nose and Throat Service,6439.580322265625,0,0.0,6439.58031,0.0,0.0,Optimal,500,0,11796417.928881645,11791417.9321846,5000.0
median_p50,RA2,ROYAL SURREY NHS FOUNDATION TRUST,110,Trauma and Orthopaedic Service,13786.524291992188,0,0.0,13786.5245,0.0,0.0,Optimal,500,0,11796417.928881645,11791417.9321846,5000.0
median_p50,RA2,ROYAL SURREY NHS FOUNDATION TRUST,101,Urology Service,3836.525665283203,0,0.0,3836.5256600000002,0.0,0.0,Optimal,500,0,11796417.928881645,11791417.9321846,5000.0
median_p50,RA2,ROYAL SURREY NHS FOUNDATION TRUST,100,General Surgery Service,7224.077697753906,0,0.0,7224.0777,0.0,0.0,Optimal,500,0,11796417.928881645,11791417.9321846,5000.0
median_p50,R7W2O,NEWCASTLE NEWMEDICA LTD,130,Ophthalmology Service,4964.330230712891,0,0.0,4964.33021,0.0,0.0,Optimal,500,0,11796417.928881645,11791417.9321846,5000.0
median_p50,NVC1H,STOURSIDE HOSPITAL,130,Ophthalmology Service,1131.8512954711914,0,0.0,1131.851303,0.0,0.0,Optimal,500,0,11796417.928881645,11791417.9321846,5000.0
median_p50,NVC1H,STOURSIDE HOSPITAL,110,Trauma and Orthopaedic Service,2765.007125854492,0,0.0,2765.00714,0.0,0.0,Optimal,500,0,11796417.928881645,11791417.9321846,5000.0
median_p50,NVC1H,STOURSIDE HOSPITAL,101,Urology Service,390.5656147003174,0,0.0,390.565616,0.0,0.0,Optimal,500,0,11796417.928881645,11791417.9321846,5000.0
median_p50,NTP15,PRACTICE PLUS GROUP HOSPITAL - ILFORD,101,Urology Service,681.2599143981934,0,0.0,681.259916,0.0,0.0,Optimal,500,0,11796417.928881645,11791417.9321846,5000.0
median_p50,NTPAD,PRACTICE PLUS GROUP SURGICAL CENTRE - ST MARYS PORTSMOUTH,110,Trauma and Orthopaedic Service,2964.1895141601562,0,0.0,2964.18952,0.0,0.0,Optimal,500,0,11796417.928881645,11791417.9321846,5000.0
median_p50,NTPAD,PRACTICE PLUS GROUP SURGICAL CENTRE - ST MARYS PORTSMOUTH,101,Urology Service,641.4248237609863,0,0.0,641.4248240000001,0.0,0.0,Optimal,500,0,11796417.928881645,11791417.9321846,5000.0
median_p50,NTPAD,PRACTICE PLUS GROUP SURGICAL CENTRE - ST MARYS PORTSMOUTH,100,General Surgery Service,2668.933151245117,0,0.0,2668.93314,0.0,0.0,Optimal,500,0,11796417.928881645,11791417.9321846,5000.0
median_p50,NTP16,PRACTICE PLUS GROUP SURGICAL CENTRE - GILLINGHAM,130,Ophthalmology Service,2626.2900390625,0,0.0,2626.29004,0.0,0.0,Optimal,500,0,11796417.928881645,11791417.9321846,5000.0
median_p50,NTP16,PRACTICE PLUS GROUP SURGICAL CENTRE - GILLINGHAM,110,Trauma and Orthopaedic Service,1203.430030822754,0,0.0,1203.430012,0.0,0.0,Optimal,500,0,11796417.928881645,11791417.9321846,5000.0
median_p50,NTP16,PRACTICE PLUS GROUP SURGICAL CENTRE - GILLINGHAM,100,General Surgery Service,1815.9817657470703,0,0.0,1815.9817600000001,0.0,0.0,Optimal,500,0,11796417.928881645,11791417.9321846,5000.0
median_p50,NTP15,PRACTICE PLUS GROUP HOSPITAL - ILFORD,502,Gynaecology Service,2777.9212799072266,0,0.0,2777.92128,0.0,0.0,Optimal,500,0,11796417.928881645,11791417.9321846,5000.0
median_p50,NTP15,PRACTICE PLUS GROUP HOSPITAL - ILFORD,130,Ophthalmology Service,1158.7541122436523,0,0.0,1158.754104,0.0,0.0,Optimal,500,0,11796417.928881645,11791417.9321846,5000.0
median_p50,NTP15,PRACTICE PLUS GROUP HOSPITAL - ILFORD,120,Ear Nose and Throat Service,550.7533836364746,0,0.0,550.753385,0.0,0.0,Optimal,500,0,11796417.928881645,11791417.9321846,5000.0
median_p50,NTP15,PRACTICE PLUS GROUP HOSPITAL - ILFORD,110,Trauma and Orthopaedic Service,7185.435241699219,0,0.0,7185.43525,0.0,0.0,Optimal,500,0,11796417.928881645,11791417.9321846,5000.0
median_p50,NTP15,PRACTICE PLUS GROUP HOSPITAL - ILFORD,100,General Surgery Service,3046.949432373047,0,0.0,3046.94943,0.0,0.0,Optimal,500,0,11796417.928881645,11791417.9321846,5000.0
median_p50,NTE02,ST HUGH'S HOSPITAL,101,Urology Service,279.4713382720947,0,0.0,279.471338,0.0,0.0,Optimal,500,0,11796417.928881645,11791417.9321846,5000.0
median_p50,NTP13,PRACTICE PLUS GROUP HOSPITAL - BARLBOROUGH,130,Ophthalmology Service,853.1112060546875,0,0.0,853.111207,0.0,0.0,Optimal,500,0,11796417.928881645,11791417.9321846,5000.0
median_p50,NTP13,PRACTICE PLUS GROUP HOSPITAL - BARLBOROUGH,110,Trauma and Orthopaedic Service,16518.628540039062,0,0.0,16518.6287,0.0,0.0,Optimal,500,0,11796417.928881645,11791417.9321846,5000.0
median_p50,NTP13,PRACTICE PLUS GROUP HOSPITAL - BARLBOROUGH,100,General Surgery Service,186.47340393066406,0,0.0,186.473404,0.0,0.0,Optimal,500,0,11796417.928881645,11791417.9321846,5000.0
median_p50,NTP11,PRACTICE PLUS GROUP HOSPITAL - SOUTHAMPTON,502,Gynaecology Service,3384.8500061035156,0,0.0,3384.85,0.0,0.0,Optimal,500,0,11796417.928881645,11791417.9321846,5000.0
median_p50,NTP11,PRACTICE PLUS GROUP HOSPITAL - SOUTHAMPTON,140,Oral Surgery Service,9749.539916992188,0,0.0,9749.539929999999,0.0,0.0,Optimal,500,0,11796417.928881645,11791417.9321846,5000.0
median_p50,NTP11,PRACTICE PLUS GROUP HOSPITAL - SOUTHAMPTON,120,Ear Nose and Throat Service,2038.4375457763672,0,0.0,2038.43753,0.0,0.0,Optimal,500,0,11796417.928881645,11791417.9321846,5000.0
median_p50,NTP11,PRACTICE PLUS GROUP HOSPITAL - SOUTHAMPTON,110,Trauma and Orthopaedic Service,8166.8109130859375,0,0.0,8166.81091,0.0,0.0,Optimal,500,0,11796417.928881645,11791417.9321846,5000.0
median_p50,NTP11,PRACTICE PLUS GROUP HOSPITAL - SOUTHAMPTON,101,Urology Service,1798.7528533935547,0,0.0,1798.75286,0.0,0.0,Optimal,500,0,11796417.928881645,11791417.9321846,5000.0
median_p50,NTP11,PRACTICE PLUS GROUP HOSPITAL - SOUTHAMPTON,100,General Surgery Service,3585.5865783691406,0,0.0,3585.58656,0.0,0.0,Optimal,500,0,11796417.928881645,11791417.9321846,5000.0
median_p50,NTE02,ST HUGH'S HOSPITAL,502,Gynaecology Service,508.08907318115234,0,0.0,508.089072,0.0,0.0,Optimal,500,0,11796417.928881645,11791417.9321846,5000.0
median_p50,NTPAD,PRACTICE PLUS GROUP SURGICAL CENTRE - ST MARYS PORTSMOUTH,120,Ear Nose and Throat Service,360.9650173187256,0,0.0,360.965017,0.0,0.0,Optimal,500,0,11796417.928881645,11791417.9321846,5000.0
median_p50,NTPAD,PRACTICE PLUS GROUP SURGICAL CENTRE - ST MARYS PORTSMOUTH,130,Ophthalmology Service,1946.8359375,0,0.0,1946.83595,0.0,0.0,Optimal,500,0,11796417.928881645,11791417.9321846,5000.0
median_p50,NTPAE,PRACTICE PLUS GROUP OPHTHALMOLOGY - NORTH WEST,130,Ophthalmology Service,3942.2249450683594,0,0.0,3942.22494,0.0,0.0,Optimal,500,0,11796417.928881645,11791417.9321846,5000.0
median_p50,NTPH1,PRACTICE PLUS GROUP HOSPITAL - SHEPTON MALLET,100,General Surgery Service,1584.0294342041016,0,0.0,1584.02943,0.0,0.0,Optimal,500,0,11796417.928881645,11791417.9321846,5000.0
median_p50,NTPH5,PRACTICE PLUS GROUP HOSPITAL - PLYMOUTH,130,Ophthalmology Service,747.3248710632324,0,0.0,747.324871,0.0,0.0,Optimal,500,0,11796417.928881645,11791417.9321846,5000.0
median_p50,NTPH5,PRACTICE PLUS GROUP HOSPITAL - PLYMOUTH,110,Trauma and Orthopaedic Service,12643.293823242188,0,0.0,12643.2936,0.0,0.0,Optimal,500,0,11796417.928881645,11791417.9321846,5000.0
median_p50,NTPH5,PRACTICE PLUS GROUP HOSPITAL - PLYMOUTH,100,General Surgery Service,611.8121871948242,0,0.0,611.812186,0.0,0.0,Optimal,500,0,11796417.928881645,11791417.9321846,5000.0
median_p50,NTPH3,PRACTICE PLUS GROUP SURGICAL CENTRE - DEVIZES,502,Gynaecology Service,753.6762466430664,0,0.0,753.676247,0.0,0.0,Optimal,500,0,11796417.928881645,11791417.9321846,5000.0
median_p50,NTPH3,PRACTICE PLUS GROUP SURGICAL CENTRE - DEVIZES,140,Oral Surgery Service,3199.6400756835938,0,0.0,3199.64008,0.0,0.0,Optimal,500,0,11796417.928881645,11791417.9321846,5000.0
median_p50,NTPH3,PRACTICE PLUS GROUP SURGICAL CENTRE - DEVIZES,130,Ophthalmology Service,1691.1425476074219,0,0.0,1691.14255,0.0,0.0,Optimal,500,0,11796417.928881645,11791417.9321846,5000.0
median_p50,NTPH3,PRACTICE PLUS GROUP SURGICAL CENTRE - DEVIZES,120,Ear Nose and Throat Service,313.0924777984619,0,0.0,313.09248,0.0,0.0,Optimal,500,0,11796417.928881645,11791417.9321846,5000.0
median_p50,NTPH3,PRACTICE PLUS GROUP SURGICAL CENTRE - DEVIZES,110,Trauma and Orthopaedic Service,2666.595169067383,0,0.0,2666.59518,0.0,0.0,Optimal,500,0,11796417.928881645,11791417.9321846,5000.0
median_p50,NTPH3,PRACTICE PLUS GROUP SURGICAL CENTRE - DEVIZES,101,Urology Service,509.9096488952637,0,0.0,509.909649,0.0,0.0,Optimal,500,0,11796417.928881645,11791417.9321846,5000.0
median_p50,NTPH3,PRACTICE PLUS GROUP SURGICAL CENTRE - DEVIZES,100,General Surgery Service,812.0112228393555,0,0.0,812.011223,0.0,0.0,Optimal,500,0,11796417.928881645,11791417.9321846,5000.0
median_p50,NTPH2,PRACTICE PLUS GROUP HOSPITAL - EMERSONS GREEN,502,Gynaecology Service,1949.847152709961,0,0.0,1949.84717,0.0,0.0,Optimal,500,0,11796417.928881645,11791417.9321846,5000.0
median_p50,NTPH2,PRACTICE PLUS GROUP HOSPITAL - EMERSONS GREEN,140,Oral Surgery Service,7182.4349365234375,0,0.0,7182.43492,0.0,0.0,Optimal,500,0,11796417.928881645,11791417.9321846,5000.0
median_p50,NTPH2,PRACTICE PLUS GROUP HOSPITAL - EMERSONS GREEN,120,Ear Nose and Throat Service,864.9090423583984,0,0.0,864.909043,0.0,0.0,Optimal,500,0,11796417.928881645,11791417.9321846,5000.0
median_p50,NTPH2,PRACTICE PLUS GROUP HOSPITAL - EMERSONS GREEN,110,Trauma and Orthopaedic Service,6328.643310546875,0,0.0,6328.64329,0.0,0.0,Optimal,500,0,11796417.928881645,11791417.9321846,5000.0
median_p50,NTPH2,PRACTICE PLUS GROUP HOSPITAL - EMERSONS GREEN,101,Urology Service,485.14130783081055,0,0.0,485.141307,0.0,0.0,Optimal,500,0,11796417.928881645,11791417.9321846,5000.0
median_p50,NTPH2,PRACTICE PLUS GROUP HOSPITAL - EMERSONS GREEN,100,General Surgery Service,1586.6419982910156,0,0.0,1586.64199,0.0,0.0,Optimal,500,0,11796417.928881645,11791417.9321846,5000.0
median_p50,NTPH1,PRACTICE PLUS GROUP HOSPITAL - SHEPTON MALLET,502,Gynaecology Service,304.34279441833496,0,0.0,304.342794,0.0,0.0,Optimal,500,0,11796417.928881645,11791417.9321846,5000.0
median_p50,NTPH1,PRACTICE PLUS GROUP HOSPITAL - SHEPTON MALLET,130,Ophthalmology Service,3947.2544860839844,0,0.0,3947.2545,0.0,0.0,Optimal,500,0,11796417.928881645,11791417.9321846,5000.0
median_p50,NTPH1,PRACTICE PLUS GROUP HOSPITAL - SHEPTON MALLET,120,Ear Nose and Throat Service,729.8779220581055,0,0.0,729.877922,0.0,0.0,Optimal,500,0,11796417.928881645,11791417.9321846,5000.0
median_p50,NTPH1,PRACTICE PLUS GROUP HOSPITAL - SHEPTON MALLET,110,Trauma and Orthopaedic Service,13361.28271484375,0,0.0,13361.2827,0.0,0.0,Optimal,500,0,11796417.928881645,11791417.9321846,5000.0
median_p50,NTPH1,PRACTICE PLUS GROUP HOSPITAL - SHEPTON MALLET,101,Urology Service,311.6649475097656,0,0.0,311.664946,0.0,0.0,Optimal,500,0,11796417.928881645,11791417.9321846,5000.0
median_p50,NTE02,ST HUGH'S HOSPITAL,110,Trauma and Orthopaedic Service,9514.907958984375,0,0.0,9514.90795,0.0,0.0,Optimal,500,0,11796417.928881645,11791417.9321846,5000.0
median_p50,NTE02,ST HUGH'S HOSPITAL,100,General Surgery Service,725.7350273132324,0,0.0,725.7350270000001,0.0,0.0,Optimal,500,0,11796417.928881645,11791417.9321846,5000.0
median_p50,NVC1H,STOURSIDE HOSPITAL,100,General Surgery Service,1009.2260284423828,0,0.0,1009.226028,0.0,0.0,Optimal,500,0,11796417.928881645,11791417.9321846,5000.0
median_p50,NT443,WINTERBOURNE HOSPITAL,100,General Surgery Service,264.45229721069336,0,0.0,264.452298,0.0,0.0,Optimal,500,0,11796417.928881645,11791417.9321846,5000.0
median_p50,NT448,HUDDERSFIELD PRIVATE HOSPITAL,100,General Surgery Service,608.4901962280273,0,0.0,608.490198,0.0,0.0,Optimal,500,0,11796417.928881645,11791417.9321846,5000.0
median_p50,NT447,DUCHY HOSPITAL,150,Neurosurgical Service,85.24556255340576,0,0.0,85.2455625,0.0,0.0,Optimal,500,0,11796417.928881645,11791417.9321846,5000.0
median_p50,NT447,DUCHY HOSPITAL,110,Trauma and Orthopaedic Service,549.7329788208008,0,0.0,549.732978,0.0,0.0,Optimal,500,0,11796417.928881645,11791417.9321846,5000.0
median_p50,NT447,DUCHY HOSPITAL,101,Urology Service,59.10932731628418,0,0.0,59.1093273,0.0,0.0,Optimal,500,0,11796417.928881645,11791417.9321846,5000.0
median_p50,NT447,DUCHY HOSPITAL,100,General Surgery Service,146.58396816253662,0,0.0,146.583967,0.0,0.0,Optimal,500,0,11796417.928881645,11791417.9321846,5000.0
median_p50,NT446,ST EDMUNDS HOSPITAL,130,Ophthalmology Service,63.770615100860596,0,0.0,63.770615,0.0,0.0,Optimal,500,0,11796417.928881645,11791417.9321846,5000.0
median_p50,NT446,ST EDMUNDS HOSPITAL,110,Trauma and Orthopaedic Service,1648.0166015625,0,0.0,1648.01661,0.0,0.0,Optimal,500,0,11796417.928881645,11791417.9321846,5000.0
median_p50,NT446,ST EDMUNDS HOSPITAL,101,Urology Service,74.18062162399292,0,0.0,74.1806216,0.0,0.0,Optimal,500,0,11796417.928881645,11791417.9321846,5000.0
median_p50,NT446,ST EDMUNDS HOSPITAL,100,General Surgery Service,187.79788398742676,0,0.0,187.797884,0.0,0.0,Optimal,500,0,11796417.928881645,11791417.9321846,5000.0
median_p50,NT443,WINTERBOURNE HOSPITAL,110,Trauma and Orthopaedic Service,2371.1516723632812,0,0.0,2371.15167,0.0,0.0,Optimal,500,0,11796417.928881645,11791417.9321846,5000.0
median_p50,NT441,THREE SHIRES HOSPITAL,502,Gynaecology Service,868.1575889587402,0,0.0,868.157588,0.0,0.0,Optimal,500,0,11796417.928881645,11791417.9321846,5000.0
median_p50,NT490,SOUTHEND PRIVATE HOSPITAL,130,Ophthalmology Service,1881.9616088867188,0,0.0,1881.96162,0.0,0.0,Optimal,500,0,11796417.928881645,11791417.9321846,5000.0
median_p50,NT441,THREE SHIRES HOSPITAL,150,Neurosurgical Service,129.3763427734375,0,0.0,129.3763439,0.0,0.0,Optimal,500,0,11796417.928881645,11791417.9321846,5000.0
median_p50,NT441,THREE SHIRES HOSPITAL,110,Trauma and Orthopaedic Service,4964.367584228516,0,0.0,4964.36759,0.0,0.0,Optimal,500,0,11796417.928881645,11791417.9321846,5000.0
median_p50,NT441,THREE SHIRES HOSPITAL,100,General Surgery Service,2116.1019592285156,0,0.0,2116.10198,0.0,0.0,Optimal,500,0,11796417.928881645,11791417.9321846,5000.0
median_p50,NT440,THORNBURY HOSPITAL,502,Gynaecology Service,137.9327974319458,0,0.0,137.9327973,0.0,0.0,Optimal,500,0,11796417.928881645,11791417.9321846,5000.0
median_p50,NT440,THORNBURY HOSPITAL,110,Trauma and Orthopaedic Service,982.3908996582031,0,0.0,982.3909,0.0,0.0,Optimal,500,0,11796417.928881645,11791417.9321846,5000.0
median_p50,NT440,THORNBURY HOSPITAL,100,General Surgery Service,289.5799865722656,0,0.0,289.579987,0.0,0.0,Optimal,500,0,11796417.928881645,11791417.9321846,5000.0
median_p50,NT437,SLOANE HOSPITAL,150,Neurosurgical Service,51.27718162536621,0,0.0,51.2771816,0.0,0.0,Optimal,500,0,11796417.928881645,11791417.9321846,5000.0
median_p50,NT437,SLOANE HOSPITAL,110,Trauma and Orthopaedic Service,866.734317779541,0,0.0,866.734318,0.0,0.0,Optimal,500,0,11796417.928881645,11791417.9321846,5000.0
median_p50,NT437,SLOANE HOSPITAL,101,Urology Service,163.5881929397583,0,0.0,163.58819499999998,0.0,0.0,Optimal,500,0,11796417.928881645,11791417.9321846,5000.0
median_p50,NT437,SLOANE HOSPITAL,100,General Surgery Service,258.6437644958496,0,0.0,258.643764,0.0,0.0,Optimal,500,0,11796417.928881645,11791417.9321846,5000.0
median_p50,NT448,HUDDERSFIELD PRIVATE HOSPITAL,101,Urology Service,141.0024538040161,0,0.0,141.0024529,0.0,0.0,Optimal,500,0,11796417.928881645,11791417.9321846,5000.0
median_p50,NT448,HUDDERSFIELD PRIVATE HOSPITAL,110,Trauma and Orthopaedic Service,1275.6481323242188,0,0.0,1275.648129,0.0,0.0,Optimal,500,0,11796417.928881645,11791417.9321846,5000.0
median_p50,NT448,HUDDERSFIELD PRIVATE HOSPITAL,502,Gynaecology Service,246.49470901489258,0,0.0,246.494709,0.0,0.0,Optimal,500,0,11796417.928881645,11791417.9321846,5000.0
median_p50,NT449,LANCASTER PRIVATE HOSPITAL,100,General Surgery Service,117.6232500076294,0,0.0,117.6232496,0.0,0.0,Optimal,500,0,11796417.928881645,11791417.9321846,5000.0
median_p50,NT490,SOUTHEND PRIVATE HOSPITAL,110,Trauma and Orthopaedic Service,301.38695526123047,0,0.0,301.386956,0.0,0.0,Optimal,500,0,11796417.928881645,11791417.9321846,5000.0
median_p50,NT490,SOUTHEND PRIVATE HOSPITAL,100,General Surgery Service,86.617506980896,0,0.0,86.617507,0.0,0.0,Optimal,500,0,11796417.928881645,11791417.9321846,5000.0
median_p50,NT457,WOODLANDS HOSPITAL,502,Gynaecology Service,634.7381553649902,0,0.0,634.738156,0.0,0.0,Optimal,500,0,11796417.928881645,11791417.9321846,5000.0
median_p50,NT457,WOODLANDS HOSPITAL,130,Ophthalmology Service,2885.947784423828,0,0.0,2885.94779,0.0,0.0,Optimal,500,0,11796417.928881645,11791417.9321846,5000.0
median_p50,NT457,WOODLANDS HOSPITAL,120,Ear Nose and Throat Service,248.34196853637695,0,0.0,248.34197,0.0,0.0,Optimal,500,0,11796417.928881645,11791417.9321846,5000.0
median_p50,NT457,WOODLANDS HOSPITAL,110,Trauma and Orthopaedic Service,3840.7998046875,0,0.0,3840.79981,0.0,0.0,Optimal,500,0,11796417.928881645,11791417.9321846,5000.0
median_p50,NT457,WOODLANDS HOSPITAL,101,Urology Service,498.87361907958984,0,0.0,498.873617,0.0,0.0,Optimal,500,0,11796417.928881645,11791417.9321846,5000.0
median_p50,NT457,WOODLANDS HOSPITAL,100,General Surgery Service,1477.5773544311523,0,0.0,1477.57738,0.0,0.0,Optimal,500,0,11796417.928881645,11791417.9321846,5000.0
median_p50,NT455,MOUNT ALVERNIA HOSPITAL,110,Trauma and Orthopaedic Service,267.9241580963135,0,0.0,267.924156,0.0,0.0,Optimal,500,0,11796417.928881645,11791417.9321846,5000.0
median_p50,NT455,MOUNT ALVERNIA HOSPITAL,101,Urology Service,113.41902351379395,0,0.0,113.4190234,0.0,0.0,Optimal,500,0,11796417.928881645,11791417.9321846,5000.0
median_p50,NT455,MOUNT ALVERNIA HOSPITAL,100,General Surgery Service,119.32919216156006,0,0.0,119.329192,0.0,0.0,Optimal,500,0,11796417.928881645,11791417.9321846,5000.0
median_p50,NT451,CAVELL HOSPITAL,502,Gynaecology Service,111.31663227081299,0,0.0,111.3166328,0.0,0.0,Optimal,500,0,11796417.928881645,11791417.9321846,5000.0
median_p50,NT451,CAVELL HOSPITAL,110,Trauma and Orthopaedic Service,621.2052268981934,0,0.0,621.205225,0.0,0.0,Optimal,500,0,11796417.928881645,11791417.9321846,5000.0
median_p50,NT451,CAVELL HOSPITAL,101,Urology Service,89.02191734313965,0,0.0,89.0219174,0.0,0.0,Optimal,500,0,11796417.928881645,11791417.9321846,5000.0
median_p50,NT451,CAVELL HOSPITAL,100,General Surgery Service,176.3761625289917,0,0.0,176.376163,0.0,0.0,Optimal,500,0,11796417.928881645,11791417.9321846,5000.0
median_p50,NT450,LINCOLN PRIVATE HOSPITAL,130,Ophthalmology Service,231.96012687683105,0,0.0,231.960126,0.0,0.0,Optimal,500,0,11796417.928881645,11791417.9321846,5000.0
median_p50,NT450,LINCOLN PRIVATE HOSPITAL,110,Trauma and Orthopaedic Service,2841.339370727539,0,0.0,2841.33939,0.0,0.0,Optimal,500,0,11796417.928881645,11791417.9321846,5000.0
median_p50,NT450,LINCOLN PRIVATE HOSPITAL,101,Urology Service,76.36868906021118,0,0.0,76.3686891,0.0,0.0,Optimal,500,0,11796417.928881645,11791417.9321846,5000.0
median_p50,NT450,LINCOLN PRIVATE HOSPITAL,100,General Surgery Service,67.15073442459106,0,0.0,67.1507344,0.0,0.0,Optimal,500,0,11796417.928881645,11791417.9321846,5000.0
median_p50,NT449,LANCASTER PRIVATE HOSPITAL,502,Gynaecology Service,150.58615589141846,0,0.0,150.586158,0.0,0.0,Optimal,500,0,11796417.928881645,11791417.9321846,5000.0
median_p50,NT449,LANCASTER PRIVATE HOSPITAL,110,Trauma and Orthopaedic Service,877.6479263305664,0,0.0,877.647927,0.0,0.0,Optimal,500,0,11796417.928881645,11791417.9321846,5000.0
median_p50,NTX,THE ONE HEALTH GROUP PLC,100,General Surgery Service,1846.0417022705078,0,0.0,1846.0417,0.0,0.0,Optimal,500,0,11796417.928881645,11791417.9321846,5000.0
median_p50,NTX,THE ONE HEALTH GROUP PLC,101,Urology Service,984.8361358642578,0,0.0,984.836135,0.0,0.0,Optimal,500,0,11796417.928881645,11791417.9321846,5000.0
median_p50,NTX,THE ONE HEALTH GROUP PLC,110,Trauma and Orthopaedic Service,5932.230285644531,0,0.0,5932.23031,0.0,0.0,Optimal,500,0,11796417.928881645,11791417.9321846,5000.0
median_p50,NVC12,OAKLANDS HOSPITAL,100,General Surgery Service,1459.6737899780273,0,0.0,1459.67379,0.0,0.0,Optimal,500,0,11796417.928881645,11791417.9321846,5000.0
median_p50,NVC14,PARK HILL HOSPITAL,110,Trauma and Orthopaedic Service,1847.3214721679688,0,0.0,1847.32148,0.0,0.0,Optimal,500,0,11796417.928881645,11791417.9321846,5000.0
median_p50,NVC14,PARK HILL HOSPITAL,100,General Surgery Service,484.5225715637207,0,0.0,484.522572,0.0,0.0,Optimal,500,0,11796417.928881645,11791417.9321846,5000.0
median_p50,NVC13,OAKS HOSPITAL,502,Gynaecology Service,173.71295642852783,0,0.0,173.712956,0.0,0.0,Optimal,500,0,11796417.928881645,11791417.9321846,5000.0
median_p50,NVC13,OAKS HOSPITAL,130,Ophthalmology Service,75.2856035232544,0,0.0,75.2856035,0.0,0.0,Optimal,500,0,11796417.928881645,11791417.9321846,5000.0
median_p50,NVC13,OAKS HOSPITAL,120,Ear Nose and Throat Service,74.45469808578491,0,0.0,74.454698,0.0,0.0,Optimal,500,0,11796417.928881645,11791417.9321846,5000.0
median_p50,NVC13,OAKS HOSPITAL,110,Trauma and Orthopaedic Service,764.1639709472656,0,0.0,764.163971,0.0,0.0,Optimal,500,0,11796417.928881645,11791417.9321846,5000.0
median_p50,NVC13,OAKS HOSPITAL,101,Urology Service,69.77837324142456,0,0.0,69.7783731,0.0,0.0,Optimal,500,0,11796417.928881645,11791417.9321846,5000.0
median_p50,NVC13,OAKS HOSPITAL,100,General Surgery Service,334.6719036102295,0,0.0,334.671903,0.0,0.0,Optimal,500,0,11796417.928881645,11791417.9321846,5000.0
median_p50,NVC12,OAKLANDS HOSPITAL,110,Trauma and Orthopaedic Service,4348.904876708984,0,0.0,4348.90488,0.0,0.0,Optimal,500,0,11796417.928881645,11791417.9321846,5000.0
median_p50,NVC12,OAKLANDS HOSPITAL,101,Urology Service,143.16176795959473,0,0.0,143.16176959999999,0.0,0.0,Optimal,500,0,11796417.928881645,11791417.9321846,5000.0
median_p50,NVC11,NORTH DOWNS HOSPITAL,502,Gynaecology Service,346.1214427947998,0,0.0,346.121444,0.0,0.0,Optimal,500,0,11796417.928881645,11791417.9321846,5000.0
median_p50,NTX,THE ONE HEALTH GROUP PLC,150,Neurosurgical Service,3738.3509216308594,0,0.0,3738.35092,0.0,0.0,Optimal,500,0,11796417.928881645,11791417.9321846,5000.0
median_p50,NVC11,NORTH DOWNS HOSPITAL,160,Plastic Surgery Service,83.06564378738403,0,0.0,83.0656437,0.0,0.0,Optimal,500,0,11796417.928881645,11791417.9321846,5000.0
median_p50,NVC11,NORTH DOWNS HOSPITAL,130,Ophthalmology Service,436.8624668121338,0,0.0,436.862466,0.0,0.0,Optimal,500,0,11796417.928881645,11791417.9321846,5000.0
median_p50,NVC11,NORTH DOWNS HOSPITAL,110,Trauma and Orthopaedic Service,2579.3515625,0,0.0,2579.35156,0.0,0.0,Optimal,500,0,11796417.928881645,11791417.9321846,5000.0
median_p50,NVC11,NORTH DOWNS HOSPITAL,101,Urology Service,211.82518196105957,0,0.0,211.825181,0.0,0.0,Optimal,500,0,11796417.928881645,11791417.9321846,5000.0
median_p50,NVC11,NORTH DOWNS HOSPITAL,100,General Surgery Service,524.8413619995117,0,0.0,524.841362,0.0,0.0,Optimal,500,0,11796417.928881645,11791417.9321846,5000.0
median_p50,NVC0Y,EXETER MEDICAL,160,Plastic Surgery Service,178.2658567428589,0,0.0,178.265855,0.0,0.0,Optimal,500,0,11796417.928881645,11791417.9321846,5000.0
median_p50,NVC0Y,EXETER MEDICAL,110,Trauma and Orthopaedic Service,259.4115924835205,0,0.0,259.411595,0.0,0.0,Optimal,500,0,11796417.928881645,11791417.9321846,5000.0
median_p50,NVC0Y,EXETER MEDICAL,101,Urology Service,348.1436080932617,0,0.0,348.143606,0.0,0.0,Optimal,500,0,11796417.928881645,11791417.9321846,5000.0
median_p50,NVC0R,TEES VALLEY HOSPITAL,502,Gynaecology Service,545.6318893432617,0,0.0,545.63189,0.0,0.0,Optimal,500,0,11796417.928881645,11791417.9321846,5000.0
median_p50,NVC0R,TEES VALLEY HOSPITAL,160,Plastic Surgery Service,1986.1907653808594,0,0.0,1986.19077,0.0,0.0,Optimal,500,0,11796417.928881645,11791417.9321846,5000.0
median_p50,NVC15,PINEHILL HOSPITAL,100,General Surgery Service,714.8642196655273,0,0.0,714.86422,0.0,0.0,Optimal,500,0,11796417.928881645,11791417.9321846,5000.0
median_p50,NVC15,PINEHILL HOSPITAL,101,Urology Service,62.2065224647522,0,0.0,62.2065225,0.0,0.0,Optimal,500,0,11796417.928881645,11791417.9321846,5000.0
median_p50,NVC15,PINEHILL HOSPITAL,110,Trauma and Orthopaedic Service,2472.249740600586,0,0.0,2472.24973,0.0,0.0,Optimal,500,0,11796417.928881645,11791417.9321846,5000.0
median_p50,NVC15,PINEHILL HOSPITAL,120,Ear Nose and Throat Service,272.07624435424805,0,0.0,272.07624400000003,0.0,0.0,Optimal,500,0,11796417.928881645,11791417.9321846,5000.0
median_p50,NVC19,RIVERS HOSPITAL,502,Gynaecology Service,378.62133979797363,0,0.0,378.62134100000003,0.0,0.0,Optimal,500,0,11796417.928881645,11791417.9321846,5000.0
median_p50,NVC19,RIVERS HOSPITAL,120,Ear Nose and Throat Service,219.04129791259766,0,0.0,219.041295,0.0,0.0,Optimal,500,0,11796417.928881645,11791417.9321846,5000.0
median_p50,NVC19,RIVERS HOSPITAL,110,Trauma and Orthopaedic Service,3452.4510192871094,0,0.0,3452.45102,0.0,0.0,Optimal,500,0,11796417.928881645,11791417.9321846,5000.0
median_p50,NVC19,RIVERS HOSPITAL,101,Urology Service,946.5351104736328,0,0.0,946.535112,0.0,0.0,Optimal,500,0,11796417.928881645,11791417.9321846,5000.0
median_p50,NVC19,RIVERS HOSPITAL,100,General Surgery Service,1765.9058380126953,0,0.0,1765.90583,0.0,0.0,Optimal,500,0,11796417.928881645,11791417.9321846,5000.0
median_p50,NVC18,SPRINGFIELD HOSPITAL,502,Gynaecology Service,371.0724220275879,0,0.0,371.072422,0.0,0.0,Optimal,500,0,11796417.928881645,11791417.9321846,5000.0
median_p50,NVC18,SPRINGFIELD HOSPITAL,160,Plastic Surgery Service,106.74382972717285,0,0.0,106.7438297,0.0,0.0,Optimal,500,0,11796417.928881645,11791417.9321846,5000.0
median_p50,NVC18,SPRINGFIELD HOSPITAL,120,Ear Nose and Throat Service,446.68860244750977,0,0.0,446.688603,0.0,0.0,Optimal,500,0,11796417.928881645,11791417.9321846,5000.0
median_p50,NVC18,SPRINGFIELD HOSPITAL,110,Trauma and Orthopaedic Service,3520.5730895996094,0,0.0,3520.57309,0.0,0.0,Optimal,500,0,11796417.928881645,11791417.9321846,5000.0
median_p50,NVC18,SPRINGFIELD HOSPITAL,101,Urology Service,1254.2200012207031,0,0.0,1254.2200090000001,0.0,0.0,Optimal,500,0,11796417.928881645,11791417.9321846,5000.0
median_p50,NVC18,SPRINGFIELD HOSPITAL,100,General Surgery Service,1021.2881393432617,0,0.0,1021.288139,0.0,0.0,Optimal,500,0,11796417.928881645,11791417.9321846,5000.0
median_p50,NVC17,ROWLEY HALL HOSPITAL,502,Gynaecology Service,531.1496353149414,0,0.0,531.149636,0.0,0.0,Optimal,500,0,11796417.928881645,11791417.9321846,5000.0
median_p50,NVC17,ROWLEY HALL HOSPITAL,130,Ophthalmology Service,2125.254440307617,0,0.0,2125.25445,0.0,0.0,Optimal,500,0,11796417.928881645,11791417.9321846,5000.0
median_p50,NVC17,ROWLEY HALL HOSPITAL,110,Trauma and Orthopaedic Service,3615.7410278320312,0,0.0,3615.74105,0.0,0.0,Optimal,500,0,11796417.928881645,11791417.9321846,5000.0
median_p50,NVC17,ROWLEY HALL HOSPITAL,101,Urology Service,169.53988933563232,0,0.0,169.53989099999998,0.0,0.0,Optimal,500,0,11796417.928881645,11791417.9321846,5000.0
median_p50,NVC17,ROWLEY HALL HOSPITAL,100,General Surgery Service,348.6698913574219,0,0.0,348.669892,0.0,0.0,Optimal,500,0,11796417.928881645,11791417.9321846,5000.0
median_p50,NVC16,RENACRES HOSPITAL,120,Ear Nose and Throat Service,119.2793493270874,0,0.0,119.2793488,0.0,0.0,Optimal,500,0,11796417.928881645,11791417.9321846,5000.0
median_p50,NVC16,RENACRES HOSPITAL,110,Trauma and Orthopaedic Service,4470.517028808594,0,0.0,4470.51704,0.0,0.0,Optimal,500,0,11796417.928881645,11791417.9321846,5000.0
median_p50,NVC16,RENACRES HOSPITAL,101,Urology Service,509.5884666442871,0,0.0,509.58846600000004,0.0,0.0,Optimal,500,0,11796417.928881645,11791417.9321846,5000.0
median_p50,NVC16,RENACRES HOSPITAL,100,General Surgery Service,637.7455749511719,0,0.0,637.745575,0.0,0.0,Optimal,500,0,11796417.928881645,11791417.9321846,5000.0
median_p50,NVC15,PINEHILL HOSPITAL,130,Ophthalmology Service,707.3072814941406,0,0.0,707.307281,0.0,0.0,Optimal,500,0,11796417.928881645,11791417.9321846,5000.0
median_p50,NVC0R,TEES VALLEY HOSPITAL,140,Oral Surgery Service,2104.5877838134766,0,0.0,2104.5878000000002,0.0,0.0,Optimal,500,0,11796417.928881645,11791417.9321846,5000.0
median_p50,NVC0R,TEES VALLEY HOSPITAL,110,Trauma and Orthopaedic Service,3256.2622680664062,0,0.0,3256.26229,0.0,0.0,Optimal,500,0,11796417.928881645,11791417.9321846,5000.0
median_p50,NVC0R,TEES VALLEY HOSPITAL,101,Urology Service,603.4219207763672,0,0.0,603.42192,0.0,0.0,Optimal,500,0,11796417.928881645,11791417.9321846,5000.0
median_p50,NVC06,FITZWILLIAM HOSPITAL,101,Urology Service,450.7275638580322,0,0.0,450.727564,0.0,0.0,Optimal,500,0,11796417.928881645,11791417.9321846,5000.0
median_p50,NVC05,EUXTON HALL HOSPITAL,502,Gynaecology Service,264.1262435913086,0,0.0,264.126244,0.0,0.0,Optimal,500,0,11796417.928881645,11791417.9321846,5000.0
median_p50,NVC05,EUXTON HALL HOSPITAL,160,Plastic Surgery Service,82.90377616882324,0,0.0,82.9037761,0.0,0.0,Optimal,500,0,11796417.928881645,11791417.9321846,5000.0
median_p50,NVC05,EUXTON HALL HOSPITAL,120,Ear Nose and Throat Service,61.24183368682861,0,0.0,61.2418338,0.0,0.0,Optimal,500,0,11796417.928881645,11791417.9321846,5000.0
median_p50,NVC05,EUXTON HALL HOSPITAL,110,Trauma and Orthopaedic Service,3226.7364196777344,0,0.0,3226.73642,0.0,0.0,Optimal,500,0,11796417.928881645,11791417.9321846,5000.0
median_p50,NVC05,EUXTON HALL HOSPITAL,101,Urology Service,45.85395383834839,0,0.0,45.8539538,0.0,0.0,Optimal,500,0,11796417.928881645,11791417.9321846,5000.0
median_p50,NVC05,EUXTON HALL HOSPITAL,100,General Surgery Service,1514.6090393066406,0,0.0,1514.60905,0.0,0.0,Optimal,500,0,11796417.928881645,11791417.9321846,5000.0
median_p50,NVC04,DUCHY HOSPITAL,110,Trauma and Orthopaedic Service,2899.7644805908203,0,0.0,2899.76449,0.0,0.0,Optimal,500,0,11796417.928881645,11791417.9321846,5000.0
median_p50,NVC04,DUCHY HOSPITAL,100,General Surgery Service,1053.8010559082031,0,0.0,1053.801057,0.0,0.0,Optimal,500,0,11796417.928881645,11791417.9321846,5000.0
median_p50,NVC02,THE BERKSHIRE INDEPENDENT HOSPITAL,502,Gynaecology Service,111.00506353378296,0,0.0,111.0050644,0.0,0.0,Optimal,500,0,11796417.928881645,11791417.9321846,5000.0
median_p50,NVC02,THE BERKSHIRE INDEPENDENT HOSPITAL,160,Plastic Surgery Service,316.2367706298828,0,0.0,316.23677,0.0,0.0,Optimal,500,0,11796417.928881645,11791417.9321846,5000.0
median_p50,NVC02,THE BERKSHIRE INDEPENDENT HOSPITAL,130,Ophthalmology Service,253.7549991607666,0,0.0,253.755,0.0,0.0,Optimal,500,0,11796417.928881645,11791417.9321846,5000.0
median_p50,NVC02,THE BERKSHIRE INDEPENDENT HOSPITAL,110,Trauma and Orthopaedic Service,1262.4650421142578,0,0.0,1262.465031,0.0,0.0,Optimal,500,0,11796417.928881645,11791417.9321846,5000.0
median_p50,NVC02,THE BERKSHIRE INDEPENDENT HOSPITAL,101,Urology Service,578.8573608398438,0,0.0,578.857361,0.0,0.0,Optimal,500,0,11796417.928881645,11791417.9321846,5000.0
median_p50,NVC02,THE BERKSHIRE INDEPENDENT HOSPITAL,100,General Surgery Service,265.1768341064453,0,0.0,265.176833,0.0,0.0,Optimal,500,0,11796417.928881645,11791417.9321846,5000.0
median_p50,NVC01,ASHTEAD HOSPITAL,502,Gynaecology Service,228.7626371383667,0,0.0,228.762638,0.0,0.0,Optimal,500,0,11796417.928881645,11791417.9321846,5000.0
median_p50,NVC01,ASHTEAD HOSPITAL,160,Plastic Surgery Service,127.84011459350586,0,0.0,127.84011459999999,0.0,0.0,Optimal,500,0,11796417.928881645,11791417.9321846,5000.0
median_p50,NVC01,ASHTEAD HOSPITAL,130,Ophthalmology Service,608.2937965393066,0,0.0,608.293796,0.0,0.0,Optimal,500,0,11796417.928881645,11791417.9321846,5000.0
median_p50,NVC01,ASHTEAD HOSPITAL,110,Trauma and Orthopaedic Service,1469.3522186279297,0,0.0,1469.352203,0.0,0.0,Optimal,500,0,11796417.928881645,11791417.9321846,5000.0
median_p50,NVC01,ASHTEAD HOSPITAL,101,Urology Service,253.43046951293945,0,0.0,253.430468,0.0,0.0,Optimal,500,0,11796417.928881645,11791417.9321846,5000.0
median_p50,NVC01,ASHTEAD HOSPITAL,100,General Surgery Service,867.6369705200195,0,0.0,867.636972,0.0,0.0,Optimal,500,0,11796417.928881645,11791417.9321846,5000.0
median_p50,NTX,THE ONE HEALTH GROUP PLC,502,Gynaecology Service,2097.4306640625,0,0.0,2097.43066,0.0,0.0,Optimal,500,0,11796417.928881645,11791417.9321846,5000.0
median_p50,NVC06,FITZWILLIAM HOSPITAL,100,General Surgery Service,1273.4669036865234,0,0.0,1273.466881,0.0,0.0,Optimal,500,0,11796417.928881645,11791417.9321846,5000.0
median_p50,NVC06,FITZWILLIAM HOSPITAL,110,Trauma and Orthopaedic Service,5879.671600341797,0,0.0,5879.67159,0.0,0.0,Optimal,500,0,11796417.928881645,11791417.9321846,5000.0
median_p50,NVC0R,TEES VALLEY HOSPITAL,100,General Surgery Service,1724.207160949707,0,0.0,1724.20718,0.0,0.0,Optimal,500,0,11796417.928881645,11791417.9321846,5000.0
median_p50,NVC06,FITZWILLIAM HOSPITAL,130,Ophthalmology Service,603.2499580383301,0,0.0,603.249958,0.0,0.0,Optimal,500,0,11796417.928881645,11791417.9321846,5000.0
median_p50,NVC0I,BEACON PARK HOSPITAL,502,Gynaecology Service,274.2563991546631,0,0.0,274.256398,0.0,0.0,Optimal,500,0,11796417.928881645,11791417.9321846,5000.0
median_p50,NVC0I,BEACON PARK HOSPITAL,130,Ophthalmology Service,773.5021820068359,0,0.0,773.5021810000001,0.0,0.0,Optimal,500,0,11796417.928881645,11791417.9321846,5000.0
median_p50,NVC0I,BEACON PARK HOSPITAL,110,Trauma and Orthopaedic Service,1205.9678192138672,0,0.0,1205.967809,0.0,0.0,Optimal,500,0,11796417.928881645,11791417.9321846,5000.0
median_p50,NVC0I,BEACON PARK HOSPITAL,101,Urology Service,314.15492057800293,0,0.0,314.15492,0.0,0.0,Optimal,500,0,11796417.928881645,11791417.9321846,5000.0
median_p50,NVC0I,BEACON PARK HOSPITAL,100,General Surgery Service,140.23792266845703,0,0.0,140.2379221,0.0,0.0,Optimal,500,0,11796417.928881645,11791417.9321846,5000.0
median_p50,NVC09,NEW HALL HOSPITAL,502,Gynaecology Service,252.00071907043457,0,0.0,252.000719,0.0,0.0,Optimal,500,0,11796417.928881645,11791417.9321846,5000.0
median_p50,NVC09,NEW HALL HOSPITAL,130,Ophthalmology Service,866.7053527832031,0,0.0,866.705354,0.0,0.0,Optimal,500,0,11796417.928881645,11791417.9321846,5000.0
median_p50,NVC09,NEW HALL HOSPITAL,110,Trauma and Orthopaedic Service,7498.940490722656,0,0.0,7498.94049,0.0,0.0,Optimal,500,0,11796417.928881645,11791417.9321846,5000.0
median_p50,NVC09,NEW HALL HOSPITAL,101,Urology Service,244.4550437927246,0,0.0,244.455043,0.0,0.0,Optimal,500,0,11796417.928881645,11791417.9321846,5000.0
median_p50,NVC09,NEW HALL HOSPITAL,100,General Surgery Service,175.25786876678467,0,0.0,175.257868,0.0,0.0,Optimal,500,0,11796417.928881645,11791417.9321846,5000.0
median_p50,NVC08,MOUNT STUART HOSPITAL,502,Gynaecology Service,901.7528076171875,0,0.0,901.7528090000001,0.0,0.0,Optimal,500,0,11796417.928881645,11791417.9321846,5000.0
median_p50,NVC08,MOUNT STUART HOSPITAL,160,Plastic Surgery Service,138.68084144592285,0,0.0,138.680841,0.0,0.0,Optimal,500,0,11796417.928881645,11791417.9321846,5000.0
median_p50,NVC08,MOUNT STUART HOSPITAL,110,Trauma and Orthopaedic Service,2126.0562744140625,0,0.0,2126.05627,0.0,0.0,Optimal,500,0,11796417.928881645,11791417.9321846,5000.0
median_p50,NVC08,MOUNT STUART HOSPITAL,101,Urology Service,244.38013648986816,0,0.0,244.380134,0.0,0.0,Optimal,500,0,11796417.928881645,11791417.9321846,5000.0
median_p50,NVC08,MOUNT STUART HOSPITAL,100,General Surgery Service,1274.0018157958984,0,0.0,1274.00182,0.0,0.0,Optimal,500,0,11796417.928881645,11791417.9321846,5000.0
median_p50,NVC07,FULWOOD HALL HOSPITAL,502,Gynaecology Service,454.6681213378906,0,0.0,454.66812,0.0,0.0,Optimal,500,0,11796417.928881645,11791417.9321846,5000.0
median_p50,NVC07,FULWOOD HALL HOSPITAL,160,Plastic Surgery Service,86.36249780654907,0,0.0,86.3624979,0.0,0.0,Optimal,500,0,11796417.928881645,11791417.9321846,5000.0
median_p50,NVC07,FULWOOD HALL HOSPITAL,110,Trauma and Orthopaedic Service,5206.980224609375,0,0.0,5206.98023,0.0,0.0,Optimal,500,0,11796417.928881645,11791417.9321846,5000.0
median_p50,NVC07,FULWOOD HALL HOSPITAL,101,Urology Service,709.5306549072266,0,0.0,709.530655,0.0,0.0,Optimal,500,0,11796417.928881645,11791417.9321846,5000.0
median_p50,NVC07,FULWOOD HALL HOSPITAL,100,General Surgery Service,1593.4311447143555,0,0.0,1593.43116,0.0,0.0,Optimal,500,0,11796417.928881645,11791417.9321846,5000.0
median_p50,NVC06,FITZWILLIAM HOSPITAL,502,Gynaecology Service,543.7065277099609,0,0.0,543.706529,0.0,0.0,Optimal,500,0,11796417.928881645,11791417.9321846,5000.0
median_p50,Z9Z1G,SPAMEDICA GATESHEAD,130,Ophthalmology Service,4337.058746337891,0,0.0,4337.05874,0.0,0.0,Optimal,500,0,11796417.928881645,11791417.9321846,5000.0
pessimistic_p90,RDE,EAST SUFFOLK AND NORTH ESSEX NHS FOUNDATION TRUST,130,Ophthalmology Service,37669.880859375,144,1440.0,36229.8808,129.60000000000002,3.822682650299977,Optimal,500,0,23732413.77608013,23727413.7777371,5000.0
pessimistic_p90,RDU,FRIMLEY HEALTH NHS FOUNDATION TRUST,130,Ophthalmology Service,43518.279296875,110,1100.0,42418.2792,99.0,2.5276734691093123,Optimal,500,0,23732413.77608013,23727413.7777371,5000.0
pessimistic_p90,NAM01,PROBUS SURGICAL CENTRE,130,Ophthalmology Service,3463.5949096679688,108,1080.0,2383.5949,97.2,31.181475552622643,Optimal,500,0,23732413.77608013,23727413.7777371,5000.0
pessimistic_p90,RD8,MILTON KEYNES UNIVERSITY HOSPITAL NHS FOUNDATION TRUST,130,Ophthalmology Service,7410.688293457031,96,960.0,6450.68831,86.4,12.954262303106088,Optimal,500,0,23732413.77608013,23727413.7777371,5000.0
pessimistic_p90,B5M7B,NEWMEDICA - NORWICH,130,Ophthalmology Service,16476.5,12,120.0,16356.5001,10.8,0.7283100172973629,Optimal,500,0,23732413.77608013,23727413.7777371,5000.0
pessimistic_p90,B4N1U,SPAMEDICA ROMFORD,130,Ophthalmology Service,14034.72998046875,12,120.0,13914.729879999999,10.8,0.8550217935578129,Optimal,500,0,23732413.77608013,23727413.7777371,5000.0
pessimistic_p90,G3O5P,SPAMEDICA NEWARK,130,Ophthalmology Service,5845.953918457031,12,120.0,5725.95392,10.8,2.0527017775684513,Optimal,500,0,23732413.77608013,23727413.7777371,5000.0
pessimistic_p90,NT417,GORING HALL HOSPITAL,130,Ophthalmology Service,703.6614532470703,6,60.0,643.6614525,5.4,8.526827741256524,Optimal,500,0,23732413.77608013,23727413.7777371,5000.0
pessimistic_p90,RJN,EAST CHESHIRE NHS TRUST,100,General Surgery Service,7587.6697998046875,0,0.0,7587.66979,0.0,0.0,Optimal,500,0,23732413.77608013,23727413.7777371,5000.0
pessimistic_p90,RJL,NORTHERN LINCOLNSHIRE AND GOOLE NHS FOUNDATION TRUST,140,Oral Surgery Service,8591.180236816406,0,0.0,8591.18024,0.0,0.0,Optimal,500,0,23732413.77608013,23727413.7777371,5000.0
pessimistic_p90,RJL,NORTHERN LINCOLNSHIRE AND GOOLE NHS FOUNDATION TRUST,130,Ophthalmology Service,12823.934326171875,0,0.0,12823.93432,0.0,0.0,Optimal,500,0,23732413.77608013,23727413.7777371,5000.0
pessimistic_p90,RJL,NORTHERN LINCOLNSHIRE AND GOOLE NHS FOUNDATION TRUST,120,Ear Nose and Throat Service,18448.856323242188,0,0.0,18448.8563,0.0,0.0,Optimal,500,0,23732413.77608013,23727413.7777371,5000.0
pessimistic_p90,RJL,NORTHERN LINCOLNSHIRE AND GOOLE NHS FOUNDATION TRUST,110,Trauma and Orthopaedic Service,38437.268310546875,0,0.0,38437.268299999996,0.0,0.0,Optimal,500,0,23732413.77608013,23727413.7777371,5000.0
pessimistic_p90,RJL,NORTHERN LINCOLNSHIRE AND GOOLE NHS FOUNDATION TRUST,101,Urology Service,12783.147094726562,0,0.0,12783.14707,0.0,0.0,Optimal,500,0,23732413.77608013,23727413.7777371,5000.0
pessimistic_p90,RK5,SHERWOOD FOREST HOSPITALS NHS FOUNDATION TRUST,101,Urology Service,8718.455261230469,0,0.0,8718.455249999999,0.0,0.0,Optimal,500,0,23732413.77608013,23727413.7777371,5000.0
pessimistic_p90,RK5,SHERWOOD FOREST HOSPITALS NHS FOUNDATION TRUST,110,Trauma and Orthopaedic Service,70081.36328125,0,0.0,70081.3632,0.0,0.0,Optimal,500,0,23732413.77608013,23727413.7777371,5000.0
pessimistic_p90,RJL,NORTHERN LINCOLNSHIRE AND GOOLE NHS FOUNDATION TRUST,100,General Surgery Service,31560.68408203125,0,0.0,31560.684,0.0,0.0,Optimal,500,0,23732413.77608013,23727413.7777371,5000.0
pessimistic_p90,RJE,UNIVERSITY HOSPITALS OF NORTH MIDLANDS NHS TRUST,502,Gynaecology Service,30427.481689453125,0,0.0,30427.4817,0.0,0.0,Optimal,500,0,23732413.77608013,23727413.7777371,5000.0
pessimistic_p90,RJE,UNIVERSITY HOSPITALS OF NORTH MIDLANDS NHS TRUST,170,Cardiothoracic Surgery Service,2451.3609924316406,0,0.0,2451.36099,0.0,0.0,Optimal,500,0,23732413.77608013,23727413.7777371,5000.0
pessimistic_p90,RJZ,KING'S COLLEGE HOSPITAL NHS FOUNDATION TRUST,160,Plastic Surgery Service,384.01110458374023,0,0.0,384.011104,0.0,0.0,Optimal,500,0,23732413.77608013,23727413.7777371,5000.0
pessimistic_p90,RJE,UNIVERSITY HOSPITALS OF NORTH MIDLANDS NHS TRUST,160,Plastic Surgery Service,14341.177001953125,0,0.0,14341.17704,0.0,0.0,Optimal,500,0,23732413.77608013,23727413.7777371,5000.0
pessimistic_p90,RJE,UNIVERSITY HOSPITALS OF NORTH MIDLANDS NHS TRUST,150,Neurosurgical Service,2004.9212493896484,0,0.0,2004.92126,0.0,0.0,Optimal,500,0,23732413.77608013,23727413.7777371,5000.0
pessimistic_p90,RJE,UNIVERSITY HOSPITALS OF NORTH MIDLANDS NHS TRUST,140,Oral Surgery Service,38811.639892578125,0,0.0,38811.64,0.0,0.0,Optimal,500,0,23732413.77608013,23727413.7777371,5000.0
pessimistic_p90,RJE,UNIVERSITY HOSPITALS OF NORTH MIDLANDS NHS TRUST,130,Ophthalmology Service,42501.703857421875,0,0.0,42501.7039,0.0,0.0,Optimal,500,0,23732413.77608013,23727413.7777371,5000.0
pessimistic_p90,RJE,UNIVERSITY HOSPITALS OF NORTH MIDLANDS NHS TRUST,120,Ear Nose and Throat Service,30261.732421875,0,0.0,30261.7324,0.0,0.0,Optimal,500,0,23732413.77608013,23727413.7777371,5000.0
pessimistic_p90,RJE,UNIVERSITY HOSPITALS OF NORTH MIDLANDS NHS TRUST,110,Trauma and Orthopaedic Service,76903.572265625,0,0.0,76903.5723,0.0,0.0,Optimal,500,0,23732413.77608013,23727413.7777371,5000.0
pessimistic_p90,RJE,UNIVERSITY HOSPITALS OF NORTH MIDLANDS NHS TRUST,101,Urology Service,15613.128051757812,0,0.0,15613.128,0.0,0.0,Optimal,500,0,23732413.77608013,23727413.7777371,5000.0
pessimistic_p90,RJE,UNIVERSITY HOSPITALS OF NORTH MIDLANDS NHS TRUST,100,General Surgery Service,69531.7587890625,0,0.0,69531.7587,0.0,0.0,Optimal,500,0,23732413.77608013,23727413.7777371,5000.0
pessimistic_p90,RJC,SOUTH WARWICKSHIRE UNIVERSITY NHS FOUNDATION TRUST,502,Gynaecology Service,7602.531799316406,0,0.0,7602.53181,0.0,0.0,Optimal,500,0,23732413.77608013,23727413.7777371,5000.0
pessimistic_p90,RJC,SOUTH WARWICKSHIRE UNIVERSITY NHS FOUNDATION TRUST,160,Plastic Surgery Service,4871.124053955078,0,0.0,4871.12407,0.0,0.0,Optimal,500,0,23732413.77608013,23727413.7777371,5000.0
pessimistic_p90,RJL,NORTHERN LINCOLNSHIRE AND GOOLE NHS FOUNDATION TRUST,502,Gynaecology Service,22177.351806640625,0,0.0,22177.352,0.0,0.0,Optimal,500,0,23732413.77608013,23727413.7777371,5000.0
pessimistic_p90,RJN,EAST CHESHIRE NHS TRUST,101,Urology Service,2096.3497161865234,0,0.0,2096.34972,0.0,0.0,Optimal,500,0,23732413.77608013,23727413.7777371,5000.0
pessimistic_p90,RJZ,KING'S COLLEGE HOSPITAL NHS FOUNDATION TRUST,150,Neurosurgical Service,18408.14990234375,0,0.0,18408.1499,0.0,0.0,Optimal,500,0,23732413.77608013,23727413.7777371,5000.0
pessimistic_p90,RJN,EAST CHESHIRE NHS TRUST,110,Trauma and Orthopaedic Service,12585.385192871094,0,0.0,12585.3851,0.0,0.0,Optimal,500,0,23732413.77608013,23727413.7777371,5000.0
pessimistic_p90,RJZ,KING'S COLLEGE HOSPITAL NHS FOUNDATION TRUST,140,Oral Surgery Service,53589.373046875,0,0.0,53589.3731,0.0,0.0,Optimal,500,0,23732413.77608013,23727413.7777371,5000.0
pessimistic_p90,RJZ,KING'S COLLEGE HOSPITAL NHS FOUNDATION TRUST,130,Ophthalmology Service,214767.708984375,0,0.0,214767.71,0.0,0.0,Optimal,500,0,23732413.77608013,23727413.7777371,5000.0
pessimistic_p90,RJZ,KING'S COLLEGE HOSPITAL NHS FOUNDATION TRUST,120,Ear Nose and Throat Service,1724.5018768310547,0,0.0,1724.50187,0.0,0.0,Optimal,500,0,23732413.77608013,23727413.7777371,5000.0
pessimistic_p90,RJZ,KING'S COLLEGE HOSPITAL NHS FOUNDATION TRUST,170,Cardiothoracic Surgery Service,1410.4106674194336,0,0.0,1410.410665,0.0,0.0,Optimal,500,0,23732413.77608013,23727413.7777371,5000.0
pessimistic_p90,RJZ,KING'S COLLEGE HOSPITAL NHS FOUNDATION TRUST,110,Trauma and Orthopaedic Service,47180.1015625,0,0.0,47180.1016,0.0,0.0,Optimal,500,0,23732413.77608013,23727413.7777371,5000.0
pessimistic_p90,RJZ,KING'S COLLEGE HOSPITAL NHS FOUNDATION TRUST,101,Urology Service,19297.838623046875,0,0.0,19297.8387,0.0,0.0,Optimal,500,0,23732413.77608013,23727413.7777371,5000.0
pessimistic_p90,RJZ,KING'S COLLEGE HOSPITAL NHS FOUNDATION TRUST,100,General Surgery Service,46083.814208984375,0,0.0,46083.8142,0.0,0.0,Optimal,500,0,23732413.77608013,23727413.7777371,5000.0
pessimistic_p90,RJR,COUNTESS OF CHESTER HOSPITAL NHS FOUNDATION TRUST,502,Gynaecology Service,8986.280700683594,0,0.0,8986.280709999999,0.0,0.0,Optimal,500,0,23732413.77608013,23727413.7777371,5000.0
pessimistic_p90,RJZ,KING'S COLLEGE HOSPITAL NHS FOUNDATION TRUST,502,Gynaecology Service,24030.43896484375,0,0.0,24030.4388,0.0,0.0,Optimal,500,0,23732413.77608013,23727413.7777371,5000.0
pessimistic_p90,RJR,COUNTESS OF CHESTER HOSPITAL NHS FOUNDATION TRUST,160,Plastic Surgery Service,12468.769470214844,0,0.0,12468.76939,0.0,0.0,Optimal,500,0,23732413.77608013,23727413.7777371,5000.0
pessimistic_p90,RJR,COUNTESS OF CHESTER HOSPITAL NHS FOUNDATION TRUST,140,Oral Surgery Service,7825.760192871094,0,0.0,7825.7602,0.0,0.0,Optimal,500,0,23732413.77608013,23727413.7777371,5000.0
pessimistic_p90,RK5,SHERWOOD FOREST HOSPITALS NHS FOUNDATION TRUST,100,General Surgery Service,20378.434448242188,0,0.0,20378.4344,0.0,0.0,Optimal,500,0,23732413.77608013,23727413.7777371,5000.0
pessimistic_p90,RJR,COUNTESS OF CHESTER HOSPITAL NHS FOUNDATION TRUST,130,Ophthalmology Service,6604.985900878906,0,0.0,6604.98591,0.0,0.0,Optimal,500,0,23732413.77608013,23727413.7777371,5000.0
pessimistic_p90,RJR,COUNTESS OF CHESTER HOSPITAL NHS FOUNDATION TRUST,120,Ear Nose and Throat Service,10134.6103515625,0,0.0,10134.61034,0.0,0.0,Optimal,500,0,23732413.77608013,23727413.7777371,5000.0
pessimistic_p90,RJR,COUNTESS OF CHESTER HOSPITAL NHS FOUNDATION TRUST,110,Trauma and Orthopaedic Service,17817.5068359375,0,0.0,17817.5068,0.0,0.0,Optimal,500,0,23732413.77608013,23727413.7777371,5000.0
pessimistic_p90,RJR,COUNTESS OF CHESTER HOSPITAL NHS FOUNDATION TRUST,101,Urology Service,4403.149658203125,0,0.0,4403.14965,0.0,0.0,Optimal,500,0,23732413.77608013,23727413.7777371,5000.0
pessimistic_p90,RJR,COUNTESS OF CHESTER HOSPITAL NHS FOUNDATION TRUST,100,General Surgery Service,6712.108825683594,0,0.0,6712.10883,0.0,0.0,Optimal,500,0,23732413.77608013,23727413.7777371,5000.0
pessimistic_p90,RJN,EAST CHESHIRE NHS TRUST,502,Gynaecology Service,6727.2523193359375,0,0.0,6727.25231,0.0,0.0,Optimal,500,0,23732413.77608013,23727413.7777371,5000.0
pessimistic_p90,RJN,EAST CHESHIRE NHS TRUST,160,Plastic Surgery Service,313.21264839172363,0,0.0,313.212648,0.0,0.0,Optimal,500,0,23732413.77608013,23727413.7777371,5000.0
pessimistic_p90,RJC,SOUTH WARWICKSHIRE UNIVERSITY NHS FOUNDATION TRUST,140,Oral Surgery Service,1966.914306640625,0,0.0,1966.9143,0.0,0.0,Optimal,500,0,23732413.77608013,23727413.7777371,5000.0
pessimistic_p90,RJN,EAST CHESHIRE NHS TRUST,120,Ear Nose and Throat Service,3562.749237060547,0,0.0,3562.74923,0.0,0.0,Optimal,500,0,23732413.77608013,23727413.7777371,5000.0
pessimistic_p90,RJN,EAST CHESHIRE NHS TRUST,130,Ophthalmology Service,5638.206481933594,0,0.0,5638.20648,0.0,0.0,Optimal,500,0,23732413.77608013,23727413.7777371,5000.0
pessimistic_p90,RJC,SOUTH WARWICKSHIRE UNIVERSITY NHS FOUNDATION TRUST,120,Ear Nose and Throat Service,13203.355163574219,0,0.0,13203.3551,0.0,0.0,Optimal,500,0,23732413.77608013,23727413.7777371,5000.0
pessimistic_p90,RJC,SOUTH WARWICKSHIRE UNIVERSITY NHS FOUNDATION TRUST,130,Ophthalmology Service,12843.845153808594,0,0.0,12843.84534,0.0,0.0,Optimal,500,0,23732413.77608013,23727413.7777371,5000.0
pessimistic_p90,RK5,SHERWOOD FOREST HOSPITALS NHS FOUNDATION TRUST,130,Ophthalmology Service,9557.780090332031,0,0.0,9557.78009,0.0,0.0,Optimal,500,0,23732413.77608013,23727413.7777371,5000.0
pessimistic_p90,RJ1,GUY'S AND ST THOMAS' NHS FOUNDATION TRUST,502,Gynaecology Service,16538.186401367188,0,0.0,16538.1864,0.0,0.0,Optimal,500,0,23732413.77608013,23727413.7777371,5000.0
pessimistic_p90,RJ1,GUY'S AND ST THOMAS' NHS FOUNDATION TRUST,170,Cardiothoracic Surgery Service,977.9516143798828,0,0.0,977.951616,0.0,0.0,Optimal,500,0,23732413.77608013,23727413.7777371,5000.0
pessimistic_p90,RJ1,GUY'S AND ST THOMAS' NHS FOUNDATION TRUST,160,Plastic Surgery Service,57017.4111328125,0,0.0,57017.411,0.0,0.0,Optimal,500,0,23732413.77608013,23727413.7777371,5000.0
pessimistic_p90,RJ1,GUY'S AND ST THOMAS' NHS FOUNDATION TRUST,140,Oral Surgery Service,30724.60205078125,0,0.0,30724.6022,0.0,0.0,Optimal,500,0,23732413.77608013,23727413.7777371,5000.0
pessimistic_p90,RJ1,GUY'S AND ST THOMAS' NHS FOUNDATION TRUST,130,Ophthalmology Service,17802.013916015625,0,0.0,17802.0141,0.0,0.0,Optimal,500,0,23732413.77608013,23727413.7777371,5000.0
pessimistic_p90,RJ1,GUY'S AND ST THOMAS' NHS FOUNDATION TRUST,120,Ear Nose and Throat Service,38469.4287109375,0,0.0,38469.428700000004,0.0,0.0,Optimal,500,0,23732413.77608013,23727413.7777371,5000.0
pessimistic_p90,RJ1,GUY'S AND ST THOMAS' NHS FOUNDATION TRUST,110,Trauma and Orthopaedic Service,63437.5390625,0,0.0,63437.5392,0.0,0.0,Optimal,500,0,23732413.77608013,23727413.7777371,5000.0
pessimistic_p90,RJ1,GUY'S AND ST THOMAS' NHS FOUNDATION TRUST,101,Urology Service,30263.283203125,0,0.0,30263.2833,0.0,0.0,Optimal,500,0,23732413.77608013,23727413.7777371,5000.0
pessimistic_p90,RJ1,GUY'S AND ST THOMAS' NHS FOUNDATION TRUST,100,General Surgery Service,7861.697692871094,0,0.0,7861.69769,0.0,0.0,Optimal,500,0,23732413.77608013,23727413.7777371,5000.0
pessimistic_p90,RHW,ROYAL BERKSHIRE NHS FOUNDATION TRUST,502,Gynaecology Service,5123.658996582031,0,0.0,5123.65899,0.0,0.0,Optimal,500,0,23732413.77608013,23727413.7777371,5000.0
pessimistic_p90,RHW,ROYAL BERKSHIRE NHS FOUNDATION TRUST,160,Plastic Surgery Service,1931.3257141113281,0,0.0,1931.32572,0.0,0.0,Optimal,500,0,23732413.77608013,23727413.7777371,5000.0
pessimistic_p90,RHW,ROYAL BERKSHIRE NHS FOUNDATION TRUST,140,Oral Surgery Service,1818.9594039916992,0,0.0,1818.95939,0.0,0.0,Optimal,500,0,23732413.77608013,23727413.7777371,5000.0
pessimistic_p90,RHW,ROYAL BERKSHIRE NHS FOUNDATION TRUST,130,Ophthalmology Service,10901.216125488281,0,0.0,10901.21615,0.0,0.0,Optimal,500,0,23732413.77608013,23727413.7777371,5000.0
pessimistic_p90,RHW,ROYAL BERKSHIRE NHS FOUNDATION TRUST,120,Ear Nose and Throat Service,4675.4141845703125,0,0.0,4675.4141899999995,0.0,0.0,Optimal,500,0,23732413.77608013,23727413.7777371,5000.0
pessimistic_p90,RHW,ROYAL BERKSHIRE NHS FOUNDATION TRUST,110,Trauma and Orthopaedic Service,21145.716186523438,0,0.0,21145.7161,0.0,0.0,Optimal,500,0,23732413.77608013,23727413.7777371,5000.0
pessimistic_p90,RHW,ROYAL BERKSHIRE NHS FOUNDATION TRUST,101,Urology Service,8097.084289550781,0,0.0,8097.08428,0.0,0.0,Optimal,500,0,23732413.77608013,23727413.7777371,5000.0
pessimistic_p90,RHW,ROYAL BERKSHIRE NHS FOUNDATION TRUST,100,General Surgery Service,9972.220642089844,0,0.0,9972.220659999999,0.0,0.0,Optimal,500,0,23732413.77608013,23727413.7777371,5000.0
pessimistic_p90,RHU,PORTSMOUTH HOSPITALS UNIVERSITY NHS TRUST,502,Gynaecology Service,22380.982666015625,0,0.0,22380.9826,0.0,0.0,Optimal,500,0,23732413.77608013,23727413.7777371,5000.0
pessimistic_p90,RHU,PORTSMOUTH HOSPITALS UNIVERSITY NHS TRUST,160,Plastic Surgery Service,6024.371154785156,0,0.0,6024.37114,0.0,0.0,Optimal,500,0,23732413.77608013,23727413.7777371,5000.0
pessimistic_p90,RHU,PORTSMOUTH HOSPITALS UNIVERSITY NHS TRUST,140,Oral Surgery Service,29727.023193359375,0,0.0,29727.0232,0.0,0.0,Optimal,500,0,23732413.77608013,23727413.7777371,5000.0
pessimistic_p90,RHU,PORTSMOUTH HOSPITALS UNIVERSITY NHS TRUST,130,Ophthalmology Service,27643.69921875,0,0.0,27643.6992,0.0,0.0,Optimal,500,0,23732413.77608013,23727413.7777371,5000.0
pessimistic_p90,RHU,PORTSMOUTH HOSPITALS UNIVERSITY NHS TRUST,120,Ear Nose and Throat Service,29538.145751953125,0,0.0,29538.1458,0.0,0.0,Optimal,500,0,23732413.77608013,23727413.7777371,5000.0
pessimistic_p90,RHU,PORTSMOUTH HOSPITALS UNIVERSITY NHS TRUST,110,Trauma and Orthopaedic Service,71730.3505859375,0,0.0,71730.3505,0.0,0.0,Optimal,500,0,23732413.77608013,23727413.7777371,5000.0
pessimistic_p90,RJ2,LEWISHAM AND GREENWICH NHS TRUST,100,General Surgery Service,45553.12548828125,0,0.0,45553.1255,0.0,0.0,Optimal,500,0,23732413.77608013,23727413.7777371,5000.0
pessimistic_p90,RJ2,LEWISHAM AND GREENWICH NHS TRUST,101,Urology Service,8484.88623046875,0,0.0,8484.88624,0.0,0.0,Optimal,500,0,23732413.77608013,23727413.7777371,5000.0
pessimistic_p90,RJ2,LEWISHAM AND GREENWICH NHS TRUST,110,Trauma and Orthopaedic Service,58968.5302734375,0,0.0,58968.5304,0.0,0.0,Optimal,500,0,23732413.77608013,23727413.7777371,5000.0
pessimistic_p90,RJ7,ST GEORGE'S UNIVERSITY HOSPITALS NHS FOUNDATION TRUST,110,Trauma and Orthopaedic Service,14268.558715820312,0,0.0,14268.5587,0.0,0.0,Optimal,500,0,23732413.77608013,23727413.7777371,5000.0
pessimistic_p90,RJC,SOUTH WARWICKSHIRE UNIVERSITY NHS FOUNDATION TRUST,110,Trauma and Orthopaedic Service,39047.3955078125,0,0.0,39047.3955,0.0,0.0,Optimal,500,0,23732413.77608013,23727413.7777371,5000.0
pessimistic_p90,RJC,SOUTH WARWICKSHIRE UNIVERSITY NHS FOUNDATION TRUST,101,Urology Service,8578.044616699219,0,0.0,8578.04461,0.0,0.0,Optimal,500,0,23732413.77608013,23727413.7777371,5000.0
pessimistic_p90,RJC,SOUTH WARWICKSHIRE UNIVERSITY NHS FOUNDATION TRUST,100,General Surgery Service,6584.065521240234,0,0.0,6584.06552,0.0,0.0,Optimal,500,0,23732413.77608013,23727413.7777371,5000.0
pessimistic_p90,RJ7,ST GEORGE'S UNIVERSITY HOSPITALS NHS FOUNDATION TRUST,502,Gynaecology Service,13880.192749023438,0,0.0,13880.1927,0.0,0.0,Optimal,500,0,23732413.77608013,23727413.7777371,5000.0
pessimistic_p90,RJ7,ST GEORGE'S UNIVERSITY HOSPITALS NHS FOUNDATION TRUST,170,Cardiothoracic Surgery Service,1511.3776168823242,0,0.0,1511.37763,0.0,0.0,Optimal,500,0,23732413.77608013,23727413.7777371,5000.0
pessimistic_p90,RJ7,ST GEORGE'S UNIVERSITY HOSPITALS NHS FOUNDATION TRUST,160,Plastic Surgery Service,18921.304931640625,0,0.0,18921.305,0.0,0.0,Optimal,500,0,23732413.77608013,23727413.7777371,5000.0
pessimistic_p90,RJ7,ST GEORGE'S UNIVERSITY HOSPITALS NHS FOUNDATION TRUST,150,Neurosurgical Service,9152.363342285156,0,0.0,9152.36335,0.0,0.0,Optimal,500,0,23732413.77608013,23727413.7777371,5000.0
pessimistic_p90,RJ7,ST GEORGE'S UNIVERSITY HOSPITALS NHS FOUNDATION TRUST,140,Oral Surgery Service,10148.346435546875,0,0.0,10148.34644,0.0,0.0,Optimal,500,0,23732413.77608013,23727413.7777371,5000.0
pessimistic_p90,RJ7,ST GEORGE'S UNIVERSITY HOSPITALS NHS FOUNDATION TRUST,130,Ophthalmology Service,585.9981498718262,0,0.0,585.998149,0.0,0.0,Optimal,500,0,23732413.77608013,23727413.7777371,5000.0
pessimistic_p90,RJ7,ST GEORGE'S UNIVERSITY HOSPITALS NHS FOUNDATION TRUST,120,Ear Nose and Throat Service,21363.906005859375,0,0.0,21363.906,0.0,0.0,Optimal,500,0,23732413.77608013,23727413.7777371,5000.0
pessimistic_p90,RJ7,ST GEORGE'S UNIVERSITY HOSPITALS NHS FOUNDATION TRUST,101,Urology Service,15372.356811523438,0,0.0,15372.356899999999,0.0,0.0,Optimal,500,0,23732413.77608013,23727413.7777371,5000.0
pessimistic_p90,RJ2,LEWISHAM AND GREENWICH NHS TRUST,120,Ear Nose and Throat Service,73870.5869140625,0,0.0,73870.587,0.0,0.0,Optimal,500,0,23732413.77608013,23727413.7777371,5000.0
pessimistic_p90,RJ7,ST GEORGE'S UNIVERSITY HOSPITALS NHS FOUNDATION TRUST,100,General Surgery Service,10375.613525390625,0,0.0,10375.61352,0.0,0.0,Optimal,500,0,23732413.77608013,23727413.7777371,5000.0
pessimistic_p90,RJ6,CROYDON HEALTH SERVICES NHS TRUST,502,Gynaecology Service,8638.86865234375,0,0.0,8638.86865,0.0,0.0,Optimal,500,0,23732413.77608013,23727413.7777371,5000.0
pessimistic_p90,RJ6,CROYDON HEALTH SERVICES NHS TRUST,160,Plastic Surgery Service,252.01828384399414,0,0.0,252.018284,0.0,0.0,Optimal,500,0,23732413.77608013,23727413.7777371,5000.0
pessimistic_p90,RJ6,CROYDON HEALTH SERVICES NHS TRUST,140,Oral Surgery Service,10911.146850585938,0,0.0,10911.14687,0.0,0.0,Optimal,500,0,23732413.77608013,23727413.7777371,5000.0
pessimistic_p90,RJ6,CROYDON HEALTH SERVICES NHS TRUST,120,Ear Nose and Throat Service,6027.195983886719,0,0.0,6027.19597,0.0,0.0,Optimal,500,0,23732413.77608013,23727413.7777371,5000.0
pessimistic_p90,RJ6,CROYDON HEALTH SERVICES NHS TRUST,110,Trauma and Orthopaedic Service,25257.764038085938,0,0.0,25257.763899999998,0.0,0.0,Optimal,500,0,23732413.77608013,23727413.7777371,5000.0
pessimistic_p90,RJ6,CROYDON HEALTH SERVICES NHS TRUST,101,Urology Service,5345.754333496094,0,0.0,5345.75433,0.0,0.0,Optimal,500,0,23732413.77608013,23727413.7777371,5000.0
pessimistic_p90,RJ6,CROYDON HEALTH SERVICES NHS TRUST,100,General Surgery Service,17746.978515625,0,0.0,17746.9785,0.0,0.0,Optimal,500,0,23732413.77608013,23727413.7777371,5000.0
pessimistic_p90,RJ2,LEWISHAM AND GREENWICH NHS TRUST,502,Gynaecology Service,15591.280151367188,0,0.0,15591.2802,0.0,0.0,Optimal,500,0,23732413.77608013,23727413.7777371,5000.0
pessimistic_p90,RJ2,LEWISHAM AND GREENWICH NHS TRUST,160,Plastic Surgery Service,117.56780910491943,0,0.0,117.5678095,0.0,0.0,Optimal,500,0,23732413.77608013,23727413.7777371,5000.0
pessimistic_p90,RK5,SHERWOOD FOREST HOSPITALS NHS FOUNDATION TRUST,120,Ear Nose and Throat Service,16136.253051757812,0,0.0,16136.2531,0.0,0.0,Optimal,500,0,23732413.77608013,23727413.7777371,5000.0
pessimistic_p90,A0C5S,SPAMEDICA GLOUCESTER,130,Ophthalmology Service,1899.3929290771484,0,0.0,1899.39291,0.0,0.0,Optimal,500,0,23732413.77608013,23727413.7777371,5000.0
pessimistic_p90,RK5,SHERWOOD FOREST HOSPITALS NHS FOUNDATION TRUST,140,Oral Surgery Service,7378.531433105469,0,0.0,7378.53144,0.0,0.0,Optimal,500,0,23732413.77608013,23727413.7777371,5000.0
pessimistic_p90,RM1,NORFOLK AND NORWICH UNIVERSITY HOSPITALS NHS FOUNDATION TRUST,502,Gynaecology Service,27251.738037109375,0,0.0,27251.7378,0.0,0.0,Optimal,500,0,23732413.77608013,23727413.7777371,5000.0
pessimistic_p90,RMC,BOLTON NHS FOUNDATION TRUST,100,General Surgery Service,27696.93310546875,0,0.0,27696.9333,0.0,0.0,Optimal,500,0,23732413.77608013,23727413.7777371,5000.0
pessimistic_p90,RM3,NORTHERN CARE ALLIANCE NHS FOUNDATION TRUST,502,Gynaecology Service,77488.154296875,0,0.0,77488.1542,0.0,0.0,Optimal,500,0,23732413.77608013,23727413.7777371,5000.0
pessimistic_p90,RM3,NORTHERN CARE ALLIANCE NHS FOUNDATION TRUST,160,Plastic Surgery Service,14486.931762695312,0,0.0,14486.9319,0.0,0.0,Optimal,500,0,23732413.77608013,23727413.7777371,5000.0
pessimistic_p90,RM3,NORTHERN CARE ALLIANCE NHS FOUNDATION TRUST,150,Neurosurgical Service,45067.739990234375,0,0.0,45067.7399,0.0,0.0,Optimal,500,0,23732413.77608013,23727413.7777371,5000.0
pessimistic_p90,RM3,NORTHERN CARE ALLIANCE NHS FOUNDATION TRUST,140,Oral Surgery Service,3435.54833984375,0,0.0,3435.54834,0.0,0.0,Optimal,500,0,23732413.77608013,23727413.7777371,5000.0
pessimistic_p90,RM3,NORTHERN CARE ALLIANCE NHS FOUNDATION TRUST,130,Ophthalmology Service,22140.452514648438,0,0.0,22140.4525,0.0,0.0,Optimal,500,0,23732413.77608013,23727413.7777371,5000.0
pessimistic_p90,RM3,NORTHERN CARE ALLIANCE NHS FOUNDATION TRUST,120,Ear Nose and Throat Service,44254.847412109375,0,0.0,44254.8475,0.0,0.0,Optimal,500,0,23732413.77608013,23727413.7777371,5000.0
pessimistic_p90,RM3,NORTHERN CARE ALLIANCE NHS FOUNDATION TRUST,110,Trauma and Orthopaedic Service,168376.583984375,0,0.0,168376.584,0.0,0.0,Optimal,500,0,23732413.77608013,23727413.7777371,5000.0
pessimistic_p90,RM3,NORTHERN CARE ALLIANCE NHS FOUNDATION TRUST,101,Urology Service,39976.701171875,0,0.0,39976.7012,0.0,0.0,Optimal,500,0,23732413.77608013,23727413.7777371,5000.0
pessimistic_p90,RM3,NORTHERN CARE ALLIANCE NHS FOUNDATION TRUST,100,General Surgery Service,56194.95556640625,0,0.0,56194.9557,0.0,0.0,Optimal,500,0,23732413.77608013,23727413.7777371,5000.0
pessimistic_p90,RM1,NORFOLK AND NORWICH UNIVERSITY HOSPITALS NHS FOUNDATION TRUST,160,Plastic Surgery Service,11816.05810546875,0,0.0,11816.05805,0.0,0.0,Optimal,500,0,23732413.77608013,23727413.7777371,5000.0
pessimistic_p90,RLT,GEORGE ELIOT HOSPITAL NHS TRUST,110,Trauma and Orthopaedic Service,12190.651916503906,0,0.0,12190.65206,0.0,0.0,Optimal,500,0,23732413.77608013,23727413.7777371,5000.0
pessimistic_p90,RM1,NORFOLK AND NORWICH UNIVERSITY HOSPITALS NHS FOUNDATION TRUST,140,Oral Surgery Service,15154.172119140625,0,0.0,15154.1721,0.0,0.0,Optimal,500,0,23732413.77608013,23727413.7777371,5000.0
pessimistic_p90,RM1,NORFOLK AND NORWICH UNIVERSITY HOSPITALS NHS FOUNDATION TRUST,130,Ophthalmology Service,19836.805541992188,0,0.0,19836.8053,0.0,0.0,Optimal,500,0,23732413.77608013,23727413.7777371,5000.0
pessimistic_p90,RM1,NORFOLK AND NORWICH UNIVERSITY HOSPITALS NHS FOUNDATION TRUST,120,Ear Nose and Throat Service,33159.888916015625,0,0.0,33159.8888,0.0,0.0,Optimal,500,0,23732413.77608013,23727413.7777371,5000.0
pessimistic_p90,RM1,NORFOLK AND NORWICH UNIVERSITY HOSPITALS NHS FOUNDATION TRUST,110,Trauma and Orthopaedic Service,109027.3251953125,0,0.0,109027.3251,0.0,0.0,Optimal,500,0,23732413.77608013,23727413.7777371,5000.0
pessimistic_p90,RM1,NORFOLK AND NORWICH UNIVERSITY HOSPITALS NHS FOUNDATION TRUST,101,Urology Service,25028.961547851562,0,0.0,25028.9615,0.0,0.0,Optimal,500,0,23732413.77608013,23727413.7777371,5000.0
pessimistic_p90,RM1,NORFOLK AND NORWICH UNIVERSITY HOSPITALS NHS FOUNDATION TRUST,100,General Surgery Service,29214.811767578125,0,0.0,29214.811700000002,0.0,0.0,Optimal,500,0,23732413.77608013,23727413.7777371,5000.0
pessimistic_p90,RLT,GEORGE ELIOT HOSPITAL NHS TRUST,502,Gynaecology Service,2731.912628173828,0,0.0,2731.91264,0.0,0.0,Optimal,500,0,23732413.77608013,23727413.7777371,5000.0
pessimistic_p90,RLT,GEORGE ELIOT HOSPITAL NHS TRUST,160,Plastic Surgery Service,2001.0221252441406,0,0.0,2001.02213,0.0,0.0,Optimal,500,0,23732413.77608013,23727413.7777371,5000.0
pessimistic_p90,RLT,GEORGE ELIOT HOSPITAL NHS TRUST,140,Oral Surgery Service,2490.5147705078125,0,0.0,2490.51476,0.0,0.0,Optimal,500,0,23732413.77608013,23727413.7777371,5000.0
pessimistic_p90,RLT,GEORGE ELIOT HOSPITAL NHS TRUST,130,Ophthalmology Service,3119.573287963867,0,0.0,3119.57328,0.0,0.0,Optimal,500,0,23732413.77608013,23727413.7777371,5000.0
pessimistic_p90,RMC,BOLTON NHS FOUNDATION TRUST,101,Urology Service,13160.458740234375,0,0.0,13160.4586,0.0,0.0,Optimal,500,0,23732413.77608013,23727413.7777371,5000.0
pessimistic_p90,RMC,BOLTON NHS FOUNDATION TRUST,110,Trauma and Orthopaedic Service,29034.091186523438,0,0.0,29034.0912,0.0,0.0,Optimal,500,0,23732413.77608013,23727413.7777371,5000.0
pessimistic_p90,RMC,BOLTON NHS FOUNDATION TRUST,120,Ear Nose and Throat Service,21698.837158203125,0,0.0,21698.837199999998,0.0,0.0,Optimal,500,0,23732413.77608013,23727413.7777371,5000.0
pessimistic_p90,RMC,BOLTON NHS FOUNDATION TRUST,130,Ophthalmology Service,17083.02783203125,0,0.0,17083.0277,0.0,0.0,Optimal,500,0,23732413.77608013,23727413.7777371,5000.0
pessimistic_p90,RN5,HAMPSHIRE HOSPITALS NHS FOUNDATION TRUST,120,Ear Nose and Throat Service,20322.345336914062,0,0.0,20322.3453,0.0,0.0,Optimal,500,0,23732413.77608013,23727413.7777371,5000.0
pessimistic_p90,RN5,HAMPSHIRE HOSPITALS NHS FOUNDATION TRUST,110,Trauma and Orthopaedic Service,106465.9052734375,0,0.0,106465.9053,0.0,0.0,Optimal,500,0,23732413.77608013,23727413.7777371,5000.0
pessimistic_p90,RN5,HAMPSHIRE HOSPITALS NHS FOUNDATION TRUST,101,Urology Service,13991.939758300781,0,0.0,13991.9399,0.0,0.0,Optimal,500,0,23732413.77608013,23727413.7777371,5000.0
pessimistic_p90,RN5,HAMPSHIRE HOSPITALS NHS FOUNDATION TRUST,100,General Surgery Service,17925.650268554688,0,0.0,17925.6501,0.0,0.0,Optimal,500,0,23732413.77608013,23727413.7777371,5000.0
pessimistic_p90,RN3,GREAT WESTERN HOSPITALS NHS FOUNDATION TRUST,502,Gynaecology Service,11014.605407714844,0,0.0,11014.60541,0.0,0.0,Optimal,500,0,23732413.77608013,23727413.7777371,5000.0
pessimistic_p90,RN3,GREAT WESTERN HOSPITALS NHS FOUNDATION TRUST,160,Plastic Surgery Service,1604.8560028076172,0,0.0,1604.85598,0.0,0.0,Optimal,500,0,23732413.77608013,23727413.7777371,5000.0
pessimistic_p90,RN3,GREAT WESTERN HOSPITALS NHS FOUNDATION TRUST,140,Oral Surgery Service,5608.469268798828,0,0.0,5608.46927,0.0,0.0,Optimal,500,0,23732413.77608013,23727413.7777371,5000.0
pessimistic_p90,RN3,GREAT WESTERN HOSPITALS NHS FOUNDATION TRUST,130,Ophthalmology Service,14903.46728515625,0,0.0,14903.4671,0.0,0.0,Optimal,500,0,23732413.77608013,23727413.7777371,5000.0
pessimistic_p90,RN3,GREAT WESTERN HOSPITALS NHS FOUNDATION TRUST,120,Ear Nose and Throat Service,14680.752807617188,0,0.0,14680.7529,0.0,0.0,Optimal,500,0,23732413.77608013,23727413.7777371,5000.0
pessimistic_p90,RN3,GREAT WESTERN HOSPITALS NHS FOUNDATION TRUST,110,Trauma and Orthopaedic Service,46676.70556640625,0,0.0,46676.7055,0.0,0.0,Optimal,500,0,23732413.77608013,23727413.7777371,5000.0
pessimistic_p90,RN3,GREAT WESTERN HOSPITALS NHS FOUNDATION TRUST,101,Urology Service,12573.693237304688,0,0.0,12573.69333,0.0,0.0,Optimal,500,0,23732413.77608013,23727413.7777371,5000.0
pessimistic_p90,RN3,GREAT WESTERN HOSPITALS NHS FOUNDATION TRUST,100,General Surgery Service,23750.792724609375,0,0.0,23750.7927,0.0,0.0,Optimal,500,0,23732413.77608013,23727413.7777371,5000.0
pessimistic_p90,RMP,TAMESIDE AND GLOSSOP INTEGRATED CARE NHS FOUNDATION TRUST,502,Gynaecology Service,13445.03955078125,0,0.0,13445.0396,0.0,0.0,Optimal,500,0,23732413.77608013,23727413.7777371,5000.0
pessimistic_p90,RMP,TAMESIDE AND GLOSSOP INTEGRATED CARE NHS FOUNDATION TRUST,140,Oral Surgery Service,10353.961975097656,0,0.0,10353.96197,0.0,0.0,Optimal,500,0,23732413.77608013,23727413.7777371,5000.0
pessimistic_p90,RMP,TAMESIDE AND GLOSSOP INTEGRATED CARE NHS FOUNDATION TRUST,120,Ear Nose and Throat Service,6523.921966552734,0,0.0,6523.92195,0.0,0.0,Optimal,500,0,23732413.77608013,23727413.7777371,5000.0
pessimistic_p90,RMP,TAMESIDE AND GLOSSOP INTEGRATED CARE NHS FOUNDATION TRUST,110,Trauma and Orthopaedic Service,49047.8916015625,0,0.0,49047.8916,0.0,0.0,Optimal,500,0,23732413.77608013,23727413.7777371,5000.0
pessimistic_p90,RMP,TAMESIDE AND GLOSSOP INTEGRATED CARE NHS FOUNDATION TRUST,101,Urology Service,1104.6791610717773,0,0.0,1104.67916,0.0,0.0,Optimal,500,0,23732413.77608013,23727413.7777371,5000.0
pessimistic_p90,RMP,TAMESIDE AND GLOSSOP INTEGRATED CARE NHS FOUNDATION TRUST,100,General Surgery Service,14227.574096679688,0,0.0,14227.5742,0.0,0.0,Optimal,500,0,23732413.77608013,23727413.7777371,5000.0
pessimistic_p90,RMC,BOLTON NHS FOUNDATION TRUST,502,Gynaecology Service,8746.698486328125,0,0.0,8746.69849,0.0,0.0,Optimal,500,0,23732413.77608013,23727413.7777371,5000.0
pessimistic_p90,RMC,BOLTON NHS FOUNDATION TRUST,160,Plastic Surgery Service,7231.799743652344,0,0.0,7231.79975,0.0,0.0,Optimal,500,0,23732413.77608013,23727413.7777371,5000.0
pessimistic_p90,RMC,BOLTON NHS FOUNDATION TRUST,140,Oral Surgery Service,7292.6046142578125,0,0.0,7292.6046,0.0,0.0,Optimal,500,0,23732413.77608013,23727413.7777371,5000.0
pessimistic_p90,RLT,GEORGE ELIOT HOSPITAL NHS TRUST,120,Ear Nose and Throat Service,2355.7332305908203,0,0.0,2355.73321,0.0,0.0,Optimal,500,0,23732413.77608013,23727413.7777371,5000.0
pessimistic_p90,RLT,GEORGE ELIOT HOSPITAL NHS TRUST,101,Urology Service,3331.1810760498047,0,0.0,3331.18107,0.0,0.0,Optimal,500,0,23732413.77608013,23727413.7777371,5000.0
pessimistic_p90,RK5,SHERWOOD FOREST HOSPITALS NHS FOUNDATION TRUST,160,Plastic Surgery Service,2555.9295654296875,0,0.0,2555.92958,0.0,0.0,Optimal,500,0,23732413.77608013,23727413.7777371,5000.0
pessimistic_p90,RKB,UNIVERSITY HOSPITALS COVENTRY AND WARWICKSHIRE NHS TRUST,100,General Surgery Service,13322.437805175781,0,0.0,13322.4378,0.0,0.0,Optimal,500,0,23732413.77608013,23727413.7777371,5000.0
pessimistic_p90,RKE,WHITTINGTON HEALTH NHS TRUST,100,General Surgery Service,30175.75537109375,0,0.0,30175.755400000002,0.0,0.0,Optimal,500,0,23732413.77608013,23727413.7777371,5000.0
pessimistic_p90,RKB,UNIVERSITY HOSPITALS COVENTRY AND WARWICKSHIRE NHS TRUST,502,Gynaecology Service,10429.905883789062,0,0.0,10429.90587,0.0,0.0,Optimal,500,0,23732413.77608013,23727413.7777371,5000.0
pessimistic_p90,RKB,UNIVERSITY HOSPITALS COVENTRY AND WARWICKSHIRE NHS TRUST,170,Cardiothoracic Surgery Service,3528.18310546875,0,0.0,3528.18309,0.0,0.0,Optimal,500,0,23732413.77608013,23727413.7777371,5000.0
pessimistic_p90,RKB,UNIVERSITY HOSPITALS COVENTRY AND WARWICKSHIRE NHS TRUST,160,Plastic Surgery Service,6549.452545166016,0,0.0,6549.45254,0.0,0.0,Optimal,500,0,23732413.77608013,23727413.7777371,5000.0
pessimistic_p90,RKB,UNIVERSITY HOSPITALS COVENTRY AND WARWICKSHIRE NHS TRUST,150,Neurosurgical Service,12923.686767578125,0,0.0,12923.68673,0.0,0.0,Optimal,500,0,23732413.77608013,23727413.7777371,5000.0
pessimistic_p90,RKB,UNIVERSITY HOSPITALS COVENTRY AND WARWICKSHIRE NHS TRUST,140,Oral Surgery Service,21416.084594726562,0,0.0,21416.0845,0.0,0.0,Optimal,500,0,23732413.77608013,23727413.7777371,5000.0
pessimistic_p90,RKB,UNIVERSITY HOSPITALS COVENTRY AND WARWICKSHIRE NHS TRUST,130,Ophthalmology Service,20891.304565429688,0,0.0,20891.3045,0.0,0.0,Optimal,500,0,23732413.77608013,23727413.7777371,5000.0
pessimistic_p90,RKB,UNIVERSITY HOSPITALS COVENTRY AND WARWICKSHIRE NHS TRUST,120,Ear Nose and Throat Service,31693.38818359375,0,0.0,31693.388,0.0,0.0,Optimal,500,0,23732413.77608013,23727413.7777371,5000.0
pessimistic_p90,RKB,UNIVERSITY HOSPITALS COVENTRY AND WARWICKSHIRE NHS TRUST,110,Trauma and Orthopaedic Service,42891.417724609375,0,0.0,42891.4176,0.0,0.0,Optimal,500,0,23732413.77608013,23727413.7777371,5000.0
pessimistic_p90,RKB,UNIVERSITY HOSPITALS COVENTRY AND WARWICKSHIRE NHS TRUST,101,Urology Service,10211.4599609375,0,0.0,10211.45996,0.0,0.0,Optimal,500,0,23732413.77608013,23727413.7777371,5000.0
pessimistic_p90,RK9,UNIVERSITY HOSPITALS PLYMOUTH NHS TRUST,502,Gynaecology Service,16356.492065429688,0,0.0,16356.4921,0.0,0.0,Optimal,500,0,23732413.77608013,23727413.7777371,5000.0
pessimistic_p90,RLT,GEORGE ELIOT HOSPITAL NHS TRUST,100,General Surgery Service,7011.700012207031,0,0.0,7011.70002,0.0,0.0,Optimal,500,0,23732413.77608013,23727413.7777371,5000.0
pessimistic_p90,RK9,UNIVERSITY HOSPITALS PLYMOUTH NHS TRUST,170,Cardiothoracic Surgery Service,6548.30517578125,0,0.0,6548.30519,0.0,0.0,Optimal,500,0,23732413.77608013,23727413.7777371,5000.0
pessimistic_p90,RK9,UNIVERSITY HOSPITALS PLYMOUTH NHS TRUST,160,Plastic Surgery Service,18809.909790039062,0,0.0,18809.9098,0.0,0.0,Optimal,500,0,23732413.77608013,23727413.7777371,5000.0
pessimistic_p90,RK9,UNIVERSITY HOSPITALS PLYMOUTH NHS TRUST,150,Neurosurgical Service,7915.931945800781,0,0.0,7915.93194,0.0,0.0,Optimal,500,0,23732413.77608013,23727413.7777371,5000.0
pessimistic_p90,RK9,UNIVERSITY HOSPITALS PLYMOUTH NHS TRUST,130,Ophthalmology Service,30066.58251953125,0,0.0,30066.5824,0.0,0.0,Optimal,500,0,23732413.77608013,23727413.7777371,5000.0
pessimistic_p90,RK9,UNIVERSITY HOSPITALS PLYMOUTH NHS TRUST,120,Ear Nose and Throat Service,21696.90576171875,0,0.0,21696.9058,0.0,0.0,Optimal,500,0,23732413.77608013,23727413.7777371,5000.0
pessimistic_p90,RK9,UNIVERSITY HOSPITALS PLYMOUTH NHS TRUST,110,Trauma and Orthopaedic Service,44163.681884765625,0,0.0,44163.6819,0.0,0.0,Optimal,500,0,23732413.77608013,23727413.7777371,5000.0
pessimistic_p90,RK9,UNIVERSITY HOSPITALS PLYMOUTH NHS TRUST,101,Urology Service,14399.53271484375,0,0.0,14399.5328,0.0,0.0,Optimal,500,0,23732413.77608013,23727413.7777371,5000.0
pessimistic_p90,RK9,UNIVERSITY HOSPITALS PLYMOUTH NHS TRUST,100,General Surgery Service,329.67592430114746,0,0.0,329.675924,0.0,0.0,Optimal,500,0,23732413.77608013,23727413.7777371,5000.0
pessimistic_p90,RHU,PORTSMOUTH HOSPITALS UNIVERSITY NHS TRUST,100,General Surgery Service,35603.462646484375,0,0.0,35603.4627,0.0,0.0,Optimal,500,0,23732413.77608013,23727413.7777371,5000.0
pessimistic_p90,RK5,SHERWOOD FOREST HOSPITALS NHS FOUNDATION TRUST,502,Gynaecology Service,18240.795043945312,0,0.0,18240.7949,0.0,0.0,Optimal,500,0,23732413.77608013,23727413.7777371,5000.0
pessimistic_p90,RKE,WHITTINGTON HEALTH NHS TRUST,101,Urology Service,5153.8143310546875,0,0.0,5153.81432,0.0,0.0,Optimal,500,0,23732413.77608013,23727413.7777371,5000.0
pessimistic_p90,RKE,WHITTINGTON HEALTH NHS TRUST,110,Trauma and Orthopaedic Service,18329.333618164062,0,0.0,18329.3335,0.0,0.0,Optimal,500,0,23732413.77608013,23727413.7777371,5000.0
pessimistic_p90,RKE,WHITTINGTON HEALTH NHS TRUST,120,Ear Nose and Throat Service,1299.1939697265625,0,0.0,1299.193969,0.0,0.0,Optimal,500,0,23732413.77608013,23727413.7777371,5000.0
pessimistic_p90,RKE,WHITTINGTON HEALTH NHS TRUST,130,Ophthalmology Service,2191.505630493164,0,0.0,2191.50564,0.0,0.0,Optimal,500,0,23732413.77608013,23727413.7777371,5000.0
pessimistic_p90,RLQ,WYE VALLEY NHS TRUST,502,Gynaecology Service,9573.906127929688,0,0.0,9573.90612,0.0,0.0,Optimal,500,0,23732413.77608013,23727413.7777371,5000.0
pessimistic_p90,RLQ,WYE VALLEY NHS TRUST,170,Cardiothoracic Surgery Service,206.49118614196777,0,0.0,206.491185,0.0,0.0,Optimal,500,0,23732413.77608013,23727413.7777371,5000.0
pessimistic_p90,RLQ,WYE VALLEY NHS TRUST,160,Plastic Surgery Service,4562.249664306641,0,0.0,4562.24967,0.0,0.0,Optimal,500,0,23732413.77608013,23727413.7777371,5000.0
pessimistic_p90,RLQ,WYE VALLEY NHS TRUST,140,Oral Surgery Service,5719.138275146484,0,0.0,5719.13826,0.0,0.0,Optimal,500,0,23732413.77608013,23727413.7777371,5000.0
pessimistic_p90,RLQ,WYE VALLEY NHS TRUST,130,Ophthalmology Service,16005.685791015625,0,0.0,16005.6858,0.0,0.0,Optimal,500,0,23732413.77608013,23727413.7777371,5000.0
pessimistic_p90,RLQ,WYE VALLEY NHS TRUST,120,Ear Nose and Throat Service,8767.253784179688,0,0.0,8767.25379,0.0,0.0,Optimal,500,0,23732413.77608013,23727413.7777371,5000.0
pessimistic_p90,RLQ,WYE VALLEY NHS TRUST,110,Trauma and Orthopaedic Service,64840.080078125,0,0.0,64840.0801,0.0,0.0,Optimal,500,0,23732413.77608013,23727413.7777371,5000.0
pessimistic_p90,RLQ,WYE VALLEY NHS TRUST,101,Urology Service,10174.321960449219,0,0.0,10174.32194,0.0,0.0,Optimal,500,0,23732413.77608013,23727413.7777371,5000.0
pessimistic_p90,RLQ,WYE VALLEY NHS TRUST,100,General Surgery Service,8485.355346679688,0,0.0,8485.35534,0.0,0.0,Optimal,500,0,23732413.77608013,23727413.7777371,5000.0
pessimistic_p90,RL4,THE ROYAL WOLVERHAMPTON NHS TRUST,502,Gynaecology Service,19336.44091796875,0,0.0,19336.4408,0.0,0.0,Optimal,500,0,23732413.77608013,23727413.7777371,5000.0
pessimistic_p90,RL4,THE ROYAL WOLVERHAMPTON NHS TRUST,160,Plastic Surgery Service,1481.7178573608398,0,0.0,1481.71786,0.0,0.0,Optimal,500,0,23732413.77608013,23727413.7777371,5000.0
pessimistic_p90,RL4,THE ROYAL WOLVERHAMPTON NHS TRUST,140,Oral Surgery Service,9335.546875,0,0.0,9335.54687,0.0,0.0,Optimal,500,0,23732413.77608013,23727413.7777371,5000.0
pessimistic_p90,RL4,THE ROYAL WOLVERHAMPTON NHS TRUST,130,Ophthalmology Service,36557.736328125,0,0.0,36557.7363,0.0,0.0,Optimal,500,0,23732413.77608013,23727413.7777371,5000.0
pessimistic_p90,RL4,THE ROYAL WOLVERHAMPTON NHS TRUST,120,Ear Nose and Throat Service,14331.290771484375,0,0.0,14331.2906,0.0,0.0,Optimal,500,0,23732413.77608013,23727413.7777371,5000.0
pessimistic_p90,RL4,THE ROYAL WOLVERHAMPTON NHS TRUST,110,Trauma and Orthopaedic Service,75622.14892578125,0,0.0,75622.149,0.0,0.0,Optimal,500,0,23732413.77608013,23727413.7777371,5000.0
pessimistic_p90,RL4,THE ROYAL WOLVERHAMPTON NHS TRUST,101,Urology Service,25171.729858398438,0,0.0,25171.73,0.0,0.0,Optimal,500,0,23732413.77608013,23727413.7777371,5000.0
pessimistic_p90,RL4,THE ROYAL WOLVERHAMPTON NHS TRUST,100,General Surgery Service,8063.479675292969,0,0.0,8063.479670000001,0.0,0.0,Optimal,500,0,23732413.77608013,23727413.7777371,5000.0
pessimistic_p90,RL1,THE ROBERT JONES AND AGNES HUNT ORTHOPAEDIC HOSPITAL NHS FOUNDATION TRUST,110,Trauma and Orthopaedic Service,224022.3662109375,0,0.0,224022.367,0.0,0.0,Optimal,500,0,23732413.77608013,23727413.7777371,5000.0
pessimistic_p90,RKE,WHITTINGTON HEALTH NHS TRUST,502,Gynaecology Service,5980.724090576172,0,0.0,5980.72409,0.0,0.0,Optimal,500,0,23732413.77608013,23727413.7777371,5000.0
pessimistic_p90,RKE,WHITTINGTON HEALTH NHS TRUST,160,Plastic Surgery Service,873.2050094604492,0,0.0,873.205008,0.0,0.0,Optimal,500,0,23732413.77608013,23727413.7777371,5000.0
pessimistic_p90,RKE,WHITTINGTON HEALTH NHS TRUST,140,Oral Surgery Service,8161.221466064453,0,0.0,8161.22145,0.0,0.0,Optimal,500,0,23732413.77608013,23727413.7777371,5000.0
pessimistic_p90,RHU,PORTSMOUTH HOSPITALS UNIVERSITY NHS TRUST,101,Urology Service,13867.713012695312,0,0.0,13867.713,0.0,0.0,Optimal,500,0,23732413.77608013,23727413.7777371,5000.0
pessimistic_p90,RHM,UNIVERSITY HOSPITAL SOUTHAMPTON NHS FOUNDATION TRUST,140,Oral Surgery Service,12071.586059570312,0,0.0,12071.58606,0.0,0.0,Optimal,500,0,23732413.77608013,23727413.7777371,5000.0
pessimistic_p90,RHM,UNIVERSITY HOSPITAL SOUTHAMPTON NHS FOUNDATION TRUST,502,Gynaecology Service,19909.859375,0,0.0,19909.8594,0.0,0.0,Optimal,500,0,23732413.77608013,23727413.7777371,5000.0
pessimistic_p90,RCF,AIREDALE NHS FOUNDATION TRUST,160,Plastic Surgery Service,656.2916374206543,0,0.0,656.291637,0.0,0.0,Optimal,500,0,23732413.77608013,23727413.7777371,5000.0
pessimistic_p90,RCX,"THE QUEEN ELIZABETH HOSPITAL, KING'S LYNN, NHS FOUNDATION TRUST",502,Gynaecology Service,8200.334167480469,0,0.0,8200.33417,0.0,0.0,Optimal,500,0,23732413.77608013,23727413.7777371,5000.0
pessimistic_p90,RCX,"THE QUEEN ELIZABETH HOSPITAL, KING'S LYNN, NHS FOUNDATION TRUST",160,Plastic Surgery Service,853.0353775024414,0,0.0,853.0353769999999,0.0,0.0,Optimal,500,0,23732413.77608013,23727413.7777371,5000.0
pessimistic_p90,RCX,"THE QUEEN ELIZABETH HOSPITAL, KING'S LYNN, NHS FOUNDATION TRUST",140,Oral Surgery Service,6585.448303222656,0,0.0,6585.4483,0.0,0.0,Optimal,500,0,23732413.77608013,23727413.7777371,5000.0
pessimistic_p90,RCX,"THE QUEEN ELIZABETH HOSPITAL, KING'S LYNN, NHS FOUNDATION TRUST",130,Ophthalmology Service,15563.658203125,0,0.0,15563.6582,0.0,0.0,Optimal,500,0,23732413.77608013,23727413.7777371,5000.0
pessimistic_p90,RCX,"THE QUEEN ELIZABETH HOSPITAL, KING'S LYNN, NHS FOUNDATION TRUST",120,Ear Nose and Throat Service,11351.668823242188,0,0.0,11351.66885,0.0,0.0,Optimal,500,0,23732413.77608013,23727413.7777371,5000.0
pessimistic_p90,RCX,"THE QUEEN ELIZABETH HOSPITAL, KING'S LYNN, NHS FOUNDATION TRUST",110,Trauma and Orthopaedic Service,24239.734252929688,0,0.0,24239.7341,0.0,0.0,Optimal,500,0,23732413.77608013,23727413.7777371,5000.0
pessimistic_p90,RCX,"THE QUEEN ELIZABETH HOSPITAL, KING'S LYNN, NHS FOUNDATION TRUST",101,Urology Service,7149.0528564453125,0,0.0,7149.05284,0.0,0.0,Optimal,500,0,23732413.77608013,23727413.7777371,5000.0
pessimistic_p90,RCX,"THE QUEEN ELIZABETH HOSPITAL, KING'S LYNN, NHS FOUNDATION TRUST",100,General Surgery Service,9648.665466308594,0,0.0,9648.66549,0.0,0.0,Optimal,500,0,23732413.77608013,23727413.7777371,5000.0
pessimistic_p90,RCU,SHEFFIELD CHILDREN'S NHS FOUNDATION TRUST,140,Oral Surgery Service,3300.126678466797,0,0.0,3300.12668,0.0,0.0,Optimal,500,0,23732413.77608013,23727413.7777371,5000.0
pessimistic_p90,RCF,AIREDALE NHS FOUNDATION TRUST,502,Gynaecology Service,8185.02734375,0,0.0,8185.02736,0.0,0.0,Optimal,500,0,23732413.77608013,23727413.7777371,5000.0
pessimistic_p90,RCF,AIREDALE NHS FOUNDATION TRUST,140,Oral Surgery Service,2316.3494415283203,0,0.0,2316.34944,0.0,0.0,Optimal,500,0,23732413.77608013,23727413.7777371,5000.0
pessimistic_p90,RD1,ROYAL UNITED HOSPITALS BATH NHS FOUNDATION TRUST,101,Urology Service,7558.165344238281,0,0.0,7558.16536,0.0,0.0,Optimal,500,0,23732413.77608013,23727413.7777371,5000.0
pessimistic_p90,RCF,AIREDALE NHS FOUNDATION TRUST,130,Ophthalmology Service,2427.720932006836,0,0.0,2427.72096,0.0,0.0,Optimal,500,0,23732413.77608013,23727413.7777371,5000.0
pessimistic_p90,RCF,AIREDALE NHS FOUNDATION TRUST,120,Ear Nose and Throat Service,2118.277603149414,0,0.0,2118.27761,0.0,0.0,Optimal,500,0,23732413.77608013,23727413.7777371,5000.0
pessimistic_p90,RCF,AIREDALE NHS FOUNDATION TRUST,110,Trauma and Orthopaedic Service,23619.732055664062,0,0.0,23619.732,0.0,0.0,Optimal,500,0,23732413.77608013,23727413.7777371,5000.0
pessimistic_p90,RCF,AIREDALE NHS FOUNDATION TRUST,101,Urology Service,6679.949462890625,0,0.0,6679.94945,0.0,0.0,Optimal,500,0,23732413.77608013,23727413.7777371,5000.0
pessimistic_p90,RCF,AIREDALE NHS FOUNDATION TRUST,100,General Surgery Service,15123.30517578125,0,0.0,15123.3052,0.0,0.0,Optimal,500,0,23732413.77608013,23727413.7777371,5000.0
pessimistic_p90,RCD,HARROGATE AND DISTRICT NHS FOUNDATION TRUST,502,Gynaecology Service,6798.380035400391,0,0.0,6798.38004,0.0,0.0,Optimal,500,0,23732413.77608013,23727413.7777371,5000.0
pessimistic_p90,RCD,HARROGATE AND DISTRICT NHS FOUNDATION TRUST,140,Oral Surgery Service,5990.297393798828,0,0.0,5990.29739,0.0,0.0,Optimal,500,0,23732413.77608013,23727413.7777371,5000.0
pessimistic_p90,RCD,HARROGATE AND DISTRICT NHS FOUNDATION TRUST,130,Ophthalmology Service,12877.994934082031,0,0.0,12877.99503,0.0,0.0,Optimal,500,0,23732413.77608013,23727413.7777371,5000.0
pessimistic_p90,RCD,HARROGATE AND DISTRICT NHS FOUNDATION TRUST,120,Ear Nose and Throat Service,5362.860290527344,0,0.0,5362.86029,0.0,0.0,Optimal,500,0,23732413.77608013,23727413.7777371,5000.0
pessimistic_p90,RCD,HARROGATE AND DISTRICT NHS FOUNDATION TRUST,110,Trauma and Orthopaedic Service,39274.4443359375,0,0.0,39274.4443,0.0,0.0,Optimal,500,0,23732413.77608013,23727413.7777371,5000.0
pessimistic_p90,RD1,ROYAL UNITED HOSPITALS BATH NHS FOUNDATION TRUST,100,General Surgery Service,14667.766357421875,0,0.0,14667.7664,0.0,0.0,Optimal,500,0,23732413.77608013,23727413.7777371,5000.0
pessimistic_p90,RD1,ROYAL UNITED HOSPITALS BATH NHS FOUNDATION TRUST,110,Trauma and Orthopaedic Service,29684.2607421875,0,0.0,29684.2607,0.0,0.0,Optimal,500,0,23732413.77608013,23727413.7777371,5000.0
pessimistic_p90,RHM,UNIVERSITY HOSPITAL SOUTHAMPTON NHS FOUNDATION TRUST,170,Cardiothoracic Surgery Service,3793.5936889648438,0,0.0,3793.59369,0.0,0.0,Optimal,500,0,23732413.77608013,23727413.7777371,5000.0
pessimistic_p90,RDE,EAST SUFFOLK AND NORTH ESSEX NHS FOUNDATION TRUST,110,Trauma and Orthopaedic Service,83158.65869140625,0,0.0,83158.6587,0.0,0.0,Optimal,500,0,23732413.77608013,23727413.7777371,5000.0
pessimistic_p90,RDU,FRIMLEY HEALTH NHS FOUNDATION TRUST,160,Plastic Surgery Service,26220.793701171875,0,0.0,26220.7938,0.0,0.0,Optimal,500,0,23732413.77608013,23727413.7777371,5000.0
pessimistic_p90,RDU,FRIMLEY HEALTH NHS FOUNDATION TRUST,140,Oral Surgery Service,7765.060974121094,0,0.0,7765.06096,0.0,0.0,Optimal,500,0,23732413.77608013,23727413.7777371,5000.0
pessimistic_p90,RDU,FRIMLEY HEALTH NHS FOUNDATION TRUST,120,Ear Nose and Throat Service,30154.06787109375,0,0.0,30154.0677,0.0,0.0,Optimal,500,0,23732413.77608013,23727413.7777371,5000.0
pessimistic_p90,RDU,FRIMLEY HEALTH NHS FOUNDATION TRUST,110,Trauma and Orthopaedic Service,175377.568359375,0,0.0,175377.569,0.0,0.0,Optimal,500,0,23732413.77608013,23727413.7777371,5000.0
pessimistic_p90,RDU,FRIMLEY HEALTH NHS FOUNDATION TRUST,101,Urology Service,31029.29052734375,0,0.0,31029.2905,0.0,0.0,Optimal,500,0,23732413.77608013,23727413.7777371,5000.0
pessimistic_p90,RDU,FRIMLEY HEALTH NHS FOUNDATION TRUST,100,General Surgery Service,6544.740051269531,0,0.0,6544.74007,0.0,0.0,Optimal,500,0,23732413.77608013,23727413.7777371,5000.0
pessimistic_p90,RDE,EAST SUFFOLK AND NORTH ESSEX NHS FOUNDATION TRUST,502,Gynaecology Service,25682.9287109375,0,0.0,25682.9288,0.0,0.0,Optimal,500,0,23732413.77608013,23727413.7777371,5000.0
pessimistic_p90,RDE,EAST SUFFOLK AND NORTH ESSEX NHS FOUNDATION TRUST,160,Plastic Surgery Service,2391.3263092041016,0,0.0,2391.32631,0.0,0.0,Optimal,500,0,23732413.77608013,23727413.7777371,5000.0
pessimistic_p90,RDE,EAST SUFFOLK AND NORTH ESSEX NHS FOUNDATION TRUST,140,Oral Surgery Service,13298.692199707031,0,0.0,13298.69237,0.0,0.0,Optimal,500,0,23732413.77608013,23727413.7777371,5000.0
pessimistic_p90,RDE,EAST SUFFOLK AND NORTH ESSEX NHS FOUNDATION TRUST,120,Ear Nose and Throat Service,24351.906982421875,0,0.0,24351.907,0.0,0.0,Optimal,500,0,23732413.77608013,23727413.7777371,5000.0
pessimistic_p90,RDE,EAST SUFFOLK AND NORTH ESSEX NHS FOUNDATION TRUST,101,Urology Service,15325.812744140625,0,0.0,15325.8128,0.0,0.0,Optimal,500,0,23732413.77608013,23727413.7777371,5000.0
pessimistic_p90,RD1,ROYAL UNITED HOSPITALS BATH NHS FOUNDATION TRUST,120,Ear Nose and Throat Service,12687.114318847656,0,0.0,12687.11432,0.0,0.0,Optimal,500,0,23732413.77608013,23727413.7777371,5000.0
pessimistic_p90,RDE,EAST SUFFOLK AND NORTH ESSEX NHS FOUNDATION TRUST,100,General Surgery Service,22631.898803710938,0,0.0,22631.8989,0.0,0.0,Optimal,500,0,23732413.77608013,23727413.7777371,5000.0
pessimistic_p90,RD8,MILTON KEYNES UNIVERSITY HOSPITAL NHS FOUNDATION TRUST,502,Gynaecology Service,19236.328979492188,0,0.0,19236.329,0.0,0.0,Optimal,500,0,23732413.77608013,23727413.7777371,5000.0
pessimistic_p90,RD8,MILTON KEYNES UNIVERSITY HOSPITAL NHS FOUNDATION TRUST,140,Oral Surgery Service,6801.218841552734,0,0.0,6801.21885,0.0,0.0,Optimal,500,0,23732413.77608013,23727413.7777371,5000.0
pessimistic_p90,RD8,MILTON KEYNES UNIVERSITY HOSPITAL NHS FOUNDATION TRUST,120,Ear Nose and Throat Service,12305.967956542969,0,0.0,12305.96798,0.0,0.0,Optimal,500,0,23732413.77608013,23727413.7777371,5000.0
pessimistic_p90,RD8,MILTON KEYNES UNIVERSITY HOSPITAL NHS FOUNDATION TRUST,110,Trauma and Orthopaedic Service,18929.150634765625,0,0.0,18929.1507,0.0,0.0,Optimal,500,0,23732413.77608013,23727413.7777371,5000.0
pessimistic_p90,RD8,MILTON KEYNES UNIVERSITY HOSPITAL NHS FOUNDATION TRUST,101,Urology Service,16063.027465820312,0,0.0,16063.027399999999,0.0,0.0,Optimal,500,0,23732413.77608013,23727413.7777371,5000.0
pessimistic_p90,RD8,MILTON KEYNES UNIVERSITY HOSPITAL NHS FOUNDATION TRUST,100,General Surgery Service,12460.17822265625,0,0.0,12460.17834,0.0,0.0,Optimal,500,0,23732413.77608013,23727413.7777371,5000.0
pessimistic_p90,RD1,ROYAL UNITED HOSPITALS BATH NHS FOUNDATION TRUST,502,Gynaecology Service,12005.517028808594,0,0.0,12005.517029999999,0.0,0.0,Optimal,500,0,23732413.77608013,23727413.7777371,5000.0
pessimistic_p90,RD1,ROYAL UNITED HOSPITALS BATH NHS FOUNDATION TRUST,140,Oral Surgery Service,8668.440185546875,0,0.0,8668.44019,0.0,0.0,Optimal,500,0,23732413.77608013,23727413.7777371,5000.0
pessimistic_p90,RD1,ROYAL UNITED HOSPITALS BATH NHS FOUNDATION TRUST,130,Ophthalmology Service,13892.708374023438,0,0.0,13892.7084,0.0,0.0,Optimal,500,0,23732413.77608013,23727413.7777371,5000.0
pessimistic_p90,RCD,HARROGATE AND DISTRICT NHS FOUNDATION TRUST,101,Urology Service,5772.987731933594,0,0.0,5772.98773,0.0,0.0,Optimal,500,0,23732413.77608013,23727413.7777371,5000.0
pessimistic_p90,RCD,HARROGATE AND DISTRICT NHS FOUNDATION TRUST,100,General Surgery Service,9974.509399414062,0,0.0,9974.50938,0.0,0.0,Optimal,500,0,23732413.77608013,23727413.7777371,5000.0
pessimistic_p90,RCB,YORK AND SCARBOROUGH TEACHING HOSPITALS NHS FOUNDATION TRUST,502,Gynaecology Service,17028.34228515625,0,0.0,17028.3424,0.0,0.0,Optimal,500,0,23732413.77608013,23727413.7777371,5000.0
pessimistic_p90,RBL,WIRRAL UNIVERSITY TEACHING HOSPITAL NHS FOUNDATION TRUST,130,Ophthalmology Service,7577.264709472656,0,0.0,7577.2647099999995,0.0,0.0,Optimal,500,0,23732413.77608013,23727413.7777371,5000.0
pessimistic_p90,RBN,MERSEY AND WEST LANCASHIRE TEACHING HOSPITALS NHS TRUST,160,Plastic Surgery Service,236635.25,0,0.0,236635.251,0.0,0.0,Optimal,500,0,23732413.77608013,23727413.7777371,5000.0
pessimistic_p90,RBN,MERSEY AND WEST LANCASHIRE TEACHING HOSPITALS NHS TRUST,150,Neurosurgical Service,169.90125846862793,0,0.0,169.9012588,0.0,0.0,Optimal,500,0,23732413.77608013,23727413.7777371,5000.0
pessimistic_p90,RBN,MERSEY AND WEST LANCASHIRE TEACHING HOSPITALS NHS TRUST,140,Oral Surgery Service,4859.655670166016,0,0.0,4859.65568,0.0,0.0,Optimal,500,0,23732413.77608013,23727413.7777371,5000.0
pessimistic_p90,RBN,MERSEY AND WEST LANCASHIRE TEACHING HOSPITALS NHS TRUST,130,Ophthalmology Service,18054.521362304688,0,0.0,18054.5214,0.0,0.0,Optimal,500,0,23732413.77608013,23727413.7777371,5000.0
pessimistic_p90,RBN,MERSEY AND WEST LANCASHIRE TEACHING HOSPITALS NHS TRUST,120,Ear Nose and Throat Service,24421.44775390625,0,0.0,24421.4479,0.0,0.0,Optimal,500,0,23732413.77608013,23727413.7777371,5000.0
pessimistic_p90,RBN,MERSEY AND WEST LANCASHIRE TEACHING HOSPITALS NHS TRUST,110,Trauma and Orthopaedic Service,73965.41845703125,0,0.0,73965.4184,0.0,0.0,Optimal,500,0,23732413.77608013,23727413.7777371,5000.0
pessimistic_p90,RBN,MERSEY AND WEST LANCASHIRE TEACHING HOSPITALS NHS TRUST,101,Urology Service,36940.43603515625,0,0.0,36940.4359,0.0,0.0,Optimal,500,0,23732413.77608013,23727413.7777371,5000.0
pessimistic_p90,RBN,MERSEY AND WEST LANCASHIRE TEACHING HOSPITALS NHS TRUST,100,General Surgery Service,60672.75927734375,0,0.0,60672.7594,0.0,0.0,Optimal,500,0,23732413.77608013,23727413.7777371,5000.0
pessimistic_p90,RBL,WIRRAL UNIVERSITY TEACHING HOSPITAL NHS FOUNDATION TRUST,502,Gynaecology Service,15163.161865234375,0,0.0,15163.1619,0.0,0.0,Optimal,500,0,23732413.77608013,23727413.7777371,5000.0
pessimistic_p90,RBL,WIRRAL UNIVERSITY TEACHING HOSPITAL NHS FOUNDATION TRUST,140,Oral Surgery Service,10954.030700683594,0,0.0,10954.03069,0.0,0.0,Optimal,500,0,23732413.77608013,23727413.7777371,5000.0
pessimistic_p90,RBL,WIRRAL UNIVERSITY TEACHING HOSPITAL NHS FOUNDATION TRUST,120,Ear Nose and Throat Service,8183.69580078125,0,0.0,8183.69579,0.0,0.0,Optimal,500,0,23732413.77608013,23727413.7777371,5000.0
pessimistic_p90,RCB,YORK AND SCARBOROUGH TEACHING HOSPITALS NHS FOUNDATION TRUST,160,Plastic Surgery Service,3330.2384338378906,0,0.0,3330.23843,0.0,0.0,Optimal,500,0,23732413.77608013,23727413.7777371,5000.0
pessimistic_p90,RBL,WIRRAL UNIVERSITY TEACHING HOSPITAL NHS FOUNDATION TRUST,110,Trauma and Orthopaedic Service,35508.551513671875,0,0.0,35508.5514,0.0,0.0,Optimal,500,0,23732413.77608013,23727413.7777371,5000.0
pessimistic_p90,RBL,WIRRAL UNIVERSITY TEACHING HOSPITAL NHS FOUNDATION TRUST,101,Urology Service,9611.953857421875,0,0.0,9611.95385,0.0,0.0,Optimal,500,0,23732413.77608013,23727413.7777371,5000.0
pessimistic_p90,RBL,WIRRAL UNIVERSITY TEACHING HOSPITAL NHS FOUNDATION TRUST,100,General Surgery Service,1086.6441955566406,0,0.0,1086.644197,0.0,0.0,Optimal,500,0,23732413.77608013,23727413.7777371,5000.0
pessimistic_p90,RBK,WALSALL HEALTHCARE NHS TRUST,502,Gynaecology Service,14298.785034179688,0,0.0,14298.785100000001,0.0,0.0,Optimal,500,0,23732413.77608013,23727413.7777371,5000.0
pessimistic_p90,RBK,WALSALL HEALTHCARE NHS TRUST,140,Oral Surgery Service,4733.723297119141,0,0.0,4733.72328,0.0,0.0,Optimal,500,0,23732413.77608013,23727413.7777371,5000.0
pessimistic_p90,RBK,WALSALL HEALTHCARE NHS TRUST,130,Ophthalmology Service,2876.823760986328,0,0.0,2876.82376,0.0,0.0,Optimal,500,0,23732413.77608013,23727413.7777371,5000.0
pessimistic_p90,RBK,WALSALL HEALTHCARE NHS TRUST,120,Ear Nose and Throat Service,13688.703247070312,0,0.0,13688.703,0.0,0.0,Optimal,500,0,23732413.77608013,23727413.7777371,5000.0
pessimistic_p90,RBK,WALSALL HEALTHCARE NHS TRUST,110,Trauma and Orthopaedic Service,50476.9404296875,0,0.0,50476.9406,0.0,0.0,Optimal,500,0,23732413.77608013,23727413.7777371,5000.0
pessimistic_p90,RBK,WALSALL HEALTHCARE NHS TRUST,100,General Surgery Service,19340.767333984375,0,0.0,19340.7674,0.0,0.0,Optimal,500,0,23732413.77608013,23727413.7777371,5000.0
pessimistic_p90,RBD,DORSET COUNTY HOSPITAL NHS FOUNDATION TRUST,502,Gynaecology Service,13174.275634765625,0,0.0,13174.2757,0.0,0.0,Optimal,500,0,23732413.77608013,23727413.7777371,5000.0
pessimistic_p90,RBN,MERSEY AND WEST LANCASHIRE TEACHING HOSPITALS NHS TRUST,502,Gynaecology Service,44100.4287109375,0,0.0,44100.4286,0.0,0.0,Optimal,500,0,23732413.77608013,23727413.7777371,5000.0
pessimistic_p90,RBQ,LIVERPOOL HEART AND CHEST HOSPITAL NHS FOUNDATION TRUST,170,Cardiothoracic Surgery Service,10396.837646484375,0,0.0,10396.837660000001,0.0,0.0,Optimal,500,0,23732413.77608013,23727413.7777371,5000.0
pessimistic_p90,RBT,MID CHESHIRE HOSPITALS NHS FOUNDATION TRUST,100,General Surgery Service,5135.728607177734,0,0.0,5135.72861,0.0,0.0,Optimal,500,0,23732413.77608013,23727413.7777371,5000.0
pessimistic_p90,RBT,MID CHESHIRE HOSPITALS NHS FOUNDATION TRUST,101,Urology Service,6670.792236328125,0,0.0,6670.79223,0.0,0.0,Optimal,500,0,23732413.77608013,23727413.7777371,5000.0
pessimistic_p90,RCB,YORK AND SCARBOROUGH TEACHING HOSPITALS NHS FOUNDATION TRUST,140,Oral Surgery Service,14816.257568359375,0,0.0,14816.2575,0.0,0.0,Optimal,500,0,23732413.77608013,23727413.7777371,5000.0
pessimistic_p90,RCB,YORK AND SCARBOROUGH TEACHING HOSPITALS NHS FOUNDATION TRUST,130,Ophthalmology Service,33120.4580078125,0,0.0,33120.4579,0.0,0.0,Optimal,500,0,23732413.77608013,23727413.7777371,5000.0
pessimistic_p90,RCB,YORK AND SCARBOROUGH TEACHING HOSPITALS NHS FOUNDATION TRUST,120,Ear Nose and Throat Service,24656.801513671875,0,0.0,24656.8015,0.0,0.0,Optimal,500,0,23732413.77608013,23727413.7777371,5000.0
pessimistic_p90,RCB,YORK AND SCARBOROUGH TEACHING HOSPITALS NHS FOUNDATION TRUST,110,Trauma and Orthopaedic Service,96309.3310546875,0,0.0,96309.3312,0.0,0.0,Optimal,500,0,23732413.77608013,23727413.7777371,5000.0
pessimistic_p90,RCB,YORK AND SCARBOROUGH TEACHING HOSPITALS NHS FOUNDATION TRUST,101,Urology Service,26475.89013671875,0,0.0,26475.8901,0.0,0.0,Optimal,500,0,23732413.77608013,23727413.7777371,5000.0
pessimistic_p90,RCB,YORK AND SCARBOROUGH TEACHING HOSPITALS NHS FOUNDATION TRUST,100,General Surgery Service,560.6376190185547,0,0.0,560.637619,0.0,0.0,Optimal,500,0,23732413.77608013,23727413.7777371,5000.0
pessimistic_p90,RC9,BEDFORDSHIRE HOSPITALS NHS FOUNDATION TRUST,502,Gynaecology Service,34849.325439453125,0,0.0,34849.3255,0.0,0.0,Optimal,500,0,23732413.77608013,23727413.7777371,5000.0
pessimistic_p90,RC9,BEDFORDSHIRE HOSPITALS NHS FOUNDATION TRUST,160,Plastic Surgery Service,19871.736083984375,0,0.0,19871.736100000002,0.0,0.0,Optimal,500,0,23732413.77608013,23727413.7777371,5000.0
pessimistic_p90,RC9,BEDFORDSHIRE HOSPITALS NHS FOUNDATION TRUST,140,Oral Surgery Service,31872.970947265625,0,0.0,31872.971,0.0,0.0,Optimal,500,0,23732413.77608013,23727413.7777371,5000.0
pessimistic_p90,RC9,BEDFORDSHIRE HOSPITALS NHS FOUNDATION TRUST,130,Ophthalmology Service,26011.230834960938,0,0.0,26011.2307,0.0,0.0,Optimal,500,0,23732413.77608013,23727413.7777371,5000.0
pessimistic_p90,RC9,BEDFORDSHIRE HOSPITALS NHS FOUNDATION TRUST,120,Ear Nose and Throat Service,20425.775024414062,0,0.0,20425.7751,0.0,0.0,Optimal,500,0,23732413.77608013,23727413.7777371,5000.0
pessimistic_p90,RC9,BEDFORDSHIRE HOSPITALS NHS FOUNDATION TRUST,110,Trauma and Orthopaedic Service,57066.9033203125,0,0.0,57066.9034,0.0,0.0,Optimal,500,0,23732413.77608013,23727413.7777371,5000.0
pessimistic_p90,RC9,BEDFORDSHIRE HOSPITALS NHS FOUNDATION TRUST,101,Urology Service,17644.943725585938,0,0.0,17644.9438,0.0,0.0,Optimal,500,0,23732413.77608013,23727413.7777371,5000.0
pessimistic_p90,RC9,BEDFORDSHIRE HOSPITALS NHS FOUNDATION TRUST,100,General Surgery Service,24461.69873046875,0,0.0,24461.6987,0.0,0.0,Optimal,500,0,23732413.77608013,23727413.7777371,5000.0
pessimistic_p90,RBV,THE CHRISTIE NHS FOUNDATION TRUST,502,Gynaecology Service,647.8347244262695,0,0.0,647.834725,0.0,0.0,Optimal,500,0,23732413.77608013,23727413.7777371,5000.0
pessimistic_p90,RBV,THE CHRISTIE NHS FOUNDATION TRUST,160,Plastic Surgery Service,3277.7549438476562,0,0.0,3277.75494,0.0,0.0,Optimal,500,0,23732413.77608013,23727413.7777371,5000.0
pessimistic_p90,RBV,THE CHRISTIE NHS FOUNDATION TRUST,101,Urology Service,1301.1647338867188,0,0.0,1301.164722,0.0,0.0,Optimal,500,0,23732413.77608013,23727413.7777371,5000.0
pessimistic_p90,RBT,MID CHESHIRE HOSPITALS NHS FOUNDATION TRUST,502,Gynaecology Service,11046.341491699219,0,0.0,11046.34155,0.0,0.0,Optimal,500,0,23732413.77608013,23727413.7777371,5000.0
pessimistic_p90,RBT,MID CHESHIRE HOSPITALS NHS FOUNDATION TRUST,130,Ophthalmology Service,17650.878540039062,0,0.0,17650.8786,0.0,0.0,Optimal,500,0,23732413.77608013,23727413.7777371,5000.0
pessimistic_p90,RBT,MID CHESHIRE HOSPITALS NHS FOUNDATION TRUST,120,Ear Nose and Throat Service,20942.5869140625,0,0.0,20942.5868,0.0,0.0,Optimal,500,0,23732413.77608013,23727413.7777371,5000.0
pessimistic_p90,RBT,MID CHESHIRE HOSPITALS NHS FOUNDATION TRUST,110,Trauma and Orthopaedic Service,16799.761962890625,0,0.0,16799.7619,0.0,0.0,Optimal,500,0,23732413.77608013,23727413.7777371,5000.0
pessimistic_p90,RDU,FRIMLEY HEALTH NHS FOUNDATION TRUST,502,Gynaecology Service,37664.42578125,0,0.0,37664.4258,0.0,0.0,Optimal,500,0,23732413.77608013,23727413.7777371,5000.0
pessimistic_p90,REF,ROYAL CORNWALL HOSPITALS NHS TRUST,100,General Surgery Service,9440.148986816406,0,0.0,9440.149,0.0,0.0,Optimal,500,0,23732413.77608013,23727413.7777371,5000.0
pessimistic_p90,REF,ROYAL CORNWALL HOSPITALS NHS TRUST,101,Urology Service,7920.251525878906,0,0.0,7920.25154,0.0,0.0,Optimal,500,0,23732413.77608013,23727413.7777371,5000.0
pessimistic_p90,RGR,WEST SUFFOLK NHS FOUNDATION TRUST,130,Ophthalmology Service,10095.615295410156,0,0.0,10095.61529,0.0,0.0,Optimal,500,0,23732413.77608013,23727413.7777371,5000.0
pessimistic_p90,RGT,CAMBRIDGE UNIVERSITY HOSPITALS NHS FOUNDATION TRUST,160,Plastic Surgery Service,15484.945922851562,0,0.0,15484.946,0.0,0.0,Optimal,500,0,23732413.77608013,23727413.7777371,5000.0
pessimistic_p90,RGT,CAMBRIDGE UNIVERSITY HOSPITALS NHS FOUNDATION TRUST,150,Neurosurgical Service,12189.924194335938,0,0.0,12189.92402,0.0,0.0,Optimal,500,0,23732413.77608013,23727413.7777371,5000.0
pessimistic_p90,RGT,CAMBRIDGE UNIVERSITY HOSPITALS NHS FOUNDATION TRUST,140,Oral Surgery Service,10461.656005859375,0,0.0,10461.65598,0.0,0.0,Optimal,500,0,23732413.77608013,23727413.7777371,5000.0
pessimistic_p90,RGT,CAMBRIDGE UNIVERSITY HOSPITALS NHS FOUNDATION TRUST,130,Ophthalmology Service,33385.722900390625,0,0.0,33385.7229,0.0,0.0,Optimal,500,0,23732413.77608013,23727413.7777371,5000.0
pessimistic_p90,RGT,CAMBRIDGE UNIVERSITY HOSPITALS NHS FOUNDATION TRUST,120,Ear Nose and Throat Service,25850.221557617188,0,0.0,25850.2215,0.0,0.0,Optimal,500,0,23732413.77608013,23727413.7777371,5000.0
pessimistic_p90,RGT,CAMBRIDGE UNIVERSITY HOSPITALS NHS FOUNDATION TRUST,110,Trauma and Orthopaedic Service,52629.260498046875,0,0.0,52629.2604,0.0,0.0,Optimal,500,0,23732413.77608013,23727413.7777371,5000.0
pessimistic_p90,RGT,CAMBRIDGE UNIVERSITY HOSPITALS NHS FOUNDATION TRUST,101,Urology Service,15006.263916015625,0,0.0,15006.2637,0.0,0.0,Optimal,500,0,23732413.77608013,23727413.7777371,5000.0
pessimistic_p90,RGT,CAMBRIDGE UNIVERSITY HOSPITALS NHS FOUNDATION TRUST,100,General Surgery Service,9979.15869140625,0,0.0,9979.15868,0.0,0.0,Optimal,500,0,23732413.77608013,23727413.7777371,5000.0
pessimistic_p90,RGR,WEST SUFFOLK NHS FOUNDATION TRUST,502,Gynaecology Service,19840.63720703125,0,0.0,19840.6371,0.0,0.0,Optimal,500,0,23732413.77608013,23727413.7777371,5000.0
pessimistic_p90,RGR,WEST SUFFOLK NHS FOUNDATION TRUST,160,Plastic Surgery Service,12477.031433105469,0,0.0,12477.03148,0.0,0.0,Optimal,500,0,23732413.77608013,23727413.7777371,5000.0
pessimistic_p90,RGR,WEST SUFFOLK NHS FOUNDATION TRUST,120,Ear Nose and Throat Service,21658.201782226562,0,0.0,21658.2019,0.0,0.0,Optimal,500,0,23732413.77608013,23727413.7777371,5000.0
pessimistic_p90,RGN,NORTH WEST ANGLIA NHS FOUNDATION TRUST,502,Gynaecology Service,14051.909545898438,0,0.0,14051.9094,0.0,0.0,Optimal,500,0,23732413.77608013,23727413.7777371,5000.0
pessimistic_p90,RGR,WEST SUFFOLK NHS FOUNDATION TRUST,110,Trauma and Orthopaedic Service,33611.890625,0,0.0,33611.8909,0.0,0.0,Optimal,500,0,23732413.77608013,23727413.7777371,5000.0
pessimistic_p90,RGR,WEST SUFFOLK NHS FOUNDATION TRUST,101,Urology Service,7787.25537109375,0,0.0,7787.2553800000005,0.0,0.0,Optimal,500,0,23732413.77608013,23727413.7777371,5000.0
pessimistic_p90,RGR,WEST SUFFOLK NHS FOUNDATION TRUST,100,General Surgery Service,19639.836303710938,0,0.0,19639.8363,0.0,0.0,Optimal,500,0,23732413.77608013,23727413.7777371,5000.0
pessimistic_p90,RGP,JAMES PAGET UNIVERSITY HOSPITALS NHS FOUNDATION TRUST,502,Gynaecology Service,9712.377990722656,0,0.0,9712.37799,0.0,0.0,Optimal,500,0,23732413.77608013,23727413.7777371,5000.0
pessimistic_p90,RGP,JAMES PAGET UNIVERSITY HOSPITALS NHS FOUNDATION TRUST,160,Plastic Surgery Service,1775.144790649414,0,0.0,1775.1448,0.0,0.0,Optimal,500,0,23732413.77608013,23727413.7777371,5000.0
pessimistic_p90,RGP,JAMES PAGET UNIVERSITY HOSPITALS NHS FOUNDATION TRUST,140,Oral Surgery Service,2536.8858947753906,0,0.0,2536.8859,0.0,0.0,Optimal,500,0,23732413.77608013,23727413.7777371,5000.0
pessimistic_p90,RGP,JAMES PAGET UNIVERSITY HOSPITALS NHS FOUNDATION TRUST,130,Ophthalmology Service,11804.88818359375,0,0.0,11804.88833,0.0,0.0,Optimal,500,0,23732413.77608013,23727413.7777371,5000.0
pessimistic_p90,RGP,JAMES PAGET UNIVERSITY HOSPITALS NHS FOUNDATION TRUST,120,Ear Nose and Throat Service,5704.776306152344,0,0.0,5704.77633,0.0,0.0,Optimal,500,0,23732413.77608013,23727413.7777371,5000.0
pessimistic_p90,RGP,JAMES PAGET UNIVERSITY HOSPITALS NHS FOUNDATION TRUST,110,Trauma and Orthopaedic Service,26037.841552734375,0,0.0,26037.8414,0.0,0.0,Optimal,500,0,23732413.77608013,23727413.7777371,5000.0
pessimistic_p90,RGP,JAMES PAGET UNIVERSITY HOSPITALS NHS FOUNDATION TRUST,101,Urology Service,6453.381042480469,0,0.0,6453.38106,0.0,0.0,Optimal,500,0,23732413.77608013,23727413.7777371,5000.0
pessimistic_p90,RGT,CAMBRIDGE UNIVERSITY HOSPITALS NHS FOUNDATION TRUST,502,Gynaecology Service,13453.151733398438,0,0.0,13453.1518,0.0,0.0,Optimal,500,0,23732413.77608013,23727413.7777371,5000.0
pessimistic_p90,RH5,SOMERSET NHS FOUNDATION TRUST,100,General Surgery Service,57392.76123046875,0,0.0,57392.7613,0.0,0.0,Optimal,500,0,23732413.77608013,23727413.7777371,5000.0
pessimistic_p90,RH5,SOMERSET NHS FOUNDATION TRUST,101,Urology Service,22005.15625,0,0.0,22005.1565,0.0,0.0,Optimal,500,0,23732413.77608013,23727413.7777371,5000.0
pessimistic_p90,RH5,SOMERSET NHS FOUNDATION TRUST,110,Trauma and Orthopaedic Service,111951.2841796875,0,0.0,111951.2843,0.0,0.0,Optimal,500,0,23732413.77608013,23727413.7777371,5000.0
pessimistic_p90,RHM,UNIVERSITY HOSPITAL SOUTHAMPTON NHS FOUNDATION TRUST,150,Neurosurgical Service,6718.419738769531,0,0.0,6718.41975,0.0,0.0,Optimal,500,0,23732413.77608013,23727413.7777371,5000.0
pessimistic_p90,RN5,HAMPSHIRE HOSPITALS NHS FOUNDATION TRUST,140,Oral Surgery Service,5935.61767578125,0,0.0,5935.61769,0.0,0.0,Optimal,500,0,23732413.77608013,23727413.7777371,5000.0
pessimistic_p90,RHM,UNIVERSITY HOSPITAL SOUTHAMPTON NHS FOUNDATION TRUST,130,Ophthalmology Service,28378.296142578125,0,0.0,28378.2962,0.0,0.0,Optimal,500,0,23732413.77608013,23727413.7777371,5000.0
pessimistic_p90,RHM,UNIVERSITY HOSPITAL SOUTHAMPTON NHS FOUNDATION TRUST,120,Ear Nose and Throat Service,5535.759033203125,0,0.0,5535.75903,0.0,0.0,Optimal,500,0,23732413.77608013,23727413.7777371,5000.0
pessimistic_p90,RHM,UNIVERSITY HOSPITAL SOUTHAMPTON NHS FOUNDATION TRUST,110,Trauma and Orthopaedic Service,64921.1044921875,0,0.0,64921.104699999996,0.0,0.0,Optimal,500,0,23732413.77608013,23727413.7777371,5000.0
pessimistic_p90,RHM,UNIVERSITY HOSPITAL SOUTHAMPTON NHS FOUNDATION TRUST,101,Urology Service,19590.054931640625,0,0.0,19590.0549,0.0,0.0,Optimal,500,0,23732413.77608013,23727413.7777371,5000.0
pessimistic_p90,RHM,UNIVERSITY HOSPITAL SOUTHAMPTON NHS FOUNDATION TRUST,100,General Surgery Service,10047.196594238281,0,0.0,10047.19659,0.0,0.0,Optimal,500,0,23732413.77608013,23727413.7777371,5000.0
pessimistic_p90,RH8,ROYAL DEVON UNIVERSITY HEALTHCARE NHS FOUNDATION TRUST,502,Gynaecology Service,31818.070068359375,0,0.0,31818.069900000002,0.0,0.0,Optimal,500,0,23732413.77608013,23727413.7777371,5000.0
pessimistic_p90,RH8,ROYAL DEVON UNIVERSITY HEALTHCARE NHS FOUNDATION TRUST,170,Cardiothoracic Surgery Service,864.1495170593262,0,0.0,864.149512,0.0,0.0,Optimal,500,0,23732413.77608013,23727413.7777371,5000.0
pessimistic_p90,RH8,ROYAL DEVON UNIVERSITY HEALTHCARE NHS FOUNDATION TRUST,160,Plastic Surgery Service,15182.980224609375,0,0.0,15182.9802,0.0,0.0,Optimal,500,0,23732413.77608013,23727413.7777371,5000.0
pessimistic_p90,RH8,ROYAL DEVON UNIVERSITY HEALTHCARE NHS FOUNDATION TRUST,140,Oral Surgery Service,16960.665893554688,0,0.0,16960.666,0.0,0.0,Optimal,500,0,23732413.77608013,23727413.7777371,5000.0
pessimistic_p90,RH8,ROYAL DEVON UNIVERSITY HEALTHCARE NHS FOUNDATION TRUST,130,Ophthalmology Service,68838.08740234375,0,0.0,68838.0873,0.0,0.0,Optimal,500,0,23732413.77608013,23727413.7777371,5000.0
pessimistic_p90,RH8,ROYAL DEVON UNIVERSITY HEALTHCARE NHS FOUNDATION TRUST,120,Ear Nose and Throat Service,26027.516357421875,0,0.0,26027.5165,0.0,0.0,Optimal,500,0,23732413.77608013,23727413.7777371,5000.0
pessimistic_p90,RH8,ROYAL DEVON UNIVERSITY HEALTHCARE NHS FOUNDATION TRUST,110,Trauma and Orthopaedic Service,165908.548828125,0,0.0,165908.549,0.0,0.0,Optimal,500,0,23732413.77608013,23727413.7777371,5000.0
pessimistic_p90,RH8,ROYAL DEVON UNIVERSITY HEALTHCARE NHS FOUNDATION TRUST,101,Urology Service,36105.791015625,0,0.0,36105.7909,0.0,0.0,Optimal,500,0,23732413.77608013,23727413.7777371,5000.0
pessimistic_p90,RH8,ROYAL DEVON UNIVERSITY HEALTHCARE NHS FOUNDATION TRUST,100,General Surgery Service,6509.267028808594,0,0.0,6509.267040000001,0.0,0.0,Optimal,500,0,23732413.77608013,23727413.7777371,5000.0
pessimistic_p90,RH5,SOMERSET NHS FOUNDATION TRUST,502,Gynaecology Service,27082.186279296875,0,0.0,27082.1862,0.0,0.0,Optimal,500,0,23732413.77608013,23727413.7777371,5000.0
pessimistic_p90,RH5,SOMERSET NHS FOUNDATION TRUST,160,Plastic Surgery Service,2560.517547607422,0,0.0,2560.51756,0.0,0.0,Optimal,500,0,23732413.77608013,23727413.7777371,5000.0
pessimistic_p90,RH5,SOMERSET NHS FOUNDATION TRUST,140,Oral Surgery Service,18690.04638671875,0,0.0,18690.0463,0.0,0.0,Optimal,500,0,23732413.77608013,23727413.7777371,5000.0
pessimistic_p90,RH5,SOMERSET NHS FOUNDATION TRUST,130,Ophthalmology Service,29465.97119140625,0,0.0,29465.9712,0.0,0.0,Optimal,500,0,23732413.77608013,23727413.7777371,5000.0
pessimistic_p90,RH5,SOMERSET NHS FOUNDATION TRUST,120,Ear Nose and Throat Service,29432.623291015625,0,0.0,29432.6233,0.0,0.0,Optimal,500,0,23732413.77608013,23727413.7777371,5000.0
pessimistic_p90,RGP,JAMES PAGET UNIVERSITY HOSPITALS NHS FOUNDATION TRUST,100,General Surgery Service,25092.513427734375,0,0.0,25092.5134,0.0,0.0,Optimal,500,0,23732413.77608013,23727413.7777371,5000.0
pessimistic_p90,RGN,NORTH WEST ANGLIA NHS FOUNDATION TRUST,160,Plastic Surgery Service,19527.968505859375,0,0.0,19527.9685,0.0,0.0,Optimal,500,0,23732413.77608013,23727413.7777371,5000.0
pessimistic_p90,REF,ROYAL CORNWALL HOSPITALS NHS TRUST,110,Trauma and Orthopaedic Service,91773.7958984375,0,0.0,91773.7959,0.0,0.0,Optimal,500,0,23732413.77608013,23727413.7777371,5000.0
pessimistic_p90,RET,THE WALTON CENTRE NHS FOUNDATION TRUST,150,Neurosurgical Service,27150.400390625,0,0.0,27150.4004,0.0,0.0,Optimal,500,0,23732413.77608013,23727413.7777371,5000.0
pessimistic_p90,RFF,BARNSLEY HOSPITAL NHS FOUNDATION TRUST,101,Urology Service,9256.456237792969,0,0.0,9256.45623,0.0,0.0,Optimal,500,0,23732413.77608013,23727413.7777371,5000.0
pessimistic_p90,RFF,BARNSLEY HOSPITAL NHS FOUNDATION TRUST,100,General Surgery Service,26757.572875976562,0,0.0,26757.5729,0.0,0.0,Optimal,500,0,23732413.77608013,23727413.7777371,5000.0
pessimistic_p90,RF4,"BARKING, HAVERING AND REDBRIDGE UNIVERSITY HOSPITALS NHS TRUST",502,Gynaecology Service,11384.972595214844,0,0.0,11384.97248,0.0,0.0,Optimal,500,0,23732413.77608013,23727413.7777371,5000.0
pessimistic_p90,RF4,"BARKING, HAVERING AND REDBRIDGE UNIVERSITY HOSPITALS NHS TRUST",150,Neurosurgical Service,3335.9567108154297,0,0.0,3335.95671,0.0,0.0,Optimal,500,0,23732413.77608013,23727413.7777371,5000.0
pessimistic_p90,RF4,"BARKING, HAVERING AND REDBRIDGE UNIVERSITY HOSPITALS NHS TRUST",140,Oral Surgery Service,14518.124938964844,0,0.0,14518.12499,0.0,0.0,Optimal,500,0,23732413.77608013,23727413.7777371,5000.0
pessimistic_p90,RF4,"BARKING, HAVERING AND REDBRIDGE UNIVERSITY HOSPITALS NHS TRUST",130,Ophthalmology Service,8701.434204101562,0,0.0,8701.4342,0.0,0.0,Optimal,500,0,23732413.77608013,23727413.7777371,5000.0
pessimistic_p90,RF4,"BARKING, HAVERING AND REDBRIDGE UNIVERSITY HOSPITALS NHS TRUST",120,Ear Nose and Throat Service,19885.165405273438,0,0.0,19885.1655,0.0,0.0,Optimal,500,0,23732413.77608013,23727413.7777371,5000.0
pessimistic_p90,RF4,"BARKING, HAVERING AND REDBRIDGE UNIVERSITY HOSPITALS NHS TRUST",110,Trauma and Orthopaedic Service,18702.40576171875,0,0.0,18702.405899999998,0.0,0.0,Optimal,500,0,23732413.77608013,23727413.7777371,5000.0
pessimistic_p90,RF4,"BARKING, HAVERING AND REDBRIDGE UNIVERSITY HOSPITALS NHS TRUST",101,Urology Service,7756.445709228516,0,0.0,7756.4456900000005,0.0,0.0,Optimal,500,0,23732413.77608013,23727413.7777371,5000.0
pessimistic_p90,RF4,"BARKING, HAVERING AND REDBRIDGE UNIVERSITY HOSPITALS NHS TRUST",100,General Surgery Service,17018.805297851562,0,0.0,17018.8053,0.0,0.0,Optimal,500,0,23732413.77608013,23727413.7777371,5000.0
pessimistic_p90,REP,LIVERPOOL WOMEN'S NHS FOUNDATION TRUST,502,Gynaecology Service,59411.2626953125,0,0.0,59411.2626,0.0,0.0,Optimal,500,0,23732413.77608013,23727413.7777371,5000.0
pessimistic_p90,RGN,NORTH WEST ANGLIA NHS FOUNDATION TRUST,140,Oral Surgery Service,8867.692260742188,0,0.0,8867.69226,0.0,0.0,Optimal,500,0,23732413.77608013,23727413.7777371,5000.0
pessimistic_p90,REM,LIVERPOOL UNIVERSITY HOSPITALS NHS FOUNDATION TRUST,140,Oral Surgery Service,17767.01123046875,0,0.0,17767.0111,0.0,0.0,Optimal,500,0,23732413.77608013,23727413.7777371,5000.0
pessimistic_p90,REM,LIVERPOOL UNIVERSITY HOSPITALS NHS FOUNDATION TRUST,130,Ophthalmology Service,40500.55908203125,0,0.0,40500.5592,0.0,0.0,Optimal,500,0,23732413.77608013,23727413.7777371,5000.0
pessimistic_p90,REM,LIVERPOOL UNIVERSITY HOSPITALS NHS FOUNDATION TRUST,120,Ear Nose and Throat Service,19787.487182617188,0,0.0,19787.4872,0.0,0.0,Optimal,500,0,23732413.77608013,23727413.7777371,5000.0
pessimistic_p90,REM,LIVERPOOL UNIVERSITY HOSPITALS NHS FOUNDATION TRUST,110,Trauma and Orthopaedic Service,31624.202392578125,0,0.0,31624.2025,0.0,0.0,Optimal,500,0,23732413.77608013,23727413.7777371,5000.0
pessimistic_p90,REM,LIVERPOOL UNIVERSITY HOSPITALS NHS FOUNDATION TRUST,101,Urology Service,13614.547119140625,0,0.0,13614.5471,0.0,0.0,Optimal,500,0,23732413.77608013,23727413.7777371,5000.0
pessimistic_p90,REM,LIVERPOOL UNIVERSITY HOSPITALS NHS FOUNDATION TRUST,100,General Surgery Service,13238.286743164062,0,0.0,13238.2867,0.0,0.0,Optimal,500,0,23732413.77608013,23727413.7777371,5000.0
pessimistic_p90,REF,ROYAL CORNWALL HOSPITALS NHS TRUST,502,Gynaecology Service,14752.796508789062,0,0.0,14752.7964,0.0,0.0,Optimal,500,0,23732413.77608013,23727413.7777371,5000.0
pessimistic_p90,REF,ROYAL CORNWALL HOSPITALS NHS TRUST,140,Oral Surgery Service,22415.826538085938,0,0.0,22415.826399999998,0.0,0.0,Optimal,500,0,23732413.77608013,23727413.7777371,5000.0
pessimistic_p90,REF,ROYAL CORNWALL HOSPITALS NHS TRUST,130,Ophthalmology Service,25162.2685546875,0,0.0,25162.268500000002,0.0,0.0,Optimal,500,0,23732413.77608013,23727413.7777371,5000.0
pessimistic_p90,REF,ROYAL CORNWALL HOSPITALS NHS TRUST,120,Ear Nose and Throat Service,14971.263549804688,0,0.0,14971.2636,0.0,0.0,Optimal,500,0,23732413.77608013,23727413.7777371,5000.0
pessimistic_p90,RFF,BARNSLEY HOSPITAL NHS FOUNDATION TRUST,110,Trauma and Orthopaedic Service,28110.601318359375,0,0.0,28110.6014,0.0,0.0,Optimal,500,0,23732413.77608013,23727413.7777371,5000.0
pessimistic_p90,RFF,BARNSLEY HOSPITAL NHS FOUNDATION TRUST,120,Ear Nose and Throat Service,10018.195190429688,0,0.0,10018.19522,0.0,0.0,Optimal,500,0,23732413.77608013,23727413.7777371,5000.0
pessimistic_p90,RFF,BARNSLEY HOSPITAL NHS FOUNDATION TRUST,130,Ophthalmology Service,11717.368347167969,0,0.0,11717.36828,0.0,0.0,Optimal,500,0,23732413.77608013,23727413.7777371,5000.0
pessimistic_p90,RFF,BARNSLEY HOSPITAL NHS FOUNDATION TRUST,140,Oral Surgery Service,21082.681884765625,0,0.0,21082.682,0.0,0.0,Optimal,500,0,23732413.77608013,23727413.7777371,5000.0
pessimistic_p90,RGN,NORTH WEST ANGLIA NHS FOUNDATION TRUST,130,Ophthalmology Service,18899.259155273438,0,0.0,18899.2591,0.0,0.0,Optimal,500,0,23732413.77608013,23727413.7777371,5000.0
pessimistic_p90,RGN,NORTH WEST ANGLIA NHS FOUNDATION TRUST,120,Ear Nose and Throat Service,19644.765625,0,0.0,19644.7657,0.0,0.0,Optimal,500,0,23732413.77608013,23727413.7777371,5000.0
pessimistic_p90,RGN,NORTH WEST ANGLIA NHS FOUNDATION TRUST,110,Trauma and Orthopaedic Service,59407.65576171875,0,0.0,59407.6559,0.0,0.0,Optimal,500,0,23732413.77608013,23727413.7777371,5000.0
pessimistic_p90,RGN,NORTH WEST ANGLIA NHS FOUNDATION TRUST,101,Urology Service,13447.335876464844,0,0.0,13447.33581,0.0,0.0,Optimal,500,0,23732413.77608013,23727413.7777371,5000.0
pessimistic_p90,RGN,NORTH WEST ANGLIA NHS FOUNDATION TRUST,100,General Surgery Service,26351.260986328125,0,0.0,26351.2611,0.0,0.0,Optimal,500,0,23732413.77608013,23727413.7777371,5000.0
pessimistic_p90,RGM,ROYAL PAPWORTH HOSPITAL NHS FOUNDATION TRUST,170,Cardiothoracic Surgery Service,5981.322906494141,0,0.0,5981.3229,0.0,0.0,Optimal,500,0,23732413.77608013,23727413.7777371,5000.0
pessimistic_p90,RFS,CHESTERFIELD ROYAL HOSPITAL NHS FOUNDATION TRUST,502,Gynaecology Service,13575.369995117188,0,0.0,13575.3699,0.0,0.0,Optimal,500,0,23732413.77608013,23727413.7777371,5000.0
pessimistic_p90,RFS,CHESTERFIELD ROYAL HOSPITAL NHS FOUNDATION TRUST,140,Oral Surgery Service,5898.475433349609,0,0.0,5898.47543,0.0,0.0,Optimal,500,0,23732413.77608013,23727413.7777371,5000.0
pessimistic_p90,RFS,CHESTERFIELD ROYAL HOSPITAL NHS FOUNDATION TRUST,130,Ophthalmology Service,7444.425964355469,0,0.0,7444.42596,0.0,0.0,Optimal,500,0,23732413.77608013,23727413.7777371,5000.0
pessimistic_p90,RFS,CHESTERFIELD ROYAL HOSPITAL NHS FOUNDATION TRUST,120,Ear Nose and Throat Service,9254.695617675781,0,0.0,9254.6956,0.0,0.0,Optimal,500,0,23732413.77608013,23727413.7777371,5000.0
pessimistic_p90,RFS,CHESTERFIELD ROYAL HOSPITAL NHS FOUNDATION TRUST,110,Trauma and Orthopaedic Service,38316.929931640625,0,0.0,38316.93,0.0,0.0,Optimal,500,0,23732413.77608013,23727413.7777371,5000.0
pessimistic_p90,RFS,CHESTERFIELD ROYAL HOSPITAL NHS FOUNDATION TRUST,101,Urology Service,8172.991394042969,0,0.0,8172.99141,0.0,0.0,Optimal,500,0,23732413.77608013,23727413.7777371,5000.0
pessimistic_p90,RFS,CHESTERFIELD ROYAL HOSPITAL NHS FOUNDATION TRUST,100,General Surgery Service,19182.996948242188,0,0.0,19182.996900000002,0.0,0.0,Optimal,500,0,23732413.77608013,23727413.7777371,5000.0
pessimistic_p90,RFR,THE ROTHERHAM NHS FOUNDATION TRUST,502,Gynaecology Service,21367.453979492188,0,0.0,21367.454,0.0,0.0,Optimal,500,0,23732413.77608013,23727413.7777371,5000.0
pessimistic_p90,RFR,THE ROTHERHAM NHS FOUNDATION TRUST,140,Oral Surgery Service,18488.172973632812,0,0.0,18488.173,0.0,0.0,Optimal,500,0,23732413.77608013,23727413.7777371,5000.0
pessimistic_p90,RFR,THE ROTHERHAM NHS FOUNDATION TRUST,130,Ophthalmology Service,8804.133850097656,0,0.0,8804.13384,0.0,0.0,Optimal,500,0,23732413.77608013,23727413.7777371,5000.0
pessimistic_p90,RFR,THE ROTHERHAM NHS FOUNDATION TRUST,120,Ear Nose and Throat Service,18010.189086914062,0,0.0,18010.189,0.0,0.0,Optimal,500,0,23732413.77608013,23727413.7777371,5000.0
pessimistic_p90,RFR,THE ROTHERHAM NHS FOUNDATION TRUST,110,Trauma and Orthopaedic Service,59852.00390625,0,0.0,59852.003899999996,0.0,0.0,Optimal,500,0,23732413.77608013,23727413.7777371,5000.0
pessimistic_p90,RFR,THE ROTHERHAM NHS FOUNDATION TRUST,101,Urology Service,10648.523132324219,0,0.0,10648.52314,0.0,0.0,Optimal,500,0,23732413.77608013,23727413.7777371,5000.0
pessimistic_p90,RFR,THE ROTHERHAM NHS FOUNDATION TRUST,100,General Surgery Service,15834.323486328125,0,0.0,15834.3235,0.0,0.0,Optimal,500,0,23732413.77608013,23727413.7777371,5000.0
pessimistic_p90,RFF,BARNSLEY HOSPITAL NHS FOUNDATION TRUST,502,Gynaecology Service,17052.10107421875,0,0.0,17052.1011,0.0,0.0,Optimal,500,0,23732413.77608013,23727413.7777371,5000.0
pessimistic_p90,RN5,HAMPSHIRE HOSPITALS NHS FOUNDATION TRUST,130,Ophthalmology Service,21325.041625976562,0,0.0,21325.0415,0.0,0.0,Optimal,500,0,23732413.77608013,23727413.7777371,5000.0
pessimistic_p90,RN7,DARTFORD AND GRAVESHAM NHS TRUST,100,General Surgery Service,54934.44189453125,0,0.0,54934.4419,0.0,0.0,Optimal,500,0,23732413.77608013,23727413.7777371,5000.0
pessimistic_p90,RN5,HAMPSHIRE HOSPITALS NHS FOUNDATION TRUST,170,Cardiothoracic Surgery Service,154.28860092163086,0,0.0,154.2885997,0.0,0.0,Optimal,500,0,23732413.77608013,23727413.7777371,5000.0
pessimistic_p90,RWH,EAST AND NORTH HERTFORDSHIRE TEACHING NHS TRUST,130,Ophthalmology Service,11236.409240722656,0,0.0,11236.40929,0.0,0.0,Optimal,500,0,23732413.77608013,23727413.7777371,5000.0
pessimistic_p90,RWJ,STOCKPORT NHS FOUNDATION TRUST,140,Oral Surgery Service,532.7557144165039,0,0.0,532.755715,0.0,0.0,Optimal,500,0,23732413.77608013,23727413.7777371,5000.0
pessimistic_p90,RWJ,STOCKPORT NHS FOUNDATION TRUST,130,Ophthalmology Service,18157.265991210938,0,0.0,18157.266,0.0,0.0,Optimal,500,0,23732413.77608013,23727413.7777371,5000.0
pessimistic_p90,RWJ,STOCKPORT NHS FOUNDATION TRUST,120,Ear Nose and Throat Service,12535.703125,0,0.0,12535.7031,0.0,0.0,Optimal,500,0,23732413.77608013,23727413.7777371,5000.0
pessimistic_p90,RWJ,STOCKPORT NHS FOUNDATION TRUST,110,Trauma and Orthopaedic Service,59410.85595703125,0,0.0,59410.856,0.0,0.0,Optimal,500,0,23732413.77608013,23727413.7777371,5000.0
pessimistic_p90,RWJ,STOCKPORT NHS FOUNDATION TRUST,101,Urology Service,19293.037719726562,0,0.0,19293.037800000002,0.0,0.0,Optimal,500,0,23732413.77608013,23727413.7777371,5000.0
pessimistic_p90,RWJ,STOCKPORT NHS FOUNDATION TRUST,100,General Surgery Service,16959.704833984375,0,0.0,16959.7048,0.0,0.0,Optimal,500,0,23732413.77608013,23727413.7777371,5000.0
pessimistic_p90,RWH,EAST AND NORTH HERTFORDSHIRE TEACHING NHS TRUST,502,Gynaecology Service,9697.126220703125,0,0.0,9697.12622,0.0,0.0,Optimal,500,0,23732413.77608013,23727413.7777371,5000.0
pessimistic_p90,RWH,EAST AND NORTH HERTFORDSHIRE TEACHING NHS TRUST,170,Cardiothoracic Surgery Service,527.3495445251465,0,0.0,527.349546,0.0,0.0,Optimal,500,0,23732413.77608013,23727413.7777371,5000.0
pessimistic_p90,RWH,EAST AND NORTH HERTFORDSHIRE TEACHING NHS TRUST,160,Plastic Surgery Service,34309.150390625,0,0.0,34309.1503,0.0,0.0,Optimal,500,0,23732413.77608013,23727413.7777371,5000.0
pessimistic_p90,RWH,EAST AND NORTH HERTFORDSHIRE TEACHING NHS TRUST,140,Oral Surgery Service,3589.544143676758,0,0.0,3589.54417,0.0,0.0,Optimal,500,0,23732413.77608013,23727413.7777371,5000.0
pessimistic_p90,RWH,EAST AND NORTH HERTFORDSHIRE TEACHING NHS TRUST,120,Ear Nose and Throat Service,24120.221557617188,0,0.0,24120.2215,0.0,0.0,Optimal,500,0,23732413.77608013,23727413.7777371,5000.0
pessimistic_p90,RWP,WORCESTERSHIRE ACUTE HOSPITALS NHS TRUST,100,General Surgery Service,25699.601928710938,0,0.0,25699.602,0.0,0.0,Optimal,500,0,23732413.77608013,23727413.7777371,5000.0
pessimistic_p90,RWH,EAST AND NORTH HERTFORDSHIRE TEACHING NHS TRUST,110,Trauma and Orthopaedic Service,29760.55126953125,0,0.0,29760.5514,0.0,0.0,Optimal,500,0,23732413.77608013,23727413.7777371,5000.0
pessimistic_p90,RWH,EAST AND NORTH HERTFORDSHIRE TEACHING NHS TRUST,101,Urology Service,13197.685668945312,0,0.0,13197.6855,0.0,0.0,Optimal,500,0,23732413.77608013,23727413.7777371,5000.0
pessimistic_p90,RWH,EAST AND NORTH HERTFORDSHIRE TEACHING NHS TRUST,100,General Surgery Service,10147.928955078125,0,0.0,10147.92895,0.0,0.0,Optimal,500,0,23732413.77608013,23727413.7777371,5000.0
pessimistic_p90,RWG,WEST HERTFORDSHIRE TEACHING HOSPITALS NHS TRUST,502,Gynaecology Service,11474.390014648438,0,0.0,11474.39007,0.0,0.0,Optimal,500,0,23732413.77608013,23727413.7777371,5000.0
pessimistic_p90,RWG,WEST HERTFORDSHIRE TEACHING HOSPITALS NHS TRUST,140,Oral Surgery Service,16231.175048828125,0,0.0,16231.1751,0.0,0.0,Optimal,500,0,23732413.77608013,23727413.7777371,5000.0
pessimistic_p90,RWG,WEST HERTFORDSHIRE TEACHING HOSPITALS NHS TRUST,130,Ophthalmology Service,11299.745971679688,0,0.0,11299.74591,0.0,0.0,Optimal,500,0,23732413.77608013,23727413.7777371,5000.0
pessimistic_p90,RWG,WEST HERTFORDSHIRE TEACHING HOSPITALS NHS TRUST,120,Ear Nose and Throat Service,13534.382080078125,0,0.0,13534.3821,0.0,0.0,Optimal,500,0,23732413.77608013,23727413.7777371,5000.0
pessimistic_p90,RWG,WEST HERTFORDSHIRE TEACHING HOSPITALS NHS TRUST,110,Trauma and Orthopaedic Service,50575.81787109375,0,0.0,50575.8179,0.0,0.0,Optimal,500,0,23732413.77608013,23727413.7777371,5000.0
pessimistic_p90,RWG,WEST HERTFORDSHIRE TEACHING HOSPITALS NHS TRUST,101,Urology Service,10323.911560058594,0,0.0,10323.91156,0.0,0.0,Optimal,500,0,23732413.77608013,23727413.7777371,5000.0
pessimistic_p90,RWG,WEST HERTFORDSHIRE TEACHING HOSPITALS NHS TRUST,100,General Surgery Service,27104.600341796875,0,0.0,27104.6003,0.0,0.0,Optimal,500,0,23732413.77608013,23727413.7777371,5000.0
pessimistic_p90,RWJ,STOCKPORT NHS FOUNDATION TRUST,502,Gynaecology Service,8042.023620605469,0,0.0,8042.02361,0.0,0.0,Optimal,500,0,23732413.77608013,23727413.7777371,5000.0
pessimistic_p90,RWP,WORCESTERSHIRE ACUTE HOSPITALS NHS TRUST,101,Urology Service,33134.122314453125,0,0.0,33134.1222,0.0,0.0,Optimal,500,0,23732413.77608013,23727413.7777371,5000.0
pessimistic_p90,RX1,NOTTINGHAM UNIVERSITY HOSPITALS NHS TRUST,130,Ophthalmology Service,9732.356506347656,0,0.0,9732.35652,0.0,0.0,Optimal,500,0,23732413.77608013,23727413.7777371,5000.0
pessimistic_p90,RWY,CALDERDALE AND HUDDERSFIELD NHS FOUNDATION TRUST,100,General Surgery Service,44410.781494140625,0,0.0,44410.7815,0.0,0.0,Optimal,500,0,23732413.77608013,23727413.7777371,5000.0
pessimistic_p90,RX1,NOTTINGHAM UNIVERSITY HOSPITALS NHS TRUST,110,Trauma and Orthopaedic Service,29761.619873046875,0,0.0,29761.6198,0.0,0.0,Optimal,500,0,23732413.77608013,23727413.7777371,5000.0
pessimistic_p90,RX1,NOTTINGHAM UNIVERSITY HOSPITALS NHS TRUST,101,Urology Service,12073.328918457031,0,0.0,12073.32886,0.0,0.0,Optimal,500,0,23732413.77608013,23727413.7777371,5000.0
pessimistic_p90,RX1,NOTTINGHAM UNIVERSITY HOSPITALS NHS TRUST,100,General Surgery Service,6689.160797119141,0,0.0,6689.16078,0.0,0.0,Optimal,500,0,23732413.77608013,23727413.7777371,5000.0
pessimistic_p90,RWY,CALDERDALE AND HUDDERSFIELD NHS FOUNDATION TRUST,502,Gynaecology Service,11967.082458496094,0,0.0,11967.08242,0.0,0.0,Optimal,500,0,23732413.77608013,23727413.7777371,5000.0
pessimistic_p90,RWY,CALDERDALE AND HUDDERSFIELD NHS FOUNDATION TRUST,160,Plastic Surgery Service,5635.698516845703,0,0.0,5635.69853,0.0,0.0,Optimal,500,0,23732413.77608013,23727413.7777371,5000.0
pessimistic_p90,RWY,CALDERDALE AND HUDDERSFIELD NHS FOUNDATION TRUST,140,Oral Surgery Service,4778.2042236328125,0,0.0,4778.20421,0.0,0.0,Optimal,500,0,23732413.77608013,23727413.7777371,5000.0
pessimistic_p90,RWY,CALDERDALE AND HUDDERSFIELD NHS FOUNDATION TRUST,130,Ophthalmology Service,16151.890258789062,0,0.0,16151.8902,0.0,0.0,Optimal,500,0,23732413.77608013,23727413.7777371,5000.0
pessimistic_p90,RWY,CALDERDALE AND HUDDERSFIELD NHS FOUNDATION TRUST,120,Ear Nose and Throat Service,12544.821838378906,0,0.0,12544.82178,0.0,0.0,Optimal,500,0,23732413.77608013,23727413.7777371,5000.0
pessimistic_p90,RWY,CALDERDALE AND HUDDERSFIELD NHS FOUNDATION TRUST,110,Trauma and Orthopaedic Service,26913.505004882812,0,0.0,26913.5051,0.0,0.0,Optimal,500,0,23732413.77608013,23727413.7777371,5000.0
pessimistic_p90,RWY,CALDERDALE AND HUDDERSFIELD NHS FOUNDATION TRUST,101,Urology Service,11825.167053222656,0,0.0,11825.16715,0.0,0.0,Optimal,500,0,23732413.77608013,23727413.7777371,5000.0
pessimistic_p90,RWW,NORTH CHESHIRE AND MERSEY NHS FOUNDATION TRUST,502,Gynaecology Service,9275.264526367188,0,0.0,9275.26451,0.0,0.0,Optimal,500,0,23732413.77608013,23727413.7777371,5000.0
pessimistic_p90,RWP,WORCESTERSHIRE ACUTE HOSPITALS NHS TRUST,110,Trauma and Orthopaedic Service,75919.134765625,0,0.0,75919.1346,0.0,0.0,Optimal,500,0,23732413.77608013,23727413.7777371,5000.0
pessimistic_p90,RWW,NORTH CHESHIRE AND MERSEY NHS FOUNDATION TRUST,130,Ophthalmology Service,14165.31005859375,0,0.0,14165.3101,0.0,0.0,Optimal,500,0,23732413.77608013,23727413.7777371,5000.0
pessimistic_p90,RWW,NORTH CHESHIRE AND MERSEY NHS FOUNDATION TRUST,120,Ear Nose and Throat Service,8979.140441894531,0,0.0,8979.14044,0.0,0.0,Optimal,500,0,23732413.77608013,23727413.7777371,5000.0
pessimistic_p90,RWW,NORTH CHESHIRE AND MERSEY NHS FOUNDATION TRUST,110,Trauma and Orthopaedic Service,35759.35693359375,0,0.0,35759.3569,0.0,0.0,Optimal,500,0,23732413.77608013,23727413.7777371,5000.0
pessimistic_p90,RWW,NORTH CHESHIRE AND MERSEY NHS FOUNDATION TRUST,101,Urology Service,9313.415100097656,0,0.0,9313.41511,0.0,0.0,Optimal,500,0,23732413.77608013,23727413.7777371,5000.0
pessimistic_p90,RWW,NORTH CHESHIRE AND MERSEY NHS FOUNDATION TRUST,100,General Surgery Service,6475.167205810547,0,0.0,6475.1672,0.0,0.0,Optimal,500,0,23732413.77608013,23727413.7777371,5000.0
pessimistic_p90,RWP,WORCESTERSHIRE ACUTE HOSPITALS NHS TRUST,502,Gynaecology Service,21286.1689453125,0,0.0,21286.1688,0.0,0.0,Optimal,500,0,23732413.77608013,23727413.7777371,5000.0
pessimistic_p90,RWP,WORCESTERSHIRE ACUTE HOSPITALS NHS TRUST,160,Plastic Surgery Service,135.33245182037354,0,0.0,135.3324516,0.0,0.0,Optimal,500,0,23732413.77608013,23727413.7777371,5000.0
pessimistic_p90,RWP,WORCESTERSHIRE ACUTE HOSPITALS NHS TRUST,140,Oral Surgery Service,18829.887939453125,0,0.0,18829.8878,0.0,0.0,Optimal,500,0,23732413.77608013,23727413.7777371,5000.0
pessimistic_p90,RWP,WORCESTERSHIRE ACUTE HOSPITALS NHS TRUST,130,Ophthalmology Service,26798.27880859375,0,0.0,26798.2787,0.0,0.0,Optimal,500,0,23732413.77608013,23727413.7777371,5000.0
pessimistic_p90,RWP,WORCESTERSHIRE ACUTE HOSPITALS NHS TRUST,120,Ear Nose and Throat Service,25563.93115234375,0,0.0,25563.9312,0.0,0.0,Optimal,500,0,23732413.77608013,23727413.7777371,5000.0
pessimistic_p90,RWF,MAIDSTONE AND TUNBRIDGE WELLS NHS TRUST,502,Gynaecology Service,21363.10986328125,0,0.0,21363.1099,0.0,0.0,Optimal,500,0,23732413.77608013,23727413.7777371,5000.0
pessimistic_p90,RWF,MAIDSTONE AND TUNBRIDGE WELLS NHS TRUST,130,Ophthalmology Service,34137.1826171875,0,0.0,34137.1826,0.0,0.0,Optimal,500,0,23732413.77608013,23727413.7777371,5000.0
pessimistic_p90,RWF,MAIDSTONE AND TUNBRIDGE WELLS NHS TRUST,120,Ear Nose and Throat Service,17130.973022460938,0,0.0,17130.9731,0.0,0.0,Optimal,500,0,23732413.77608013,23727413.7777371,5000.0
pessimistic_p90,RVV,EAST KENT HOSPITALS UNIVERSITY NHS FOUNDATION TRUST,120,Ear Nose and Throat Service,59175.58935546875,0,0.0,59175.5893,0.0,0.0,Optimal,500,0,23732413.77608013,23727413.7777371,5000.0
pessimistic_p90,RWA,HULL UNIVERSITY TEACHING HOSPITALS NHS TRUST,101,Urology Service,22581.840576171875,0,0.0,22581.8407,0.0,0.0,Optimal,500,0,23732413.77608013,23727413.7777371,5000.0
pessimistic_p90,RWA,HULL UNIVERSITY TEACHING HOSPITALS NHS TRUST,100,General Surgery Service,46935.8740234375,0,0.0,46935.873999999996,0.0,0.0,Optimal,500,0,23732413.77608013,23727413.7777371,5000.0
pessimistic_p90,RW1,HAMPSHIRE AND ISLE OF WIGHT HEALTHCARE NHS FOUNDATION TRUST,100,General Surgery Service,305.39581871032715,0,0.0,305.395819,0.0,0.0,Optimal,500,0,23732413.77608013,23727413.7777371,5000.0
pessimistic_p90,RVW,NORTH TEES AND HARTLEPOOL NHS FOUNDATION TRUST,502,Gynaecology Service,19041.803100585938,0,0.0,19041.8032,0.0,0.0,Optimal,500,0,23732413.77608013,23727413.7777371,5000.0
pessimistic_p90,RVW,NORTH TEES AND HARTLEPOOL NHS FOUNDATION TRUST,110,Trauma and Orthopaedic Service,58954.70703125,0,0.0,58954.707,0.0,0.0,Optimal,500,0,23732413.77608013,23727413.7777371,5000.0
pessimistic_p90,RVW,NORTH TEES AND HARTLEPOOL NHS FOUNDATION TRUST,101,Urology Service,13126.931762695312,0,0.0,13126.9319,0.0,0.0,Optimal,500,0,23732413.77608013,23727413.7777371,5000.0
pessimistic_p90,RVW,NORTH TEES AND HARTLEPOOL NHS FOUNDATION TRUST,100,General Surgery Service,11417.859252929688,0,0.0,11417.85932,0.0,0.0,Optimal,500,0,23732413.77608013,23727413.7777371,5000.0
pessimistic_p90,RVV,EAST KENT HOSPITALS UNIVERSITY NHS FOUNDATION TRUST,502,Gynaecology Service,11464.387939453125,0,0.0,11464.38797,0.0,0.0,Optimal,500,0,23732413.77608013,23727413.7777371,5000.0
pessimistic_p90,RVV,EAST KENT HOSPITALS UNIVERSITY NHS FOUNDATION TRUST,140,Oral Surgery Service,16170.107421875,0,0.0,16170.1076,0.0,0.0,Optimal,500,0,23732413.77608013,23727413.7777371,5000.0
pessimistic_p90,RVV,EAST KENT HOSPITALS UNIVERSITY NHS FOUNDATION TRUST,130,Ophthalmology Service,31867.4306640625,0,0.0,31867.4307,0.0,0.0,Optimal,500,0,23732413.77608013,23727413.7777371,5000.0
pessimistic_p90,RVV,EAST KENT HOSPITALS UNIVERSITY NHS FOUNDATION TRUST,110,Trauma and Orthopaedic Service,113435.19140625,0,0.0,113435.1921,0.0,0.0,Optimal,500,0,23732413.77608013,23727413.7777371,5000.0
pessimistic_p90,RWF,MAIDSTONE AND TUNBRIDGE WELLS NHS TRUST,110,Trauma and Orthopaedic Service,53069.07177734375,0,0.0,53069.0716,0.0,0.0,Optimal,500,0,23732413.77608013,23727413.7777371,5000.0
pessimistic_p90,RVV,EAST KENT HOSPITALS UNIVERSITY NHS FOUNDATION TRUST,101,Urology Service,28302.1923828125,0,0.0,28302.1924,0.0,0.0,Optimal,500,0,23732413.77608013,23727413.7777371,5000.0
pessimistic_p90,RVV,EAST KENT HOSPITALS UNIVERSITY NHS FOUNDATION TRUST,100,General Surgery Service,81038.076171875,0,0.0,81038.0763,0.0,0.0,Optimal,500,0,23732413.77608013,23727413.7777371,5000.0
pessimistic_p90,RVR,EPSOM AND ST HELIER UNIVERSITY HOSPITALS NHS TRUST,502,Gynaecology Service,14410.943969726562,0,0.0,14410.944,0.0,0.0,Optimal,500,0,23732413.77608013,23727413.7777371,5000.0
pessimistic_p90,RVR,EPSOM AND ST HELIER UNIVERSITY HOSPITALS NHS TRUST,140,Oral Surgery Service,3623.4752807617188,0,0.0,3623.47529,0.0,0.0,Optimal,500,0,23732413.77608013,23727413.7777371,5000.0
pessimistic_p90,RVR,EPSOM AND ST HELIER UNIVERSITY HOSPITALS NHS TRUST,130,Ophthalmology Service,12500.668701171875,0,0.0,12500.668740000001,0.0,0.0,Optimal,500,0,23732413.77608013,23727413.7777371,5000.0
pessimistic_p90,RVR,EPSOM AND ST HELIER UNIVERSITY HOSPITALS NHS TRUST,120,Ear Nose and Throat Service,4737.174285888672,0,0.0,4737.17432,0.0,0.0,Optimal,500,0,23732413.77608013,23727413.7777371,5000.0
pessimistic_p90,RVR,EPSOM AND ST HELIER UNIVERSITY HOSPITALS NHS TRUST,110,Trauma and Orthopaedic Service,127438.416015625,0,0.0,127438.4153,0.0,0.0,Optimal,500,0,23732413.77608013,23727413.7777371,5000.0
pessimistic_p90,RVR,EPSOM AND ST HELIER UNIVERSITY HOSPITALS NHS TRUST,101,Urology Service,9090.746887207031,0,0.0,9090.7469,0.0,0.0,Optimal,500,0,23732413.77608013,23727413.7777371,5000.0
pessimistic_p90,RVR,EPSOM AND ST HELIER UNIVERSITY HOSPITALS NHS TRUST,100,General Surgery Service,16879.316650390625,0,0.0,16879.3166,0.0,0.0,Optimal,500,0,23732413.77608013,23727413.7777371,5000.0
pessimistic_p90,RVJ,NORTH BRISTOL NHS TRUST,502,Gynaecology Service,35138.22509765625,0,0.0,35138.225,0.0,0.0,Optimal,500,0,23732413.77608013,23727413.7777371,5000.0
pessimistic_p90,RWA,HULL UNIVERSITY TEACHING HOSPITALS NHS TRUST,110,Trauma and Orthopaedic Service,57740.76708984375,0,0.0,57740.7671,0.0,0.0,Optimal,500,0,23732413.77608013,23727413.7777371,5000.0
pessimistic_p90,RWA,HULL UNIVERSITY TEACHING HOSPITALS NHS TRUST,120,Ear Nose and Throat Service,27809.964111328125,0,0.0,27809.964200000002,0.0,0.0,Optimal,500,0,23732413.77608013,23727413.7777371,5000.0
pessimistic_p90,RWA,HULL UNIVERSITY TEACHING HOSPITALS NHS TRUST,130,Ophthalmology Service,69109.263671875,0,0.0,69109.2636,0.0,0.0,Optimal,500,0,23732413.77608013,23727413.7777371,5000.0
pessimistic_p90,RWA,HULL UNIVERSITY TEACHING HOSPITALS NHS TRUST,140,Oral Surgery Service,9969.87890625,0,0.0,9969.8789,0.0,0.0,Optimal,500,0,23732413.77608013,23727413.7777371,5000.0
pessimistic_p90,RWF,MAIDSTONE AND TUNBRIDGE WELLS NHS TRUST,101,Urology Service,15515.304077148438,0,0.0,15515.304199999999,0.0,0.0,Optimal,500,0,23732413.77608013,23727413.7777371,5000.0
pessimistic_p90,RWF,MAIDSTONE AND TUNBRIDGE WELLS NHS TRUST,100,General Surgery Service,58492.29052734375,0,0.0,58492.2904,0.0,0.0,Optimal,500,0,23732413.77608013,23727413.7777371,5000.0
pessimistic_p90,RWE,UNIVERSITY HOSPITALS OF LEICESTER NHS TRUST,502,Gynaecology Service,21330.900756835938,0,0.0,21330.9007,0.0,0.0,Optimal,500,0,23732413.77608013,23727413.7777371,5000.0
pessimistic_p90,RWE,UNIVERSITY HOSPITALS OF LEICESTER NHS TRUST,170,Cardiothoracic Surgery Service,3825.5928649902344,0,0.0,3825.59288,0.0,0.0,Optimal,500,0,23732413.77608013,23727413.7777371,5000.0
pessimistic_p90,RWE,UNIVERSITY HOSPITALS OF LEICESTER NHS TRUST,160,Plastic Surgery Service,14958.572998046875,0,0.0,14958.573,0.0,0.0,Optimal,500,0,23732413.77608013,23727413.7777371,5000.0
pessimistic_p90,RWE,UNIVERSITY HOSPITALS OF LEICESTER NHS TRUST,140,Oral Surgery Service,12347.753540039062,0,0.0,12347.75345,0.0,0.0,Optimal,500,0,23732413.77608013,23727413.7777371,5000.0
pessimistic_p90,RWE,UNIVERSITY HOSPITALS OF LEICESTER NHS TRUST,130,Ophthalmology Service,28229.393798828125,0,0.0,28229.3939,0.0,0.0,Optimal,500,0,23732413.77608013,23727413.7777371,5000.0
pessimistic_p90,RWE,UNIVERSITY HOSPITALS OF LEICESTER NHS TRUST,120,Ear Nose and Throat Service,19646.550170898438,0,0.0,19646.5503,0.0,0.0,Optimal,500,0,23732413.77608013,23727413.7777371,5000.0
pessimistic_p90,RWE,UNIVERSITY HOSPITALS OF LEICESTER NHS TRUST,110,Trauma and Orthopaedic Service,67377.5302734375,0,0.0,67377.5303,0.0,0.0,Optimal,500,0,23732413.77608013,23727413.7777371,5000.0
pessimistic_p90,RWE,UNIVERSITY HOSPITALS OF LEICESTER NHS TRUST,101,Urology Service,17375.189697265625,0,0.0,17375.1898,0.0,0.0,Optimal,500,0,23732413.77608013,23727413.7777371,5000.0
pessimistic_p90,RWE,UNIVERSITY HOSPITALS OF LEICESTER NHS TRUST,100,General Surgery Service,22120.801879882812,0,0.0,22120.8019,0.0,0.0,Optimal,500,0,23732413.77608013,23727413.7777371,5000.0
pessimistic_p90,RWD,UNITED LINCOLNSHIRE TEACHING HOSPITALS NHS TRUST,502,Gynaecology Service,13274.659118652344,0,0.0,13274.65897,0.0,0.0,Optimal,500,0,23732413.77608013,23727413.7777371,5000.0
pessimistic_p90,RWD,UNITED LINCOLNSHIRE TEACHING HOSPITALS NHS TRUST,130,Ophthalmology Service,14289.737182617188,0,0.0,14289.7371,0.0,0.0,Optimal,500,0,23732413.77608013,23727413.7777371,5000.0
pessimistic_p90,RWD,UNITED LINCOLNSHIRE TEACHING HOSPITALS NHS TRUST,120,Ear Nose and Throat Service,17660.16748046875,0,0.0,17660.1674,0.0,0.0,Optimal,500,0,23732413.77608013,23727413.7777371,5000.0
pessimistic_p90,RWD,UNITED LINCOLNSHIRE TEACHING HOSPITALS NHS TRUST,110,Trauma and Orthopaedic Service,65704.93310546875,0,0.0,65704.933,0.0,0.0,Optimal,500,0,23732413.77608013,23727413.7777371,5000.0
pessimistic_p90,RWD,UNITED LINCOLNSHIRE TEACHING HOSPITALS NHS TRUST,101,Urology Service,13298.371337890625,0,0.0,13298.3713,0.0,0.0,Optimal,500,0,23732413.77608013,23727413.7777371,5000.0
pessimistic_p90,RWD,UNITED LINCOLNSHIRE TEACHING HOSPITALS NHS TRUST,100,General Surgery Service,50040.832275390625,0,0.0,50040.8324,0.0,0.0,Optimal,500,0,23732413.77608013,23727413.7777371,5000.0
pessimistic_p90,RWA,HULL UNIVERSITY TEACHING HOSPITALS NHS TRUST,502,Gynaecology Service,28143.51025390625,0,0.0,28143.5102,0.0,0.0,Optimal,500,0,23732413.77608013,23727413.7777371,5000.0
pessimistic_p90,RWA,HULL UNIVERSITY TEACHING HOSPITALS NHS TRUST,170,Cardiothoracic Surgery Service,2068.230987548828,0,0.0,2068.23098,0.0,0.0,Optimal,500,0,23732413.77608013,23727413.7777371,5000.0
pessimistic_p90,RWA,HULL UNIVERSITY TEACHING HOSPITALS NHS TRUST,160,Plastic Surgery Service,46800.78662109375,0,0.0,46800.7868,0.0,0.0,Optimal,500,0,23732413.77608013,23727413.7777371,5000.0
pessimistic_p90,RWA,HULL UNIVERSITY TEACHING HOSPITALS NHS TRUST,150,Neurosurgical Service,15624.886840820312,0,0.0,15624.8868,0.0,0.0,Optimal,500,0,23732413.77608013,23727413.7777371,5000.0
pessimistic_p90,RX1,NOTTINGHAM UNIVERSITY HOSPITALS NHS TRUST,120,Ear Nose and Throat Service,19472.15869140625,0,0.0,19472.1587,0.0,0.0,Optimal,500,0,23732413.77608013,23727413.7777371,5000.0
pessimistic_p90,RX1,NOTTINGHAM UNIVERSITY HOSPITALS NHS TRUST,140,Oral Surgery Service,6316.26025390625,0,0.0,6316.26026,0.0,0.0,Optimal,500,0,23732413.77608013,23727413.7777371,5000.0
pessimistic_p90,RN5,HAMPSHIRE HOSPITALS NHS FOUNDATION TRUST,502,Gynaecology Service,12867.606811523438,0,0.0,12867.606749999999,0.0,0.0,Optimal,500,0,23732413.77608013,23727413.7777371,5000.0
pessimistic_p90,RXR,EAST LANCASHIRE HOSPITALS NHS TRUST,110,Trauma and Orthopaedic Service,30264.02490234375,0,0.0,30264.0251,0.0,0.0,Optimal,500,0,23732413.77608013,23727413.7777371,5000.0
pessimistic_p90,RXW,THE SHREWSBURY AND TELFORD HOSPITAL NHS TRUST,140,Oral Surgery Service,6605.2764892578125,0,0.0,6605.27648,0.0,0.0,Optimal,500,0,23732413.77608013,23727413.7777371,5000.0
pessimistic_p90,RXW,THE SHREWSBURY AND TELFORD HOSPITAL NHS TRUST,130,Ophthalmology Service,19285.787963867188,0,0.0,19285.788,0.0,0.0,Optimal,500,0,23732413.77608013,23727413.7777371,5000.0
pessimistic_p90,RXW,THE SHREWSBURY AND TELFORD HOSPITAL NHS TRUST,120,Ear Nose and Throat Service,13804.678344726562,0,0.0,13804.6785,0.0,0.0,Optimal,500,0,23732413.77608013,23727413.7777371,5000.0
pessimistic_p90,RXW,THE SHREWSBURY AND TELFORD HOSPITAL NHS TRUST,110,Trauma and Orthopaedic Service,34390.235595703125,0,0.0,34390.2356,0.0,0.0,Optimal,500,0,23732413.77608013,23727413.7777371,5000.0
pessimistic_p90,RXW,THE SHREWSBURY AND TELFORD HOSPITAL NHS TRUST,101,Urology Service,15955.139526367188,0,0.0,15955.1396,0.0,0.0,Optimal,500,0,23732413.77608013,23727413.7777371,5000.0
pessimistic_p90,RXW,THE SHREWSBURY AND TELFORD HOSPITAL NHS TRUST,100,General Surgery Service,43813.649169921875,0,0.0,43813.649,0.0,0.0,Optimal,500,0,23732413.77608013,23727413.7777371,5000.0
pessimistic_p90,RXR,EAST LANCASHIRE HOSPITALS NHS TRUST,502,Gynaecology Service,27342.010986328125,0,0.0,27342.0111,0.0,0.0,Optimal,500,0,23732413.77608013,23727413.7777371,5000.0
pessimistic_p90,RXR,EAST LANCASHIRE HOSPITALS NHS TRUST,140,Oral Surgery Service,39627.96923828125,0,0.0,39627.9692,0.0,0.0,Optimal,500,0,23732413.77608013,23727413.7777371,5000.0
pessimistic_p90,RXR,EAST LANCASHIRE HOSPITALS NHS TRUST,130,Ophthalmology Service,23049.75927734375,0,0.0,23049.7591,0.0,0.0,Optimal,500,0,23732413.77608013,23727413.7777371,5000.0
pessimistic_p90,RXR,EAST LANCASHIRE HOSPITALS NHS TRUST,120,Ear Nose and Throat Service,18697.70654296875,0,0.0,18697.7065,0.0,0.0,Optimal,500,0,23732413.77608013,23727413.7777371,5000.0
pessimistic_p90,RXR,EAST LANCASHIRE HOSPITALS NHS TRUST,101,Urology Service,9862.904602050781,0,0.0,9862.9046,0.0,0.0,Optimal,500,0,23732413.77608013,23727413.7777371,5000.0
pessimistic_p90,RXW,THE SHREWSBURY AND TELFORD HOSPITAL NHS TRUST,502,Gynaecology Service,18250.242431640625,0,0.0,18250.2424,0.0,0.0,Optimal,500,0,23732413.77608013,23727413.7777371,5000.0
pessimistic_p90,RXR,EAST LANCASHIRE HOSPITALS NHS TRUST,100,General Surgery Service,22251.531860351562,0,0.0,22251.5319,0.0,0.0,Optimal,500,0,23732413.77608013,23727413.7777371,5000.0
pessimistic_p90,RXQ,BUCKINGHAMSHIRE HEALTHCARE NHS TRUST,502,Gynaecology Service,20446.168090820312,0,0.0,20446.168,0.0,0.0,Optimal,500,0,23732413.77608013,23727413.7777371,5000.0
pessimistic_p90,RXQ,BUCKINGHAMSHIRE HEALTHCARE NHS TRUST,160,Plastic Surgery Service,18824.342529296875,0,0.0,18824.3425,0.0,0.0,Optimal,500,0,23732413.77608013,23727413.7777371,5000.0
pessimistic_p90,RXQ,BUCKINGHAMSHIRE HEALTHCARE NHS TRUST,140,Oral Surgery Service,6381.668701171875,0,0.0,6381.66873,0.0,0.0,Optimal,500,0,23732413.77608013,23727413.7777371,5000.0
pessimistic_p90,RXQ,BUCKINGHAMSHIRE HEALTHCARE NHS TRUST,130,Ophthalmology Service,23000.324829101562,0,0.0,23000.3247,0.0,0.0,Optimal,500,0,23732413.77608013,23727413.7777371,5000.0
pessimistic_p90,RXQ,BUCKINGHAMSHIRE HEALTHCARE NHS TRUST,120,Ear Nose and Throat Service,13327.634765625,0,0.0,13327.6348,0.0,0.0,Optimal,500,0,23732413.77608013,23727413.7777371,5000.0
pessimistic_p90,RXQ,BUCKINGHAMSHIRE HEALTHCARE NHS TRUST,110,Trauma and Orthopaedic Service,53884.09521484375,0,0.0,53884.0954,0.0,0.0,Optimal,500,0,23732413.77608013,23727413.7777371,5000.0
pessimistic_p90,RXQ,BUCKINGHAMSHIRE HEALTHCARE NHS TRUST,101,Urology Service,13563.300659179688,0,0.0,13563.3009,0.0,0.0,Optimal,500,0,23732413.77608013,23727413.7777371,5000.0
pessimistic_p90,RXQ,BUCKINGHAMSHIRE HEALTHCARE NHS TRUST,100,General Surgery Service,30070.171630859375,0,0.0,30070.1714,0.0,0.0,Optimal,500,0,23732413.77608013,23727413.7777371,5000.0
pessimistic_p90,RXP,COUNTY DURHAM AND DARLINGTON NHS FOUNDATION TRUST,502,Gynaecology Service,20445.7646484375,0,0.0,20445.7646,0.0,0.0,Optimal,500,0,23732413.77608013,23727413.7777371,5000.0
pessimistic_p90,RXW,THE SHREWSBURY AND TELFORD HOSPITAL NHS TRUST,170,Cardiothoracic Surgery Service,1401.900894165039,0,0.0,1401.900896,0.0,0.0,Optimal,500,0,23732413.77608013,23727413.7777371,5000.0
pessimistic_p90,RYJ,IMPERIAL COLLEGE HEALTHCARE NHS TRUST,100,General Surgery Service,17421.253540039062,0,0.0,17421.2535,0.0,0.0,Optimal,500,0,23732413.77608013,23727413.7777371,5000.0
pessimistic_p90,RX1,NOTTINGHAM UNIVERSITY HOSPITALS NHS TRUST,150,Neurosurgical Service,3487.82421875,0,0.0,3487.8242,0.0,0.0,Optimal,500,0,23732413.77608013,23727413.7777371,5000.0
pessimistic_p90,RYR,UNIVERSITY HOSPITALS SUSSEX NHS FOUNDATION TRUST,120,Ear Nose and Throat Service,28256.932861328125,0,0.0,28256.9329,0.0,0.0,Optimal,500,0,23732413.77608013,23727413.7777371,5000.0
pessimistic_p90,Y8L9S,SPAMEDICA BROMLEY,130,Ophthalmology Service,5682.0958251953125,0,0.0,5682.09581,0.0,0.0,Optimal,500,0,23732413.77608013,23727413.7777371,5000.0
pessimistic_p90,V4U1Y,SPAMEDICA CHESTER,130,Ophthalmology Service,6186.201873779297,0,0.0,6186.20187,0.0,0.0,Optimal,500,0,23732413.77608013,23727413.7777371,5000.0
pessimistic_p90,T8V3L,SPAMEDICA DONCASTER,130,Ophthalmology Service,4628.0032958984375,0,0.0,4628.00331,0.0,0.0,Optimal,500,0,23732413.77608013,23727413.7777371,5000.0
pessimistic_p90,T8R5I,SPAMEDICA WOKINGHAM,130,Ophthalmology Service,2684.527801513672,0,0.0,2684.5278,0.0,0.0,Optimal,500,0,23732413.77608013,23727413.7777371,5000.0
pessimistic_p90,S1Z4X,NEWMEDICA - BIRMINGHAM,130,Ophthalmology Service,7132.9306640625,0,0.0,7132.93067,0.0,0.0,Optimal,500,0,23732413.77608013,23727413.7777371,5000.0
pessimistic_p90,RYR,UNIVERSITY HOSPITALS SUSSEX NHS FOUNDATION TRUST,502,Gynaecology Service,33422.538818359375,0,0.0,33422.539,0.0,0.0,Optimal,500,0,23732413.77608013,23727413.7777371,5000.0
pessimistic_p90,RYR,UNIVERSITY HOSPITALS SUSSEX NHS FOUNDATION TRUST,170,Cardiothoracic Surgery Service,1668.4196472167969,0,0.0,1668.41965,0.0,0.0,Optimal,500,0,23732413.77608013,23727413.7777371,5000.0
pessimistic_p90,RYR,UNIVERSITY HOSPITALS SUSSEX NHS FOUNDATION TRUST,150,Neurosurgical Service,4112.830718994141,0,0.0,4112.83073,0.0,0.0,Optimal,500,0,23732413.77608013,23727413.7777371,5000.0
pessimistic_p90,RYR,UNIVERSITY HOSPITALS SUSSEX NHS FOUNDATION TRUST,140,Oral Surgery Service,39736.244873046875,0,0.0,39736.2449,0.0,0.0,Optimal,500,0,23732413.77608013,23727413.7777371,5000.0
pessimistic_p90,RYR,UNIVERSITY HOSPITALS SUSSEX NHS FOUNDATION TRUST,130,Ophthalmology Service,61708.2470703125,0,0.0,61708.2472,0.0,0.0,Optimal,500,0,23732413.77608013,23727413.7777371,5000.0
pessimistic_p90,RYR,UNIVERSITY HOSPITALS SUSSEX NHS FOUNDATION TRUST,110,Trauma and Orthopaedic Service,86320.70947265625,0,0.0,86320.7096,0.0,0.0,Optimal,500,0,23732413.77608013,23727413.7777371,5000.0
pessimistic_p90,RYJ,IMPERIAL COLLEGE HEALTHCARE NHS TRUST,101,Urology Service,9326.247741699219,0,0.0,9326.24775,0.0,0.0,Optimal,500,0,23732413.77608013,23727413.7777371,5000.0
pessimistic_p90,RYR,UNIVERSITY HOSPITALS SUSSEX NHS FOUNDATION TRUST,101,Urology Service,23139.550903320312,0,0.0,23139.5509,0.0,0.0,Optimal,500,0,23732413.77608013,23727413.7777371,5000.0
pessimistic_p90,RYR,UNIVERSITY HOSPITALS SUSSEX NHS FOUNDATION TRUST,100,General Surgery Service,27140.375732421875,0,0.0,27140.3755,0.0,0.0,Optimal,500,0,23732413.77608013,23727413.7777371,5000.0
pessimistic_p90,RYJ,IMPERIAL COLLEGE HEALTHCARE NHS TRUST,502,Gynaecology Service,16404.674682617188,0,0.0,16404.6746,0.0,0.0,Optimal,500,0,23732413.77608013,23727413.7777371,5000.0
pessimistic_p90,RYJ,IMPERIAL COLLEGE HEALTHCARE NHS TRUST,170,Cardiothoracic Surgery Service,4171.983428955078,0,0.0,4171.98344,0.0,0.0,Optimal,500,0,23732413.77608013,23727413.7777371,5000.0
pessimistic_p90,RYJ,IMPERIAL COLLEGE HEALTHCARE NHS TRUST,160,Plastic Surgery Service,10006.465026855469,0,0.0,10006.46503,0.0,0.0,Optimal,500,0,23732413.77608013,23727413.7777371,5000.0
pessimistic_p90,RYJ,IMPERIAL COLLEGE HEALTHCARE NHS TRUST,150,Neurosurgical Service,5250.714111328125,0,0.0,5250.71413,0.0,0.0,Optimal,500,0,23732413.77608013,23727413.7777371,5000.0
pessimistic_p90,RYJ,IMPERIAL COLLEGE HEALTHCARE NHS TRUST,140,Oral Surgery Service,1976.0538330078125,0,0.0,1976.05382,0.0,0.0,Optimal,500,0,23732413.77608013,23727413.7777371,5000.0
pessimistic_p90,RYJ,IMPERIAL COLLEGE HEALTHCARE NHS TRUST,130,Ophthalmology Service,24742.639282226562,0,0.0,24742.6391,0.0,0.0,Optimal,500,0,23732413.77608013,23727413.7777371,5000.0
pessimistic_p90,RYJ,IMPERIAL COLLEGE HEALTHCARE NHS TRUST,120,Ear Nose and Throat Service,28649.170166015625,0,0.0,28649.1702,0.0,0.0,Optimal,500,0,23732413.77608013,23727413.7777371,5000.0
pessimistic_p90,RYJ,IMPERIAL COLLEGE HEALTHCARE NHS TRUST,110,Trauma and Orthopaedic Service,13512.140869140625,0,0.0,13512.140800000001,0.0,0.0,Optimal,500,0,23732413.77608013,23727413.7777371,5000.0
pessimistic_p90,RXP,COUNTY DURHAM AND DARLINGTON NHS FOUNDATION TRUST,170,Cardiothoracic Surgery Service,386.7401428222656,0,0.0,386.740145,0.0,0.0,Optimal,500,0,23732413.77608013,23727413.7777371,5000.0
pessimistic_p90,RXP,COUNTY DURHAM AND DARLINGTON NHS FOUNDATION TRUST,160,Plastic Surgery Service,16370.899658203125,0,0.0,16370.8997,0.0,0.0,Optimal,500,0,23732413.77608013,23727413.7777371,5000.0
pessimistic_p90,RXP,COUNTY DURHAM AND DARLINGTON NHS FOUNDATION TRUST,140,Oral Surgery Service,6813.541412353516,0,0.0,6813.54141,0.0,0.0,Optimal,500,0,23732413.77608013,23727413.7777371,5000.0
pessimistic_p90,RXF,MID YORKSHIRE TEACHING NHS TRUST,101,Urology Service,24403.414306640625,0,0.0,24403.4144,0.0,0.0,Optimal,500,0,23732413.77608013,23727413.7777371,5000.0
pessimistic_p90,RXK,SANDWELL AND WEST BIRMINGHAM HOSPITALS NHS TRUST,120,Ear Nose and Throat Service,8265.4501953125,0,0.0,8265.4502,0.0,0.0,Optimal,500,0,23732413.77608013,23727413.7777371,5000.0
pessimistic_p90,RXK,SANDWELL AND WEST BIRMINGHAM HOSPITALS NHS TRUST,110,Trauma and Orthopaedic Service,40930.67138671875,0,0.0,40930.6713,0.0,0.0,Optimal,500,0,23732413.77608013,23727413.7777371,5000.0
pessimistic_p90,RXK,SANDWELL AND WEST BIRMINGHAM HOSPITALS NHS TRUST,101,Urology Service,10525.615539550781,0,0.0,10525.61553,0.0,0.0,Optimal,500,0,23732413.77608013,23727413.7777371,5000.0
pessimistic_p90,RXK,SANDWELL AND WEST BIRMINGHAM HOSPITALS NHS TRUST,100,General Surgery Service,18009.03662109375,0,0.0,18009.0366,0.0,0.0,Optimal,500,0,23732413.77608013,23727413.7777371,5000.0
pessimistic_p90,RXF,MID YORKSHIRE TEACHING NHS TRUST,502,Gynaecology Service,13885.508056640625,0,0.0,13885.5081,0.0,0.0,Optimal,500,0,23732413.77608013,23727413.7777371,5000.0
pessimistic_p90,RXF,MID YORKSHIRE TEACHING NHS TRUST,160,Plastic Surgery Service,17584.27197265625,0,0.0,17584.272,0.0,0.0,Optimal,500,0,23732413.77608013,23727413.7777371,5000.0
pessimistic_p90,RXF,MID YORKSHIRE TEACHING NHS TRUST,140,Oral Surgery Service,22521.23583984375,0,0.0,22521.2357,0.0,0.0,Optimal,500,0,23732413.77608013,23727413.7777371,5000.0
pessimistic_p90,RXF,MID YORKSHIRE TEACHING NHS TRUST,130,Ophthalmology Service,22265.265014648438,0,0.0,22265.2651,0.0,0.0,Optimal,500,0,23732413.77608013,23727413.7777371,5000.0
pessimistic_p90,RXF,MID YORKSHIRE TEACHING NHS TRUST,120,Ear Nose and Throat Service,21994.609619140625,0,0.0,21994.6096,0.0,0.0,Optimal,500,0,23732413.77608013,23727413.7777371,5000.0
pessimistic_p90,RXF,MID YORKSHIRE TEACHING NHS TRUST,110,Trauma and Orthopaedic Service,81502.0595703125,0,0.0,81502.0594,0.0,0.0,Optimal,500,0,23732413.77608013,23727413.7777371,5000.0
pessimistic_p90,RXF,MID YORKSHIRE TEACHING NHS TRUST,100,General Surgery Service,15355.45947265625,0,0.0,15355.4595,0.0,0.0,Optimal,500,0,23732413.77608013,23727413.7777371,5000.0
pessimistic_p90,RXP,COUNTY DURHAM AND DARLINGTON NHS FOUNDATION TRUST,130,Ophthalmology Service,13661.9228515625,0,0.0,13661.9228,0.0,0.0,Optimal,500,0,23732413.77608013,23727413.7777371,5000.0
pessimistic_p90,RXC,EAST SUSSEX HEALTHCARE NHS TRUST,502,Gynaecology Service,14387.67822265625,0,0.0,14387.678,0.0,0.0,Optimal,500,0,23732413.77608013,23727413.7777371,5000.0
pessimistic_p90,RXC,EAST SUSSEX HEALTHCARE NHS TRUST,140,Oral Surgery Service,5779.5555419921875,0,0.0,5779.55553,0.0,0.0,Optimal,500,0,23732413.77608013,23727413.7777371,5000.0
pessimistic_p90,RXC,EAST SUSSEX HEALTHCARE NHS TRUST,130,Ophthalmology Service,33291.3232421875,0,0.0,33291.3231,0.0,0.0,Optimal,500,0,23732413.77608013,23727413.7777371,5000.0
pessimistic_p90,RXC,EAST SUSSEX HEALTHCARE NHS TRUST,120,Ear Nose and Throat Service,19389.774291992188,0,0.0,19389.774,0.0,0.0,Optimal,500,0,23732413.77608013,23727413.7777371,5000.0
pessimistic_p90,RXC,EAST SUSSEX HEALTHCARE NHS TRUST,110,Trauma and Orthopaedic Service,65451.1103515625,0,0.0,65451.1105,0.0,0.0,Optimal,500,0,23732413.77608013,23727413.7777371,5000.0
pessimistic_p90,RXC,EAST SUSSEX HEALTHCARE NHS TRUST,101,Urology Service,17177.314086914062,0,0.0,17177.314,0.0,0.0,Optimal,500,0,23732413.77608013,23727413.7777371,5000.0
pessimistic_p90,RXC,EAST SUSSEX HEALTHCARE NHS TRUST,100,General Surgery Service,16659.526733398438,0,0.0,16659.5268,0.0,0.0,Optimal,500,0,23732413.77608013,23727413.7777371,5000.0
pessimistic_p90,RX1,NOTTINGHAM UNIVERSITY HOSPITALS NHS TRUST,502,Gynaecology Service,7036.41357421875,0,0.0,7036.41358,0.0,0.0,Optimal,500,0,23732413.77608013,23727413.7777371,5000.0
pessimistic_p90,RX1,NOTTINGHAM UNIVERSITY HOSPITALS NHS TRUST,170,Cardiothoracic Surgery Service,2585.141830444336,0,0.0,2585.14184,0.0,0.0,Optimal,500,0,23732413.77608013,23727413.7777371,5000.0
pessimistic_p90,RX1,NOTTINGHAM UNIVERSITY HOSPITALS NHS TRUST,160,Plastic Surgery Service,7492.7733154296875,0,0.0,7492.77332,0.0,0.0,Optimal,500,0,23732413.77608013,23727413.7777371,5000.0
pessimistic_p90,RXK,SANDWELL AND WEST BIRMINGHAM HOSPITALS NHS TRUST,130,Ophthalmology Service,40132.50341796875,0,0.0,40132.5034,0.0,0.0,Optimal,500,0,23732413.77608013,23727413.7777371,5000.0
pessimistic_p90,RXK,SANDWELL AND WEST BIRMINGHAM HOSPITALS NHS TRUST,140,Oral Surgery Service,9066.3486328125,0,0.0,9066.34864,0.0,0.0,Optimal,500,0,23732413.77608013,23727413.7777371,5000.0
pessimistic_p90,RXK,SANDWELL AND WEST BIRMINGHAM HOSPITALS NHS TRUST,160,Plastic Surgery Service,6035.4517822265625,0,0.0,6035.45179,0.0,0.0,Optimal,500,0,23732413.77608013,23727413.7777371,5000.0
pessimistic_p90,RXK,SANDWELL AND WEST BIRMINGHAM HOSPITALS NHS TRUST,170,Cardiothoracic Surgery Service,235.70474243164062,0,0.0,235.704743,0.0,0.0,Optimal,500,0,23732413.77608013,23727413.7777371,5000.0
pessimistic_p90,RXP,COUNTY DURHAM AND DARLINGTON NHS FOUNDATION TRUST,120,Ear Nose and Throat Service,7389.744567871094,0,0.0,7389.74457,0.0,0.0,Optimal,500,0,23732413.77608013,23727413.7777371,5000.0
pessimistic_p90,RXP,COUNTY DURHAM AND DARLINGTON NHS FOUNDATION TRUST,110,Trauma and Orthopaedic Service,72080.9609375,0,0.0,72080.9608,0.0,0.0,Optimal,500,0,23732413.77608013,23727413.7777371,5000.0
pessimistic_p90,RXP,COUNTY DURHAM AND DARLINGTON NHS FOUNDATION TRUST,100,General Surgery Service,34231.1123046875,0,0.0,34231.1123,0.0,0.0,Optimal,500,0,23732413.77608013,23727413.7777371,5000.0
pessimistic_p90,RXN,LANCASHIRE TEACHING HOSPITALS NHS FOUNDATION TRUST,502,Gynaecology Service,10077.88037109375,0,0.0,10077.88035,0.0,0.0,Optimal,500,0,23732413.77608013,23727413.7777371,5000.0
pessimistic_p90,RXN,LANCASHIRE TEACHING HOSPITALS NHS FOUNDATION TRUST,160,Plastic Surgery Service,78610.04541015625,0,0.0,78610.0453,0.0,0.0,Optimal,500,0,23732413.77608013,23727413.7777371,5000.0
pessimistic_p90,RXN,LANCASHIRE TEACHING HOSPITALS NHS FOUNDATION TRUST,150,Neurosurgical Service,8725.934814453125,0,0.0,8725.93483,0.0,0.0,Optimal,500,0,23732413.77608013,23727413.7777371,5000.0
pessimistic_p90,RXN,LANCASHIRE TEACHING HOSPITALS NHS FOUNDATION TRUST,140,Oral Surgery Service,16703.061279296875,0,0.0,16703.0615,0.0,0.0,Optimal,500,0,23732413.77608013,23727413.7777371,5000.0
pessimistic_p90,RXN,LANCASHIRE TEACHING HOSPITALS NHS FOUNDATION TRUST,130,Ophthalmology Service,19381.20166015625,0,0.0,19381.2016,0.0,0.0,Optimal,500,0,23732413.77608013,23727413.7777371,5000.0
pessimistic_p90,RXN,LANCASHIRE TEACHING HOSPITALS NHS FOUNDATION TRUST,120,Ear Nose and Throat Service,16371.851196289062,0,0.0,16371.8514,0.0,0.0,Optimal,500,0,23732413.77608013,23727413.7777371,5000.0
pessimistic_p90,RXN,LANCASHIRE TEACHING HOSPITALS NHS FOUNDATION TRUST,110,Trauma and Orthopaedic Service,38143.98828125,0,0.0,38143.9885,0.0,0.0,Optimal,500,0,23732413.77608013,23727413.7777371,5000.0
pessimistic_p90,RXN,LANCASHIRE TEACHING HOSPITALS NHS FOUNDATION TRUST,101,Urology Service,14931.388549804688,0,0.0,14931.3887,0.0,0.0,Optimal,500,0,23732413.77608013,23727413.7777371,5000.0
pessimistic_p90,RXN,LANCASHIRE TEACHING HOSPITALS NHS FOUNDATION TRUST,100,General Surgery Service,2037.5848999023438,0,0.0,2037.5849,0.0,0.0,Optimal,500,0,23732413.77608013,23727413.7777371,5000.0
pessimistic_p90,RXL,BLACKPOOL TEACHING HOSPITALS NHS FOUNDATION TRUST,502,Gynaecology Service,6154.508575439453,0,0.0,6154.50857,0.0,0.0,Optimal,500,0,23732413.77608013,23727413.7777371,5000.0
pessimistic_p90,RXL,BLACKPOOL TEACHING HOSPITALS NHS FOUNDATION TRUST,170,Cardiothoracic Surgery Service,7450.198486328125,0,0.0,7450.19849,0.0,0.0,Optimal,500,0,23732413.77608013,23727413.7777371,5000.0
pessimistic_p90,RXL,BLACKPOOL TEACHING HOSPITALS NHS FOUNDATION TRUST,140,Oral Surgery Service,8963.238708496094,0,0.0,8963.23871,0.0,0.0,Optimal,500,0,23732413.77608013,23727413.7777371,5000.0
pessimistic_p90,RXL,BLACKPOOL TEACHING HOSPITALS NHS FOUNDATION TRUST,130,Ophthalmology Service,15862.3369140625,0,0.0,15862.3369,0.0,0.0,Optimal,500,0,23732413.77608013,23727413.7777371,5000.0
pessimistic_p90,RXL,BLACKPOOL TEACHING HOSPITALS NHS FOUNDATION TRUST,120,Ear Nose and Throat Service,11995.561584472656,0,0.0,11995.56161,0.0,0.0,Optimal,500,0,23732413.77608013,23727413.7777371,5000.0
pessimistic_p90,RXL,BLACKPOOL TEACHING HOSPITALS NHS FOUNDATION TRUST,110,Trauma and Orthopaedic Service,30039.54052734375,0,0.0,30039.5405,0.0,0.0,Optimal,500,0,23732413.77608013,23727413.7777371,5000.0
pessimistic_p90,RXL,BLACKPOOL TEACHING HOSPITALS NHS FOUNDATION TRUST,101,Urology Service,10150.142944335938,0,0.0,10150.14296,0.0,0.0,Optimal,500,0,23732413.77608013,23727413.7777371,5000.0
pessimistic_p90,RXL,BLACKPOOL TEACHING HOSPITALS NHS FOUNDATION TRUST,100,General Surgery Service,8684.268371582031,0,0.0,8684.268390000001,0.0,0.0,Optimal,500,0,23732413.77608013,23727413.7777371,5000.0
pessimistic_p90,RXK,SANDWELL AND WEST BIRMINGHAM HOSPITALS NHS TRUST,502,Gynaecology Service,10956.657653808594,0,0.0,10956.65768,0.0,0.0,Optimal,500,0,23732413.77608013,23727413.7777371,5000.0
pessimistic_p90,RVJ,NORTH BRISTOL NHS TRUST,170,Cardiothoracic Surgery Service,214.50989723205566,0,0.0,214.509897,0.0,0.0,Optimal,500,0,23732413.77608013,23727413.7777371,5000.0
pessimistic_p90,RVJ,NORTH BRISTOL NHS TRUST,160,Plastic Surgery Service,41457.237548828125,0,0.0,41457.2375,0.0,0.0,Optimal,500,0,23732413.77608013,23727413.7777371,5000.0
pessimistic_p90,RVJ,NORTH BRISTOL NHS TRUST,150,Neurosurgical Service,8166.4873046875,0,0.0,8166.4873,0.0,0.0,Optimal,500,0,23732413.77608013,23727413.7777371,5000.0
pessimistic_p90,RPY,THE ROYAL MARSDEN NHS FOUNDATION TRUST,101,Urology Service,555.1088256835938,0,0.0,555.108825,0.0,0.0,Optimal,500,0,23732413.77608013,23727413.7777371,5000.0
pessimistic_p90,RQM,CHELSEA AND WESTMINSTER HOSPITAL NHS FOUNDATION TRUST,160,Plastic Surgery Service,12052.441833496094,0,0.0,12052.44172,0.0,0.0,Optimal,500,0,23732413.77608013,23727413.7777371,5000.0
pessimistic_p90,RQM,CHELSEA AND WESTMINSTER HOSPITAL NHS FOUNDATION TRUST,140,Oral Surgery Service,1825.2390365600586,0,0.0,1825.23905,0.0,0.0,Optimal,500,0,23732413.77608013,23727413.7777371,5000.0
pessimistic_p90,RQM,CHELSEA AND WESTMINSTER HOSPITAL NHS FOUNDATION TRUST,130,Ophthalmology Service,9410.65380859375,0,0.0,9410.6538,0.0,0.0,Optimal,500,0,23732413.77608013,23727413.7777371,5000.0
pessimistic_p90,RQM,CHELSEA AND WESTMINSTER HOSPITAL NHS FOUNDATION TRUST,120,Ear Nose and Throat Service,13843.50732421875,0,0.0,13843.507300000001,0.0,0.0,Optimal,500,0,23732413.77608013,23727413.7777371,5000.0
pessimistic_p90,RQM,CHELSEA AND WESTMINSTER HOSPITAL NHS FOUNDATION TRUST,110,Trauma and Orthopaedic Service,23104.57177734375,0,0.0,23104.572,0.0,0.0,Optimal,500,0,23732413.77608013,23727413.7777371,5000.0
pessimistic_p90,RQM,CHELSEA AND WESTMINSTER HOSPITAL NHS FOUNDATION TRUST,101,Urology Service,15961.82861328125,0,0.0,15961.8286,0.0,0.0,Optimal,500,0,23732413.77608013,23727413.7777371,5000.0
pessimistic_p90,RQM,CHELSEA AND WESTMINSTER HOSPITAL NHS FOUNDATION TRUST,100,General Surgery Service,30223.443115234375,0,0.0,30223.4431,0.0,0.0,Optimal,500,0,23732413.77608013,23727413.7777371,5000.0
pessimistic_p90,RQ3,BIRMINGHAM WOMEN'S AND CHILDREN'S NHS FOUNDATION TRUST,502,Gynaecology Service,15787.23193359375,0,0.0,15787.232,0.0,0.0,Optimal,500,0,23732413.77608013,23727413.7777371,5000.0
pessimistic_p90,RPY,THE ROYAL MARSDEN NHS FOUNDATION TRUST,160,Plastic Surgery Service,587.024528503418,0,0.0,587.024526,0.0,0.0,Optimal,500,0,23732413.77608013,23727413.7777371,5000.0
pessimistic_p90,RPY,THE ROYAL MARSDEN NHS FOUNDATION TRUST,140,Oral Surgery Service,845.598331451416,0,0.0,845.598333,0.0,0.0,Optimal,500,0,23732413.77608013,23727413.7777371,5000.0
pessimistic_p90,RPY,THE ROYAL MARSDEN NHS FOUNDATION TRUST,100,General Surgery Service,741.410758972168,0,0.0,741.410759,0.0,0.0,Optimal,500,0,23732413.77608013,23727413.7777371,5000.0
pessimistic_p90,RQW,THE PRINCESS ALEXANDRA HOSPITAL NHS TRUST,100,General Surgery Service,7028.050354003906,0,0.0,7028.0503499999995,0.0,0.0,Optimal,500,0,23732413.77608013,23727413.7777371,5000.0
pessimistic_p90,RPC,QUEEN VICTORIA HOSPITAL NHS FOUNDATION TRUST,160,Plastic Surgery Service,84707.0009765625,0,0.0,84707.0011,0.0,0.0,Optimal,500,0,23732413.77608013,23727413.7777371,5000.0
pessimistic_p90,RPC,QUEEN VICTORIA HOSPITAL NHS FOUNDATION TRUST,140,Oral Surgery Service,22619.208984375,0,0.0,22619.2091,0.0,0.0,Optimal,500,0,23732413.77608013,23727413.7777371,5000.0
pessimistic_p90,RPC,QUEEN VICTORIA HOSPITAL NHS FOUNDATION TRUST,130,Ophthalmology Service,12252.670593261719,0,0.0,12252.67064,0.0,0.0,Optimal,500,0,23732413.77608013,23727413.7777371,5000.0
pessimistic_p90,RPC,QUEEN VICTORIA HOSPITAL NHS FOUNDATION TRUST,120,Ear Nose and Throat Service,1287.4662628173828,0,0.0,1287.466256,0.0,0.0,Optimal,500,0,23732413.77608013,23727413.7777371,5000.0
pessimistic_p90,RPA,MEDWAY NHS FOUNDATION TRUST,502,Gynaecology Service,12985.845458984375,0,0.0,12985.8453,0.0,0.0,Optimal,500,0,23732413.77608013,23727413.7777371,5000.0
pessimistic_p90,RPA,MEDWAY NHS FOUNDATION TRUST,120,Ear Nose and Throat Service,30952.88720703125,0,0.0,30952.887300000002,0.0,0.0,Optimal,500,0,23732413.77608013,23727413.7777371,5000.0
pessimistic_p90,RPA,MEDWAY NHS FOUNDATION TRUST,110,Trauma and Orthopaedic Service,45369.2060546875,0,0.0,45369.206,0.0,0.0,Optimal,500,0,23732413.77608013,23727413.7777371,5000.0
pessimistic_p90,RPA,MEDWAY NHS FOUNDATION TRUST,101,Urology Service,9125.378173828125,0,0.0,9125.37818,0.0,0.0,Optimal,500,0,23732413.77608013,23727413.7777371,5000.0
pessimistic_p90,RPA,MEDWAY NHS FOUNDATION TRUST,100,General Surgery Service,6725.645202636719,0,0.0,6725.64521,0.0,0.0,Optimal,500,0,23732413.77608013,23727413.7777371,5000.0
pessimistic_p90,RP6,MOORFIELDS EYE HOSPITAL NHS FOUNDATION TRUST,130,Ophthalmology Service,199808.4384765625,0,0.0,199808.437,0.0,0.0,Optimal,500,0,23732413.77608013,23727413.7777371,5000.0
pessimistic_p90,RQM,CHELSEA AND WESTMINSTER HOSPITAL NHS FOUNDATION TRUST,502,Gynaecology Service,20840.98095703125,0,0.0,20840.9811,0.0,0.0,Optimal,500,0,23732413.77608013,23727413.7777371,5000.0
pessimistic_p90,RQW,THE PRINCESS ALEXANDRA HOSPITAL NHS TRUST,101,Urology Service,2859.1426849365234,0,0.0,2859.14268,0.0,0.0,Optimal,500,0,23732413.77608013,23727413.7777371,5000.0
pessimistic_p90,RVJ,NORTH BRISTOL NHS TRUST,110,Trauma and Orthopaedic Service,130825.5732421875,0,0.0,130825.5728,0.0,0.0,Optimal,500,0,23732413.77608013,23727413.7777371,5000.0
pessimistic_p90,RR7,GATESHEAD HEALTH NHS FOUNDATION TRUST,100,General Surgery Service,17038.4755859375,0,0.0,17038.4755,0.0,0.0,Optimal,500,0,23732413.77608013,23727413.7777371,5000.0
pessimistic_p90,RR8,LEEDS TEACHING HOSPITALS NHS TRUST,150,Neurosurgical Service,6664.954132080078,0,0.0,6664.95412,0.0,0.0,Optimal,500,0,23732413.77608013,23727413.7777371,5000.0
pessimistic_p90,RR8,LEEDS TEACHING HOSPITALS NHS TRUST,140,Oral Surgery Service,9357.411682128906,0,0.0,9357.41168,0.0,0.0,Optimal,500,0,23732413.77608013,23727413.7777371,5000.0
pessimistic_p90,RR8,LEEDS TEACHING HOSPITALS NHS TRUST,130,Ophthalmology Service,25379.69140625,0,0.0,25379.6912,0.0,0.0,Optimal,500,0,23732413.77608013,23727413.7777371,5000.0
pessimistic_p90,RR8,LEEDS TEACHING HOSPITALS NHS TRUST,120,Ear Nose and Throat Service,39406.04541015625,0,0.0,39406.0453,0.0,0.0,Optimal,500,0,23732413.77608013,23727413.7777371,5000.0
pessimistic_p90,RR8,LEEDS TEACHING HOSPITALS NHS TRUST,110,Trauma and Orthopaedic Service,94206.87744140625,0,0.0,94206.8774,0.0,0.0,Optimal,500,0,23732413.77608013,23727413.7777371,5000.0
pessimistic_p90,RR8,LEEDS TEACHING HOSPITALS NHS TRUST,101,Urology Service,19128.947631835938,0,0.0,19128.9476,0.0,0.0,Optimal,500,0,23732413.77608013,23727413.7777371,5000.0
pessimistic_p90,RR8,LEEDS TEACHING HOSPITALS NHS TRUST,100,General Surgery Service,18090.139282226562,0,0.0,18090.1393,0.0,0.0,Optimal,500,0,23732413.77608013,23727413.7777371,5000.0
pessimistic_p90,RR7,GATESHEAD HEALTH NHS FOUNDATION TRUST,502,Gynaecology Service,8657.336730957031,0,0.0,8657.33673,0.0,0.0,Optimal,500,0,23732413.77608013,23727413.7777371,5000.0
pessimistic_p90,RR7,GATESHEAD HEALTH NHS FOUNDATION TRUST,110,Trauma and Orthopaedic Service,31496.797119140625,0,0.0,31496.7972,0.0,0.0,Optimal,500,0,23732413.77608013,23727413.7777371,5000.0
pessimistic_p90,RR7,GATESHEAD HEALTH NHS FOUNDATION TRUST,101,Urology Service,1753.6493377685547,0,0.0,1753.64934,0.0,0.0,Optimal,500,0,23732413.77608013,23727413.7777371,5000.0
pessimistic_p90,RQX,HOMERTON HEALTHCARE NHS FOUNDATION TRUST,502,Gynaecology Service,24404.731689453125,0,0.0,24404.731499999998,0.0,0.0,Optimal,500,0,23732413.77608013,23727413.7777371,5000.0
pessimistic_p90,RQW,THE PRINCESS ALEXANDRA HOSPITAL NHS TRUST,110,Trauma and Orthopaedic Service,6156.3436279296875,0,0.0,6156.34363,0.0,0.0,Optimal,500,0,23732413.77608013,23727413.7777371,5000.0
pessimistic_p90,RQX,HOMERTON HEALTHCARE NHS FOUNDATION TRUST,160,Plastic Surgery Service,1768.7026672363281,0,0.0,1768.70266,0.0,0.0,Optimal,500,0,23732413.77608013,23727413.7777371,5000.0
pessimistic_p90,RQX,HOMERTON HEALTHCARE NHS FOUNDATION TRUST,140,Oral Surgery Service,22065.111572265625,0,0.0,22065.1116,0.0,0.0,Optimal,500,0,23732413.77608013,23727413.7777371,5000.0
pessimistic_p90,RQX,HOMERTON HEALTHCARE NHS FOUNDATION TRUST,120,Ear Nose and Throat Service,24920.427368164062,0,0.0,24920.4274,0.0,0.0,Optimal,500,0,23732413.77608013,23727413.7777371,5000.0
pessimistic_p90,RQX,HOMERTON HEALTHCARE NHS FOUNDATION TRUST,110,Trauma and Orthopaedic Service,33051.077880859375,0,0.0,33051.077900000004,0.0,0.0,Optimal,500,0,23732413.77608013,23727413.7777371,5000.0
pessimistic_p90,RQX,HOMERTON HEALTHCARE NHS FOUNDATION TRUST,101,Urology Service,17009.229248046875,0,0.0,17009.2292,0.0,0.0,Optimal,500,0,23732413.77608013,23727413.7777371,5000.0
pessimistic_p90,RQX,HOMERTON HEALTHCARE NHS FOUNDATION TRUST,100,General Surgery Service,31462.212890625,0,0.0,31462.2129,0.0,0.0,Optimal,500,0,23732413.77608013,23727413.7777371,5000.0
pessimistic_p90,RQW,THE PRINCESS ALEXANDRA HOSPITAL NHS TRUST,502,Gynaecology Service,2083.2514877319336,0,0.0,2083.25148,0.0,0.0,Optimal,500,0,23732413.77608013,23727413.7777371,5000.0
pessimistic_p90,RQW,THE PRINCESS ALEXANDRA HOSPITAL NHS TRUST,140,Oral Surgery Service,1829.3929901123047,0,0.0,1829.393,0.0,0.0,Optimal,500,0,23732413.77608013,23727413.7777371,5000.0
pessimistic_p90,RQW,THE PRINCESS ALEXANDRA HOSPITAL NHS TRUST,130,Ophthalmology Service,2345.7730102539062,0,0.0,2345.77301,0.0,0.0,Optimal,500,0,23732413.77608013,23727413.7777371,5000.0
pessimistic_p90,RQW,THE PRINCESS ALEXANDRA HOSPITAL NHS TRUST,120,Ear Nose and Throat Service,2371.5616607666016,0,0.0,2371.56166,0.0,0.0,Optimal,500,0,23732413.77608013,23727413.7777371,5000.0
pessimistic_p90,RP5,DONCASTER AND BASSETLAW TEACHING HOSPITALS NHS FOUNDATION TRUST,502,Gynaecology Service,14599.105224609375,0,0.0,14599.1052,0.0,0.0,Optimal,500,0,23732413.77608013,23727413.7777371,5000.0
pessimistic_p90,RP5,DONCASTER AND BASSETLAW TEACHING HOSPITALS NHS FOUNDATION TRUST,140,Oral Surgery Service,8007.278869628906,0,0.0,8007.27887,0.0,0.0,Optimal,500,0,23732413.77608013,23727413.7777371,5000.0
pessimistic_p90,RP5,DONCASTER AND BASSETLAW TEACHING HOSPITALS NHS FOUNDATION TRUST,130,Ophthalmology Service,15912.253540039062,0,0.0,15912.2534,0.0,0.0,Optimal,500,0,23732413.77608013,23727413.7777371,5000.0
pessimistic_p90,RNA,THE DUDLEY GROUP NHS FOUNDATION TRUST,502,Gynaecology Service,19387.099487304688,0,0.0,19387.0996,0.0,0.0,Optimal,500,0,23732413.77608013,23727413.7777371,5000.0
pessimistic_p90,RNQ,KETTERING GENERAL HOSPITAL NHS FOUNDATION TRUST,110,Trauma and Orthopaedic Service,24120.686401367188,0,0.0,24120.6863,0.0,0.0,Optimal,500,0,23732413.77608013,23727413.7777371,5000.0
pessimistic_p90,RNQ,KETTERING GENERAL HOSPITAL NHS FOUNDATION TRUST,101,Urology Service,8277.6337890625,0,0.0,8277.63379,0.0,0.0,Optimal,500,0,23732413.77608013,23727413.7777371,5000.0
pessimistic_p90,RNQ,KETTERING GENERAL HOSPITAL NHS FOUNDATION TRUST,100,General Surgery Service,12847.505798339844,0,0.0,12847.50583,0.0,0.0,Optimal,500,0,23732413.77608013,23727413.7777371,5000.0
pessimistic_p90,RNN,NORTH CUMBRIA INTEGRATED CARE NHS FOUNDATION TRUST,502,Gynaecology Service,19738.333862304688,0,0.0,19738.3338,0.0,0.0,Optimal,500,0,23732413.77608013,23727413.7777371,5000.0
pessimistic_p90,RNN,NORTH CUMBRIA INTEGRATED CARE NHS FOUNDATION TRUST,140,Oral Surgery Service,2034.6839294433594,0,0.0,2034.68393,0.0,0.0,Optimal,500,0,23732413.77608013,23727413.7777371,5000.0
pessimistic_p90,RNN,NORTH CUMBRIA INTEGRATED CARE NHS FOUNDATION TRUST,130,Ophthalmology Service,11016.069580078125,0,0.0,11016.0696,0.0,0.0,Optimal,500,0,23732413.77608013,23727413.7777371,5000.0
pessimistic_p90,RNN,NORTH CUMBRIA INTEGRATED CARE NHS FOUNDATION TRUST,120,Ear Nose and Throat Service,12870.796508789062,0,0.0,12870.79656,0.0,0.0,Optimal,500,0,23732413.77608013,23727413.7777371,5000.0
pessimistic_p90,RNN,NORTH CUMBRIA INTEGRATED CARE NHS FOUNDATION TRUST,110,Trauma and Orthopaedic Service,36955.294921875,0,0.0,36955.295,0.0,0.0,Optimal,500,0,23732413.77608013,23727413.7777371,5000.0
pessimistic_p90,RNN,NORTH CUMBRIA INTEGRATED CARE NHS FOUNDATION TRUST,101,Urology Service,11649.174377441406,0,0.0,11649.174350000001,0.0,0.0,Optimal,500,0,23732413.77608013,23727413.7777371,5000.0
pessimistic_p90,RNN,NORTH CUMBRIA INTEGRATED CARE NHS FOUNDATION TRUST,100,General Surgery Service,9311.835693359375,0,0.0,9311.83571,0.0,0.0,Optimal,500,0,23732413.77608013,23727413.7777371,5000.0
pessimistic_p90,RNA,THE DUDLEY GROUP NHS FOUNDATION TRUST,160,Plastic Surgery Service,21464.050170898438,0,0.0,21464.0501,0.0,0.0,Optimal,500,0,23732413.77608013,23727413.7777371,5000.0
pessimistic_p90,RP5,DONCASTER AND BASSETLAW TEACHING HOSPITALS NHS FOUNDATION TRUST,120,Ear Nose and Throat Service,15086.4658203125,0,0.0,15086.4659,0.0,0.0,Optimal,500,0,23732413.77608013,23727413.7777371,5000.0
pessimistic_p90,RNA,THE DUDLEY GROUP NHS FOUNDATION TRUST,140,Oral Surgery Service,8068.311584472656,0,0.0,8068.31157,0.0,0.0,Optimal,500,0,23732413.77608013,23727413.7777371,5000.0
pessimistic_p90,RNA,THE DUDLEY GROUP NHS FOUNDATION TRUST,130,Ophthalmology Service,26312.520751953125,0,0.0,26312.5208,0.0,0.0,Optimal,500,0,23732413.77608013,23727413.7777371,5000.0
pessimistic_p90,RNA,THE DUDLEY GROUP NHS FOUNDATION TRUST,120,Ear Nose and Throat Service,21005.608520507812,0,0.0,21005.6083,0.0,0.0,Optimal,500,0,23732413.77608013,23727413.7777371,5000.0
pessimistic_p90,RNA,THE DUDLEY GROUP NHS FOUNDATION TRUST,110,Trauma and Orthopaedic Service,80583.1962890625,0,0.0,80583.1963,0.0,0.0,Optimal,500,0,23732413.77608013,23727413.7777371,5000.0
pessimistic_p90,RNA,THE DUDLEY GROUP NHS FOUNDATION TRUST,101,Urology Service,18707.733276367188,0,0.0,18707.7333,0.0,0.0,Optimal,500,0,23732413.77608013,23727413.7777371,5000.0
pessimistic_p90,RNA,THE DUDLEY GROUP NHS FOUNDATION TRUST,100,General Surgery Service,20939.136474609375,0,0.0,20939.1364,0.0,0.0,Optimal,500,0,23732413.77608013,23727413.7777371,5000.0
pessimistic_p90,RN7,DARTFORD AND GRAVESHAM NHS TRUST,502,Gynaecology Service,21812.6630859375,0,0.0,21812.6632,0.0,0.0,Optimal,500,0,23732413.77608013,23727413.7777371,5000.0
pessimistic_p90,RN7,DARTFORD AND GRAVESHAM NHS TRUST,110,Trauma and Orthopaedic Service,47930.062255859375,0,0.0,47930.0623,0.0,0.0,Optimal,500,0,23732413.77608013,23727413.7777371,5000.0
pessimistic_p90,RN7,DARTFORD AND GRAVESHAM NHS TRUST,101,Urology Service,22713.8251953125,0,0.0,22713.8254,0.0,0.0,Optimal,500,0,23732413.77608013,23727413.7777371,5000.0
pessimistic_p90,RBD,DORSET COUNTY HOSPITAL NHS FOUNDATION TRUST,130,Ophthalmology Service,14773.484497070312,0,0.0,14773.48464,0.0,0.0,Optimal,500,0,23732413.77608013,23727413.7777371,5000.0
pessimistic_p90,RNQ,KETTERING GENERAL HOSPITAL NHS FOUNDATION TRUST,120,Ear Nose and Throat Service,8991.205810546875,0,0.0,8991.20581,0.0,0.0,Optimal,500,0,23732413.77608013,23727413.7777371,5000.0
pessimistic_p90,RNQ,KETTERING GENERAL HOSPITAL NHS FOUNDATION TRUST,130,Ophthalmology Service,16080.563354492188,0,0.0,16080.5634,0.0,0.0,Optimal,500,0,23732413.77608013,23727413.7777371,5000.0
pessimistic_p90,RNQ,KETTERING GENERAL HOSPITAL NHS FOUNDATION TRUST,140,Oral Surgery Service,12366.756591796875,0,0.0,12366.75659,0.0,0.0,Optimal,500,0,23732413.77608013,23727413.7777371,5000.0
pessimistic_p90,RNQ,KETTERING GENERAL HOSPITAL NHS FOUNDATION TRUST,160,Plastic Surgery Service,981.2620162963867,0,0.0,981.262014,0.0,0.0,Optimal,500,0,23732413.77608013,23727413.7777371,5000.0
pessimistic_p90,RP5,DONCASTER AND BASSETLAW TEACHING HOSPITALS NHS FOUNDATION TRUST,110,Trauma and Orthopaedic Service,155403.9140625,0,0.0,155403.915,0.0,0.0,Optimal,500,0,23732413.77608013,23727413.7777371,5000.0
pessimistic_p90,RP5,DONCASTER AND BASSETLAW TEACHING HOSPITALS NHS FOUNDATION TRUST,101,Urology Service,6140.217864990234,0,0.0,6140.21786,0.0,0.0,Optimal,500,0,23732413.77608013,23727413.7777371,5000.0
pessimistic_p90,RP5,DONCASTER AND BASSETLAW TEACHING HOSPITALS NHS FOUNDATION TRUST,100,General Surgery Service,26699.2353515625,0,0.0,26699.2352,0.0,0.0,Optimal,500,0,23732413.77608013,23727413.7777371,5000.0
pessimistic_p90,RNZ,SALISBURY NHS FOUNDATION TRUST,502,Gynaecology Service,11316.525207519531,0,0.0,11316.525239999999,0.0,0.0,Optimal,500,0,23732413.77608013,23727413.7777371,5000.0
pessimistic_p90,RNZ,SALISBURY NHS FOUNDATION TRUST,160,Plastic Surgery Service,22917.933349609375,0,0.0,22917.9331,0.0,0.0,Optimal,500,0,23732413.77608013,23727413.7777371,5000.0
pessimistic_p90,RNZ,SALISBURY NHS FOUNDATION TRUST,140,Oral Surgery Service,6416.531433105469,0,0.0,6416.53142,0.0,0.0,Optimal,500,0,23732413.77608013,23727413.7777371,5000.0
pessimistic_p90,RNZ,SALISBURY NHS FOUNDATION TRUST,130,Ophthalmology Service,7579.013824462891,0,0.0,7579.01383,0.0,0.0,Optimal,500,0,23732413.77608013,23727413.7777371,5000.0
pessimistic_p90,RNZ,SALISBURY NHS FOUNDATION TRUST,120,Ear Nose and Throat Service,4704.161804199219,0,0.0,4704.16181,0.0,0.0,Optimal,500,0,23732413.77608013,23727413.7777371,5000.0
pessimistic_p90,RNZ,SALISBURY NHS FOUNDATION TRUST,110,Trauma and Orthopaedic Service,24866.149780273438,0,0.0,24866.1499,0.0,0.0,Optimal,500,0,23732413.77608013,23727413.7777371,5000.0
pessimistic_p90,RNZ,SALISBURY NHS FOUNDATION TRUST,101,Urology Service,10948.538024902344,0,0.0,10948.53803,0.0,0.0,Optimal,500,0,23732413.77608013,23727413.7777371,5000.0
pessimistic_p90,RNZ,SALISBURY NHS FOUNDATION TRUST,100,General Surgery Service,8183.808654785156,0,0.0,8183.80867,0.0,0.0,Optimal,500,0,23732413.77608013,23727413.7777371,5000.0
pessimistic_p90,RNS,NORTHAMPTON GENERAL HOSPITAL NHS TRUST,502,Gynaecology Service,9571.984069824219,0,0.0,9571.98407,0.0,0.0,Optimal,500,0,23732413.77608013,23727413.7777371,5000.0
pessimistic_p90,RNS,NORTHAMPTON GENERAL HOSPITAL NHS TRUST,170,Cardiothoracic Surgery Service,440.1208610534668,0,0.0,440.120862,0.0,0.0,Optimal,500,0,23732413.77608013,23727413.7777371,5000.0
pessimistic_p90,RNS,NORTHAMPTON GENERAL HOSPITAL NHS TRUST,160,Plastic Surgery Service,1249.2286071777344,0,0.0,1249.228605,0.0,0.0,Optimal,500,0,23732413.77608013,23727413.7777371,5000.0
pessimistic_p90,RNS,NORTHAMPTON GENERAL HOSPITAL NHS TRUST,140,Oral Surgery Service,15895.976440429688,0,0.0,15895.9766,0.0,0.0,Optimal,500,0,23732413.77608013,23727413.7777371,5000.0
pessimistic_p90,RNS,NORTHAMPTON GENERAL HOSPITAL NHS TRUST,130,Ophthalmology Service,11988.967712402344,0,0.0,11988.96769,0.0,0.0,Optimal,500,0,23732413.77608013,23727413.7777371,5000.0
pessimistic_p90,RNS,NORTHAMPTON GENERAL HOSPITAL NHS TRUST,120,Ear Nose and Throat Service,18126.332275390625,0,0.0,18126.3322,0.0,0.0,Optimal,500,0,23732413.77608013,23727413.7777371,5000.0
pessimistic_p90,RNS,NORTHAMPTON GENERAL HOSPITAL NHS TRUST,110,Trauma and Orthopaedic Service,21367.309814453125,0,0.0,21367.3099,0.0,0.0,Optimal,500,0,23732413.77608013,23727413.7777371,5000.0
pessimistic_p90,RNS,NORTHAMPTON GENERAL HOSPITAL NHS TRUST,101,Urology Service,8548.419006347656,0,0.0,8548.41902,0.0,0.0,Optimal,500,0,23732413.77608013,23727413.7777371,5000.0
pessimistic_p90,RNS,NORTHAMPTON GENERAL HOSPITAL NHS TRUST,100,General Surgery Service,22250.290283203125,0,0.0,22250.2903,0.0,0.0,Optimal,500,0,23732413.77608013,23727413.7777371,5000.0
pessimistic_p90,RNQ,KETTERING GENERAL HOSPITAL NHS FOUNDATION TRUST,502,Gynaecology Service,3986.7452087402344,0,0.0,3986.7452000000003,0.0,0.0,Optimal,500,0,23732413.77608013,23727413.7777371,5000.0
pessimistic_p90,RR8,LEEDS TEACHING HOSPITALS NHS TRUST,160,Plastic Surgery Service,26361.631225585938,0,0.0,26361.6313,0.0,0.0,Optimal,500,0,23732413.77608013,23727413.7777371,5000.0
pessimistic_p90,RR8,LEEDS TEACHING HOSPITALS NHS TRUST,170,Cardiothoracic Surgery Service,5296.074951171875,0,0.0,5296.07495,0.0,0.0,Optimal,500,0,23732413.77608013,23727413.7777371,5000.0
pessimistic_p90,RR8,LEEDS TEACHING HOSPITALS NHS TRUST,502,Gynaecology Service,10022.0615234375,0,0.0,10022.06149,0.0,0.0,Optimal,500,0,23732413.77608013,23727413.7777371,5000.0
pessimistic_p90,RTH,OXFORD UNIVERSITY HOSPITALS NHS FOUNDATION TRUST,150,Neurosurgical Service,4936.9039306640625,0,0.0,4936.90394,0.0,0.0,Optimal,500,0,23732413.77608013,23727413.7777371,5000.0
pessimistic_p90,RTK,ASHFORD AND ST PETER'S HOSPITALS NHS FOUNDATION TRUST,502,Gynaecology Service,8379.834777832031,0,0.0,8379.834780000001,0.0,0.0,Optimal,500,0,23732413.77608013,23727413.7777371,5000.0
pessimistic_p90,RTK,ASHFORD AND ST PETER'S HOSPITALS NHS FOUNDATION TRUST,160,Plastic Surgery Service,151.96282196044922,0,0.0,151.962821,0.0,0.0,Optimal,500,0,23732413.77608013,23727413.7777371,5000.0
pessimistic_p90,RTK,ASHFORD AND ST PETER'S HOSPITALS NHS FOUNDATION TRUST,140,Oral Surgery Service,8659.249755859375,0,0.0,8659.24973,0.0,0.0,Optimal,500,0,23732413.77608013,23727413.7777371,5000.0
pessimistic_p90,RTK,ASHFORD AND ST PETER'S HOSPITALS NHS FOUNDATION TRUST,130,Ophthalmology Service,19631.247802734375,0,0.0,19631.2478,0.0,0.0,Optimal,500,0,23732413.77608013,23727413.7777371,5000.0
pessimistic_p90,RTK,ASHFORD AND ST PETER'S HOSPITALS NHS FOUNDATION TRUST,120,Ear Nose and Throat Service,9320.468688964844,0,0.0,9320.46869,0.0,0.0,Optimal,500,0,23732413.77608013,23727413.7777371,5000.0
pessimistic_p90,RTK,ASHFORD AND ST PETER'S HOSPITALS NHS FOUNDATION TRUST,110,Trauma and Orthopaedic Service,23794.874877929688,0,0.0,23794.8749,0.0,0.0,Optimal,500,0,23732413.77608013,23727413.7777371,5000.0
pessimistic_p90,RTK,ASHFORD AND ST PETER'S HOSPITALS NHS FOUNDATION TRUST,101,Urology Service,4333.601135253906,0,0.0,4333.60113,0.0,0.0,Optimal,500,0,23732413.77608013,23727413.7777371,5000.0
pessimistic_p90,RTK,ASHFORD AND ST PETER'S HOSPITALS NHS FOUNDATION TRUST,100,General Surgery Service,2052.624221801758,0,0.0,2052.62423,0.0,0.0,Optimal,500,0,23732413.77608013,23727413.7777371,5000.0
pessimistic_p90,RTH,OXFORD UNIVERSITY HOSPITALS NHS FOUNDATION TRUST,502,Gynaecology Service,49557.358642578125,0,0.0,49557.3587,0.0,0.0,Optimal,500,0,23732413.77608013,23727413.7777371,5000.0
pessimistic_p90,RTH,OXFORD UNIVERSITY HOSPITALS NHS FOUNDATION TRUST,160,Plastic Surgery Service,19435.657836914062,0,0.0,19435.6578,0.0,0.0,Optimal,500,0,23732413.77608013,23727413.7777371,5000.0
pessimistic_p90,RTH,OXFORD UNIVERSITY HOSPITALS NHS FOUNDATION TRUST,140,Oral Surgery Service,16712.529174804688,0,0.0,16712.5292,0.0,0.0,Optimal,500,0,23732413.77608013,23727413.7777371,5000.0
pessimistic_p90,RTG,UNIVERSITY HOSPITALS OF DERBY AND BURTON NHS FOUNDATION TRUST,101,Urology Service,14728.25927734375,0,0.0,14728.2593,0.0,0.0,Optimal,500,0,23732413.77608013,23727413.7777371,5000.0
pessimistic_p90,RTH,OXFORD UNIVERSITY HOSPITALS NHS FOUNDATION TRUST,130,Ophthalmology Service,57864.4541015625,0,0.0,57864.4541,0.0,0.0,Optimal,500,0,23732413.77608013,23727413.7777371,5000.0
pessimistic_p90,RTH,OXFORD UNIVERSITY HOSPITALS NHS FOUNDATION TRUST,120,Ear Nose and Throat Service,19216.690673828125,0,0.0,19216.6907,0.0,0.0,Optimal,500,0,23732413.77608013,23727413.7777371,5000.0
pessimistic_p90,RTH,OXFORD UNIVERSITY HOSPITALS NHS FOUNDATION TRUST,110,Trauma and Orthopaedic Service,99097.77392578125,0,0.0,99097.7739,0.0,0.0,Optimal,500,0,23732413.77608013,23727413.7777371,5000.0
pessimistic_p90,RTH,OXFORD UNIVERSITY HOSPITALS NHS FOUNDATION TRUST,101,Urology Service,18512.8974609375,0,0.0,18512.8973,0.0,0.0,Optimal,500,0,23732413.77608013,23727413.7777371,5000.0
pessimistic_p90,RTH,OXFORD UNIVERSITY HOSPITALS NHS FOUNDATION TRUST,100,General Surgery Service,17619.023071289062,0,0.0,17619.0232,0.0,0.0,Optimal,500,0,23732413.77608013,23727413.7777371,5000.0
pessimistic_p90,RTG,UNIVERSITY HOSPITALS OF DERBY AND BURTON NHS FOUNDATION TRUST,502,Gynaecology Service,33922.788330078125,0,0.0,33922.7883,0.0,0.0,Optimal,500,0,23732413.77608013,23727413.7777371,5000.0
pessimistic_p90,RTG,UNIVERSITY HOSPITALS OF DERBY AND BURTON NHS FOUNDATION TRUST,160,Plastic Surgery Service,6948.179840087891,0,0.0,6948.17984,0.0,0.0,Optimal,500,0,23732413.77608013,23727413.7777371,5000.0
pessimistic_p90,RTG,UNIVERSITY HOSPITALS OF DERBY AND BURTON NHS FOUNDATION TRUST,140,Oral Surgery Service,14142.855834960938,0,0.0,14142.8559,0.0,0.0,Optimal,500,0,23732413.77608013,23727413.7777371,5000.0
pessimistic_p90,RTG,UNIVERSITY HOSPITALS OF DERBY AND BURTON NHS FOUNDATION TRUST,130,Ophthalmology Service,42585.579833984375,0,0.0,42585.5798,0.0,0.0,Optimal,500,0,23732413.77608013,23727413.7777371,5000.0
pessimistic_p90,RTG,UNIVERSITY HOSPITALS OF DERBY AND BURTON NHS FOUNDATION TRUST,120,Ear Nose and Throat Service,32789.406494140625,0,0.0,32789.4064,0.0,0.0,Optimal,500,0,23732413.77608013,23727413.7777371,5000.0
pessimistic_p90,RTP,SURREY AND SUSSEX HEALTHCARE NHS TRUST,100,General Surgery Service,5448.993713378906,0,0.0,5448.99371,0.0,0.0,Optimal,500,0,23732413.77608013,23727413.7777371,5000.0
pessimistic_p90,RTP,SURREY AND SUSSEX HEALTHCARE NHS TRUST,101,Urology Service,19339.77685546875,0,0.0,19339.7768,0.0,0.0,Optimal,500,0,23732413.77608013,23727413.7777371,5000.0
pessimistic_p90,RTP,SURREY AND SUSSEX HEALTHCARE NHS TRUST,110,Trauma and Orthopaedic Service,43627.179443359375,0,0.0,43627.1794,0.0,0.0,Optimal,500,0,23732413.77608013,23727413.7777371,5000.0
pessimistic_p90,RTP,SURREY AND SUSSEX HEALTHCARE NHS TRUST,120,Ear Nose and Throat Service,19287.515258789062,0,0.0,19287.5151,0.0,0.0,Optimal,500,0,23732413.77608013,23727413.7777371,5000.0
pessimistic_p90,RVJ,NORTH BRISTOL NHS TRUST,101,Urology Service,52045.17724609375,0,0.0,52045.177299999996,0.0,0.0,Optimal,500,0,23732413.77608013,23727413.7777371,5000.0
pessimistic_p90,RVJ,NORTH BRISTOL NHS TRUST,100,General Surgery Service,5513.525146484375,0,0.0,5513.52514,0.0,0.0,Optimal,500,0,23732413.77608013,23727413.7777371,5000.0
pessimistic_p90,RTX,UNIVERSITY HOSPITALS OF MORECAMBE BAY NHS FOUNDATION TRUST,502,Gynaecology Service,6868.291931152344,0,0.0,6868.291929999999,0.0,0.0,Optimal,500,0,23732413.77608013,23727413.7777371,5000.0
pessimistic_p90,RTX,UNIVERSITY HOSPITALS OF MORECAMBE BAY NHS FOUNDATION TRUST,140,Oral Surgery Service,5238.832183837891,0,0.0,5238.83218,0.0,0.0,Optimal,500,0,23732413.77608013,23727413.7777371,5000.0
pessimistic_p90,RTX,UNIVERSITY HOSPITALS OF MORECAMBE BAY NHS FOUNDATION TRUST,130,Ophthalmology Service,11111.670776367188,0,0.0,11111.67075,0.0,0.0,Optimal,500,0,23732413.77608013,23727413.7777371,5000.0
pessimistic_p90,RTX,UNIVERSITY HOSPITALS OF MORECAMBE BAY NHS FOUNDATION TRUST,120,Ear Nose and Throat Service,8946.713439941406,0,0.0,8946.713450000001,0.0,0.0,Optimal,500,0,23732413.77608013,23727413.7777371,5000.0
pessimistic_p90,RTX,UNIVERSITY HOSPITALS OF MORECAMBE BAY NHS FOUNDATION TRUST,110,Trauma and Orthopaedic Service,84026.74853515625,0,0.0,84026.7485,0.0,0.0,Optimal,500,0,23732413.77608013,23727413.7777371,5000.0
pessimistic_p90,RTX,UNIVERSITY HOSPITALS OF MORECAMBE BAY NHS FOUNDATION TRUST,101,Urology Service,8446.199951171875,0,0.0,8446.19997,0.0,0.0,Optimal,500,0,23732413.77608013,23727413.7777371,5000.0
pessimistic_p90,RTX,UNIVERSITY HOSPITALS OF MORECAMBE BAY NHS FOUNDATION TRUST,100,General Surgery Service,11750.626403808594,0,0.0,11750.62642,0.0,0.0,Optimal,500,0,23732413.77608013,23727413.7777371,5000.0
pessimistic_p90,RTR,SOUTH TEES HOSPITALS NHS FOUNDATION TRUST,502,Gynaecology Service,22843.752563476562,0,0.0,22843.7527,0.0,0.0,Optimal,500,0,23732413.77608013,23727413.7777371,5000.0
pessimistic_p90,RTR,SOUTH TEES HOSPITALS NHS FOUNDATION TRUST,170,Cardiothoracic Surgery Service,3278.845932006836,0,0.0,3278.84593,0.0,0.0,Optimal,500,0,23732413.77608013,23727413.7777371,5000.0
pessimistic_p90,RTR,SOUTH TEES HOSPITALS NHS FOUNDATION TRUST,160,Plastic Surgery Service,29731.989990234375,0,0.0,29731.9899,0.0,0.0,Optimal,500,0,23732413.77608013,23727413.7777371,5000.0
pessimistic_p90,RTR,SOUTH TEES HOSPITALS NHS FOUNDATION TRUST,150,Neurosurgical Service,5836.8524169921875,0,0.0,5836.85241,0.0,0.0,Optimal,500,0,23732413.77608013,23727413.7777371,5000.0
pessimistic_p90,RTR,SOUTH TEES HOSPITALS NHS FOUNDATION TRUST,130,Ophthalmology Service,23069.601318359375,0,0.0,23069.6014,0.0,0.0,Optimal,500,0,23732413.77608013,23727413.7777371,5000.0
pessimistic_p90,RTR,SOUTH TEES HOSPITALS NHS FOUNDATION TRUST,120,Ear Nose and Throat Service,20877.593994140625,0,0.0,20877.5939,0.0,0.0,Optimal,500,0,23732413.77608013,23727413.7777371,5000.0
pessimistic_p90,RTR,SOUTH TEES HOSPITALS NHS FOUNDATION TRUST,110,Trauma and Orthopaedic Service,87311.8642578125,0,0.0,87311.8643,0.0,0.0,Optimal,500,0,23732413.77608013,23727413.7777371,5000.0
pessimistic_p90,RTR,SOUTH TEES HOSPITALS NHS FOUNDATION TRUST,101,Urology Service,13702.047973632812,0,0.0,13702.048,0.0,0.0,Optimal,500,0,23732413.77608013,23727413.7777371,5000.0
pessimistic_p90,RTR,SOUTH TEES HOSPITALS NHS FOUNDATION TRUST,100,General Surgery Service,18458.213256835938,0,0.0,18458.2133,0.0,0.0,Optimal,500,0,23732413.77608013,23727413.7777371,5000.0
pessimistic_p90,RTP,SURREY AND SUSSEX HEALTHCARE NHS TRUST,502,Gynaecology Service,26599.501586914062,0,0.0,26599.5017,0.0,0.0,Optimal,500,0,23732413.77608013,23727413.7777371,5000.0
pessimistic_p90,RTP,SURREY AND SUSSEX HEALTHCARE NHS TRUST,140,Oral Surgery Service,5416.8438720703125,0,0.0,5416.84388,0.0,0.0,Optimal,500,0,23732413.77608013,23727413.7777371,5000.0
pessimistic_p90,RTP,SURREY AND SUSSEX HEALTHCARE NHS TRUST,130,Ophthalmology Service,11935.704650878906,0,0.0,11935.70455,0.0,0.0,Optimal,500,0,23732413.77608013,23727413.7777371,5000.0
pessimistic_p90,RTG,UNIVERSITY HOSPITALS OF DERBY AND BURTON NHS FOUNDATION TRUST,110,Trauma and Orthopaedic Service,271743.3125,0,0.0,271743.31200000003,0.0,0.0,Optimal,500,0,23732413.77608013,23727413.7777371,5000.0
pessimistic_p90,RTG,UNIVERSITY HOSPITALS OF DERBY AND BURTON NHS FOUNDATION TRUST,100,General Surgery Service,24017.372436523438,0,0.0,24017.372600000002,0.0,0.0,Optimal,500,0,23732413.77608013,23727413.7777371,5000.0
pessimistic_p90,RRF,"WRIGHTINGTON, WIGAN AND LEIGH TEACHING HOSPITALS NHS FOUNDATION TRUST",100,General Surgery Service,20814.144409179688,0,0.0,20814.1445,0.0,0.0,Optimal,500,0,23732413.77608013,23727413.7777371,5000.0
pessimistic_p90,RRK,UNIVERSITY HOSPITALS BIRMINGHAM NHS FOUNDATION TRUST,120,Ear Nose and Throat Service,21767.902221679688,0,0.0,21767.902299999998,0.0,0.0,Optimal,500,0,23732413.77608013,23727413.7777371,5000.0
pessimistic_p90,RRV,UNIVERSITY COLLEGE LONDON HOSPITALS NHS FOUNDATION TRUST,120,Ear Nose and Throat Service,36931.54052734375,0,0.0,36931.5405,0.0,0.0,Optimal,500,0,23732413.77608013,23727413.7777371,5000.0
pessimistic_p90,RRV,UNIVERSITY COLLEGE LONDON HOSPITALS NHS FOUNDATION TRUST,110,Trauma and Orthopaedic Service,39845.0615234375,0,0.0,39845.0617,0.0,0.0,Optimal,500,0,23732413.77608013,23727413.7777371,5000.0
pessimistic_p90,RRV,UNIVERSITY COLLEGE LONDON HOSPITALS NHS FOUNDATION TRUST,101,Urology Service,24720.636840820312,0,0.0,24720.6368,0.0,0.0,Optimal,500,0,23732413.77608013,23727413.7777371,5000.0
pessimistic_p90,RRV,UNIVERSITY COLLEGE LONDON HOSPITALS NHS FOUNDATION TRUST,100,General Surgery Service,322.96176528930664,0,0.0,322.961764,0.0,0.0,Optimal,500,0,23732413.77608013,23727413.7777371,5000.0
pessimistic_p90,RRK,UNIVERSITY HOSPITALS BIRMINGHAM NHS FOUNDATION TRUST,502,Gynaecology Service,6915.257354736328,0,0.0,6915.25735,0.0,0.0,Optimal,500,0,23732413.77608013,23727413.7777371,5000.0
pessimistic_p90,RRK,UNIVERSITY HOSPITALS BIRMINGHAM NHS FOUNDATION TRUST,170,Cardiothoracic Surgery Service,2497.422073364258,0,0.0,2497.42206,0.0,0.0,Optimal,500,0,23732413.77608013,23727413.7777371,5000.0
pessimistic_p90,RRK,UNIVERSITY HOSPITALS BIRMINGHAM NHS FOUNDATION TRUST,160,Plastic Surgery Service,5894.609771728516,0,0.0,5894.60977,0.0,0.0,Optimal,500,0,23732413.77608013,23727413.7777371,5000.0
pessimistic_p90,RRK,UNIVERSITY HOSPITALS BIRMINGHAM NHS FOUNDATION TRUST,150,Neurosurgical Service,3593.5989990234375,0,0.0,3593.599,0.0,0.0,Optimal,500,0,23732413.77608013,23727413.7777371,5000.0
pessimistic_p90,RRK,UNIVERSITY HOSPITALS BIRMINGHAM NHS FOUNDATION TRUST,140,Oral Surgery Service,3625.296173095703,0,0.0,3625.29618,0.0,0.0,Optimal,500,0,23732413.77608013,23727413.7777371,5000.0
pessimistic_p90,RRK,UNIVERSITY HOSPITALS BIRMINGHAM NHS FOUNDATION TRUST,130,Ophthalmology Service,31526.75537109375,0,0.0,31526.7554,0.0,0.0,Optimal,500,0,23732413.77608013,23727413.7777371,5000.0
pessimistic_p90,RRK,UNIVERSITY HOSPITALS BIRMINGHAM NHS FOUNDATION TRUST,110,Trauma and Orthopaedic Service,18762.403442382812,0,0.0,18762.4035,0.0,0.0,Optimal,500,0,23732413.77608013,23727413.7777371,5000.0
pessimistic_p90,RTF,NORTHUMBRIA HEALTHCARE NHS FOUNDATION TRUST,502,Gynaecology Service,11441.442443847656,0,0.0,11441.44238,0.0,0.0,Optimal,500,0,23732413.77608013,23727413.7777371,5000.0
pessimistic_p90,RRK,UNIVERSITY HOSPITALS BIRMINGHAM NHS FOUNDATION TRUST,101,Urology Service,21252.46826171875,0,0.0,21252.4682,0.0,0.0,Optimal,500,0,23732413.77608013,23727413.7777371,5000.0
pessimistic_p90,RRK,UNIVERSITY HOSPITALS BIRMINGHAM NHS FOUNDATION TRUST,100,General Surgery Service,21944.20361328125,0,0.0,21944.2037,0.0,0.0,Optimal,500,0,23732413.77608013,23727413.7777371,5000.0
pessimistic_p90,RRJ,THE ROYAL ORTHOPAEDIC HOSPITAL NHS FOUNDATION TRUST,110,Trauma and Orthopaedic Service,77823.08984375,0,0.0,77823.0896,0.0,0.0,Optimal,500,0,23732413.77608013,23727413.7777371,5000.0
pessimistic_p90,RRF,"WRIGHTINGTON, WIGAN AND LEIGH TEACHING HOSPITALS NHS FOUNDATION TRUST",502,Gynaecology Service,10715.448791503906,0,0.0,10715.44879,0.0,0.0,Optimal,500,0,23732413.77608013,23727413.7777371,5000.0
pessimistic_p90,RRF,"WRIGHTINGTON, WIGAN AND LEIGH TEACHING HOSPITALS NHS FOUNDATION TRUST",160,Plastic Surgery Service,7091.3004150390625,0,0.0,7091.30043,0.0,0.0,Optimal,500,0,23732413.77608013,23727413.7777371,5000.0
pessimistic_p90,RRF,"WRIGHTINGTON, WIGAN AND LEIGH TEACHING HOSPITALS NHS FOUNDATION TRUST",140,Oral Surgery Service,8914.130187988281,0,0.0,8914.13019,0.0,0.0,Optimal,500,0,23732413.77608013,23727413.7777371,5000.0
pessimistic_p90,RRF,"WRIGHTINGTON, WIGAN AND LEIGH TEACHING HOSPITALS NHS FOUNDATION TRUST",130,Ophthalmology Service,9057.8212890625,0,0.0,9057.82127,0.0,0.0,Optimal,500,0,23732413.77608013,23727413.7777371,5000.0
pessimistic_p90,RRF,"WRIGHTINGTON, WIGAN AND LEIGH TEACHING HOSPITALS NHS FOUNDATION TRUST",120,Ear Nose and Throat Service,19877.97705078125,0,0.0,19877.9771,0.0,0.0,Optimal,500,0,23732413.77608013,23727413.7777371,5000.0
pessimistic_p90,RRF,"WRIGHTINGTON, WIGAN AND LEIGH TEACHING HOSPITALS NHS FOUNDATION TRUST",110,Trauma and Orthopaedic Service,172325.3994140625,0,0.0,172325.399,0.0,0.0,Optimal,500,0,23732413.77608013,23727413.7777371,5000.0
pessimistic_p90,RRF,"WRIGHTINGTON, WIGAN AND LEIGH TEACHING HOSPITALS NHS FOUNDATION TRUST",101,Urology Service,12750.644470214844,0,0.0,12750.64462,0.0,0.0,Optimal,500,0,23732413.77608013,23727413.7777371,5000.0
pessimistic_p90,RRV,UNIVERSITY COLLEGE LONDON HOSPITALS NHS FOUNDATION TRUST,140,Oral Surgery Service,27252.031860351562,0,0.0,27252.032,0.0,0.0,Optimal,500,0,23732413.77608013,23727413.7777371,5000.0
pessimistic_p90,RRV,UNIVERSITY COLLEGE LONDON HOSPITALS NHS FOUNDATION TRUST,150,Neurosurgical Service,13464.467041015625,0,0.0,13464.4671,0.0,0.0,Optimal,500,0,23732413.77608013,23727413.7777371,5000.0
pessimistic_p90,RRV,UNIVERSITY COLLEGE LONDON HOSPITALS NHS FOUNDATION TRUST,502,Gynaecology Service,11818.739196777344,0,0.0,11818.73924,0.0,0.0,Optimal,500,0,23732413.77608013,23727413.7777371,5000.0
pessimistic_p90,RTD,THE NEWCASTLE UPON TYNE HOSPITALS NHS FOUNDATION TRUST,100,General Surgery Service,4555.871643066406,0,0.0,4555.87164,0.0,0.0,Optimal,500,0,23732413.77608013,23727413.7777371,5000.0
pessimistic_p90,RTF,NORTHUMBRIA HEALTHCARE NHS FOUNDATION TRUST,160,Plastic Surgery Service,24496.856567382812,0,0.0,24496.8565,0.0,0.0,Optimal,500,0,23732413.77608013,23727413.7777371,5000.0
pessimistic_p90,RTF,NORTHUMBRIA HEALTHCARE NHS FOUNDATION TRUST,140,Oral Surgery Service,19196.3193359375,0,0.0,19196.3193,0.0,0.0,Optimal,500,0,23732413.77608013,23727413.7777371,5000.0
pessimistic_p90,RTF,NORTHUMBRIA HEALTHCARE NHS FOUNDATION TRUST,110,Trauma and Orthopaedic Service,101620.35205078125,0,0.0,101620.3519,0.0,0.0,Optimal,500,0,23732413.77608013,23727413.7777371,5000.0
pessimistic_p90,RTF,NORTHUMBRIA HEALTHCARE NHS FOUNDATION TRUST,101,Urology Service,5733.381896972656,0,0.0,5733.3819,0.0,0.0,Optimal,500,0,23732413.77608013,23727413.7777371,5000.0
pessimistic_p90,RTF,NORTHUMBRIA HEALTHCARE NHS FOUNDATION TRUST,100,General Surgery Service,31553.86181640625,0,0.0,31553.8618,0.0,0.0,Optimal,500,0,23732413.77608013,23727413.7777371,5000.0
pessimistic_p90,RTE,GLOUCESTERSHIRE HOSPITALS NHS FOUNDATION TRUST,502,Gynaecology Service,14439.636474609375,0,0.0,14439.6365,0.0,0.0,Optimal,500,0,23732413.77608013,23727413.7777371,5000.0
pessimistic_p90,RTE,GLOUCESTERSHIRE HOSPITALS NHS FOUNDATION TRUST,140,Oral Surgery Service,11314.056457519531,0,0.0,11314.05645,0.0,0.0,Optimal,500,0,23732413.77608013,23727413.7777371,5000.0
pessimistic_p90,RTE,GLOUCESTERSHIRE HOSPITALS NHS FOUNDATION TRUST,130,Ophthalmology Service,17835.689086914062,0,0.0,17835.689,0.0,0.0,Optimal,500,0,23732413.77608013,23727413.7777371,5000.0
pessimistic_p90,RTE,GLOUCESTERSHIRE HOSPITALS NHS FOUNDATION TRUST,120,Ear Nose and Throat Service,18956.048828125,0,0.0,18956.0489,0.0,0.0,Optimal,500,0,23732413.77608013,23727413.7777371,5000.0
pessimistic_p90,RTE,GLOUCESTERSHIRE HOSPITALS NHS FOUNDATION TRUST,110,Trauma and Orthopaedic Service,103864.48583984375,0,0.0,103864.4858,0.0,0.0,Optimal,500,0,23732413.77608013,23727413.7777371,5000.0
pessimistic_p90,RTE,GLOUCESTERSHIRE HOSPITALS NHS FOUNDATION TRUST,101,Urology Service,27736.73974609375,0,0.0,27736.7398,0.0,0.0,Optimal,500,0,23732413.77608013,23727413.7777371,5000.0
pessimistic_p90,RTE,GLOUCESTERSHIRE HOSPITALS NHS FOUNDATION TRUST,100,General Surgery Service,182.7602128982544,0,0.0,182.760213,0.0,0.0,Optimal,500,0,23732413.77608013,23727413.7777371,5000.0
pessimistic_p90,RTD,THE NEWCASTLE UPON TYNE HOSPITALS NHS FOUNDATION TRUST,502,Gynaecology Service,13371.248718261719,0,0.0,13371.2487,0.0,0.0,Optimal,500,0,23732413.77608013,23727413.7777371,5000.0
pessimistic_p90,RTD,THE NEWCASTLE UPON TYNE HOSPITALS NHS FOUNDATION TRUST,170,Cardiothoracic Surgery Service,1145.0304336547852,0,0.0,1145.030442,0.0,0.0,Optimal,500,0,23732413.77608013,23727413.7777371,5000.0
pessimistic_p90,RTD,THE NEWCASTLE UPON TYNE HOSPITALS NHS FOUNDATION TRUST,160,Plastic Surgery Service,24886.274047851562,0,0.0,24886.2741,0.0,0.0,Optimal,500,0,23732413.77608013,23727413.7777371,5000.0
pessimistic_p90,RTD,THE NEWCASTLE UPON TYNE HOSPITALS NHS FOUNDATION TRUST,150,Neurosurgical Service,4698.850372314453,0,0.0,4698.85038,0.0,0.0,Optimal,500,0,23732413.77608013,23727413.7777371,5000.0
pessimistic_p90,RTD,THE NEWCASTLE UPON TYNE HOSPITALS NHS FOUNDATION TRUST,140,Oral Surgery Service,6957.4293212890625,0,0.0,6957.42932,0.0,0.0,Optimal,500,0,23732413.77608013,23727413.7777371,5000.0
pessimistic_p90,RTD,THE NEWCASTLE UPON TYNE HOSPITALS NHS FOUNDATION TRUST,130,Ophthalmology Service,77280.44970703125,0,0.0,77280.4498,0.0,0.0,Optimal,500,0,23732413.77608013,23727413.7777371,5000.0
pessimistic_p90,RTD,THE NEWCASTLE UPON TYNE HOSPITALS NHS FOUNDATION TRUST,120,Ear Nose and Throat Service,39640.74267578125,0,0.0,39640.7428,0.0,0.0,Optimal,500,0,23732413.77608013,23727413.7777371,5000.0
pessimistic_p90,RTD,THE NEWCASTLE UPON TYNE HOSPITALS NHS FOUNDATION TRUST,110,Trauma and Orthopaedic Service,141041.2099609375,0,0.0,141041.211,0.0,0.0,Optimal,500,0,23732413.77608013,23727413.7777371,5000.0
pessimistic_p90,RTD,THE NEWCASTLE UPON TYNE HOSPITALS NHS FOUNDATION TRUST,101,Urology Service,31362.693115234375,0,0.0,31362.693,0.0,0.0,Optimal,500,0,23732413.77608013,23727413.7777371,5000.0
pessimistic_p90,RBD,DORSET COUNTY HOSPITAL NHS FOUNDATION TRUST,140,Oral Surgery Service,16696.002563476562,0,0.0,16696.0025,0.0,0.0,Optimal,500,0,23732413.77608013,23727413.7777371,5000.0
pessimistic_p90,RBD,DORSET COUNTY HOSPITAL NHS FOUNDATION TRUST,101,Urology Service,6519.593444824219,0,0.0,6519.593440000001,0.0,0.0,Optimal,500,0,23732413.77608013,23727413.7777371,5000.0
pessimistic_p90,RBD,DORSET COUNTY HOSPITAL NHS FOUNDATION TRUST,120,Ear Nose and Throat Service,10268.955688476562,0,0.0,10268.95571,0.0,0.0,Optimal,500,0,23732413.77608013,23727413.7777371,5000.0
pessimistic_p90,NT337,SPIRE LIVERPOOL HOSPITAL,110,Trauma and Orthopaedic Service,5445.119293212891,0,0.0,5445.1193,0.0,0.0,Optimal,500,0,23732413.77608013,23727413.7777371,5000.0
pessimistic_p90,NT343,SPIRE THAMES VALLEY HOSPITAL,110,Trauma and Orthopaedic Service,1726.712745666504,0,0.0,1726.71274,0.0,0.0,Optimal,500,0,23732413.77608013,23727413.7777371,5000.0
pessimistic_p90,NT343,SPIRE THAMES VALLEY HOSPITAL,100,General Surgery Service,188.36678886413574,0,0.0,188.366787,0.0,0.0,Optimal,500,0,23732413.77608013,23727413.7777371,5000.0
pessimistic_p90,NT339,SPIRE REGENCY HOSPITAL,502,Gynaecology Service,1984.079978942871,0,0.0,1984.07999,0.0,0.0,Optimal,500,0,23732413.77608013,23727413.7777371,5000.0
pessimistic_p90,NT339,SPIRE REGENCY HOSPITAL,150,Neurosurgical Service,167.35244464874268,0,0.0,167.35244600000001,0.0,0.0,Optimal,500,0,23732413.77608013,23727413.7777371,5000.0
pessimistic_p90,NT339,SPIRE REGENCY HOSPITAL,120,Ear Nose and Throat Service,661.3739242553711,0,0.0,661.373925,0.0,0.0,Optimal,500,0,23732413.77608013,23727413.7777371,5000.0
pessimistic_p90,NT339,SPIRE REGENCY HOSPITAL,110,Trauma and Orthopaedic Service,6611.674652099609,0,0.0,6611.67467,0.0,0.0,Optimal,500,0,23732413.77608013,23727413.7777371,5000.0
pessimistic_p90,NT339,SPIRE REGENCY HOSPITAL,101,Urology Service,232.54210376739502,0,0.0,232.542104,0.0,0.0,Optimal,500,0,23732413.77608013,23727413.7777371,5000.0
pessimistic_p90,NT339,SPIRE REGENCY HOSPITAL,100,General Surgery Service,1811.2302703857422,0,0.0,1811.23026,0.0,0.0,Optimal,500,0,23732413.77608013,23727413.7777371,5000.0
pessimistic_p90,NT337,SPIRE LIVERPOOL HOSPITAL,160,Plastic Surgery Service,383.0547122955322,0,0.0,383.054712,0.0,0.0,Optimal,500,0,23732413.77608013,23727413.7777371,5000.0
pessimistic_p90,NT337,SPIRE LIVERPOOL HOSPITAL,120,Ear Nose and Throat Service,781.2208213806152,0,0.0,781.220823,0.0,0.0,Optimal,500,0,23732413.77608013,23727413.7777371,5000.0
pessimistic_p90,NT337,SPIRE LIVERPOOL HOSPITAL,101,Urology Service,822.2139205932617,0,0.0,822.213919,0.0,0.0,Optimal,500,0,23732413.77608013,23727413.7777371,5000.0
pessimistic_p90,NT344,SPIRE DUNEDIN HOSPITAL,110,Trauma and Orthopaedic Service,1263.1901397705078,0,0.0,1263.190146,0.0,0.0,Optimal,500,0,23732413.77608013,23727413.7777371,5000.0
pessimistic_p90,NT337,SPIRE LIVERPOOL HOSPITAL,100,General Surgery Service,2201.8997344970703,0,0.0,2201.89973,0.0,0.0,Optimal,500,0,23732413.77608013,23727413.7777371,5000.0
pessimistic_p90,NT333,SPIRE WASHINGTON HOSPITAL,160,Plastic Surgery Service,1851.0033569335938,0,0.0,1851.003369,0.0,0.0,Optimal,500,0,23732413.77608013,23727413.7777371,5000.0
pessimistic_p90,NT333,SPIRE WASHINGTON HOSPITAL,150,Neurosurgical Service,496.70722579956055,0,0.0,496.707225,0.0,0.0,Optimal,500,0,23732413.77608013,23727413.7777371,5000.0
pessimistic_p90,NT333,SPIRE WASHINGTON HOSPITAL,110,Trauma and Orthopaedic Service,10181.613220214844,0,0.0,10181.61319,0.0,0.0,Optimal,500,0,23732413.77608013,23727413.7777371,5000.0
pessimistic_p90,NT333,SPIRE WASHINGTON HOSPITAL,100,General Surgery Service,1055.9204177856445,0,0.0,1055.920419,0.0,0.0,Optimal,500,0,23732413.77608013,23727413.7777371,5000.0
pessimistic_p90,NT332,SPIRE LEEDS HOSPITAL,160,Plastic Surgery Service,718.0779876708984,0,0.0,718.077988,0.0,0.0,Optimal,500,0,23732413.77608013,23727413.7777371,5000.0
pessimistic_p90,NT332,SPIRE LEEDS HOSPITAL,110,Trauma and Orthopaedic Service,3802.4295959472656,0,0.0,3802.42958,0.0,0.0,Optimal,500,0,23732413.77608013,23727413.7777371,5000.0
pessimistic_p90,NT332,SPIRE LEEDS HOSPITAL,100,General Surgery Service,1045.7550735473633,0,0.0,1045.755074,0.0,0.0,Optimal,500,0,23732413.77608013,23727413.7777371,5000.0
pessimistic_p90,NT327,SPIRE MANCHESTER HOSPITAL,110,Trauma and Orthopaedic Service,2908.2073516845703,0,0.0,2908.20735,0.0,0.0,Optimal,500,0,23732413.77608013,23727413.7777371,5000.0
pessimistic_p90,NT327,SPIRE MANCHESTER HOSPITAL,100,General Surgery Service,480.1851615905762,0,0.0,480.185161,0.0,0.0,Optimal,500,0,23732413.77608013,23727413.7777371,5000.0
pessimistic_p90,NT344,SPIRE DUNEDIN HOSPITAL,100,General Surgery Service,306.97261810302734,0,0.0,306.972619,0.0,0.0,Optimal,500,0,23732413.77608013,23727413.7777371,5000.0
pessimistic_p90,NT345,SPIRE CLARE PARK HOSPITAL,100,General Surgery Service,342.8392219543457,0,0.0,342.839222,0.0,0.0,Optimal,500,0,23732413.77608013,23727413.7777371,5000.0
pessimistic_p90,NT364,SPIRE MONTEFIORE HOSPITAL,100,General Surgery Service,555.766544342041,0,0.0,555.766543,0.0,0.0,Optimal,500,0,23732413.77608013,23727413.7777371,5000.0
pessimistic_p90,NT348,SPIRE ELLAND HOSPITAL,502,Gynaecology Service,172.7540397644043,0,0.0,172.754039,0.0,0.0,Optimal,500,0,23732413.77608013,23727413.7777371,5000.0
pessimistic_p90,NT351,SPIRE HULL AND EAST RIDING HOSPITAL,150,Neurosurgical Service,783.3050804138184,0,0.0,783.305081,0.0,0.0,Optimal,500,0,23732413.77608013,23727413.7777371,5000.0
pessimistic_p90,NT351,SPIRE HULL AND EAST RIDING HOSPITAL,120,Ear Nose and Throat Service,237.54556369781494,0,0.0,237.545564,0.0,0.0,Optimal,500,0,23732413.77608013,23727413.7777371,5000.0
pessimistic_p90,NT351,SPIRE HULL AND EAST RIDING HOSPITAL,110,Trauma and Orthopaedic Service,9222.730041503906,0,0.0,9222.73004,0.0,0.0,Optimal,500,0,23732413.77608013,23727413.7777371,5000.0
pessimistic_p90,NT351,SPIRE HULL AND EAST RIDING HOSPITAL,101,Urology Service,117.2633409500122,0,0.0,117.2633418,0.0,0.0,Optimal,500,0,23732413.77608013,23727413.7777371,5000.0
pessimistic_p90,NT351,SPIRE HULL AND EAST RIDING HOSPITAL,100,General Surgery Service,5120.106475830078,0,0.0,5120.10648,0.0,0.0,Optimal,500,0,23732413.77608013,23727413.7777371,5000.0
pessimistic_p90,NT350,SPIRE METHLEY PARK HOSPITAL,160,Plastic Surgery Service,316.1681900024414,0,0.0,316.16819,0.0,0.0,Optimal,500,0,23732413.77608013,23727413.7777371,5000.0
pessimistic_p90,NT350,SPIRE METHLEY PARK HOSPITAL,150,Neurosurgical Service,142.48227310180664,0,0.0,142.4822727,0.0,0.0,Optimal,500,0,23732413.77608013,23727413.7777371,5000.0
pessimistic_p90,NT350,SPIRE METHLEY PARK HOSPITAL,110,Trauma and Orthopaedic Service,3362.2619018554688,0,0.0,3362.26191,0.0,0.0,Optimal,500,0,23732413.77608013,23727413.7777371,5000.0
pessimistic_p90,NT350,SPIRE METHLEY PARK HOSPITAL,101,Urology Service,169.07895374298096,0,0.0,169.078954,0.0,0.0,Optimal,500,0,23732413.77608013,23727413.7777371,5000.0
pessimistic_p90,NT350,SPIRE METHLEY PARK HOSPITAL,100,General Surgery Service,1102.9728622436523,0,0.0,1102.972874,0.0,0.0,Optimal,500,0,23732413.77608013,23727413.7777371,5000.0
pessimistic_p90,NT348,SPIRE ELLAND HOSPITAL,110,Trauma and Orthopaedic Service,5117.928985595703,0,0.0,5117.92898,0.0,0.0,Optimal,500,0,23732413.77608013,23727413.7777371,5000.0
pessimistic_p90,NT345,SPIRE CLARE PARK HOSPITAL,101,Urology Service,190.21221160888672,0,0.0,190.212212,0.0,0.0,Optimal,500,0,23732413.77608013,23727413.7777371,5000.0
pessimistic_p90,NT348,SPIRE ELLAND HOSPITAL,101,Urology Service,213.67829513549805,0,0.0,213.678296,0.0,0.0,Optimal,500,0,23732413.77608013,23727413.7777371,5000.0
pessimistic_p90,NT348,SPIRE ELLAND HOSPITAL,100,General Surgery Service,1457.5333938598633,0,0.0,1457.53339,0.0,0.0,Optimal,500,0,23732413.77608013,23727413.7777371,5000.0
pessimistic_p90,NT347,SPIRE FYLDE COAST HOSPITAL,502,Gynaecology Service,1079.0482940673828,0,0.0,1079.04829,0.0,0.0,Optimal,500,0,23732413.77608013,23727413.7777371,5000.0
pessimistic_p90,NT347,SPIRE FYLDE COAST HOSPITAL,150,Neurosurgical Service,580.5199909210205,0,0.0,580.519991,0.0,0.0,Optimal,500,0,23732413.77608013,23727413.7777371,5000.0
pessimistic_p90,NT347,SPIRE FYLDE COAST HOSPITAL,120,Ear Nose and Throat Service,457.3841552734375,0,0.0,457.384157,0.0,0.0,Optimal,500,0,23732413.77608013,23727413.7777371,5000.0
pessimistic_p90,NT347,SPIRE FYLDE COAST HOSPITAL,110,Trauma and Orthopaedic Service,9498.325134277344,0,0.0,9498.32513,0.0,0.0,Optimal,500,0,23732413.77608013,23727413.7777371,5000.0
pessimistic_p90,NT347,SPIRE FYLDE COAST HOSPITAL,101,Urology Service,413.43981742858887,0,0.0,413.439818,0.0,0.0,Optimal,500,0,23732413.77608013,23727413.7777371,5000.0
pessimistic_p90,NT347,SPIRE FYLDE COAST HOSPITAL,100,General Surgery Service,2905.915740966797,0,0.0,2905.91574,0.0,0.0,Optimal,500,0,23732413.77608013,23727413.7777371,5000.0
pessimistic_p90,NT345,SPIRE CLARE PARK HOSPITAL,120,Ear Nose and Throat Service,147.21409130096436,0,0.0,147.2140916,0.0,0.0,Optimal,500,0,23732413.77608013,23727413.7777371,5000.0
pessimistic_p90,NT345,SPIRE CLARE PARK HOSPITAL,110,Trauma and Orthopaedic Service,577.8627471923828,0,0.0,577.862749,0.0,0.0,Optimal,500,0,23732413.77608013,23727413.7777371,5000.0
pessimistic_p90,NT325,SPIRE MURRAYFIELD HOSPITAL,110,Trauma and Orthopaedic Service,2866.305618286133,0,0.0,2866.30562,0.0,0.0,Optimal,500,0,23732413.77608013,23727413.7777371,5000.0
pessimistic_p90,NT325,SPIRE MURRAYFIELD HOSPITAL,101,Urology Service,201.39522743225098,0,0.0,201.395228,0.0,0.0,Optimal,500,0,23732413.77608013,23727413.7777371,5000.0
pessimistic_p90,NT325,SPIRE MURRAYFIELD HOSPITAL,100,General Surgery Service,1320.1222457885742,0,0.0,1320.12225,0.0,0.0,Optimal,500,0,23732413.77608013,23727413.7777371,5000.0
pessimistic_p90,NT312,SPIRE ALEXANDRA HOSPITAL,502,Gynaecology Service,365.33652114868164,0,0.0,365.33652,0.0,0.0,Optimal,500,0,23732413.77608013,23727413.7777371,5000.0
pessimistic_p90,NT315,SPIRE BUSHEY HOSPITAL,110,Trauma and Orthopaedic Service,2571.838409423828,0,0.0,2571.8384,0.0,0.0,Optimal,500,0,23732413.77608013,23727413.7777371,5000.0
pessimistic_p90,NT315,SPIRE BUSHEY HOSPITAL,100,General Surgery Service,880.0303802490234,0,0.0,880.030381,0.0,0.0,Optimal,500,0,23732413.77608013,23727413.7777371,5000.0
pessimistic_p90,NT314,SPIRE LONDON EAST,502,Gynaecology Service,581.1322212219238,0,0.0,581.132221,0.0,0.0,Optimal,500,0,23732413.77608013,23727413.7777371,5000.0
pessimistic_p90,NT314,SPIRE LONDON EAST,160,Plastic Surgery Service,219.0495367050171,0,0.0,219.049537,0.0,0.0,Optimal,500,0,23732413.77608013,23727413.7777371,5000.0
pessimistic_p90,NT314,SPIRE LONDON EAST,150,Neurosurgical Service,603.8176422119141,0,0.0,603.817643,0.0,0.0,Optimal,500,0,23732413.77608013,23727413.7777371,5000.0
pessimistic_p90,NT314,SPIRE LONDON EAST,110,Trauma and Orthopaedic Service,2874.6717224121094,0,0.0,2874.67172,0.0,0.0,Optimal,500,0,23732413.77608013,23727413.7777371,5000.0
pessimistic_p90,NT314,SPIRE LONDON EAST,100,General Surgery Service,1299.330421447754,0,0.0,1299.330429,0.0,0.0,Optimal,500,0,23732413.77608013,23727413.7777371,5000.0
pessimistic_p90,NT313,SPIRE WELLESLEY HOSPITAL,160,Plastic Surgery Service,1684.2738494873047,0,0.0,1684.273837,0.0,0.0,Optimal,500,0,23732413.77608013,23727413.7777371,5000.0
pessimistic_p90,NT313,SPIRE WELLESLEY HOSPITAL,110,Trauma and Orthopaedic Service,3828.242431640625,0,0.0,3828.2424300000002,0.0,0.0,Optimal,500,0,23732413.77608013,23727413.7777371,5000.0
pessimistic_p90,NT313,SPIRE WELLESLEY HOSPITAL,100,General Surgery Service,541.0218048095703,0,0.0,541.021803,0.0,0.0,Optimal,500,0,23732413.77608013,23727413.7777371,5000.0
pessimistic_p90,NT312,SPIRE ALEXANDRA HOSPITAL,160,Plastic Surgery Service,385.33463859558105,0,0.0,385.334637,0.0,0.0,Optimal,500,0,23732413.77608013,23727413.7777371,5000.0
pessimistic_p90,NT324,SPIRE CHESHIRE HOSPITAL,160,Plastic Surgery Service,744.7033653259277,0,0.0,744.703364,0.0,0.0,Optimal,500,0,23732413.77608013,23727413.7777371,5000.0
pessimistic_p90,NT312,SPIRE ALEXANDRA HOSPITAL,110,Trauma and Orthopaedic Service,2568.0938568115234,0,0.0,2568.09384,0.0,0.0,Optimal,500,0,23732413.77608013,23727413.7777371,5000.0
pessimistic_p90,NT312,SPIRE ALEXANDRA HOSPITAL,100,General Surgery Service,620.3144264221191,0,0.0,620.314426,0.0,0.0,Optimal,500,0,23732413.77608013,23727413.7777371,5000.0
pessimistic_p90,NT30A,SPIRE NOTTINGHAM HOSPITAL,110,Trauma and Orthopaedic Service,2425.4733123779297,0,0.0,2425.47333,0.0,0.0,Optimal,500,0,23732413.77608013,23727413.7777371,5000.0
pessimistic_p90,NT30A,SPIRE NOTTINGHAM HOSPITAL,101,Urology Service,145.27619457244873,0,0.0,145.276194,0.0,0.0,Optimal,500,0,23732413.77608013,23727413.7777371,5000.0
pessimistic_p90,NT30A,SPIRE NOTTINGHAM HOSPITAL,100,General Surgery Service,466.3482551574707,0,0.0,466.348256,0.0,0.0,Optimal,500,0,23732413.77608013,23727413.7777371,5000.0
pessimistic_p90,NT308,SPIRE GATWICK PARK HOSPITAL,110,Trauma and Orthopaedic Service,5174.973358154297,0,0.0,5174.97334,0.0,0.0,Optimal,500,0,23732413.77608013,23727413.7777371,5000.0
pessimistic_p90,NT308,SPIRE GATWICK PARK HOSPITAL,100,General Surgery Service,479.07661056518555,0,0.0,479.076611,0.0,0.0,Optimal,500,0,23732413.77608013,23727413.7777371,5000.0
pessimistic_p90,NT305,SPIRE PORTSMOUTH HOSPITAL,110,Trauma and Orthopaedic Service,1932.2007904052734,0,0.0,1932.2008,0.0,0.0,Optimal,500,0,23732413.77608013,23727413.7777371,5000.0
pessimistic_p90,NT304,SPIRE SOUTHAMPTON HOSPITAL,150,Neurosurgical Service,223.2714023590088,0,0.0,223.271402,0.0,0.0,Optimal,500,0,23732413.77608013,23727413.7777371,5000.0
pessimistic_p90,NT304,SPIRE SOUTHAMPTON HOSPITAL,110,Trauma and Orthopaedic Service,2450.748764038086,0,0.0,2450.74878,0.0,0.0,Optimal,500,0,23732413.77608013,23727413.7777371,5000.0
pessimistic_p90,NT315,SPIRE BUSHEY HOSPITAL,120,Ear Nose and Throat Service,517.3460350036621,0,0.0,517.346035,0.0,0.0,Optimal,500,0,23732413.77608013,23727413.7777371,5000.0
pessimistic_p90,NT315,SPIRE BUSHEY HOSPITAL,502,Gynaecology Service,571.3175315856934,0,0.0,571.31753,0.0,0.0,Optimal,500,0,23732413.77608013,23727413.7777371,5000.0
pessimistic_p90,NT316,SPIRE HARPENDEN HOSPITAL,100,General Surgery Service,821.222843170166,0,0.0,821.222844,0.0,0.0,Optimal,500,0,23732413.77608013,23727413.7777371,5000.0
pessimistic_p90,NT316,SPIRE HARPENDEN HOSPITAL,110,Trauma and Orthopaedic Service,2423.4998321533203,0,0.0,2423.49982,0.0,0.0,Optimal,500,0,23732413.77608013,23727413.7777371,5000.0
pessimistic_p90,NT324,SPIRE CHESHIRE HOSPITAL,120,Ear Nose and Throat Service,693.6245574951172,0,0.0,693.624558,0.0,0.0,Optimal,500,0,23732413.77608013,23727413.7777371,5000.0
pessimistic_p90,NT324,SPIRE CHESHIRE HOSPITAL,110,Trauma and Orthopaedic Service,5384.754852294922,0,0.0,5384.75485,0.0,0.0,Optimal,500,0,23732413.77608013,23727413.7777371,5000.0
pessimistic_p90,NT324,SPIRE CHESHIRE HOSPITAL,101,Urology Service,446.3678894042969,0,0.0,446.36789,0.0,0.0,Optimal,500,0,23732413.77608013,23727413.7777371,5000.0
pessimistic_p90,NT324,SPIRE CHESHIRE HOSPITAL,100,General Surgery Service,2333.438995361328,0,0.0,2333.439,0.0,0.0,Optimal,500,0,23732413.77608013,23727413.7777371,5000.0
pessimistic_p90,NT322,SPIRE LEICESTER HOSPITAL,110,Trauma and Orthopaedic Service,2756.3655853271484,0,0.0,2756.36557,0.0,0.0,Optimal,500,0,23732413.77608013,23727413.7777371,5000.0
pessimistic_p90,NT322,SPIRE LEICESTER HOSPITAL,100,General Surgery Service,193.2892189025879,0,0.0,193.289218,0.0,0.0,Optimal,500,0,23732413.77608013,23727413.7777371,5000.0
pessimistic_p90,NT321,SPIRE LITTLE ASTON HOSPITAL,502,Gynaecology Service,275.4233627319336,0,0.0,275.423365,0.0,0.0,Optimal,500,0,23732413.77608013,23727413.7777371,5000.0
pessimistic_p90,NT321,SPIRE LITTLE ASTON HOSPITAL,110,Trauma and Orthopaedic Service,5416.6943359375,0,0.0,5416.69434,0.0,0.0,Optimal,500,0,23732413.77608013,23727413.7777371,5000.0
pessimistic_p90,NT321,SPIRE LITTLE ASTON HOSPITAL,100,General Surgery Service,1489.7697982788086,0,0.0,1489.769814,0.0,0.0,Optimal,500,0,23732413.77608013,23727413.7777371,5000.0
pessimistic_p90,NT320,SPIRE PARKWAY HOSPITAL,502,Gynaecology Service,318.0213088989258,0,0.0,318.021309,0.0,0.0,Optimal,500,0,23732413.77608013,23727413.7777371,5000.0
pessimistic_p90,NT320,SPIRE PARKWAY HOSPITAL,110,Trauma and Orthopaedic Service,4555.541687011719,0,0.0,4555.54169,0.0,0.0,Optimal,500,0,23732413.77608013,23727413.7777371,5000.0
pessimistic_p90,NT320,SPIRE PARKWAY HOSPITAL,100,General Surgery Service,700.0288200378418,0,0.0,700.02882,0.0,0.0,Optimal,500,0,23732413.77608013,23727413.7777371,5000.0
pessimistic_p90,NT319,SPIRE HARTSWOOD HOSPITAL,110,Trauma and Orthopaedic Service,6291.154083251953,0,0.0,6291.15408,0.0,0.0,Optimal,500,0,23732413.77608013,23727413.7777371,5000.0
pessimistic_p90,NT319,SPIRE HARTSWOOD HOSPITAL,100,General Surgery Service,918.4348678588867,0,0.0,918.4348689999999,0.0,0.0,Optimal,500,0,23732413.77608013,23727413.7777371,5000.0
pessimistic_p90,NT318,SPIRE NORWICH HOSPITAL,110,Trauma and Orthopaedic Service,4019.9681091308594,0,0.0,4019.9681,0.0,0.0,Optimal,500,0,23732413.77608013,23727413.7777371,5000.0
pessimistic_p90,NT318,SPIRE NORWICH HOSPITAL,100,General Surgery Service,888.3026924133301,0,0.0,888.302693,0.0,0.0,Optimal,500,0,23732413.77608013,23727413.7777371,5000.0
pessimistic_p90,NT317,SPIRE CAMBRIDGE LEA HOSPITAL,150,Neurosurgical Service,129.32752132415771,0,0.0,129.3275215,0.0,0.0,Optimal,500,0,23732413.77608013,23727413.7777371,5000.0
pessimistic_p90,NT317,SPIRE CAMBRIDGE LEA HOSPITAL,120,Ear Nose and Throat Service,303.2186470031738,0,0.0,303.218646,0.0,0.0,Optimal,500,0,23732413.77608013,23727413.7777371,5000.0
pessimistic_p90,NT317,SPIRE CAMBRIDGE LEA HOSPITAL,110,Trauma and Orthopaedic Service,2357.5187072753906,0,0.0,2357.51872,0.0,0.0,Optimal,500,0,23732413.77608013,23727413.7777371,5000.0
pessimistic_p90,NT317,SPIRE CAMBRIDGE LEA HOSPITAL,100,General Surgery Service,292.2443389892578,0,0.0,292.24434,0.0,0.0,Optimal,500,0,23732413.77608013,23727413.7777371,5000.0
pessimistic_p90,NT316,SPIRE HARPENDEN HOSPITAL,120,Ear Nose and Throat Service,576.8315200805664,0,0.0,576.831522,0.0,0.0,Optimal,500,0,23732413.77608013,23727413.7777371,5000.0
pessimistic_p90,NT351,SPIRE HULL AND EAST RIDING HOSPITAL,502,Gynaecology Service,256.91673851013184,0,0.0,256.916738,0.0,0.0,Optimal,500,0,23732413.77608013,23727413.7777371,5000.0
pessimistic_p90,NT364,SPIRE MONTEFIORE HOSPITAL,110,Trauma and Orthopaedic Service,2639.017807006836,0,0.0,2639.01781,0.0,0.0,Optimal,500,0,23732413.77608013,23727413.7777371,5000.0
pessimistic_p90,NT434,SAXON CLINIC,100,General Surgery Service,1194.6268005371094,0,0.0,1194.6268,0.0,0.0,Optimal,500,0,23732413.77608013,23727413.7777371,5000.0
pessimistic_p90,NT418,HAMPSHIRE CLINIC,110,Trauma and Orthopaedic Service,1124.9584121704102,0,0.0,1124.958412,0.0,0.0,Optimal,500,0,23732413.77608013,23727413.7777371,5000.0
pessimistic_p90,NT422,LONDON INDEPENDENT HOSPITAL,101,Urology Service,821.588077545166,0,0.0,821.588077,0.0,0.0,Optimal,500,0,23732413.77608013,23727413.7777371,5000.0
pessimistic_p90,NT422,LONDON INDEPENDENT HOSPITAL,100,General Surgery Service,4994.980010986328,0,0.0,4994.98001,0.0,0.0,Optimal,500,0,23732413.77608013,23727413.7777371,5000.0
pessimistic_p90,NT421,KINGS OAK HOSPITAL,502,Gynaecology Service,171.87818431854248,0,0.0,171.878183,0.0,0.0,Optimal,500,0,23732413.77608013,23727413.7777371,5000.0
pessimistic_p90,NT421,KINGS OAK HOSPITAL,110,Trauma and Orthopaedic Service,1521.9175872802734,0,0.0,1521.917592,0.0,0.0,Optimal,500,0,23732413.77608013,23727413.7777371,5000.0
pessimistic_p90,NT421,KINGS OAK HOSPITAL,101,Urology Service,298.1523780822754,0,0.0,298.152378,0.0,0.0,Optimal,500,0,23732413.77608013,23727413.7777371,5000.0
pessimistic_p90,NT421,KINGS OAK HOSPITAL,100,General Surgery Service,317.6085395812988,0,0.0,317.608539,0.0,0.0,Optimal,500,0,23732413.77608013,23727413.7777371,5000.0
pessimistic_p90,NT420,HIGHFIELD HOSPITAL,110,Trauma and Orthopaedic Service,4800.116729736328,0,0.0,4800.11676,0.0,0.0,Optimal,500,0,23732413.77608013,23727413.7777371,5000.0
pessimistic_p90,NT420,HIGHFIELD HOSPITAL,100,General Surgery Service,1013.5407333374023,0,0.0,1013.540731,0.0,0.0,Optimal,500,0,23732413.77608013,23727413.7777371,5000.0
pessimistic_p90,NT419,HARBOUR HOSPITAL,110,Trauma and Orthopaedic Service,1426.50146484375,0,0.0,1426.50149,0.0,0.0,Optimal,500,0,23732413.77608013,23727413.7777371,5000.0
pessimistic_p90,NT418,HAMPSHIRE CLINIC,502,Gynaecology Service,463.10191345214844,0,0.0,463.101913,0.0,0.0,Optimal,500,0,23732413.77608013,23727413.7777371,5000.0
pessimistic_p90,NT418,HAMPSHIRE CLINIC,101,Urology Service,149.49269771575928,0,0.0,149.4926989,0.0,0.0,Optimal,500,0,23732413.77608013,23727413.7777371,5000.0
pessimistic_p90,NT422,LONDON INDEPENDENT HOSPITAL,130,Ophthalmology Service,539.070972442627,0,0.0,539.070973,0.0,0.0,Optimal,500,0,23732413.77608013,23727413.7777371,5000.0
pessimistic_p90,NT418,HAMPSHIRE CLINIC,100,General Surgery Service,201.1563024520874,0,0.0,201.156303,0.0,0.0,Optimal,500,0,23732413.77608013,23727413.7777371,5000.0
pessimistic_p90,NT417,GORING HALL HOSPITAL,110,Trauma and Orthopaedic Service,3339.9932556152344,0,0.0,3339.99326,0.0,0.0,Optimal,500,0,23732413.77608013,23727413.7777371,5000.0
pessimistic_p90,NT417,GORING HALL HOSPITAL,100,General Surgery Service,414.20238304138184,0,0.0,414.202384,0.0,0.0,Optimal,500,0,23732413.77608013,23727413.7777371,5000.0
pessimistic_p90,NT416,HENDON HOSPITAL,502,Gynaecology Service,564.6623382568359,0,0.0,564.662339,0.0,0.0,Optimal,500,0,23732413.77608013,23727413.7777371,5000.0
pessimistic_p90,NT416,HENDON HOSPITAL,130,Ophthalmology Service,697.1083908081055,0,0.0,697.108391,0.0,0.0,Optimal,500,0,23732413.77608013,23727413.7777371,5000.0
pessimistic_p90,NT416,HENDON HOSPITAL,110,Trauma and Orthopaedic Service,926.6855087280273,0,0.0,926.685509,0.0,0.0,Optimal,500,0,23732413.77608013,23727413.7777371,5000.0
pessimistic_p90,NT416,HENDON HOSPITAL,101,Urology Service,336.1879062652588,0,0.0,336.187906,0.0,0.0,Optimal,500,0,23732413.77608013,23727413.7777371,5000.0
pessimistic_p90,NT416,HENDON HOSPITAL,100,General Surgery Service,1046.4890213012695,0,0.0,1046.489023,0.0,0.0,Optimal,500,0,23732413.77608013,23727413.7777371,5000.0
pessimistic_p90,NT412,DROITWICH SPA HOSPITAL,130,Ophthalmology Service,142.94604873657227,0,0.0,142.9460488,0.0,0.0,Optimal,500,0,23732413.77608013,23727413.7777371,5000.0
pessimistic_p90,NT412,DROITWICH SPA HOSPITAL,120,Ear Nose and Throat Service,116.23694896697998,0,0.0,116.2369501,0.0,0.0,Optimal,500,0,23732413.77608013,23727413.7777371,5000.0
pessimistic_p90,NT422,LONDON INDEPENDENT HOSPITAL,110,Trauma and Orthopaedic Service,9028.337097167969,0,0.0,9028.33711,0.0,0.0,Optimal,500,0,23732413.77608013,23727413.7777371,5000.0
pessimistic_p90,NT422,LONDON INDEPENDENT HOSPITAL,150,Neurosurgical Service,254.4878330230713,0,0.0,254.487833,0.0,0.0,Optimal,500,0,23732413.77608013,23727413.7777371,5000.0
pessimistic_p90,NT3X3,SPIRE ST ANTHONY'S HOSPITAL,100,General Surgery Service,1845.0375366210938,0,0.0,1845.03756,0.0,0.0,Optimal,500,0,23732413.77608013,23727413.7777371,5000.0
pessimistic_p90,NT428,PRINCESS MARGARET HOSPITAL,100,General Surgery Service,280.37781524658203,0,0.0,280.377814,0.0,0.0,Optimal,500,0,23732413.77608013,23727413.7777371,5000.0
pessimistic_p90,NT433,SARUM ROAD HOSPITAL,100,General Surgery Service,196.57640552520752,0,0.0,196.5764043,0.0,0.0,Optimal,500,0,23732413.77608013,23727413.7777371,5000.0
pessimistic_p90,NT431,RUNNYMEDE HOSPITAL,130,Ophthalmology Service,216.25774669647217,0,0.0,216.257746,0.0,0.0,Optimal,500,0,23732413.77608013,23727413.7777371,5000.0
pessimistic_p90,NT431,RUNNYMEDE HOSPITAL,110,Trauma and Orthopaedic Service,545.4117050170898,0,0.0,545.411704,0.0,0.0,Optimal,500,0,23732413.77608013,23727413.7777371,5000.0
pessimistic_p90,NT431,RUNNYMEDE HOSPITAL,100,General Surgery Service,326.5053081512451,0,0.0,326.505307,0.0,0.0,Optimal,500,0,23732413.77608013,23727413.7777371,5000.0
pessimistic_p90,NT430,RIDGEWAY HOSPITAL,502,Gynaecology Service,355.4854049682617,0,0.0,355.485404,0.0,0.0,Optimal,500,0,23732413.77608013,23727413.7777371,5000.0
pessimistic_p90,NT430,RIDGEWAY HOSPITAL,130,Ophthalmology Service,866.3481597900391,0,0.0,866.348159,0.0,0.0,Optimal,500,0,23732413.77608013,23727413.7777371,5000.0
pessimistic_p90,NT430,RIDGEWAY HOSPITAL,110,Trauma and Orthopaedic Service,201.5968427658081,0,0.0,201.596843,0.0,0.0,Optimal,500,0,23732413.77608013,23727413.7777371,5000.0
pessimistic_p90,NT430,RIDGEWAY HOSPITAL,100,General Surgery Service,301.7673797607422,0,0.0,301.76738,0.0,0.0,Optimal,500,0,23732413.77608013,23727413.7777371,5000.0
pessimistic_p90,NT429,PRIORY HOSPITAL,110,Trauma and Orthopaedic Service,1505.7917556762695,0,0.0,1505.791767,0.0,0.0,Optimal,500,0,23732413.77608013,23727413.7777371,5000.0
pessimistic_p90,NT428,PRINCESS MARGARET HOSPITAL,110,Trauma and Orthopaedic Service,370.3682174682617,0,0.0,370.368217,0.0,0.0,Optimal,500,0,23732413.77608013,23727413.7777371,5000.0
pessimistic_p90,NT427,PARK HOSPITAL,502,Gynaecology Service,251.5861053466797,0,0.0,251.586106,0.0,0.0,Optimal,500,0,23732413.77608013,23727413.7777371,5000.0
pessimistic_p90,NT422,LONDON INDEPENDENT HOSPITAL,502,Gynaecology Service,414.0783271789551,0,0.0,414.078327,0.0,0.0,Optimal,500,0,23732413.77608013,23727413.7777371,5000.0
pessimistic_p90,NT427,PARK HOSPITAL,150,Neurosurgical Service,157.33042812347412,0,0.0,157.33042700000001,0.0,0.0,Optimal,500,0,23732413.77608013,23727413.7777371,5000.0
pessimistic_p90,NT427,PARK HOSPITAL,110,Trauma and Orthopaedic Service,3741.3558044433594,0,0.0,3741.35579,0.0,0.0,Optimal,500,0,23732413.77608013,23727413.7777371,5000.0
pessimistic_p90,NT427,PARK HOSPITAL,101,Urology Service,131.69294261932373,0,0.0,131.6929427,0.0,0.0,Optimal,500,0,23732413.77608013,23727413.7777371,5000.0
pessimistic_p90,NT427,PARK HOSPITAL,100,General Surgery Service,396.1850128173828,0,0.0,396.18501200000003,0.0,0.0,Optimal,500,0,23732413.77608013,23727413.7777371,5000.0
pessimistic_p90,NT424,MERIDEN HOSPITAL,150,Neurosurgical Service,734.2049102783203,0,0.0,734.20491,0.0,0.0,Optimal,500,0,23732413.77608013,23727413.7777371,5000.0
pessimistic_p90,NT424,MERIDEN HOSPITAL,110,Trauma and Orthopaedic Service,5376.647186279297,0,0.0,5376.64718,0.0,0.0,Optimal,500,0,23732413.77608013,23727413.7777371,5000.0
pessimistic_p90,NT424,MERIDEN HOSPITAL,100,General Surgery Service,1503.2388763427734,0,0.0,1503.2388700000001,0.0,0.0,Optimal,500,0,23732413.77608013,23727413.7777371,5000.0
pessimistic_p90,NT423,MANOR HOSPITAL,502,Gynaecology Service,848.5843696594238,0,0.0,848.584369,0.0,0.0,Optimal,500,0,23732413.77608013,23727413.7777371,5000.0
pessimistic_p90,NT423,MANOR HOSPITAL,110,Trauma and Orthopaedic Service,1608.2855377197266,0,0.0,1608.28554,0.0,0.0,Optimal,500,0,23732413.77608013,23727413.7777371,5000.0
pessimistic_p90,NT423,MANOR HOSPITAL,100,General Surgery Service,510.7642936706543,0,0.0,510.764294,0.0,0.0,Optimal,500,0,23732413.77608013,23727413.7777371,5000.0
pessimistic_p90,NT412,DROITWICH SPA HOSPITAL,110,Trauma and Orthopaedic Service,5414.851104736328,0,0.0,5414.85112,0.0,0.0,Optimal,500,0,23732413.77608013,23727413.7777371,5000.0
pessimistic_p90,NT412,DROITWICH SPA HOSPITAL,100,General Surgery Service,2260.270965576172,0,0.0,2260.2709800000002,0.0,0.0,Optimal,500,0,23732413.77608013,23727413.7777371,5000.0
pessimistic_p90,NT411,CLEMENTINE CHURCHILL HOSPITAL,502,Gynaecology Service,288.50447845458984,0,0.0,288.504479,0.0,0.0,Optimal,500,0,23732413.77608013,23727413.7777371,5000.0
pessimistic_p90,NT403,BEARDWOOD HOSPITAL,110,Trauma and Orthopaedic Service,10442.174987792969,0,0.0,10442.17498,0.0,0.0,Optimal,500,0,23732413.77608013,23727413.7777371,5000.0
pessimistic_p90,NT405,BISHOPS WOOD HOSPITAL,101,Urology Service,216.49517917633057,0,0.0,216.49518,0.0,0.0,Optimal,500,0,23732413.77608013,23727413.7777371,5000.0
pessimistic_p90,NT405,BISHOPS WOOD HOSPITAL,100,General Surgery Service,227.121826171875,0,0.0,227.121825,0.0,0.0,Optimal,500,0,23732413.77608013,23727413.7777371,5000.0
pessimistic_p90,NT404,BEAUMONT HOSPITAL,502,Gynaecology Service,954.2324714660645,0,0.0,954.232471,0.0,0.0,Optimal,500,0,23732413.77608013,23727413.7777371,5000.0
pessimistic_p90,NT404,BEAUMONT HOSPITAL,120,Ear Nose and Throat Service,418.0575752258301,0,0.0,418.057574,0.0,0.0,Optimal,500,0,23732413.77608013,23727413.7777371,5000.0
pessimistic_p90,NT404,BEAUMONT HOSPITAL,110,Trauma and Orthopaedic Service,5623.2254638671875,0,0.0,5623.22547,0.0,0.0,Optimal,500,0,23732413.77608013,23727413.7777371,5000.0
pessimistic_p90,NT404,BEAUMONT HOSPITAL,101,Urology Service,635.0147171020508,0,0.0,635.014719,0.0,0.0,Optimal,500,0,23732413.77608013,23727413.7777371,5000.0
pessimistic_p90,NT404,BEAUMONT HOSPITAL,100,General Surgery Service,3041.5967559814453,0,0.0,3041.59676,0.0,0.0,Optimal,500,0,23732413.77608013,23727413.7777371,5000.0
pessimistic_p90,NT403,BEARDWOOD HOSPITAL,502,Gynaecology Service,757.6834297180176,0,0.0,757.683428,0.0,0.0,Optimal,500,0,23732413.77608013,23727413.7777371,5000.0
pessimistic_p90,NT403,BEARDWOOD HOSPITAL,150,Neurosurgical Service,221.93521308898926,0,0.0,221.935212,0.0,0.0,Optimal,500,0,23732413.77608013,23727413.7777371,5000.0
pessimistic_p90,NT403,BEARDWOOD HOSPITAL,120,Ear Nose and Throat Service,396.20499420166016,0,0.0,396.204996,0.0,0.0,Optimal,500,0,23732413.77608013,23727413.7777371,5000.0
pessimistic_p90,NT403,BEARDWOOD HOSPITAL,101,Urology Service,478.01955795288086,0,0.0,478.019558,0.0,0.0,Optimal,500,0,23732413.77608013,23727413.7777371,5000.0
pessimistic_p90,NT411,CLEMENTINE CHURCHILL HOSPITAL,130,Ophthalmology Service,427.46020698547363,0,0.0,427.460207,0.0,0.0,Optimal,500,0,23732413.77608013,23727413.7777371,5000.0
pessimistic_p90,NT403,BEARDWOOD HOSPITAL,100,General Surgery Service,1619.6476974487305,0,0.0,1619.64768,0.0,0.0,Optimal,500,0,23732413.77608013,23727413.7777371,5000.0
pessimistic_p90,NT402,BATH CLINIC,130,Ophthalmology Service,585.3283767700195,0,0.0,585.328376,0.0,0.0,Optimal,500,0,23732413.77608013,23727413.7777371,5000.0
pessimistic_p90,NT402,BATH CLINIC,110,Trauma and Orthopaedic Service,3358.315444946289,0,0.0,3358.31544,0.0,0.0,Optimal,500,0,23732413.77608013,23727413.7777371,5000.0
pessimistic_p90,NT402,BATH CLINIC,100,General Surgery Service,221.37713623046875,0,0.0,221.377136,0.0,0.0,Optimal,500,0,23732413.77608013,23727413.7777371,5000.0
pessimistic_p90,NT401,ALEXANDRA HOSPITAL,110,Trauma and Orthopaedic Service,2332.733352661133,0,0.0,2332.7333399999998,0.0,0.0,Optimal,500,0,23732413.77608013,23727413.7777371,5000.0
pessimistic_p90,NT401,ALEXANDRA HOSPITAL,100,General Surgery Service,934.2649459838867,0,0.0,934.264945,0.0,0.0,Optimal,500,0,23732413.77608013,23727413.7777371,5000.0
pessimistic_p90,NT3X3,SPIRE ST ANTHONY'S HOSPITAL,502,Gynaecology Service,171.55035877227783,0,0.0,171.55035900000001,0.0,0.0,Optimal,500,0,23732413.77608013,23727413.7777371,5000.0
pessimistic_p90,NT3X3,SPIRE ST ANTHONY'S HOSPITAL,150,Neurosurgical Service,143.877366065979,0,0.0,143.877365,0.0,0.0,Optimal,500,0,23732413.77608013,23727413.7777371,5000.0
pessimistic_p90,NT3X3,SPIRE ST ANTHONY'S HOSPITAL,120,Ear Nose and Throat Service,144.71957111358643,0,0.0,144.7195721,0.0,0.0,Optimal,500,0,23732413.77608013,23727413.7777371,5000.0
pessimistic_p90,NT3X3,SPIRE ST ANTHONY'S HOSPITAL,110,Trauma and Orthopaedic Service,706.3476486206055,0,0.0,706.34765,0.0,0.0,Optimal,500,0,23732413.77608013,23727413.7777371,5000.0
pessimistic_p90,NT405,BISHOPS WOOD HOSPITAL,110,Trauma and Orthopaedic Service,1780.152473449707,0,0.0,1780.15248,0.0,0.0,Optimal,500,0,23732413.77608013,23727413.7777371,5000.0
pessimistic_p90,NT405,BISHOPS WOOD HOSPITAL,130,Ophthalmology Service,99.82342910766602,0,0.0,99.8234291,0.0,0.0,Optimal,500,0,23732413.77608013,23727413.7777371,5000.0
pessimistic_p90,NT405,BISHOPS WOOD HOSPITAL,502,Gynaecology Service,112.00495052337646,0,0.0,112.0049501,0.0,0.0,Optimal,500,0,23732413.77608013,23727413.7777371,5000.0
pessimistic_p90,NT406,BLACKHEATH HOSPITAL,100,General Surgery Service,484.15234756469727,0,0.0,484.152348,0.0,0.0,Optimal,500,0,23732413.77608013,23727413.7777371,5000.0
pessimistic_p90,NT411,CLEMENTINE CHURCHILL HOSPITAL,120,Ear Nose and Throat Service,248.6555643081665,0,0.0,248.655564,0.0,0.0,Optimal,500,0,23732413.77608013,23727413.7777371,5000.0
pessimistic_p90,NT411,CLEMENTINE CHURCHILL HOSPITAL,110,Trauma and Orthopaedic Service,3035.4712677001953,0,0.0,3035.47127,0.0,0.0,Optimal,500,0,23732413.77608013,23727413.7777371,5000.0
pessimistic_p90,NT411,CLEMENTINE CHURCHILL HOSPITAL,101,Urology Service,169.91866397857666,0,0.0,169.918665,0.0,0.0,Optimal,500,0,23732413.77608013,23727413.7777371,5000.0
pessimistic_p90,NT411,CLEMENTINE CHURCHILL HOSPITAL,100,General Surgery Service,1328.3692932128906,0,0.0,1328.3692800000001,0.0,0.0,Optimal,500,0,23732413.77608013,23727413.7777371,5000.0
pessimistic_p90,NT410,CHILTERN HOSPITAL,110,Trauma and Orthopaedic Service,3856.3554077148438,0,0.0,3856.35539,0.0,0.0,Optimal,500,0,23732413.77608013,23727413.7777371,5000.0
pessimistic_p90,NT410,CHILTERN HOSPITAL,101,Urology Service,136.00995922088623,0,0.0,136.0099574,0.0,0.0,Optimal,500,0,23732413.77608013,23727413.7777371,5000.0
pessimistic_p90,NT410,CHILTERN HOSPITAL,100,General Surgery Service,235.9598093032837,0,0.0,235.959809,0.0,0.0,Optimal,500,0,23732413.77608013,23727413.7777371,5000.0
pessimistic_p90,NT409,CHELSFIELD PARK HOSPITAL,502,Gynaecology Service,647.3154411315918,0,0.0,647.315443,0.0,0.0,Optimal,500,0,23732413.77608013,23727413.7777371,5000.0
pessimistic_p90,NT409,CHELSFIELD PARK HOSPITAL,120,Ear Nose and Throat Service,169.4664945602417,0,0.0,169.466496,0.0,0.0,Optimal,500,0,23732413.77608013,23727413.7777371,5000.0
pessimistic_p90,NT409,CHELSFIELD PARK HOSPITAL,110,Trauma and Orthopaedic Service,1551.4339065551758,0,0.0,1551.43391,0.0,0.0,Optimal,500,0,23732413.77608013,23727413.7777371,5000.0
pessimistic_p90,NT409,CHELSFIELD PARK HOSPITAL,101,Urology Service,156.2405252456665,0,0.0,156.2405247,0.0,0.0,Optimal,500,0,23732413.77608013,23727413.7777371,5000.0
pessimistic_p90,NT409,CHELSFIELD PARK HOSPITAL,100,General Surgery Service,699.2496337890625,0,0.0,699.249635,0.0,0.0,Optimal,500,0,23732413.77608013,23727413.7777371,5000.0
pessimistic_p90,NT408,CHAUCER HOSPITAL,130,Ophthalmology Service,992.8565979003906,0,0.0,992.856599,0.0,0.0,Optimal,500,0,23732413.77608013,23727413.7777371,5000.0
pessimistic_p90,NT408,CHAUCER HOSPITAL,110,Trauma and Orthopaedic Service,4055.3517456054688,0,0.0,4055.35172,0.0,0.0,Optimal,500,0,23732413.77608013,23727413.7777371,5000.0
pessimistic_p90,NT408,CHAUCER HOSPITAL,101,Urology Service,188.61457061767578,0,0.0,188.614572,0.0,0.0,Optimal,500,0,23732413.77608013,23727413.7777371,5000.0
pessimistic_p90,NT408,CHAUCER HOSPITAL,100,General Surgery Service,468.2276382446289,0,0.0,468.227639,0.0,0.0,Optimal,500,0,23732413.77608013,23727413.7777371,5000.0
pessimistic_p90,NT406,BLACKHEATH HOSPITAL,502,Gynaecology Service,1061.1005783081055,0,0.0,1061.100579,0.0,0.0,Optimal,500,0,23732413.77608013,23727413.7777371,5000.0
pessimistic_p90,NT406,BLACKHEATH HOSPITAL,150,Neurosurgical Service,91.60522031784058,0,0.0,91.60522019999999,0.0,0.0,Optimal,500,0,23732413.77608013,23727413.7777371,5000.0
pessimistic_p90,NT406,BLACKHEATH HOSPITAL,130,Ophthalmology Service,314.3953056335449,0,0.0,314.395307,0.0,0.0,Optimal,500,0,23732413.77608013,23727413.7777371,5000.0
pessimistic_p90,NT406,BLACKHEATH HOSPITAL,110,Trauma and Orthopaedic Service,2850.7378997802734,0,0.0,2850.7379,0.0,0.0,Optimal,500,0,23732413.77608013,23727413.7777371,5000.0
pessimistic_p90,NT406,BLACKHEATH HOSPITAL,101,Urology Service,295.12346839904785,0,0.0,295.123467,0.0,0.0,Optimal,500,0,23732413.77608013,23727413.7777371,5000.0
pessimistic_p90,NT304,SPIRE SOUTHAMPTON HOSPITAL,100,General Surgery Service,348.32269287109375,0,0.0,348.322694,0.0,0.0,Optimal,500,0,23732413.77608013,23727413.7777371,5000.0
pessimistic_p90,NT302,SPIRE BRISTOL HOSPITAL,110,Trauma and Orthopaedic Service,11875.133972167969,0,0.0,11875.13395,0.0,0.0,Optimal,500,0,23732413.77608013,23727413.7777371,5000.0
pessimistic_p90,NT302,SPIRE BRISTOL HOSPITAL,100,General Surgery Service,201.40175533294678,0,0.0,201.4017556,0.0,0.0,Optimal,500,0,23732413.77608013,23727413.7777371,5000.0
pessimistic_p90,G3Z1Q,SULIS HOSPITAL BATH (FOXCOTE AVENUE),502,Gynaecology Service,1389.5038604736328,0,0.0,1389.50387,0.0,0.0,Optimal,500,0,23732413.77608013,23727413.7777371,5000.0
pessimistic_p90,K8I4X,GLENDON WOOD HOSPITAL,100,General Surgery Service,1011.8967895507812,0,0.0,1011.896789,0.0,0.0,Optimal,500,0,23732413.77608013,23727413.7777371,5000.0
pessimistic_p90,J7V1N,SPAMEDICA SOLIHULL,130,Ophthalmology Service,4988.1141357421875,0,0.0,4988.11412,0.0,0.0,Optimal,500,0,23732413.77608013,23727413.7777371,5000.0
pessimistic_p90,I9A4A,SPAMEDICA BRIGHTON,130,Ophthalmology Service,3199.52392578125,0,0.0,3199.52392,0.0,0.0,Optimal,500,0,23732413.77608013,23727413.7777371,5000.0
pessimistic_p90,I2C7H,SPAMEDICA BRADFORD,130,Ophthalmology Service,2686.815155029297,0,0.0,2686.81515,0.0,0.0,Optimal,500,0,23732413.77608013,23727413.7777371,5000.0
pessimistic_p90,H4J9P,NEWMEDICA AZTEC WEST,130,Ophthalmology Service,4423.67578125,0,0.0,4423.67578,0.0,0.0,Optimal,500,0,23732413.77608013,23727413.7777371,5000.0
pessimistic_p90,H4I8B,NUFFIELD HEALTH THE HOLLY HOSPITAL,502,Gynaecology Service,515.4749221801758,0,0.0,515.474921,0.0,0.0,Optimal,500,0,23732413.77608013,23727413.7777371,5000.0
pessimistic_p90,H4I8B,NUFFIELD HEALTH THE HOLLY HOSPITAL,130,Ophthalmology Service,1630.2372665405273,0,0.0,1630.23725,0.0,0.0,Optimal,500,0,23732413.77608013,23727413.7777371,5000.0
pessimistic_p90,H4I8B,NUFFIELD HEALTH THE HOLLY HOSPITAL,120,Ear Nose and Throat Service,534.6364707946777,0,0.0,534.636471,0.0,0.0,Optimal,500,0,23732413.77608013,23727413.7777371,5000.0
pessimistic_p90,H4I8B,NUFFIELD HEALTH THE HOLLY HOSPITAL,110,Trauma and Orthopaedic Service,16961.572509765625,0,0.0,16961.5726,0.0,0.0,Optimal,500,0,23732413.77608013,23727413.7777371,5000.0
pessimistic_p90,H4I8B,NUFFIELD HEALTH THE HOLLY HOSPITAL,100,General Surgery Service,3318.1647186279297,0,0.0,3318.1647199999998,0.0,0.0,Optimal,500,0,23732413.77608013,23727413.7777371,5000.0
pessimistic_p90,G3Z1Q,SULIS HOSPITAL BATH (FOXCOTE AVENUE),130,Ophthalmology Service,3550.4606323242188,0,0.0,3550.4606400000002,0.0,0.0,Optimal,500,0,23732413.77608013,23727413.7777371,5000.0
pessimistic_p90,K8I4X,GLENDON WOOD HOSPITAL,130,Ophthalmology Service,2826.5011291503906,0,0.0,2826.50111,0.0,0.0,Optimal,500,0,23732413.77608013,23727413.7777371,5000.0
pessimistic_p90,G3Z1Q,SULIS HOSPITAL BATH (FOXCOTE AVENUE),120,Ear Nose and Throat Service,1861.423355102539,0,0.0,1861.42335,0.0,0.0,Optimal,500,0,23732413.77608013,23727413.7777371,5000.0
pessimistic_p90,G3Z1Q,SULIS HOSPITAL BATH (FOXCOTE AVENUE),110,Trauma and Orthopaedic Service,27874.52197265625,0,0.0,27874.522,0.0,0.0,Optimal,500,0,23732413.77608013,23727413.7777371,5000.0
pessimistic_p90,G3Z1Q,SULIS HOSPITAL BATH (FOXCOTE AVENUE),101,Urology Service,1533.691291809082,0,0.0,1533.69129,0.0,0.0,Optimal,500,0,23732413.77608013,23727413.7777371,5000.0
pessimistic_p90,G3Z1Q,SULIS HOSPITAL BATH (FOXCOTE AVENUE),100,General Surgery Service,4075.2442321777344,0,0.0,4075.24424,0.0,0.0,Optimal,500,0,23732413.77608013,23727413.7777371,5000.0
pessimistic_p90,G3Q3Z,NUFFIELD HEALTH HIGHGATE HOSPITAL,160,Plastic Surgery Service,809.5392112731934,0,0.0,809.539209,0.0,0.0,Optimal,500,0,23732413.77608013,23727413.7777371,5000.0
pessimistic_p90,G3Q3Z,NUFFIELD HEALTH HIGHGATE HOSPITAL,120,Ear Nose and Throat Service,600.4465293884277,0,0.0,600.44653,0.0,0.0,Optimal,500,0,23732413.77608013,23727413.7777371,5000.0
pessimistic_p90,G3Q3Z,NUFFIELD HEALTH HIGHGATE HOSPITAL,110,Trauma and Orthopaedic Service,2338.0987701416016,0,0.0,2338.09876,0.0,0.0,Optimal,500,0,23732413.77608013,23727413.7777371,5000.0
pessimistic_p90,G3Q3Z,NUFFIELD HEALTH HIGHGATE HOSPITAL,100,General Surgery Service,1074.4817810058594,0,0.0,1074.481779,0.0,0.0,Optimal,500,0,23732413.77608013,23727413.7777371,5000.0
pessimistic_p90,F9Z4V,CIRCLE READING HOSPITAL,502,Gynaecology Service,286.12273025512695,0,0.0,286.122731,0.0,0.0,Optimal,500,0,23732413.77608013,23727413.7777371,5000.0
pessimistic_p90,F9Z4V,CIRCLE READING HOSPITAL,130,Ophthalmology Service,1532.0773239135742,0,0.0,1532.077319,0.0,0.0,Optimal,500,0,23732413.77608013,23727413.7777371,5000.0
pessimistic_p90,K8I4X,GLENDON WOOD HOSPITAL,110,Trauma and Orthopaedic Service,2423.5821075439453,0,0.0,2423.5821,0.0,0.0,Optimal,500,0,23732413.77608013,23727413.7777371,5000.0
pessimistic_p90,L0D9W,NEWMEDICA - GLOUCESTER (BRIGHOUSE COURT),130,Ophthalmology Service,9023.462768554688,0,0.0,9023.46278,0.0,0.0,Optimal,500,0,23732413.77608013,23727413.7777371,5000.0
pessimistic_p90,NT301,SPIRE SOUTH BANK HOSPITAL,110,Trauma and Orthopaedic Service,2698.2642211914062,0,0.0,2698.2642299999998,0.0,0.0,Optimal,500,0,23732413.77608013,23727413.7777371,5000.0
pessimistic_p90,NEQ,PHOENIX HEALTH SOLUTIONS LIMITED HQ,130,Ophthalmology Service,2641.460678100586,0,0.0,2641.46067,0.0,0.0,Optimal,500,0,23732413.77608013,23727413.7777371,5000.0
pessimistic_p90,NN4,TYNESIDE SURGICAL SERVICES LTD,101,Urology Service,442.8813018798828,0,0.0,442.881302,0.0,0.0,Optimal,500,0,23732413.77608013,23727413.7777371,5000.0
pessimistic_p90,NN4,TYNESIDE SURGICAL SERVICES LTD,100,General Surgery Service,684.406623840332,0,0.0,684.406624,0.0,0.0,Optimal,500,0,23732413.77608013,23727413.7777371,5000.0
pessimistic_p90,NLX,SIRONA CARE & HEALTH,110,Trauma and Orthopaedic Service,5552.949035644531,0,0.0,5552.94903,0.0,0.0,Optimal,500,0,23732413.77608013,23727413.7777371,5000.0
pessimistic_p90,NLE01,LANCASTER HOUSE CONSULTING DIAGNOSTICS SURGICAL LTD HQ,101,Urology Service,507.88355255126953,0,0.0,507.883552,0.0,0.0,Optimal,500,0,23732413.77608013,23727413.7777371,5000.0
pessimistic_p90,NFH,SOMERSET SURGICAL SERVICES HQ,160,Plastic Surgery Service,2665.1256561279297,0,0.0,2665.12566,0.0,0.0,Optimal,500,0,23732413.77608013,23727413.7777371,5000.0
pessimistic_p90,NFH,SOMERSET SURGICAL SERVICES HQ,140,Oral Surgery Service,6767.4798583984375,0,0.0,6767.47985,0.0,0.0,Optimal,500,0,23732413.77608013,23727413.7777371,5000.0
pessimistic_p90,NFH,SOMERSET SURGICAL SERVICES HQ,130,Ophthalmology Service,4171.048828125,0,0.0,4171.04882,0.0,0.0,Optimal,500,0,23732413.77608013,23727413.7777371,5000.0
pessimistic_p90,NFH,SOMERSET SURGICAL SERVICES HQ,110,Trauma and Orthopaedic Service,7547.889953613281,0,0.0,7547.88996,0.0,0.0,Optimal,500,0,23732413.77608013,23727413.7777371,5000.0
pessimistic_p90,NEY,PIONEER HEALTHCARE LIMITED,150,Neurosurgical Service,573.985164642334,0,0.0,573.9851639999999,0.0,0.0,Optimal,500,0,23732413.77608013,23727413.7777371,5000.0
pessimistic_p90,NEY,PIONEER HEALTHCARE LIMITED,110,Trauma and Orthopaedic Service,838.8427429199219,0,0.0,838.842744,0.0,0.0,Optimal,500,0,23732413.77608013,23727413.7777371,5000.0
pessimistic_p90,NCR,ISIGHT,130,Ophthalmology Service,8892.828674316406,0,0.0,8892.828669999999,0.0,0.0,Optimal,500,0,23732413.77608013,23727413.7777371,5000.0
pessimistic_p90,L6O7H,SPAMEDICA POOLE,130,Ophthalmology Service,9681.307189941406,0,0.0,9681.30719,0.0,0.0,Optimal,500,0,23732413.77608013,23727413.7777371,5000.0
pessimistic_p90,NAM01,PROBUS SURGICAL CENTRE,110,Trauma and Orthopaedic Service,2739.9146423339844,0,0.0,2739.91465,0.0,0.0,Optimal,500,0,23732413.77608013,23727413.7777371,5000.0
pessimistic_p90,NAM01,PROBUS SURGICAL CENTRE,101,Urology Service,859.1036911010742,0,0.0,859.103692,0.0,0.0,Optimal,500,0,23732413.77608013,23727413.7777371,5000.0
pessimistic_p90,NAM01,PROBUS SURGICAL CENTRE,100,General Surgery Service,2923.662063598633,0,0.0,2923.66205,0.0,0.0,Optimal,500,0,23732413.77608013,23727413.7777371,5000.0
pessimistic_p90,N6Z0R,NEWMEDICA - LINCOLN,130,Ophthalmology Service,430.55852127075195,0,0.0,430.558521,0.0,0.0,Optimal,500,0,23732413.77608013,23727413.7777371,5000.0
pessimistic_p90,M7C9Q,SPAMEDICA EPSOM,130,Ophthalmology Service,3311.8263092041016,0,0.0,3311.82632,0.0,0.0,Optimal,500,0,23732413.77608013,23727413.7777371,5000.0
pessimistic_p90,M5E1S,SPAMEDICA EXETER,130,Ophthalmology Service,2881.643539428711,0,0.0,2881.6435500000002,0.0,0.0,Optimal,500,0,23732413.77608013,23727413.7777371,5000.0
pessimistic_p90,M4C5R,NEWMEDICA - NORTHAMPTON,130,Ophthalmology Service,10368.5556640625,0,0.0,10368.55567,0.0,0.0,Optimal,500,0,23732413.77608013,23727413.7777371,5000.0
pessimistic_p90,M3R0W,SPAMEDICA NORWICH,130,Ophthalmology Service,3878.9894409179688,0,0.0,3878.9894400000003,0.0,0.0,Optimal,500,0,23732413.77608013,23727413.7777371,5000.0
pessimistic_p90,M0N7E,SPAMEDICA SITTINGBOURNE,130,Ophthalmology Service,2036.0853424072266,0,0.0,2036.08534,0.0,0.0,Optimal,500,0,23732413.77608013,23727413.7777371,5000.0
pessimistic_p90,L9D3Z,SPAMEDICA LEICESTER,130,Ophthalmology Service,2977.675308227539,0,0.0,2977.67531,0.0,0.0,Optimal,500,0,23732413.77608013,23727413.7777371,5000.0
pessimistic_p90,F9Z4V,CIRCLE READING HOSPITAL,120,Ear Nose and Throat Service,269.44322776794434,0,0.0,269.443227,0.0,0.0,Optimal,500,0,23732413.77608013,23727413.7777371,5000.0
pessimistic_p90,F9Z4V,CIRCLE READING HOSPITAL,110,Trauma and Orthopaedic Service,4232.8780517578125,0,0.0,4232.8780400000005,0.0,0.0,Optimal,500,0,23732413.77608013,23727413.7777371,5000.0
pessimistic_p90,F9Z4V,CIRCLE READING HOSPITAL,100,General Surgery Service,989.3352432250977,0,0.0,989.335243,0.0,0.0,Optimal,500,0,23732413.77608013,23727413.7777371,5000.0
pessimistic_p90,AAV,COMMUNITY HEALTH AND EYECARE LIMITED,130,Ophthalmology Service,141240.240234375,0,0.0,141240.24,0.0,0.0,Optimal,500,0,23732413.77608013,23727413.7777371,5000.0
pessimistic_p90,ACG36,NEWMEDICA - EXETER - GLEN HOUSE,130,Ophthalmology Service,4028.486053466797,0,0.0,4028.48605,0.0,0.0,Optimal,500,0,23732413.77608013,23727413.7777371,5000.0
pessimistic_p90,ACG31,NEWMEDICA - WORCESTER,130,Ophthalmology Service,4147.372985839844,0,0.0,4147.373,0.0,0.0,Optimal,500,0,23732413.77608013,23727413.7777371,5000.0
pessimistic_p90,ACG30,NEWMEDICA - WORKSOP - DUKERIES,130,Ophthalmology Service,980.5987548828125,0,0.0,980.598754,0.0,0.0,Optimal,500,0,23732413.77608013,23727413.7777371,5000.0
pessimistic_p90,ACG26,NEWMEDICA - NORTH DERBYSHIRE - MIDLAND COURT,130,Ophthalmology Service,10659.255554199219,0,0.0,10659.25556,0.0,0.0,Optimal,500,0,23732413.77608013,23727413.7777371,5000.0
pessimistic_p90,ACG24,NEWMEDICA - TEESSIDE - NORTH ORMESBY,130,Ophthalmology Service,15594.096923828125,0,0.0,15594.097,0.0,0.0,Optimal,500,0,23732413.77608013,23727413.7777371,5000.0
pessimistic_p90,ACG22,NEWMEDICA - BRIGG - RIVERSIDE SURGERY,130,Ophthalmology Service,6344.1263427734375,0,0.0,6344.12634,0.0,0.0,Optimal,500,0,23732413.77608013,23727413.7777371,5000.0
pessimistic_p90,ACG20,NEWMEDICA - BRISTOL - LITFIELD HOUSE,130,Ophthalmology Service,4370.214111328125,0,0.0,4370.21412,0.0,0.0,Optimal,500,0,23732413.77608013,23727413.7777371,5000.0
pessimistic_p90,ACG19,NEWMEDICA COMMUNITY OPHTHALMOLOGY - LEEDS,130,Ophthalmology Service,4762.77783203125,0,0.0,4762.77783,0.0,0.0,Optimal,500,0,23732413.77608013,23727413.7777371,5000.0
pessimistic_p90,ACG13,NEWMEDICA - GLOUCESTER (ASPEN MEDICAL CENTRE),130,Ophthalmology Service,792.6279067993164,0,0.0,792.6279079999999,0.0,0.0,Optimal,500,0,23732413.77608013,23727413.7777371,5000.0
pessimistic_p90,ACG12,NEWMEDICA COMMUNITY OPHTHALMOLOGY - NORTH EAST LINCOLNSHIRE - GRIMSBY,130,Ophthalmology Service,7031.813659667969,0,0.0,7031.81365,0.0,0.0,Optimal,500,0,23732413.77608013,23727413.7777371,5000.0
pessimistic_p90,AAH,TETBURY HOSPITAL TRUST LTD,502,Gynaecology Service,303.6802463531494,0,0.0,303.680245,0.0,0.0,Optimal,500,0,23732413.77608013,23727413.7777371,5000.0
pessimistic_p90,E3D4A,SPAMEDICA TRURO,130,Ophthalmology Service,3707.216064453125,0,0.0,3707.21607,0.0,0.0,Optimal,500,0,23732413.77608013,23727413.7777371,5000.0
pessimistic_p90,AAH,TETBURY HOSPITAL TRUST LTD,140,Oral Surgery Service,857.2029876708984,0,0.0,857.202987,0.0,0.0,Optimal,500,0,23732413.77608013,23727413.7777371,5000.0
pessimistic_p90,AAH,TETBURY HOSPITAL TRUST LTD,130,Ophthalmology Service,3333.496826171875,0,0.0,3333.4968,0.0,0.0,Optimal,500,0,23732413.77608013,23727413.7777371,5000.0
pessimistic_p90,AAH,TETBURY HOSPITAL TRUST LTD,120,Ear Nose and Throat Service,413.1912651062012,0,0.0,413.191265,0.0,0.0,Optimal,500,0,23732413.77608013,23727413.7777371,5000.0
pessimistic_p90,AAH,TETBURY HOSPITAL TRUST LTD,110,Trauma and Orthopaedic Service,382.40895652770996,0,0.0,382.408955,0.0,0.0,Optimal,500,0,23732413.77608013,23727413.7777371,5000.0
pessimistic_p90,AAH,TETBURY HOSPITAL TRUST LTD,101,Urology Service,155.30759239196777,0,0.0,155.3075925,0.0,0.0,Optimal,500,0,23732413.77608013,23727413.7777371,5000.0
pessimistic_p90,AAH,TETBURY HOSPITAL TRUST LTD,100,General Surgery Service,702.9366416931152,0,0.0,702.936641,0.0,0.0,Optimal,500,0,23732413.77608013,23727413.7777371,5000.0
pessimistic_p90,A4M8P,BUCKSHAW HOSPITAL,502,Gynaecology Service,2281.3610076904297,0,0.0,2281.36099,0.0,0.0,Optimal,500,0,23732413.77608013,23727413.7777371,5000.0
pessimistic_p90,A4M8P,BUCKSHAW HOSPITAL,120,Ear Nose and Throat Service,1425.9653549194336,0,0.0,1425.965348,0.0,0.0,Optimal,500,0,23732413.77608013,23727413.7777371,5000.0
pessimistic_p90,A4M8P,BUCKSHAW HOSPITAL,110,Trauma and Orthopaedic Service,2653.0034942626953,0,0.0,2653.00349,0.0,0.0,Optimal,500,0,23732413.77608013,23727413.7777371,5000.0
pessimistic_p90,A4M8P,BUCKSHAW HOSPITAL,101,Urology Service,3330.117218017578,0,0.0,3330.11722,0.0,0.0,Optimal,500,0,23732413.77608013,23727413.7777371,5000.0
pessimistic_p90,ACG37,NEWMEDICA - IPSWICH,130,Ophthalmology Service,13991.697509765625,0,0.0,13991.697400000001,0.0,0.0,Optimal,500,0,23732413.77608013,23727413.7777371,5000.0
pessimistic_p90,ACG38,NEWMEDICA - LANGFORD,130,Ophthalmology Service,2252.26171875,0,0.0,2252.2617099999998,0.0,0.0,Optimal,500,0,23732413.77608013,23727413.7777371,5000.0
pessimistic_p90,ACG40,NEWMEDICA - WAKEFIELD,130,Ophthalmology Service,5288.213653564453,0,0.0,5288.21366,0.0,0.0,Optimal,500,0,23732413.77608013,23727413.7777371,5000.0
pessimistic_p90,ADP02,KIMS HOSPITAL (NEWNHAM COURT),100,General Surgery Service,601.934513092041,0,0.0,601.934514,0.0,0.0,Optimal,500,0,23732413.77608013,23727413.7777371,5000.0
pessimistic_p90,DX1,THE NEW FOSCOTE HOSPITAL LTD,110,Trauma and Orthopaedic Service,2132.531425476074,0,0.0,2132.531433,0.0,0.0,Optimal,500,0,23732413.77608013,23727413.7777371,5000.0
pessimistic_p90,DX1,THE NEW FOSCOTE HOSPITAL LTD,100,General Surgery Service,2687.0690155029297,0,0.0,2687.06901,0.0,0.0,Optimal,500,0,23732413.77608013,23727413.7777371,5000.0
pessimistic_p90,DFQ,NORWICH & NORFOLK SURGICAL LTD (N2S),160,Plastic Surgery Service,171.42451190948486,0,0.0,171.4245121,0.0,0.0,Optimal,500,0,23732413.77608013,23727413.7777371,5000.0
pessimistic_p90,DFQ,NORWICH & NORFOLK SURGICAL LTD (N2S),130,Ophthalmology Service,3867.4573364257812,0,0.0,3867.45735,0.0,0.0,Optimal,500,0,23732413.77608013,23727413.7777371,5000.0
pessimistic_p90,DFQ,NORWICH & NORFOLK SURGICAL LTD (N2S),110,Trauma and Orthopaedic Service,3722.1843872070312,0,0.0,3722.18436,0.0,0.0,Optimal,500,0,23732413.77608013,23727413.7777371,5000.0
pessimistic_p90,DFQ,NORWICH & NORFOLK SURGICAL LTD (N2S),100,General Surgery Service,2696.3766326904297,0,0.0,2696.3766299999997,0.0,0.0,Optimal,500,0,23732413.77608013,23727413.7777371,5000.0
pessimistic_p90,D5P5H,SPAMEDICA BEXHILL,130,Ophthalmology Service,3200.644012451172,0,0.0,3200.64401,0.0,0.0,Optimal,500,0,23732413.77608013,23727413.7777371,5000.0
pessimistic_p90,D3O0Z,PLYMOUTH NEWMEDICA LTD,130,Ophthalmology Service,6211.913421630859,0,0.0,6211.91343,0.0,0.0,Optimal,500,0,23732413.77608013,23727413.7777371,5000.0
pessimistic_p90,B9M3W,SPAMEDICA SOUTHAMPTON,130,Ophthalmology Service,3393.2019805908203,0,0.0,3393.20197,0.0,0.0,Optimal,500,0,23732413.77608013,23727413.7777371,5000.0
pessimistic_p90,B9J4U,SPAMEDICA PETERBOROUGH,130,Ophthalmology Service,4027.0023498535156,0,0.0,4027.00235,0.0,0.0,Optimal,500,0,23732413.77608013,23727413.7777371,5000.0
pessimistic_p90,B3M1X,CLAREMONT PRIVATE HOSPITAL,502,Gynaecology Service,925.9946823120117,0,0.0,925.994681,0.0,0.0,Optimal,500,0,23732413.77608013,23727413.7777371,5000.0
pessimistic_p90,B3M1X,CLAREMONT PRIVATE HOSPITAL,150,Neurosurgical Service,2086.3840942382812,0,0.0,2086.3841,0.0,0.0,Optimal,500,0,23732413.77608013,23727413.7777371,5000.0
pessimistic_p90,B3M1X,CLAREMONT PRIVATE HOSPITAL,130,Ophthalmology Service,211.1301565170288,0,0.0,211.130156,0.0,0.0,Optimal,500,0,23732413.77608013,23727413.7777371,5000.0
pessimistic_p90,B3M1X,CLAREMONT PRIVATE HOSPITAL,120,Ear Nose and Throat Service,755.0154800415039,0,0.0,755.01548,0.0,0.0,Optimal,500,0,23732413.77608013,23727413.7777371,5000.0
pessimistic_p90,B3M1X,CLAREMONT PRIVATE HOSPITAL,110,Trauma and Orthopaedic Service,10632.072448730469,0,0.0,10632.07244,0.0,0.0,Optimal,500,0,23732413.77608013,23727413.7777371,5000.0
pessimistic_p90,B3M1X,CLAREMONT PRIVATE HOSPITAL,101,Urology Service,780.4003028869629,0,0.0,780.400301,0.0,0.0,Optimal,500,0,23732413.77608013,23727413.7777371,5000.0
pessimistic_p90,B3M1X,CLAREMONT PRIVATE HOSPITAL,100,General Surgery Service,2436.388626098633,0,0.0,2436.38861,0.0,0.0,Optimal,500,0,23732413.77608013,23727413.7777371,5000.0
pessimistic_p90,ADP02,KIMS HOSPITAL (NEWNHAM COURT),502,Gynaecology Service,759.7917785644531,0,0.0,759.791779,0.0,0.0,Optimal,500,0,23732413.77608013,23727413.7777371,5000.0
pessimistic_p90,ADP02,KIMS HOSPITAL (NEWNHAM COURT),120,Ear Nose and Throat Service,111.29598808288574,0,0.0,111.2959882,0.0,0.0,Optimal,500,0,23732413.77608013,23727413.7777371,5000.0
pessimistic_p90,ADP02,KIMS HOSPITAL (NEWNHAM COURT),110,Trauma and Orthopaedic Service,10981.979248046875,0,0.0,10981.97923,0.0,0.0,Optimal,500,0,23732413.77608013,23727413.7777371,5000.0
pessimistic_p90,ADP02,KIMS HOSPITAL (NEWNHAM COURT),101,Urology Service,122.13601922988892,0,0.0,122.1360198,0.0,0.0,Optimal,500,0,23732413.77608013,23727413.7777371,5000.0
pessimistic_p90,NN4,TYNESIDE SURGICAL SERVICES LTD,110,Trauma and Orthopaedic Service,5468.843231201172,0,0.0,5468.84323,0.0,0.0,Optimal,500,0,23732413.77608013,23727413.7777371,5000.0
pessimistic_p90,NN4,TYNESIDE SURGICAL SERVICES LTD,160,Plastic Surgery Service,3411.156021118164,0,0.0,3411.15603,0.0,0.0,Optimal,500,0,23732413.77608013,23727413.7777371,5000.0
pessimistic_p90,NN4,TYNESIDE SURGICAL SERVICES LTD,502,Gynaecology Service,396.77511978149414,0,0.0,396.775118,0.0,0.0,Optimal,500,0,23732413.77608013,23727413.7777371,5000.0
pessimistic_p90,NT226,"NUFFIELD HEALTH, LEICESTER HOSPITAL",110,Trauma and Orthopaedic Service,4821.031921386719,0,0.0,4821.03194,0.0,0.0,Optimal,500,0,23732413.77608013,23727413.7777371,5000.0
pessimistic_p90,NT233,"NUFFIELD HEALTH, PLYMOUTH HOSPITAL",150,Neurosurgical Service,975.2075424194336,0,0.0,975.207542,0.0,0.0,Optimal,500,0,23732413.77608013,23727413.7777371,5000.0
pessimistic_p90,NT233,"NUFFIELD HEALTH, PLYMOUTH HOSPITAL",110,Trauma and Orthopaedic Service,7445.347900390625,0,0.0,7445.34789,0.0,0.0,Optimal,500,0,23732413.77608013,23727413.7777371,5000.0
pessimistic_p90,NT233,"NUFFIELD HEALTH, PLYMOUTH HOSPITAL",101,Urology Service,158.94825172424316,0,0.0,158.948252,0.0,0.0,Optimal,500,0,23732413.77608013,23727413.7777371,5000.0
pessimistic_p90,NT233,"NUFFIELD HEALTH, PLYMOUTH HOSPITAL",100,General Surgery Service,1691.2835540771484,0,0.0,1691.28355,0.0,0.0,Optimal,500,0,23732413.77608013,23727413.7777371,5000.0
pessimistic_p90,NT230,"NUFFIELD HEALTH, NORTH STAFFORDSHIRE HOSPITAL",130,Ophthalmology Service,1738.0223846435547,0,0.0,1738.02237,0.0,0.0,Optimal,500,0,23732413.77608013,23727413.7777371,5000.0
pessimistic_p90,NT230,"NUFFIELD HEALTH, NORTH STAFFORDSHIRE HOSPITAL",110,Trauma and Orthopaedic Service,10039.685424804688,0,0.0,10039.68541,0.0,0.0,Optimal,500,0,23732413.77608013,23727413.7777371,5000.0
pessimistic_p90,NT230,"NUFFIELD HEALTH, NORTH STAFFORDSHIRE HOSPITAL",100,General Surgery Service,575.6155738830566,0,0.0,575.615576,0.0,0.0,Optimal,500,0,23732413.77608013,23727413.7777371,5000.0
pessimistic_p90,NT229,"NUFFIELD HEALTH, NEWCASTLE UPON TYNE HOSPITAL",110,Trauma and Orthopaedic Service,5093.28076171875,0,0.0,5093.28076,0.0,0.0,Optimal,500,0,23732413.77608013,23727413.7777371,5000.0
pessimistic_p90,NT229,"NUFFIELD HEALTH, NEWCASTLE UPON TYNE HOSPITAL",100,General Surgery Service,156.34993076324463,0,0.0,156.3499304,0.0,0.0,Optimal,500,0,23732413.77608013,23727413.7777371,5000.0
pessimistic_p90,NT226,"NUFFIELD HEALTH, LEICESTER HOSPITAL",160,Plastic Surgery Service,308.3732109069824,0,0.0,308.37321,0.0,0.0,Optimal,500,0,23732413.77608013,23727413.7777371,5000.0
pessimistic_p90,NT226,"NUFFIELD HEALTH, LEICESTER HOSPITAL",100,General Surgery Service,370.95399475097656,0,0.0,370.953994,0.0,0.0,Optimal,500,0,23732413.77608013,23727413.7777371,5000.0
pessimistic_p90,NT213,"NUFFIELD HEALTH, DERBY HOSPITAL",100,General Surgery Service,1238.1449661254883,0,0.0,1238.144974,0.0,0.0,Optimal,500,0,23732413.77608013,23727413.7777371,5000.0
pessimistic_p90,NT224,"NUFFIELD HEALTH, WARWICKSHIRE HOSPITAL",110,Trauma and Orthopaedic Service,3034.2074127197266,0,0.0,3034.2074000000002,0.0,0.0,Optimal,500,0,23732413.77608013,23727413.7777371,5000.0
pessimistic_p90,NT224,"NUFFIELD HEALTH, WARWICKSHIRE HOSPITAL",100,General Surgery Service,983.9854736328125,0,0.0,983.985472,0.0,0.0,Optimal,500,0,23732413.77608013,23727413.7777371,5000.0
pessimistic_p90,NT219,"NUFFIELD HEALTH, HEREFORD HOSPITAL",110,Trauma and Orthopaedic Service,3993.669708251953,0,0.0,3993.66971,0.0,0.0,Optimal,500,0,23732413.77608013,23727413.7777371,5000.0
pessimistic_p90,NT219,"NUFFIELD HEALTH, HEREFORD HOSPITAL",100,General Surgery Service,759.5608787536621,0,0.0,759.560878,0.0,0.0,Optimal,500,0,23732413.77608013,23727413.7777371,5000.0
pessimistic_p90,NT218,"NUFFIELD HEALTH, HAYWARDS HEATH HOSPITAL",130,Ophthalmology Service,167.20813369750977,0,0.0,167.2081343,0.0,0.0,Optimal,500,0,23732413.77608013,23727413.7777371,5000.0
pessimistic_p90,NT218,"NUFFIELD HEALTH, HAYWARDS HEATH HOSPITAL",110,Trauma and Orthopaedic Service,3343.4033813476562,0,0.0,3343.40339,0.0,0.0,Optimal,500,0,23732413.77608013,23727413.7777371,5000.0
pessimistic_p90,NT218,"NUFFIELD HEALTH, HAYWARDS HEATH HOSPITAL",100,General Surgery Service,334.1573848724365,0,0.0,334.157384,0.0,0.0,Optimal,500,0,23732413.77608013,23727413.7777371,5000.0
pessimistic_p90,NT215,"NUFFIELD HEALTH, EXETER HOSPITAL",110,Trauma and Orthopaedic Service,1967.4020080566406,0,0.0,1967.402,0.0,0.0,Optimal,500,0,23732413.77608013,23727413.7777371,5000.0
pessimistic_p90,NT215,"NUFFIELD HEALTH, EXETER HOSPITAL",100,General Surgery Service,1295.788459777832,0,0.0,1295.78845,0.0,0.0,Optimal,500,0,23732413.77608013,23727413.7777371,5000.0
pessimistic_p90,NT214,"NUFFIELD HEALTH, WESSEX HOSPITAL",110,Trauma and Orthopaedic Service,6615.8426513671875,0,0.0,6615.84266,0.0,0.0,Optimal,500,0,23732413.77608013,23727413.7777371,5000.0
pessimistic_p90,NT233,"NUFFIELD HEALTH, PLYMOUTH HOSPITAL",160,Plastic Surgery Service,572.5754013061523,0,0.0,572.5754000000001,0.0,0.0,Optimal,500,0,23732413.77608013,23727413.7777371,5000.0
pessimistic_p90,NT235,"NUFFIELD HEALTH, SHREWSBURY HOSPITAL",110,Trauma and Orthopaedic Service,5726.555236816406,0,0.0,5726.55524,0.0,0.0,Optimal,500,0,23732413.77608013,23727413.7777371,5000.0
pessimistic_p90,NT235,"NUFFIELD HEALTH, SHREWSBURY HOSPITAL",130,Ophthalmology Service,3484.468505859375,0,0.0,3484.46852,0.0,0.0,Optimal,500,0,23732413.77608013,23727413.7777371,5000.0
pessimistic_p90,NT237,"NUFFIELD HEALTH, TEES HOSPITAL",100,General Surgery Service,1835.751968383789,0,0.0,1835.75197,0.0,0.0,Optimal,500,0,23732413.77608013,23727413.7777371,5000.0
pessimistic_p90,NT301,SPIRE SOUTH BANK HOSPITAL,100,General Surgery Service,1127.6976623535156,0,0.0,1127.697667,0.0,0.0,Optimal,500,0,23732413.77608013,23727413.7777371,5000.0
pessimistic_p90,NT245,"NUFFIELD HEALTH, YORK HOSPITAL",110,Trauma and Orthopaedic Service,11496.972290039062,0,0.0,11496.97233,0.0,0.0,Optimal,500,0,23732413.77608013,23727413.7777371,5000.0
pessimistic_p90,NT245,"NUFFIELD HEALTH, YORK HOSPITAL",101,Urology Service,140.2327709197998,0,0.0,140.2327703,0.0,0.0,Optimal,500,0,23732413.77608013,23727413.7777371,5000.0
pessimistic_p90,NT244,NUFFIELD HOSPITAL OXFORD (THE MANOR),110,Trauma and Orthopaedic Service,2514.814926147461,0,0.0,2514.81492,0.0,0.0,Optimal,500,0,23732413.77608013,23727413.7777371,5000.0
pessimistic_p90,NT242,"NUFFIELD HEALTH, WOLVERHAMPTON HOSPITAL",130,Ophthalmology Service,1662.828598022461,0,0.0,1662.8286,0.0,0.0,Optimal,500,0,23732413.77608013,23727413.7777371,5000.0
pessimistic_p90,NT242,"NUFFIELD HEALTH, WOLVERHAMPTON HOSPITAL",110,Trauma and Orthopaedic Service,3129.042755126953,0,0.0,3129.04275,0.0,0.0,Optimal,500,0,23732413.77608013,23727413.7777371,5000.0
pessimistic_p90,NT242,"NUFFIELD HEALTH, WOLVERHAMPTON HOSPITAL",100,General Surgery Service,274.4234142303467,0,0.0,274.423413,0.0,0.0,Optimal,500,0,23732413.77608013,23727413.7777371,5000.0
pessimistic_p90,NT241,"NUFFIELD HEALTH, WOKING HOSPITAL",502,Gynaecology Service,501.50138092041016,0,0.0,501.501381,0.0,0.0,Optimal,500,0,23732413.77608013,23727413.7777371,5000.0
pessimistic_p90,NT241,"NUFFIELD HEALTH, WOKING HOSPITAL",110,Trauma and Orthopaedic Service,3136.256851196289,0,0.0,3136.25684,0.0,0.0,Optimal,500,0,23732413.77608013,23727413.7777371,5000.0
pessimistic_p90,NT241,"NUFFIELD HEALTH, WOKING HOSPITAL",101,Urology Service,212.4214506149292,0,0.0,212.421451,0.0,0.0,Optimal,500,0,23732413.77608013,23727413.7777371,5000.0
pessimistic_p90,NT241,"NUFFIELD HEALTH, WOKING HOSPITAL",100,General Surgery Service,264.4997386932373,0,0.0,264.49974,0.0,0.0,Optimal,500,0,23732413.77608013,23727413.7777371,5000.0
pessimistic_p90,NT239,"NUFFIELD HEALTH, TUNBRIDGE WELLS HOSPITAL",502,Gynaecology Service,281.2170753479004,0,0.0,281.217076,0.0,0.0,Optimal,500,0,23732413.77608013,23727413.7777371,5000.0
pessimistic_p90,NT239,"NUFFIELD HEALTH, TUNBRIDGE WELLS HOSPITAL",150,Neurosurgical Service,268.34027099609375,0,0.0,268.340272,0.0,0.0,Optimal,500,0,23732413.77608013,23727413.7777371,5000.0
pessimistic_p90,NT239,"NUFFIELD HEALTH, TUNBRIDGE WELLS HOSPITAL",120,Ear Nose and Throat Service,164.6566038131714,0,0.0,164.6566048,0.0,0.0,Optimal,500,0,23732413.77608013,23727413.7777371,5000.0
pessimistic_p90,NT239,"NUFFIELD HEALTH, TUNBRIDGE WELLS HOSPITAL",110,Trauma and Orthopaedic Service,2790.0374145507812,0,0.0,2790.03744,0.0,0.0,Optimal,500,0,23732413.77608013,23727413.7777371,5000.0
pessimistic_p90,NT239,"NUFFIELD HEALTH, TUNBRIDGE WELLS HOSPITAL",101,Urology Service,119.42286109924316,0,0.0,119.422861,0.0,0.0,Optimal,500,0,23732413.77608013,23727413.7777371,5000.0
pessimistic_p90,NT239,"NUFFIELD HEALTH, TUNBRIDGE WELLS HOSPITAL",100,General Surgery Service,337.853235244751,0,0.0,337.853235,0.0,0.0,Optimal,500,0,23732413.77608013,23727413.7777371,5000.0
pessimistic_p90,NT238,"NUFFIELD HEALTH, TAUNTON HOSPITAL",110,Trauma and Orthopaedic Service,7616.9105224609375,0,0.0,7616.91054,0.0,0.0,Optimal,500,0,23732413.77608013,23727413.7777371,5000.0
pessimistic_p90,NT237,"NUFFIELD HEALTH, TEES HOSPITAL",130,Ophthalmology Service,5571.312591552734,0,0.0,5571.3126,0.0,0.0,Optimal,500,0,23732413.77608013,23727413.7777371,5000.0
pessimistic_p90,NT237,"NUFFIELD HEALTH, TEES HOSPITAL",110,Trauma and Orthopaedic Service,10314.980346679688,0,0.0,10314.98035,0.0,0.0,Optimal,500,0,23732413.77608013,23727413.7777371,5000.0
pessimistic_p90,NT237,"NUFFIELD HEALTH, TEES HOSPITAL",101,Urology Service,180.13232421875,0,0.0,180.1323248,0.0,0.0,Optimal,500,0,23732413.77608013,23727413.7777371,5000.0
pessimistic_p90,NT213,"NUFFIELD HEALTH, DERBY HOSPITAL",110,Trauma and Orthopaedic Service,12854.546203613281,0,0.0,12854.54624,0.0,0.0,Optimal,500,0,23732413.77608013,23727413.7777371,5000.0
pessimistic_p90,NT212,"NUFFIELD HEALTH, CHICHESTER HOSPITAL",502,Gynaecology Service,287.65641593933105,0,0.0,287.656415,0.0,0.0,Optimal,500,0,23732413.77608013,23727413.7777371,5000.0
pessimistic_p90,NN5,MANCHESTER SURGICAL SERVICES LTD,100,General Surgery Service,1808.3876495361328,0,0.0,1808.38764,0.0,0.0,Optimal,500,0,23732413.77608013,23727413.7777371,5000.0
pessimistic_p90,NPG08,SPAMEDICA BOLTON,130,Ophthalmology Service,9012.209655761719,0,0.0,9012.20965,0.0,0.0,Optimal,500,0,23732413.77608013,23727413.7777371,5000.0
pessimistic_p90,NPG20,SPAMEDICA WOLVERHAMPTON,130,Ophthalmology Service,11848.89208984375,0,0.0,11848.8921,0.0,0.0,Optimal,500,0,23732413.77608013,23727413.7777371,5000.0
pessimistic_p90,NPG19,SPAMEDICA BEDFORD,130,Ophthalmology Service,4582.813171386719,0,0.0,4582.81318,0.0,0.0,Optimal,500,0,23732413.77608013,23727413.7777371,5000.0
pessimistic_p90,NPG18,SPAMEDICA HULL,130,Ophthalmology Service,8369.945678710938,0,0.0,8369.94568,0.0,0.0,Optimal,500,0,23732413.77608013,23727413.7777371,5000.0
pessimistic_p90,NPG17,SPAMEDICA PRESTON,130,Ophthalmology Service,4261.276947021484,0,0.0,4261.27694,0.0,0.0,Optimal,500,0,23732413.77608013,23727413.7777371,5000.0
pessimistic_p90,NPG16,SPAMEDICA CHELMSFORD,130,Ophthalmology Service,8228.682983398438,0,0.0,8228.68298,0.0,0.0,Optimal,500,0,23732413.77608013,23727413.7777371,5000.0
pessimistic_p90,NPG15,SPAMEDICA NEWCASTLE-UNDER-LYME,130,Ophthalmology Service,4021.5044555664062,0,0.0,4021.50446,0.0,0.0,Optimal,500,0,23732413.77608013,23727413.7777371,5000.0
pessimistic_p90,NPG14,SPAMEDICA WIDNES,130,Ophthalmology Service,3493.5167236328125,0,0.0,3493.5167300000003,0.0,0.0,Optimal,500,0,23732413.77608013,23727413.7777371,5000.0
pessimistic_p90,NPG13,SPAMEDICA SKELMERSDALE,130,Ophthalmology Service,3098.423843383789,0,0.0,3098.42383,0.0,0.0,Optimal,500,0,23732413.77608013,23727413.7777371,5000.0
pessimistic_p90,NPG11,SPAMEDICA BIRMINGHAM,130,Ophthalmology Service,8535.452819824219,0,0.0,8535.45281,0.0,0.0,Optimal,500,0,23732413.77608013,23727413.7777371,5000.0
pessimistic_p90,NPG10,SPAMEDICA SHEFFIELD,130,Ophthalmology Service,7421.286560058594,0,0.0,7421.28657,0.0,0.0,Optimal,500,0,23732413.77608013,23727413.7777371,5000.0
pessimistic_p90,NPG07,SPAMEDICA EYE HOSPITAL (WAKEFIELD),130,Ophthalmology Service,8756.483276367188,0,0.0,8756.48325,0.0,0.0,Optimal,500,0,23732413.77608013,23727413.7777371,5000.0
pessimistic_p90,NT212,"NUFFIELD HEALTH, CHICHESTER HOSPITAL",110,Trauma and Orthopaedic Service,6406.8929443359375,0,0.0,6406.8929499999995,0.0,0.0,Optimal,500,0,23732413.77608013,23727413.7777371,5000.0
pessimistic_p90,NPG06,SPAMEDICA LIVERPOOL,130,Ophthalmology Service,6965.584625244141,0,0.0,6965.58464,0.0,0.0,Optimal,500,0,23732413.77608013,23727413.7777371,5000.0
pessimistic_p90,NPG02,SPAMEDICA WIRRAL,130,Ophthalmology Service,5277.971343994141,0,0.0,5277.97136,0.0,0.0,Optimal,500,0,23732413.77608013,23727413.7777371,5000.0
pessimistic_p90,NPG01,SPAMEDICA MANCHESTER,130,Ophthalmology Service,7164.988342285156,0,0.0,7164.98833,0.0,0.0,Optimal,500,0,23732413.77608013,23727413.7777371,5000.0
pessimistic_p90,NNH05,OPTEGRA (BIRMINGHAM EYE HOSPITAL),130,Ophthalmology Service,8149.494140625,0,0.0,8149.49414,0.0,0.0,Optimal,500,0,23732413.77608013,23727413.7777371,5000.0
pessimistic_p90,NN8,SPENCER PRIVATE HOSPITALS LTD,502,Gynaecology Service,10591.246765136719,0,0.0,10591.24676,0.0,0.0,Optimal,500,0,23732413.77608013,23727413.7777371,5000.0
pessimistic_p90,NN8,SPENCER PRIVATE HOSPITALS LTD,120,Ear Nose and Throat Service,1135.1616516113281,0,0.0,1135.161662,0.0,0.0,Optimal,500,0,23732413.77608013,23727413.7777371,5000.0
pessimistic_p90,NN8,SPENCER PRIVATE HOSPITALS LTD,110,Trauma and Orthopaedic Service,18026.630859375,0,0.0,18026.6308,0.0,0.0,Optimal,500,0,23732413.77608013,23727413.7777371,5000.0
pessimistic_p90,NN8,SPENCER PRIVATE HOSPITALS LTD,101,Urology Service,2237.0084228515625,0,0.0,2237.00844,0.0,0.0,Optimal,500,0,23732413.77608013,23727413.7777371,5000.0
pessimistic_p90,NN8,SPENCER PRIVATE HOSPITALS LTD,100,General Surgery Service,7546.504699707031,0,0.0,7546.50472,0.0,0.0,Optimal,500,0,23732413.77608013,23727413.7777371,5000.0
pessimistic_p90,NN5,MANCHESTER SURGICAL SERVICES LTD,110,Trauma and Orthopaedic Service,946.6722030639648,0,0.0,946.672202,0.0,0.0,Optimal,500,0,23732413.77608013,23727413.7777371,5000.0
pessimistic_p90,NPG21,SPAMEDICA COVENTRY,130,Ophthalmology Service,7259.967041015625,0,0.0,7259.96703,0.0,0.0,Optimal,500,0,23732413.77608013,23727413.7777371,5000.0
pessimistic_p90,NPG22,SPAMEDICA STOCKTON-ON-TEES,130,Ophthalmology Service,4391.352569580078,0,0.0,4391.35257,0.0,0.0,Optimal,500,0,23732413.77608013,23727413.7777371,5000.0
pessimistic_p90,NPG23,SPAMEDICA DERBY,130,Ophthalmology Service,4698.907958984375,0,0.0,4698.90796,0.0,0.0,Optimal,500,0,23732413.77608013,23727413.7777371,5000.0
pessimistic_p90,NQM01,ORTHOPAEDICS & SPINE SPECIALIST HOSPITAL SITE,110,Trauma and Orthopaedic Service,2388.012405395508,0,0.0,2388.0124,0.0,0.0,Optimal,500,0,23732413.77608013,23727413.7777371,5000.0
pessimistic_p90,NT212,"NUFFIELD HEALTH, CHICHESTER HOSPITAL",100,General Surgery Service,408.1048011779785,0,0.0,408.104802,0.0,0.0,Optimal,500,0,23732413.77608013,23727413.7777371,5000.0
pessimistic_p90,NT211,"NUFFIELD HEALTH, CHELTENHAM HOSPITAL",110,Trauma and Orthopaedic Service,697.8009033203125,0,0.0,697.800904,0.0,0.0,Optimal,500,0,23732413.77608013,23727413.7777371,5000.0
pessimistic_p90,NT210,"NUFFIELD HEALTH, THE GROSVENOR HOSPITAL, CHESTER",110,Trauma and Orthopaedic Service,4220.9278564453125,0,0.0,4220.9278699999995,0.0,0.0,Optimal,500,0,23732413.77608013,23727413.7777371,5000.0
pessimistic_p90,NT210,"NUFFIELD HEALTH, THE GROSVENOR HOSPITAL, CHESTER",100,General Surgery Service,367.9977912902832,0,0.0,367.997792,0.0,0.0,Optimal,500,0,23732413.77608013,23727413.7777371,5000.0
pessimistic_p90,NT209,"NUFFIELD HEALTH, CAMBRIDGE HOSPITAL",150,Neurosurgical Service,290.6958255767822,0,0.0,290.695828,0.0,0.0,Optimal,500,0,23732413.77608013,23727413.7777371,5000.0
pessimistic_p90,NT209,"NUFFIELD HEALTH, CAMBRIDGE HOSPITAL",110,Trauma and Orthopaedic Service,2855.4283447265625,0,0.0,2855.42836,0.0,0.0,Optimal,500,0,23732413.77608013,23727413.7777371,5000.0
pessimistic_p90,NT206,"NUFFIELD HEALTH, BRISTOL HOSPITAL (CHESTERFIELD)",110,Trauma and Orthopaedic Service,6615.470672607422,0,0.0,6615.47066,0.0,0.0,Optimal,500,0,23732413.77608013,23727413.7777371,5000.0
pessimistic_p90,NT206,"NUFFIELD HEALTH, BRISTOL HOSPITAL (CHESTERFIELD)",100,General Surgery Service,271.80778884887695,0,0.0,271.807788,0.0,0.0,Optimal,500,0,23732413.77608013,23727413.7777371,5000.0
pessimistic_p90,NT205,"NUFFIELD HEALTH, BRIGHTON HOSPITAL",160,Plastic Surgery Service,610.9327697753906,0,0.0,610.93277,0.0,0.0,Optimal,500,0,23732413.77608013,23727413.7777371,5000.0
pessimistic_p90,NT205,"NUFFIELD HEALTH, BRIGHTON HOSPITAL",110,Trauma and Orthopaedic Service,1787.6085357666016,0,0.0,1787.60855,0.0,0.0,Optimal,500,0,23732413.77608013,23727413.7777371,5000.0
pessimistic_p90,NT205,"NUFFIELD HEALTH, BRIGHTON HOSPITAL",101,Urology Service,1111.1620483398438,0,0.0,1111.162051,0.0,0.0,Optimal,500,0,23732413.77608013,23727413.7777371,5000.0
pessimistic_p90,NT205,"NUFFIELD HEALTH, BRIGHTON HOSPITAL",100,General Surgery Service,454.93238258361816,0,0.0,454.932381,0.0,0.0,Optimal,500,0,23732413.77608013,23727413.7777371,5000.0
pessimistic_p90,NT204,"NUFFIELD HEALTH, BRENTWOOD HOSPITAL",502,Gynaecology Service,3753.9312896728516,0,0.0,3753.9312800000002,0.0,0.0,Optimal,500,0,23732413.77608013,23727413.7777371,5000.0
pessimistic_p90,NT204,"NUFFIELD HEALTH, BRENTWOOD HOSPITAL",150,Neurosurgical Service,283.64438247680664,0,0.0,283.644384,0.0,0.0,Optimal,500,0,23732413.77608013,23727413.7777371,5000.0
pessimistic_p90,NT204,"NUFFIELD HEALTH, BRENTWOOD HOSPITAL",120,Ear Nose and Throat Service,916.6333389282227,0,0.0,916.633339,0.0,0.0,Optimal,500,0,23732413.77608013,23727413.7777371,5000.0
pessimistic_p90,NT204,"NUFFIELD HEALTH, BRENTWOOD HOSPITAL",110,Trauma and Orthopaedic Service,4772.129852294922,0,0.0,4772.12985,0.0,0.0,Optimal,500,0,23732413.77608013,23727413.7777371,5000.0
pessimistic_p90,NT204,"NUFFIELD HEALTH, BRENTWOOD HOSPITAL",101,Urology Service,697.3459701538086,0,0.0,697.34597,0.0,0.0,Optimal,500,0,23732413.77608013,23727413.7777371,5000.0
pessimistic_p90,NT204,"NUFFIELD HEALTH, BRENTWOOD HOSPITAL",100,General Surgery Service,887.8574638366699,0,0.0,887.8574639999999,0.0,0.0,Optimal,500,0,23732413.77608013,23727413.7777371,5000.0
pessimistic_p90,NT202,"NUFFIELD HEALTH, BOURNEMOUTH HOSPITAL",110,Trauma and Orthopaedic Service,3838.4449768066406,0,0.0,3838.44499,0.0,0.0,Optimal,500,0,23732413.77608013,23727413.7777371,5000.0
pessimistic_p90,NT202,"NUFFIELD HEALTH, BOURNEMOUTH HOSPITAL",101,Urology Service,236.56606197357178,0,0.0,236.566061,0.0,0.0,Optimal,500,0,23732413.77608013,23727413.7777371,5000.0
pessimistic_p90,NT202,"NUFFIELD HEALTH, BOURNEMOUTH HOSPITAL",100,General Surgery Service,536.4655570983887,0,0.0,536.465557,0.0,0.0,Optimal,500,0,23732413.77608013,23727413.7777371,5000.0
pessimistic_p90,NT433,SARUM ROAD HOSPITAL,110,Trauma and Orthopaedic Service,1515.720832824707,0,0.0,1515.72083,0.0,0.0,Optimal,500,0,23732413.77608013,23727413.7777371,5000.0
pessimistic_p90,NT434,SAXON CLINIC,110,Trauma and Orthopaedic Service,2009.9453582763672,0,0.0,2009.94536,0.0,0.0,Optimal,500,0,23732413.77608013,23727413.7777371,5000.0
pessimistic_p90,RBD,DORSET COUNTY HOSPITAL NHS FOUNDATION TRUST,110,Trauma and Orthopaedic Service,50800.104736328125,0,0.0,50800.104699999996,0.0,0.0,Optimal,500,0,23732413.77608013,23727413.7777371,5000.0
pessimistic_p90,NVM,EPSOMEDICAL GROUP,110,Trauma and Orthopaedic Service,889.4271469116211,0,0.0,889.427147,0.0,0.0,Optimal,500,0,23732413.77608013,23727413.7777371,5000.0
pessimistic_p90,NXM01,THE HORDER CENTRE - ST JOHNS ROAD,110,Trauma and Orthopaedic Service,9490.146057128906,0,0.0,9490.14604,0.0,0.0,Optimal,500,0,23732413.77608013,23727413.7777371,5000.0
pessimistic_p90,NWF01,BENENDEN HOSPITAL,502,Gynaecology Service,1617.352783203125,0,0.0,1617.35277,0.0,0.0,Optimal,500,0,23732413.77608013,23727413.7777371,5000.0
pessimistic_p90,NWF01,BENENDEN HOSPITAL,130,Ophthalmology Service,1032.3533325195312,0,0.0,1032.353335,0.0,0.0,Optimal,500,0,23732413.77608013,23727413.7777371,5000.0
pessimistic_p90,NWF01,BENENDEN HOSPITAL,120,Ear Nose and Throat Service,370.67884063720703,0,0.0,370.67884,0.0,0.0,Optimal,500,0,23732413.77608013,23727413.7777371,5000.0
pessimistic_p90,NWF01,BENENDEN HOSPITAL,110,Trauma and Orthopaedic Service,6117.760650634766,0,0.0,6117.76063,0.0,0.0,Optimal,500,0,23732413.77608013,23727413.7777371,5000.0
pessimistic_p90,NWF01,BENENDEN HOSPITAL,101,Urology Service,337.13110542297363,0,0.0,337.131104,0.0,0.0,Optimal,500,0,23732413.77608013,23727413.7777371,5000.0
pessimistic_p90,NWF01,BENENDEN HOSPITAL,100,General Surgery Service,809.9093742370605,0,0.0,809.909374,0.0,0.0,Optimal,500,0,23732413.77608013,23727413.7777371,5000.0
pessimistic_p90,NVM,EPSOMEDICAL GROUP,502,Gynaecology Service,1842.5362701416016,0,0.0,1842.53626,0.0,0.0,Optimal,500,0,23732413.77608013,23727413.7777371,5000.0
pessimistic_p90,NVM,EPSOMEDICAL GROUP,160,Plastic Surgery Service,3635.1956787109375,0,0.0,3635.19569,0.0,0.0,Optimal,500,0,23732413.77608013,23727413.7777371,5000.0
pessimistic_p90,NVM,EPSOMEDICAL GROUP,130,Ophthalmology Service,3524.3309020996094,0,0.0,3524.3308899999997,0.0,0.0,Optimal,500,0,23732413.77608013,23727413.7777371,5000.0
pessimistic_p90,NVM,EPSOMEDICAL GROUP,101,Urology Service,541.36962890625,0,0.0,541.369628,0.0,0.0,Optimal,500,0,23732413.77608013,23727413.7777371,5000.0
pessimistic_p90,NXP,INDEPENDENT HEALTH GROUP,101,Urology Service,2372.7741088867188,0,0.0,2372.7741,0.0,0.0,Optimal,500,0,23732413.77608013,23727413.7777371,5000.0
pessimistic_p90,NVM,EPSOMEDICAL GROUP,100,General Surgery Service,2091.8582916259766,0,0.0,2091.85829,0.0,0.0,Optimal,500,0,23732413.77608013,23727413.7777371,5000.0
pessimistic_p90,NVC44,THE WESTBOURNE CENTRE,140,Oral Surgery Service,4267.305084228516,0,0.0,4267.30509,0.0,0.0,Optimal,500,0,23732413.77608013,23727413.7777371,5000.0
pessimistic_p90,NVC44,THE WESTBOURNE CENTRE,130,Ophthalmology Service,261.68533515930176,0,0.0,261.685335,0.0,0.0,Optimal,500,0,23732413.77608013,23727413.7777371,5000.0
pessimistic_p90,NVC44,THE WESTBOURNE CENTRE,110,Trauma and Orthopaedic Service,946.4530563354492,0,0.0,946.453059,0.0,0.0,Optimal,500,0,23732413.77608013,23727413.7777371,5000.0
pessimistic_p90,NVC44,THE WESTBOURNE CENTRE,100,General Surgery Service,1417.8266677856445,0,0.0,1417.82666,0.0,0.0,Optimal,500,0,23732413.77608013,23727413.7777371,5000.0
pessimistic_p90,NVC40,WOODTHORPE HOSPITAL,502,Gynaecology Service,1011.3213043212891,0,0.0,1011.3213059999999,0.0,0.0,Optimal,500,0,23732413.77608013,23727413.7777371,5000.0
pessimistic_p90,NVC40,WOODTHORPE HOSPITAL,130,Ophthalmology Service,2403.8999938964844,0,0.0,2403.9,0.0,0.0,Optimal,500,0,23732413.77608013,23727413.7777371,5000.0
pessimistic_p90,NVC40,WOODTHORPE HOSPITAL,110,Trauma and Orthopaedic Service,13393.632690429688,0,0.0,13393.63252,0.0,0.0,Optimal,500,0,23732413.77608013,23727413.7777371,5000.0
pessimistic_p90,NVC40,WOODTHORPE HOSPITAL,101,Urology Service,791.5698471069336,0,0.0,791.569846,0.0,0.0,Optimal,500,0,23732413.77608013,23727413.7777371,5000.0
pessimistic_p90,NVC40,WOODTHORPE HOSPITAL,100,General Surgery Service,705.9864044189453,0,0.0,705.986405,0.0,0.0,Optimal,500,0,23732413.77608013,23727413.7777371,5000.0
pessimistic_p90,NXP,INDEPENDENT HEALTH GROUP,100,General Surgery Service,2336.143569946289,0,0.0,2336.14359,0.0,0.0,Optimal,500,0,23732413.77608013,23727413.7777371,5000.0
pessimistic_p90,NXP,INDEPENDENT HEALTH GROUP,110,Trauma and Orthopaedic Service,4030.832763671875,0,0.0,4030.83277,0.0,0.0,Optimal,500,0,23732413.77608013,23727413.7777371,5000.0
pessimistic_p90,R0D,UNIVERSITY HOSPITALS DORSET NHS FOUNDATION TRUST,100,General Surgery Service,5033.554718017578,0,0.0,5033.55473,0.0,0.0,Optimal,500,0,23732413.77608013,23727413.7777371,5000.0
pessimistic_p90,R0A,MANCHESTER UNIVERSITY NHS FOUNDATION TRUST,130,Ophthalmology Service,164019.640625,0,0.0,164019.641,0.0,0.0,Optimal,500,0,23732413.77608013,23727413.7777371,5000.0
pessimistic_p90,R0B,SOUTH TYNESIDE AND SUNDERLAND NHS FOUNDATION TRUST,140,Oral Surgery Service,30052.27099609375,0,0.0,30052.2709,0.0,0.0,Optimal,500,0,23732413.77608013,23727413.7777371,5000.0
pessimistic_p90,R0B,SOUTH TYNESIDE AND SUNDERLAND NHS FOUNDATION TRUST,130,Ophthalmology Service,45063.084228515625,0,0.0,45063.0843,0.0,0.0,Optimal,500,0,23732413.77608013,23727413.7777371,5000.0
pessimistic_p90,R0B,SOUTH TYNESIDE AND SUNDERLAND NHS FOUNDATION TRUST,120,Ear Nose and Throat Service,25816.146240234375,0,0.0,25816.1462,0.0,0.0,Optimal,500,0,23732413.77608013,23727413.7777371,5000.0
pessimistic_p90,R0B,SOUTH TYNESIDE AND SUNDERLAND NHS FOUNDATION TRUST,110,Trauma and Orthopaedic Service,82703.09228515625,0,0.0,82703.0924,0.0,0.0,Optimal,500,0,23732413.77608013,23727413.7777371,5000.0
pessimistic_p90,R0B,SOUTH TYNESIDE AND SUNDERLAND NHS FOUNDATION TRUST,101,Urology Service,28506.885009765625,0,0.0,28506.8851,0.0,0.0,Optimal,500,0,23732413.77608013,23727413.7777371,5000.0
pessimistic_p90,R0B,SOUTH TYNESIDE AND SUNDERLAND NHS FOUNDATION TRUST,100,General Surgery Service,35433.17529296875,0,0.0,35433.1753,0.0,0.0,Optimal,500,0,23732413.77608013,23727413.7777371,5000.0
pessimistic_p90,R0A,MANCHESTER UNIVERSITY NHS FOUNDATION TRUST,502,Gynaecology Service,52341.958740234375,0,0.0,52341.9588,0.0,0.0,Optimal,500,0,23732413.77608013,23727413.7777371,5000.0
pessimistic_p90,R0A,MANCHESTER UNIVERSITY NHS FOUNDATION TRUST,170,Cardiothoracic Surgery Service,5594.075653076172,0,0.0,5594.0756599999995,0.0,0.0,Optimal,500,0,23732413.77608013,23727413.7777371,5000.0
pessimistic_p90,R0A,MANCHESTER UNIVERSITY NHS FOUNDATION TRUST,160,Plastic Surgery Service,77396.6337890625,0,0.0,77396.6338,0.0,0.0,Optimal,500,0,23732413.77608013,23727413.7777371,5000.0
pessimistic_p90,R0A,MANCHESTER UNIVERSITY NHS FOUNDATION TRUST,140,Oral Surgery Service,142315.7001953125,0,0.0,142315.7,0.0,0.0,Optimal,500,0,23732413.77608013,23727413.7777371,5000.0
pessimistic_p90,R0A,MANCHESTER UNIVERSITY NHS FOUNDATION TRUST,120,Ear Nose and Throat Service,65682.58349609375,0,0.0,65682.5834,0.0,0.0,Optimal,500,0,23732413.77608013,23727413.7777371,5000.0
pessimistic_p90,NXP,INDEPENDENT HEALTH GROUP,130,Ophthalmology Service,2816.10498046875,0,0.0,2816.10496,0.0,0.0,Optimal,500,0,23732413.77608013,23727413.7777371,5000.0
pessimistic_p90,R0A,MANCHESTER UNIVERSITY NHS FOUNDATION TRUST,110,Trauma and Orthopaedic Service,275817.97265625,0,0.0,275817.972,0.0,0.0,Optimal,500,0,23732413.77608013,23727413.7777371,5000.0
pessimistic_p90,R0A,MANCHESTER UNIVERSITY NHS FOUNDATION TRUST,101,Urology Service,28066.74755859375,0,0.0,28066.7476,0.0,0.0,Optimal,500,0,23732413.77608013,23727413.7777371,5000.0
pessimistic_p90,R0A,MANCHESTER UNIVERSITY NHS FOUNDATION TRUST,100,General Surgery Service,39514.69677734375,0,0.0,39514.6969,0.0,0.0,Optimal,500,0,23732413.77608013,23727413.7777371,5000.0
pessimistic_p90,Q1W6P,SPAMEDICA WATFORD,130,Ophthalmology Service,4460.682159423828,0,0.0,4460.68216,0.0,0.0,Optimal,500,0,23732413.77608013,23727413.7777371,5000.0
pessimistic_p90,P5Y6K,NEWMEDICA - SHREWSBURY,130,Ophthalmology Service,5690.1473388671875,0,0.0,5690.14733,0.0,0.0,Optimal,500,0,23732413.77608013,23727413.7777371,5000.0
pessimistic_p90,P1B7M,SPAMEDICA BRISTOL,130,Ophthalmology Service,2153.1459350585938,0,0.0,2153.14594,0.0,0.0,Optimal,500,0,23732413.77608013,23727413.7777371,5000.0
pessimistic_p90,P0C3F,SPAMEDICA LEEDS,130,Ophthalmology Service,4482.546905517578,0,0.0,4482.5469,0.0,0.0,Optimal,500,0,23732413.77608013,23727413.7777371,5000.0
pessimistic_p90,O5Y9D,SPAMEDICA OXFORD,130,Ophthalmology Service,5196.576019287109,0,0.0,5196.57601,0.0,0.0,Optimal,500,0,23732413.77608013,23727413.7777371,5000.0
pessimistic_p90,O1P6X,SPAMEDICA OLDHAM,130,Ophthalmology Service,10049.528686523438,0,0.0,10049.52868,0.0,0.0,Optimal,500,0,23732413.77608013,23727413.7777371,5000.0
pessimistic_p90,NYR,CORA HEALTH DIAGNOSTICS (FORMERLY HEALTHSHARE DIAGNOSTICS),110,Trauma and Orthopaedic Service,3947.3775634765625,0,0.0,3947.37757,0.0,0.0,Optimal,500,0,23732413.77608013,23727413.7777371,5000.0
pessimistic_p90,NVC31,BLAKELANDS HOSPITAL,130,Ophthalmology Service,1543.352409362793,0,0.0,1543.35242,0.0,0.0,Optimal,500,0,23732413.77608013,23727413.7777371,5000.0
pessimistic_p90,NVC31,BLAKELANDS HOSPITAL,110,Trauma and Orthopaedic Service,3489.1026306152344,0,0.0,3489.10264,0.0,0.0,Optimal,500,0,23732413.77608013,23727413.7777371,5000.0
pessimistic_p90,NVC31,BLAKELANDS HOSPITAL,101,Urology Service,496.2755432128906,0,0.0,496.275545,0.0,0.0,Optimal,500,0,23732413.77608013,23727413.7777371,5000.0
pessimistic_p90,NVC1H,STOURSIDE HOSPITAL,160,Plastic Surgery Service,182.05568027496338,0,0.0,182.055681,0.0,0.0,Optimal,500,0,23732413.77608013,23727413.7777371,5000.0
pessimistic_p90,NVC21,WEST MIDLANDS HOSPITAL,101,Urology Service,199.50973892211914,0,0.0,199.509737,0.0,0.0,Optimal,500,0,23732413.77608013,23727413.7777371,5000.0
pessimistic_p90,NVC21,WEST MIDLANDS HOSPITAL,100,General Surgery Service,252.12541580200195,0,0.0,252.125416,0.0,0.0,Optimal,500,0,23732413.77608013,23727413.7777371,5000.0
pessimistic_p90,NVC20,THE YORKSHIRE CLINIC,502,Gynaecology Service,782.1491928100586,0,0.0,782.149193,0.0,0.0,Optimal,500,0,23732413.77608013,23727413.7777371,5000.0
pessimistic_p90,NVC20,THE YORKSHIRE CLINIC,160,Plastic Surgery Service,1281.6454772949219,0,0.0,1281.645489,0.0,0.0,Optimal,500,0,23732413.77608013,23727413.7777371,5000.0
pessimistic_p90,NVC20,THE YORKSHIRE CLINIC,130,Ophthalmology Service,6355.863830566406,0,0.0,6355.86383,0.0,0.0,Optimal,500,0,23732413.77608013,23727413.7777371,5000.0
pessimistic_p90,NVC20,THE YORKSHIRE CLINIC,120,Ear Nose and Throat Service,1801.648681640625,0,0.0,1801.64867,0.0,0.0,Optimal,500,0,23732413.77608013,23727413.7777371,5000.0
pessimistic_p90,NVC20,THE YORKSHIRE CLINIC,110,Trauma and Orthopaedic Service,8687.057891845703,0,0.0,8687.05789,0.0,0.0,Optimal,500,0,23732413.77608013,23727413.7777371,5000.0
pessimistic_p90,NVC20,THE YORKSHIRE CLINIC,101,Urology Service,2835.136428833008,0,0.0,2835.13643,0.0,0.0,Optimal,500,0,23732413.77608013,23727413.7777371,5000.0
pessimistic_p90,NVC20,THE YORKSHIRE CLINIC,100,General Surgery Service,4429.387298583984,0,0.0,4429.3873,0.0,0.0,Optimal,500,0,23732413.77608013,23727413.7777371,5000.0
pessimistic_p90,NVC1H,STOURSIDE HOSPITAL,502,Gynaecology Service,1871.5755157470703,0,0.0,1871.57552,0.0,0.0,Optimal,500,0,23732413.77608013,23727413.7777371,5000.0
pessimistic_p90,NVC1H,STOURSIDE HOSPITAL,130,Ophthalmology Service,2759.979202270508,0,0.0,2759.97919,0.0,0.0,Optimal,500,0,23732413.77608013,23727413.7777371,5000.0
pessimistic_p90,NVC31,BLAKELANDS HOSPITAL,100,General Surgery Service,1819.2992248535156,0,0.0,1819.29922,0.0,0.0,Optimal,500,0,23732413.77608013,23727413.7777371,5000.0
pessimistic_p90,NVC1H,STOURSIDE HOSPITAL,110,Trauma and Orthopaedic Service,5892.5750732421875,0,0.0,5892.57508,0.0,0.0,Optimal,500,0,23732413.77608013,23727413.7777371,5000.0
pessimistic_p90,NVC1H,STOURSIDE HOSPITAL,101,Urology Service,848.1649780273438,0,0.0,848.164981,0.0,0.0,Optimal,500,0,23732413.77608013,23727413.7777371,5000.0
pessimistic_p90,NVC1H,STOURSIDE HOSPITAL,100,General Surgery Service,1762.9913482666016,0,0.0,1762.99134,0.0,0.0,Optimal,500,0,23732413.77608013,23727413.7777371,5000.0
pessimistic_p90,NVC19,RIVERS HOSPITAL,502,Gynaecology Service,746.768970489502,0,0.0,746.768972,0.0,0.0,Optimal,500,0,23732413.77608013,23727413.7777371,5000.0
pessimistic_p90,NVC19,RIVERS HOSPITAL,130,Ophthalmology Service,2579.0054779052734,0,0.0,2579.00547,0.0,0.0,Optimal,500,0,23732413.77608013,23727413.7777371,5000.0
pessimistic_p90,NVC19,RIVERS HOSPITAL,120,Ear Nose and Throat Service,457.7194061279297,0,0.0,457.719408,0.0,0.0,Optimal,500,0,23732413.77608013,23727413.7777371,5000.0
pessimistic_p90,NVC19,RIVERS HOSPITAL,110,Trauma and Orthopaedic Service,7148.55908203125,0,0.0,7148.55908,0.0,0.0,Optimal,500,0,23732413.77608013,23727413.7777371,5000.0
pessimistic_p90,NVC19,RIVERS HOSPITAL,101,Urology Service,1881.411849975586,0,0.0,1881.41184,0.0,0.0,Optimal,500,0,23732413.77608013,23727413.7777371,5000.0
pessimistic_p90,NVC19,RIVERS HOSPITAL,100,General Surgery Service,3345.625442504883,0,0.0,3345.62546,0.0,0.0,Optimal,500,0,23732413.77608013,23727413.7777371,5000.0
pessimistic_p90,NVC18,SPRINGFIELD HOSPITAL,502,Gynaecology Service,835.0209884643555,0,0.0,835.020988,0.0,0.0,Optimal,500,0,23732413.77608013,23727413.7777371,5000.0
pessimistic_p90,NVC21,WEST MIDLANDS HOSPITAL,110,Trauma and Orthopaedic Service,2487.8827209472656,0,0.0,2487.88273,0.0,0.0,Optimal,500,0,23732413.77608013,23727413.7777371,5000.0
pessimistic_p90,NVC21,WEST MIDLANDS HOSPITAL,130,Ophthalmology Service,452.4035415649414,0,0.0,452.403541,0.0,0.0,Optimal,500,0,23732413.77608013,23727413.7777371,5000.0
pessimistic_p90,NVC21,WEST MIDLANDS HOSPITAL,502,Gynaecology Service,201.61209201812744,0,0.0,201.612091,0.0,0.0,Optimal,500,0,23732413.77608013,23727413.7777371,5000.0
pessimistic_p90,NVC22,WINFIELD HOSPITAL,100,General Surgery Service,828.5705261230469,0,0.0,828.570525,0.0,0.0,Optimal,500,0,23732413.77608013,23727413.7777371,5000.0
pessimistic_p90,NVC29,COBALT HOSPITAL,160,Plastic Surgery Service,3697.0441284179688,0,0.0,3697.04414,0.0,0.0,Optimal,500,0,23732413.77608013,23727413.7777371,5000.0
pessimistic_p90,NVC29,COBALT HOSPITAL,110,Trauma and Orthopaedic Service,4075.792755126953,0,0.0,4075.79275,0.0,0.0,Optimal,500,0,23732413.77608013,23727413.7777371,5000.0
pessimistic_p90,NVC29,COBALT HOSPITAL,100,General Surgery Service,1275.2321395874023,0,0.0,1275.232132,0.0,0.0,Optimal,500,0,23732413.77608013,23727413.7777371,5000.0
pessimistic_p90,NVC28,CLIFTON PARK HOSPITAL,110,Trauma and Orthopaedic Service,7957.7996826171875,0,0.0,7957.79969,0.0,0.0,Optimal,500,0,23732413.77608013,23727413.7777371,5000.0
pessimistic_p90,NVC27,BOSTON WEST HOSPITAL,502,Gynaecology Service,560.2181701660156,0,0.0,560.218169,0.0,0.0,Optimal,500,0,23732413.77608013,23727413.7777371,5000.0
pessimistic_p90,NVC27,BOSTON WEST HOSPITAL,130,Ophthalmology Service,3240.639434814453,0,0.0,3240.6394099999998,0.0,0.0,Optimal,500,0,23732413.77608013,23727413.7777371,5000.0
pessimistic_p90,NVC27,BOSTON WEST HOSPITAL,110,Trauma and Orthopaedic Service,3233.6513061523438,0,0.0,3233.65132,0.0,0.0,Optimal,500,0,23732413.77608013,23727413.7777371,5000.0
pessimistic_p90,NVC27,BOSTON WEST HOSPITAL,101,Urology Service,601.5415458679199,0,0.0,601.5415439999999,0.0,0.0,Optimal,500,0,23732413.77608013,23727413.7777371,5000.0
pessimistic_p90,NVC27,BOSTON WEST HOSPITAL,100,General Surgery Service,1020.8671951293945,0,0.0,1020.867196,0.0,0.0,Optimal,500,0,23732413.77608013,23727413.7777371,5000.0
pessimistic_p90,NVC25,THE CHERWELL HOSPITAL,130,Ophthalmology Service,905.7457885742188,0,0.0,905.745788,0.0,0.0,Optimal,500,0,23732413.77608013,23727413.7777371,5000.0
pessimistic_p90,NVC25,THE CHERWELL HOSPITAL,110,Trauma and Orthopaedic Service,11359.317687988281,0,0.0,11359.3176,0.0,0.0,Optimal,500,0,23732413.77608013,23727413.7777371,5000.0
pessimistic_p90,NVC23,WOODLAND HOSPITAL,502,Gynaecology Service,714.8569107055664,0,0.0,714.856912,0.0,0.0,Optimal,500,0,23732413.77608013,23727413.7777371,5000.0
pessimistic_p90,NVC23,WOODLAND HOSPITAL,160,Plastic Surgery Service,347.5818843841553,0,0.0,347.581886,0.0,0.0,Optimal,500,0,23732413.77608013,23727413.7777371,5000.0
pessimistic_p90,NVC23,WOODLAND HOSPITAL,130,Ophthalmology Service,274.38365840911865,0,0.0,274.383659,0.0,0.0,Optimal,500,0,23732413.77608013,23727413.7777371,5000.0
pessimistic_p90,NVC23,WOODLAND HOSPITAL,110,Trauma and Orthopaedic Service,9118.144958496094,0,0.0,9118.14495,0.0,0.0,Optimal,500,0,23732413.77608013,23727413.7777371,5000.0
pessimistic_p90,NVC23,WOODLAND HOSPITAL,101,Urology Service,782.6999664306641,0,0.0,782.699967,0.0,0.0,Optimal,500,0,23732413.77608013,23727413.7777371,5000.0
pessimistic_p90,NVC23,WOODLAND HOSPITAL,100,General Surgery Service,1714.072998046875,0,0.0,1714.07299,0.0,0.0,Optimal,500,0,23732413.77608013,23727413.7777371,5000.0
pessimistic_p90,NVC22,WINFIELD HOSPITAL,160,Plastic Surgery Service,140.90894508361816,0,0.0,140.9089449,0.0,0.0,Optimal,500,0,23732413.77608013,23727413.7777371,5000.0
pessimistic_p90,NVC22,WINFIELD HOSPITAL,120,Ear Nose and Throat Service,147.72285270690918,0,0.0,147.7228524,0.0,0.0,Optimal,500,0,23732413.77608013,23727413.7777371,5000.0
pessimistic_p90,NVC22,WINFIELD HOSPITAL,110,Trauma and Orthopaedic Service,4698.009124755859,0,0.0,4698.00912,0.0,0.0,Optimal,500,0,23732413.77608013,23727413.7777371,5000.0
pessimistic_p90,NVC22,WINFIELD HOSPITAL,101,Urology Service,186.30432605743408,0,0.0,186.304326,0.0,0.0,Optimal,500,0,23732413.77608013,23727413.7777371,5000.0
pessimistic_p90,R0B,SOUTH TYNESIDE AND SUNDERLAND NHS FOUNDATION TRUST,502,Gynaecology Service,13346.499328613281,0,0.0,13346.4992,0.0,0.0,Optimal,500,0,23732413.77608013,23727413.7777371,5000.0
pessimistic_p90,R0D,UNIVERSITY HOSPITALS DORSET NHS FOUNDATION TRUST,101,Urology Service,20254.779052734375,0,0.0,20254.7791,0.0,0.0,Optimal,500,0,23732413.77608013,23727413.7777371,5000.0
pessimistic_p90,NT435,SHELBURNE HOSPITAL,100,General Surgery Service,108.4488754272461,0,0.0,108.448876,0.0,0.0,Optimal,500,0,23732413.77608013,23727413.7777371,5000.0
pessimistic_p90,RAJ,MID AND SOUTH ESSEX NHS FOUNDATION TRUST,110,Trauma and Orthopaedic Service,84818.83544921875,0,0.0,84818.8355,0.0,0.0,Optimal,500,0,23732413.77608013,23727413.7777371,5000.0
pessimistic_p90,RAL,ROYAL FREE LONDON NHS FOUNDATION TRUST,110,Trauma and Orthopaedic Service,48430.870849609375,0,0.0,48430.871,0.0,0.0,Optimal,500,0,23732413.77608013,23727413.7777371,5000.0
pessimistic_p90,RAL,ROYAL FREE LONDON NHS FOUNDATION TRUST,101,Urology Service,18930.894897460938,0,0.0,18930.8951,0.0,0.0,Optimal,500,0,23732413.77608013,23727413.7777371,5000.0
pessimistic_p90,RAL,ROYAL FREE LONDON NHS FOUNDATION TRUST,100,General Surgery Service,26684.522705078125,0,0.0,26684.5227,0.0,0.0,Optimal,500,0,23732413.77608013,23727413.7777371,5000.0
pessimistic_p90,RAJ,MID AND SOUTH ESSEX NHS FOUNDATION TRUST,502,Gynaecology Service,28050.77685546875,0,0.0,28050.7767,0.0,0.0,Optimal,500,0,23732413.77608013,23727413.7777371,5000.0
pessimistic_p90,RAJ,MID AND SOUTH ESSEX NHS FOUNDATION TRUST,170,Cardiothoracic Surgery Service,199.17566585540771,0,0.0,199.175667,0.0,0.0,Optimal,500,0,23732413.77608013,23727413.7777371,5000.0
pessimistic_p90,RAJ,MID AND SOUTH ESSEX NHS FOUNDATION TRUST,160,Plastic Surgery Service,73011.50146484375,0,0.0,73011.5015,0.0,0.0,Optimal,500,0,23732413.77608013,23727413.7777371,5000.0
pessimistic_p90,RAJ,MID AND SOUTH ESSEX NHS FOUNDATION TRUST,150,Neurosurgical Service,483.2748489379883,0,0.0,483.274847,0.0,0.0,Optimal,500,0,23732413.77608013,23727413.7777371,5000.0
pessimistic_p90,RAJ,MID AND SOUTH ESSEX NHS FOUNDATION TRUST,140,Oral Surgery Service,15271.9267578125,0,0.0,15271.9268,0.0,0.0,Optimal,500,0,23732413.77608013,23727413.7777371,5000.0
pessimistic_p90,RAJ,MID AND SOUTH ESSEX NHS FOUNDATION TRUST,130,Ophthalmology Service,44454.3623046875,0,0.0,44454.3623,0.0,0.0,Optimal,500,0,23732413.77608013,23727413.7777371,5000.0
pessimistic_p90,RAJ,MID AND SOUTH ESSEX NHS FOUNDATION TRUST,120,Ear Nose and Throat Service,17648.856567382812,0,0.0,17648.8566,0.0,0.0,Optimal,500,0,23732413.77608013,23727413.7777371,5000.0
pessimistic_p90,RAJ,MID AND SOUTH ESSEX NHS FOUNDATION TRUST,101,Urology Service,26317.150268554688,0,0.0,26317.1502,0.0,0.0,Optimal,500,0,23732413.77608013,23727413.7777371,5000.0
pessimistic_p90,RAL,ROYAL FREE LONDON NHS FOUNDATION TRUST,130,Ophthalmology Service,11648.621032714844,0,0.0,11648.62094,0.0,0.0,Optimal,500,0,23732413.77608013,23727413.7777371,5000.0
pessimistic_p90,RAJ,MID AND SOUTH ESSEX NHS FOUNDATION TRUST,100,General Surgery Service,57570.61962890625,0,0.0,57570.6196,0.0,0.0,Optimal,500,0,23732413.77608013,23727413.7777371,5000.0
pessimistic_p90,RAE,BRADFORD TEACHING HOSPITALS NHS FOUNDATION TRUST,502,Gynaecology Service,6884.337249755859,0,0.0,6884.33725,0.0,0.0,Optimal,500,0,23732413.77608013,23727413.7777371,5000.0
pessimistic_p90,RAE,BRADFORD TEACHING HOSPITALS NHS FOUNDATION TRUST,160,Plastic Surgery Service,8994.525634765625,0,0.0,8994.52563,0.0,0.0,Optimal,500,0,23732413.77608013,23727413.7777371,5000.0
pessimistic_p90,RAE,BRADFORD TEACHING HOSPITALS NHS FOUNDATION TRUST,140,Oral Surgery Service,4166.968109130859,0,0.0,4166.9681,0.0,0.0,Optimal,500,0,23732413.77608013,23727413.7777371,5000.0
pessimistic_p90,RAE,BRADFORD TEACHING HOSPITALS NHS FOUNDATION TRUST,130,Ophthalmology Service,8007.1226806640625,0,0.0,8007.12267,0.0,0.0,Optimal,500,0,23732413.77608013,23727413.7777371,5000.0
pessimistic_p90,RAE,BRADFORD TEACHING HOSPITALS NHS FOUNDATION TRUST,120,Ear Nose and Throat Service,9643.082580566406,0,0.0,9643.08257,0.0,0.0,Optimal,500,0,23732413.77608013,23727413.7777371,5000.0
pessimistic_p90,RAE,BRADFORD TEACHING HOSPITALS NHS FOUNDATION TRUST,110,Trauma and Orthopaedic Service,24744.583618164062,0,0.0,24744.5835,0.0,0.0,Optimal,500,0,23732413.77608013,23727413.7777371,5000.0
pessimistic_p90,RAE,BRADFORD TEACHING HOSPITALS NHS FOUNDATION TRUST,101,Urology Service,8486.77392578125,0,0.0,8486.77393,0.0,0.0,Optimal,500,0,23732413.77608013,23727413.7777371,5000.0
pessimistic_p90,RAE,BRADFORD TEACHING HOSPITALS NHS FOUNDATION TRUST,100,General Surgery Service,4010.8055725097656,0,0.0,4010.80557,0.0,0.0,Optimal,500,0,23732413.77608013,23727413.7777371,5000.0
pessimistic_p90,RA7,UNIVERSITY HOSPITALS BRISTOL AND WESTON NHS FOUNDATION TRUST,502,Gynaecology Service,13975.628967285156,0,0.0,13975.62875,0.0,0.0,Optimal,500,0,23732413.77608013,23727413.7777371,5000.0
pessimistic_p90,RAL,ROYAL FREE LONDON NHS FOUNDATION TRUST,120,Ear Nose and Throat Service,25742.580444335938,0,0.0,25742.5804,0.0,0.0,Optimal,500,0,23732413.77608013,23727413.7777371,5000.0
pessimistic_p90,RAL,ROYAL FREE LONDON NHS FOUNDATION TRUST,140,Oral Surgery Service,8568.859436035156,0,0.0,8568.85944,0.0,0.0,Optimal,500,0,23732413.77608013,23727413.7777371,5000.0
pessimistic_p90,R0D,UNIVERSITY HOSPITALS DORSET NHS FOUNDATION TRUST,110,Trauma and Orthopaedic Service,116799.4228515625,0,0.0,116799.4225,0.0,0.0,Optimal,500,0,23732413.77608013,23727413.7777371,5000.0
pessimistic_p90,RAS,THE HILLINGDON HOSPITALS NHS FOUNDATION TRUST,502,Gynaecology Service,3783.272186279297,0,0.0,3783.2722,0.0,0.0,Optimal,500,0,23732413.77608013,23727413.7777371,5000.0
pessimistic_p90,A4M8P,BUCKSHAW HOSPITAL,100,General Surgery Service,6524.160247802734,0,0.0,6524.16025,0.0,0.0,Optimal,500,0,23732413.77608013,23727413.7777371,5000.0
pessimistic_p90,RBD,DORSET COUNTY HOSPITAL NHS FOUNDATION TRUST,100,General Surgery Service,7136.788391113281,0,0.0,7136.7884,0.0,0.0,Optimal,500,0,23732413.77608013,23727413.7777371,5000.0
pessimistic_p90,RAX,KINGSTON AND RICHMOND NHS FOUNDATION TRUST,502,Gynaecology Service,20206.026489257812,0,0.0,20206.0265,0.0,0.0,Optimal,500,0,23732413.77608013,23727413.7777371,5000.0
pessimistic_p90,RAX,KINGSTON AND RICHMOND NHS FOUNDATION TRUST,160,Plastic Surgery Service,4198.333892822266,0,0.0,4198.33389,0.0,0.0,Optimal,500,0,23732413.77608013,23727413.7777371,5000.0
pessimistic_p90,RAX,KINGSTON AND RICHMOND NHS FOUNDATION TRUST,140,Oral Surgery Service,8026.650085449219,0,0.0,8026.65007,0.0,0.0,Optimal,500,0,23732413.77608013,23727413.7777371,5000.0
pessimistic_p90,RAX,KINGSTON AND RICHMOND NHS FOUNDATION TRUST,130,Ophthalmology Service,36606.08837890625,0,0.0,36606.0884,0.0,0.0,Optimal,500,0,23732413.77608013,23727413.7777371,5000.0
pessimistic_p90,RAX,KINGSTON AND RICHMOND NHS FOUNDATION TRUST,120,Ear Nose and Throat Service,30693.705322265625,0,0.0,30693.7053,0.0,0.0,Optimal,500,0,23732413.77608013,23727413.7777371,5000.0
pessimistic_p90,RAX,KINGSTON AND RICHMOND NHS FOUNDATION TRUST,110,Trauma and Orthopaedic Service,18288.443603515625,0,0.0,18288.4436,0.0,0.0,Optimal,500,0,23732413.77608013,23727413.7777371,5000.0
pessimistic_p90,RAX,KINGSTON AND RICHMOND NHS FOUNDATION TRUST,101,Urology Service,12482.989196777344,0,0.0,12482.98922,0.0,0.0,Optimal,500,0,23732413.77608013,23727413.7777371,5000.0
pessimistic_p90,RAX,KINGSTON AND RICHMOND NHS FOUNDATION TRUST,100,General Surgery Service,4856.830291748047,0,0.0,4856.8303000000005,0.0,0.0,Optimal,500,0,23732413.77608013,23727413.7777371,5000.0
pessimistic_p90,RAS,THE HILLINGDON HOSPITALS NHS FOUNDATION TRUST,140,Oral Surgery Service,3499.120376586914,0,0.0,3499.12038,0.0,0.0,Optimal,500,0,23732413.77608013,23727413.7777371,5000.0
pessimistic_p90,RAL,ROYAL FREE LONDON NHS FOUNDATION TRUST,150,Neurosurgical Service,418.7622528076172,0,0.0,418.762255,0.0,0.0,Optimal,500,0,23732413.77608013,23727413.7777371,5000.0
pessimistic_p90,RAS,THE HILLINGDON HOSPITALS NHS FOUNDATION TRUST,130,Ophthalmology Service,5375.155029296875,0,0.0,5375.155049999999,0.0,0.0,Optimal,500,0,23732413.77608013,23727413.7777371,5000.0
pessimistic_p90,RAS,THE HILLINGDON HOSPITALS NHS FOUNDATION TRUST,120,Ear Nose and Throat Service,1473.863151550293,0,0.0,1473.863152,0.0,0.0,Optimal,500,0,23732413.77608013,23727413.7777371,5000.0
pessimistic_p90,RAS,THE HILLINGDON HOSPITALS NHS FOUNDATION TRUST,110,Trauma and Orthopaedic Service,28077.728759765625,0,0.0,28077.7287,0.0,0.0,Optimal,500,0,23732413.77608013,23727413.7777371,5000.0
pessimistic_p90,RAS,THE HILLINGDON HOSPITALS NHS FOUNDATION TRUST,101,Urology Service,7198.1595458984375,0,0.0,7198.15955,0.0,0.0,Optimal,500,0,23732413.77608013,23727413.7777371,5000.0
pessimistic_p90,RAS,THE HILLINGDON HOSPITALS NHS FOUNDATION TRUST,100,General Surgery Service,10094.692321777344,0,0.0,10094.69232,0.0,0.0,Optimal,500,0,23732413.77608013,23727413.7777371,5000.0
pessimistic_p90,RAN,ROYAL NATIONAL ORTHOPAEDIC HOSPITAL NHS TRUST,160,Plastic Surgery Service,173.2320318222046,0,0.0,173.232034,0.0,0.0,Optimal,500,0,23732413.77608013,23727413.7777371,5000.0
pessimistic_p90,RAN,ROYAL NATIONAL ORTHOPAEDIC HOSPITAL NHS TRUST,110,Trauma and Orthopaedic Service,40624.1357421875,0,0.0,40624.1356,0.0,0.0,Optimal,500,0,23732413.77608013,23727413.7777371,5000.0
pessimistic_p90,RAN,ROYAL NATIONAL ORTHOPAEDIC HOSPITAL NHS TRUST,101,Urology Service,459.0074768066406,0,0.0,459.007476,0.0,0.0,Optimal,500,0,23732413.77608013,23727413.7777371,5000.0
pessimistic_p90,RAL,ROYAL FREE LONDON NHS FOUNDATION TRUST,502,Gynaecology Service,24698.197875976562,0,0.0,24698.1979,0.0,0.0,Optimal,500,0,23732413.77608013,23727413.7777371,5000.0
pessimistic_p90,RAL,ROYAL FREE LONDON NHS FOUNDATION TRUST,160,Plastic Surgery Service,41849.981689453125,0,0.0,41849.9817,0.0,0.0,Optimal,500,0,23732413.77608013,23727413.7777371,5000.0
pessimistic_p90,RA7,UNIVERSITY HOSPITALS BRISTOL AND WESTON NHS FOUNDATION TRUST,170,Cardiothoracic Surgery Service,5236.825744628906,0,0.0,5236.82575,0.0,0.0,Optimal,500,0,23732413.77608013,23727413.7777371,5000.0
pessimistic_p90,RA7,UNIVERSITY HOSPITALS BRISTOL AND WESTON NHS FOUNDATION TRUST,140,Oral Surgery Service,12031.488952636719,0,0.0,12031.48891,0.0,0.0,Optimal,500,0,23732413.77608013,23727413.7777371,5000.0
pessimistic_p90,RA7,UNIVERSITY HOSPITALS BRISTOL AND WESTON NHS FOUNDATION TRUST,130,Ophthalmology Service,50160.752197265625,0,0.0,50160.7523,0.0,0.0,Optimal,500,0,23732413.77608013,23727413.7777371,5000.0
pessimistic_p90,R1F,ISLE OF WIGHT NHS TRUST,101,Urology Service,1702.7062759399414,0,0.0,1702.70627,0.0,0.0,Optimal,500,0,23732413.77608013,23727413.7777371,5000.0
pessimistic_p90,R1H,BARTS HEALTH NHS TRUST,120,Ear Nose and Throat Service,34984.771240234375,0,0.0,34984.7713,0.0,0.0,Optimal,500,0,23732413.77608013,23727413.7777371,5000.0
pessimistic_p90,R1H,BARTS HEALTH NHS TRUST,110,Trauma and Orthopaedic Service,42383.05078125,0,0.0,42383.0507,0.0,0.0,Optimal,500,0,23732413.77608013,23727413.7777371,5000.0
pessimistic_p90,R1H,BARTS HEALTH NHS TRUST,101,Urology Service,20836.140380859375,0,0.0,20836.1405,0.0,0.0,Optimal,500,0,23732413.77608013,23727413.7777371,5000.0
pessimistic_p90,R1H,BARTS HEALTH NHS TRUST,100,General Surgery Service,36028.395751953125,0,0.0,36028.3958,0.0,0.0,Optimal,500,0,23732413.77608013,23727413.7777371,5000.0
pessimistic_p90,R1G7E,SPAMEDICA KENDAL,130,Ophthalmology Service,5389.564300537109,0,0.0,5389.56429,0.0,0.0,Optimal,500,0,23732413.77608013,23727413.7777371,5000.0
pessimistic_p90,R1F,ISLE OF WIGHT NHS TRUST,502,Gynaecology Service,4645.08203125,0,0.0,4645.082,0.0,0.0,Optimal,500,0,23732413.77608013,23727413.7777371,5000.0
pessimistic_p90,R1F,ISLE OF WIGHT NHS TRUST,140,Oral Surgery Service,2376.045440673828,0,0.0,2376.04544,0.0,0.0,Optimal,500,0,23732413.77608013,23727413.7777371,5000.0
pessimistic_p90,R1F,ISLE OF WIGHT NHS TRUST,130,Ophthalmology Service,13389.884155273438,0,0.0,13389.8841,0.0,0.0,Optimal,500,0,23732413.77608013,23727413.7777371,5000.0
pessimistic_p90,R1F,ISLE OF WIGHT NHS TRUST,120,Ear Nose and Throat Service,2343.8309173583984,0,0.0,2343.8309,0.0,0.0,Optimal,500,0,23732413.77608013,23727413.7777371,5000.0
pessimistic_p90,R1F,ISLE OF WIGHT NHS TRUST,110,Trauma and Orthopaedic Service,35805.751220703125,0,0.0,35805.7513,0.0,0.0,Optimal,500,0,23732413.77608013,23727413.7777371,5000.0
pessimistic_p90,R1F,ISLE OF WIGHT NHS TRUST,100,General Surgery Service,8538.731994628906,0,0.0,8538.73199,0.0,0.0,Optimal,500,0,23732413.77608013,23727413.7777371,5000.0
pessimistic_p90,RA7,UNIVERSITY HOSPITALS BRISTOL AND WESTON NHS FOUNDATION TRUST,120,Ear Nose and Throat Service,35908.291015625,0,0.0,35908.291,0.0,0.0,Optimal,500,0,23732413.77608013,23727413.7777371,5000.0
pessimistic_p90,R1D,SHROPSHIRE COMMUNITY HEALTH NHS TRUST,140,Oral Surgery Service,6171.202880859375,0,0.0,6171.20287,0.0,0.0,Optimal,500,0,23732413.77608013,23727413.7777371,5000.0
pessimistic_p90,R0F4N,NUFFIELD HEALTH PARKSIDE HOSPITAL,160,Plastic Surgery Service,971.5294189453125,0,0.0,971.529419,0.0,0.0,Optimal,500,0,23732413.77608013,23727413.7777371,5000.0
pessimistic_p90,R0F4N,NUFFIELD HEALTH PARKSIDE HOSPITAL,120,Ear Nose and Throat Service,257.36985969543457,0,0.0,257.36986,0.0,0.0,Optimal,500,0,23732413.77608013,23727413.7777371,5000.0
pessimistic_p90,R0F4N,NUFFIELD HEALTH PARKSIDE HOSPITAL,110,Trauma and Orthopaedic Service,3452.363815307617,0,0.0,3452.36381,0.0,0.0,Optimal,500,0,23732413.77608013,23727413.7777371,5000.0
pessimistic_p90,R0F4N,NUFFIELD HEALTH PARKSIDE HOSPITAL,101,Urology Service,1142.9064102172852,0,0.0,1142.90642,0.0,0.0,Optimal,500,0,23732413.77608013,23727413.7777371,5000.0
pessimistic_p90,R0F4N,NUFFIELD HEALTH PARKSIDE HOSPITAL,100,General Surgery Service,684.129222869873,0,0.0,684.129224,0.0,0.0,Optimal,500,0,23732413.77608013,23727413.7777371,5000.0
pessimistic_p90,R0D,UNIVERSITY HOSPITALS DORSET NHS FOUNDATION TRUST,502,Gynaecology Service,38600.647216796875,0,0.0,38600.6472,0.0,0.0,Optimal,500,0,23732413.77608013,23727413.7777371,5000.0
pessimistic_p90,R0D,UNIVERSITY HOSPITALS DORSET NHS FOUNDATION TRUST,140,Oral Surgery Service,31993.498779296875,0,0.0,31993.4988,0.0,0.0,Optimal,500,0,23732413.77608013,23727413.7777371,5000.0
pessimistic_p90,R0D,UNIVERSITY HOSPITALS DORSET NHS FOUNDATION TRUST,130,Ophthalmology Service,41224.718505859375,0,0.0,41224.7185,0.0,0.0,Optimal,500,0,23732413.77608013,23727413.7777371,5000.0
pessimistic_p90,R0D,UNIVERSITY HOSPITALS DORSET NHS FOUNDATION TRUST,120,Ear Nose and Throat Service,21970.197265625,0,0.0,21970.1973,0.0,0.0,Optimal,500,0,23732413.77608013,23727413.7777371,5000.0
pessimistic_p90,R1H,BARTS HEALTH NHS TRUST,130,Ophthalmology Service,19063.5302734375,0,0.0,19063.5304,0.0,0.0,Optimal,500,0,23732413.77608013,23727413.7777371,5000.0
pessimistic_p90,R1H,BARTS HEALTH NHS TRUST,140,Oral Surgery Service,12329.995727539062,0,0.0,12329.99567,0.0,0.0,Optimal,500,0,23732413.77608013,23727413.7777371,5000.0
pessimistic_p90,R1H,BARTS HEALTH NHS TRUST,150,Neurosurgical Service,5346.633392333984,0,0.0,5346.6334,0.0,0.0,Optimal,500,0,23732413.77608013,23727413.7777371,5000.0
pessimistic_p90,R1H,BARTS HEALTH NHS TRUST,160,Plastic Surgery Service,16400.826049804688,0,0.0,16400.826,0.0,0.0,Optimal,500,0,23732413.77608013,23727413.7777371,5000.0
pessimistic_p90,RA7,UNIVERSITY HOSPITALS BRISTOL AND WESTON NHS FOUNDATION TRUST,110,Trauma and Orthopaedic Service,20617.69384765625,0,0.0,20617.6937,0.0,0.0,Optimal,500,0,23732413.77608013,23727413.7777371,5000.0
pessimistic_p90,RA7,UNIVERSITY HOSPITALS BRISTOL AND WESTON NHS FOUNDATION TRUST,100,General Surgery Service,574.680290222168,0,0.0,574.68029,0.0,0.0,Optimal,500,0,23732413.77608013,23727413.7777371,5000.0
pessimistic_p90,RA2,ROYAL SURREY NHS FOUNDATION TRUST,502,Gynaecology Service,9765.005493164062,0,0.0,9765.00549,0.0,0.0,Optimal,500,0,23732413.77608013,23727413.7777371,5000.0
pessimistic_p90,RA2,ROYAL SURREY NHS FOUNDATION TRUST,160,Plastic Surgery Service,2472.587142944336,0,0.0,2472.58713,0.0,0.0,Optimal,500,0,23732413.77608013,23727413.7777371,5000.0
pessimistic_p90,RA2,ROYAL SURREY NHS FOUNDATION TRUST,140,Oral Surgery Service,13322.712951660156,0,0.0,13322.71312,0.0,0.0,Optimal,500,0,23732413.77608013,23727413.7777371,5000.0
pessimistic_p90,RA2,ROYAL SURREY NHS FOUNDATION TRUST,130,Ophthalmology Service,8416.085021972656,0,0.0,8416.08503,0.0,0.0,Optimal,500,0,23732413.77608013,23727413.7777371,5000.0
pessimistic_p90,RA2,ROYAL SURREY NHS FOUNDATION TRUST,120,Ear Nose and Throat Service,11650.742858886719,0,0.0,11650.74281,0.0,0.0,Optimal,500,0,23732413.77608013,23727413.7777371,5000.0
pessimistic_p90,RA2,ROYAL SURREY NHS FOUNDATION TRUST,110,Trauma and Orthopaedic Service,26299.654296875,0,0.0,26299.6541,0.0,0.0,Optimal,500,0,23732413.77608013,23727413.7777371,5000.0
pessimistic_p90,RA2,ROYAL SURREY NHS FOUNDATION TRUST,101,Urology Service,6946.406921386719,0,0.0,6946.40693,0.0,0.0,Optimal,500,0,23732413.77608013,23727413.7777371,5000.0
pessimistic_p90,RA2,ROYAL SURREY NHS FOUNDATION TRUST,100,General Surgery Service,13021.744323730469,0,0.0,13021.7444,0.0,0.0,Optimal,500,0,23732413.77608013,23727413.7777371,5000.0
pessimistic_p90,R7W2O,NEWCASTLE NEWMEDICA LTD,130,Ophthalmology Service,9222.505310058594,0,0.0,9222.50531,0.0,0.0,Optimal,500,0,23732413.77608013,23727413.7777371,5000.0
pessimistic_p90,R1K,LONDON NORTH WEST UNIVERSITY HEALTHCARE NHS TRUST,502,Gynaecology Service,16217.25439453125,0,0.0,16217.2544,0.0,0.0,Optimal,500,0,23732413.77608013,23727413.7777371,5000.0
pessimistic_p90,R1K,LONDON NORTH WEST UNIVERSITY HEALTHCARE NHS TRUST,160,Plastic Surgery Service,321.03819847106934,0,0.0,321.03819899999996,0.0,0.0,Optimal,500,0,23732413.77608013,23727413.7777371,5000.0
pessimistic_p90,R1K,LONDON NORTH WEST UNIVERSITY HEALTHCARE NHS TRUST,140,Oral Surgery Service,15549.9521484375,0,0.0,15549.9521,0.0,0.0,Optimal,500,0,23732413.77608013,23727413.7777371,5000.0
pessimistic_p90,R1K,LONDON NORTH WEST UNIVERSITY HEALTHCARE NHS TRUST,130,Ophthalmology Service,5917.014678955078,0,0.0,5917.01468,0.0,0.0,Optimal,500,0,23732413.77608013,23727413.7777371,5000.0
pessimistic_p90,R1K,LONDON NORTH WEST UNIVERSITY HEALTHCARE NHS TRUST,120,Ear Nose and Throat Service,27766.52001953125,0,0.0,27766.520099999998,0.0,0.0,Optimal,500,0,23732413.77608013,23727413.7777371,5000.0
pessimistic_p90,R1K,LONDON NORTH WEST UNIVERSITY HEALTHCARE NHS TRUST,110,Trauma and Orthopaedic Service,46160.25,0,0.0,46160.25,0.0,0.0,Optimal,500,0,23732413.77608013,23727413.7777371,5000.0
pessimistic_p90,R1K,LONDON NORTH WEST UNIVERSITY HEALTHCARE NHS TRUST,101,Urology Service,24257.065307617188,0,0.0,24257.0654,0.0,0.0,Optimal,500,0,23732413.77608013,23727413.7777371,5000.0
pessimistic_p90,R1K,LONDON NORTH WEST UNIVERSITY HEALTHCARE NHS TRUST,100,General Surgery Service,40421.70068359375,0,0.0,40421.7006,0.0,0.0,Optimal,500,0,23732413.77608013,23727413.7777371,5000.0
pessimistic_p90,R1H,BARTS HEALTH NHS TRUST,502,Gynaecology Service,27296.753662109375,0,0.0,27296.7537,0.0,0.0,Optimal,500,0,23732413.77608013,23727413.7777371,5000.0
pessimistic_p90,R1H,BARTS HEALTH NHS TRUST,170,Cardiothoracic Surgery Service,147.48909664154053,0,0.0,147.4890975,0.0,0.0,Optimal,500,0,23732413.77608013,23727413.7777371,5000.0
pessimistic_p90,NVC18,SPRINGFIELD HOSPITAL,160,Plastic Surgery Service,234.25445175170898,0,0.0,234.25445299999998,0.0,0.0,Optimal,500,0,23732413.77608013,23727413.7777371,5000.0
pessimistic_p90,NVC18,SPRINGFIELD HOSPITAL,120,Ear Nose and Throat Service,955.7088317871094,0,0.0,955.708829,0.0,0.0,Optimal,500,0,23732413.77608013,23727413.7777371,5000.0
pessimistic_p90,NVC18,SPRINGFIELD HOSPITAL,110,Trauma and Orthopaedic Service,7549.0439453125,0,0.0,7549.04393,0.0,0.0,Optimal,500,0,23732413.77608013,23727413.7777371,5000.0
pessimistic_p90,NTP11,PRACTICE PLUS GROUP HOSPITAL - SOUTHAMPTON,110,Trauma and Orthopaedic Service,16449.587768554688,0,0.0,16449.5879,0.0,0.0,Optimal,500,0,23732413.77608013,23727413.7777371,5000.0
pessimistic_p90,NTP15,PRACTICE PLUS GROUP HOSPITAL - ILFORD,110,Trauma and Orthopaedic Service,13781.153259277344,0,0.0,13781.153339999999,0.0,0.0,Optimal,500,0,23732413.77608013,23727413.7777371,5000.0
pessimistic_p90,NTP15,PRACTICE PLUS GROUP HOSPITAL - ILFORD,101,Urology Service,1283.1530380249023,0,0.0,1283.153059,0.0,0.0,Optimal,500,0,23732413.77608013,23727413.7777371,5000.0
pessimistic_p90,NTP15,PRACTICE PLUS GROUP HOSPITAL - ILFORD,100,General Surgery Service,6187.966705322266,0,0.0,6187.9667,0.0,0.0,Optimal,500,0,23732413.77608013,23727413.7777371,5000.0
pessimistic_p90,NTP13,PRACTICE PLUS GROUP HOSPITAL - BARLBOROUGH,130,Ophthalmology Service,1866.7798309326172,0,0.0,1866.77983,0.0,0.0,Optimal,500,0,23732413.77608013,23727413.7777371,5000.0
pessimistic_p90,NTP13,PRACTICE PLUS GROUP HOSPITAL - BARLBOROUGH,110,Trauma and Orthopaedic Service,33897.0078125,0,0.0,33897.008,0.0,0.0,Optimal,500,0,23732413.77608013,23727413.7777371,5000.0
pessimistic_p90,NTP13,PRACTICE PLUS GROUP HOSPITAL - BARLBOROUGH,100,General Surgery Service,356.840051651001,0,0.0,356.84005,0.0,0.0,Optimal,500,0,23732413.77608013,23727413.7777371,5000.0
pessimistic_p90,NTP11,PRACTICE PLUS GROUP HOSPITAL - SOUTHAMPTON,502,Gynaecology Service,6056.243804931641,0,0.0,6056.24381,0.0,0.0,Optimal,500,0,23732413.77608013,23727413.7777371,5000.0
pessimistic_p90,NTP11,PRACTICE PLUS GROUP HOSPITAL - SOUTHAMPTON,140,Oral Surgery Service,18798.386108398438,0,0.0,18798.386,0.0,0.0,Optimal,500,0,23732413.77608013,23727413.7777371,5000.0
pessimistic_p90,NTP11,PRACTICE PLUS GROUP HOSPITAL - SOUTHAMPTON,130,Ophthalmology Service,2563.5677490234375,0,0.0,2563.56776,0.0,0.0,Optimal,500,0,23732413.77608013,23727413.7777371,5000.0
pessimistic_p90,NTP11,PRACTICE PLUS GROUP HOSPITAL - SOUTHAMPTON,120,Ear Nose and Throat Service,3842.7908325195312,0,0.0,3842.79083,0.0,0.0,Optimal,500,0,23732413.77608013,23727413.7777371,5000.0
pessimistic_p90,NTP11,PRACTICE PLUS GROUP HOSPITAL - SOUTHAMPTON,101,Urology Service,3250.225875854492,0,0.0,3250.22588,0.0,0.0,Optimal,500,0,23732413.77608013,23727413.7777371,5000.0
pessimistic_p90,NTP15,PRACTICE PLUS GROUP HOSPITAL - ILFORD,130,Ophthalmology Service,2709.7123413085938,0,0.0,2709.71233,0.0,0.0,Optimal,500,0,23732413.77608013,23727413.7777371,5000.0
pessimistic_p90,NTP11,PRACTICE PLUS GROUP HOSPITAL - SOUTHAMPTON,100,General Surgery Service,6665.853759765625,0,0.0,6665.85376,0.0,0.0,Optimal,500,0,23732413.77608013,23727413.7777371,5000.0
pessimistic_p90,NTE02,ST HUGH'S HOSPITAL,502,Gynaecology Service,982.1623306274414,0,0.0,982.162329,0.0,0.0,Optimal,500,0,23732413.77608013,23727413.7777371,5000.0
pessimistic_p90,NTE02,ST HUGH'S HOSPITAL,130,Ophthalmology Service,1485.5246047973633,0,0.0,1485.5246200000001,0.0,0.0,Optimal,500,0,23732413.77608013,23727413.7777371,5000.0
pessimistic_p90,NTE02,ST HUGH'S HOSPITAL,110,Trauma and Orthopaedic Service,17523.319213867188,0,0.0,17523.3193,0.0,0.0,Optimal,500,0,23732413.77608013,23727413.7777371,5000.0
pessimistic_p90,NTE02,ST HUGH'S HOSPITAL,101,Urology Service,561.842601776123,0,0.0,561.8426010000001,0.0,0.0,Optimal,500,0,23732413.77608013,23727413.7777371,5000.0
pessimistic_p90,NTE02,ST HUGH'S HOSPITAL,100,General Surgery Service,1309.539535522461,0,0.0,1309.539528,0.0,0.0,Optimal,500,0,23732413.77608013,23727413.7777371,5000.0
pessimistic_p90,NT490,SOUTHEND PRIVATE HOSPITAL,130,Ophthalmology Service,3996.0064697265625,0,0.0,3996.00647,0.0,0.0,Optimal,500,0,23732413.77608013,23727413.7777371,5000.0
pessimistic_p90,NT490,SOUTHEND PRIVATE HOSPITAL,110,Trauma and Orthopaedic Service,710.0676612854004,0,0.0,710.067661,0.0,0.0,Optimal,500,0,23732413.77608013,23727413.7777371,5000.0
pessimistic_p90,NT490,SOUTHEND PRIVATE HOSPITAL,100,General Surgery Service,184.56154918670654,0,0.0,184.561548,0.0,0.0,Optimal,500,0,23732413.77608013,23727413.7777371,5000.0
pessimistic_p90,NT457,WOODLANDS HOSPITAL,502,Gynaecology Service,1141.285499572754,0,0.0,1141.285504,0.0,0.0,Optimal,500,0,23732413.77608013,23727413.7777371,5000.0
pessimistic_p90,NTP15,PRACTICE PLUS GROUP HOSPITAL - ILFORD,120,Ear Nose and Throat Service,1040.464111328125,0,0.0,1040.46411,0.0,0.0,Optimal,500,0,23732413.77608013,23727413.7777371,5000.0
pessimistic_p90,NTP15,PRACTICE PLUS GROUP HOSPITAL - ILFORD,502,Gynaecology Service,4940.024078369141,0,0.0,4940.02408,0.0,0.0,Optimal,500,0,23732413.77608013,23727413.7777371,5000.0
pessimistic_p90,NVC18,SPRINGFIELD HOSPITAL,101,Urology Service,2635.2346801757812,0,0.0,2635.23468,0.0,0.0,Optimal,500,0,23732413.77608013,23727413.7777371,5000.0
pessimistic_p90,NTPH1,PRACTICE PLUS GROUP HOSPITAL - SHEPTON MALLET,120,Ear Nose and Throat Service,1280.1361618041992,0,0.0,1280.136148,0.0,0.0,Optimal,500,0,23732413.77608013,23727413.7777371,5000.0
pessimistic_p90,NTPH3,PRACTICE PLUS GROUP SURGICAL CENTRE - DEVIZES,100,General Surgery Service,1545.5350875854492,0,0.0,1545.5350799999999,0.0,0.0,Optimal,500,0,23732413.77608013,23727413.7777371,5000.0
pessimistic_p90,NTPH2,PRACTICE PLUS GROUP HOSPITAL - EMERSONS GREEN,502,Gynaecology Service,3772.1677856445312,0,0.0,3772.16779,0.0,0.0,Optimal,500,0,23732413.77608013,23727413.7777371,5000.0
pessimistic_p90,NTPH2,PRACTICE PLUS GROUP HOSPITAL - EMERSONS GREEN,140,Oral Surgery Service,14252.026000976562,0,0.0,14252.0259,0.0,0.0,Optimal,500,0,23732413.77608013,23727413.7777371,5000.0
pessimistic_p90,NTPH2,PRACTICE PLUS GROUP HOSPITAL - EMERSONS GREEN,130,Ophthalmology Service,3848.5540466308594,0,0.0,3848.55404,0.0,0.0,Optimal,500,0,23732413.77608013,23727413.7777371,5000.0
pessimistic_p90,NTPH2,PRACTICE PLUS GROUP HOSPITAL - EMERSONS GREEN,120,Ear Nose and Throat Service,1572.419662475586,0,0.0,1572.41966,0.0,0.0,Optimal,500,0,23732413.77608013,23727413.7777371,5000.0
pessimistic_p90,NTPH2,PRACTICE PLUS GROUP HOSPITAL - EMERSONS GREEN,110,Trauma and Orthopaedic Service,12244.447021484375,0,0.0,12244.44707,0.0,0.0,Optimal,500,0,23732413.77608013,23727413.7777371,5000.0
pessimistic_p90,NTPH2,PRACTICE PLUS GROUP HOSPITAL - EMERSONS GREEN,101,Urology Service,1081.8665161132812,0,0.0,1081.866509,0.0,0.0,Optimal,500,0,23732413.77608013,23727413.7777371,5000.0
pessimistic_p90,NTPH2,PRACTICE PLUS GROUP HOSPITAL - EMERSONS GREEN,100,General Surgery Service,2880.7786560058594,0,0.0,2880.77866,0.0,0.0,Optimal,500,0,23732413.77608013,23727413.7777371,5000.0
pessimistic_p90,NTPH1,PRACTICE PLUS GROUP HOSPITAL - SHEPTON MALLET,502,Gynaecology Service,643.9691200256348,0,0.0,643.969121,0.0,0.0,Optimal,500,0,23732413.77608013,23727413.7777371,5000.0
pessimistic_p90,NTPH1,PRACTICE PLUS GROUP HOSPITAL - SHEPTON MALLET,130,Ophthalmology Service,7982.53564453125,0,0.0,7982.53564,0.0,0.0,Optimal,500,0,23732413.77608013,23727413.7777371,5000.0
pessimistic_p90,NTPH1,PRACTICE PLUS GROUP HOSPITAL - SHEPTON MALLET,110,Trauma and Orthopaedic Service,26375.39794921875,0,0.0,26375.3981,0.0,0.0,Optimal,500,0,23732413.77608013,23727413.7777371,5000.0
pessimistic_p90,NTP16,PRACTICE PLUS GROUP SURGICAL CENTRE - GILLINGHAM,100,General Surgery Service,3728.465545654297,0,0.0,3728.46556,0.0,0.0,Optimal,500,0,23732413.77608013,23727413.7777371,5000.0
pessimistic_p90,NTPH1,PRACTICE PLUS GROUP HOSPITAL - SHEPTON MALLET,101,Urology Service,651.333251953125,0,0.0,651.333251,0.0,0.0,Optimal,500,0,23732413.77608013,23727413.7777371,5000.0
pessimistic_p90,NTPH1,PRACTICE PLUS GROUP HOSPITAL - SHEPTON MALLET,100,General Surgery Service,3032.4246215820312,0,0.0,3032.42463,0.0,0.0,Optimal,500,0,23732413.77608013,23727413.7777371,5000.0
pessimistic_p90,NTPAE,PRACTICE PLUS GROUP OPHTHALMOLOGY - NORTH WEST,130,Ophthalmology Service,7489.618896484375,0,0.0,7489.61889,0.0,0.0,Optimal,500,0,23732413.77608013,23727413.7777371,5000.0
pessimistic_p90,NTPAD,PRACTICE PLUS GROUP SURGICAL CENTRE - ST MARYS PORTSMOUTH,130,Ophthalmology Service,3834.6461791992188,0,0.0,3834.64618,0.0,0.0,Optimal,500,0,23732413.77608013,23727413.7777371,5000.0
pessimistic_p90,NTPAD,PRACTICE PLUS GROUP SURGICAL CENTRE - ST MARYS PORTSMOUTH,120,Ear Nose and Throat Service,722.6885223388672,0,0.0,722.688523,0.0,0.0,Optimal,500,0,23732413.77608013,23727413.7777371,5000.0
pessimistic_p90,NTPAD,PRACTICE PLUS GROUP SURGICAL CENTRE - ST MARYS PORTSMOUTH,110,Trauma and Orthopaedic Service,6032.56689453125,0,0.0,6032.56688,0.0,0.0,Optimal,500,0,23732413.77608013,23727413.7777371,5000.0
pessimistic_p90,NTPAD,PRACTICE PLUS GROUP SURGICAL CENTRE - ST MARYS PORTSMOUTH,101,Urology Service,1363.6869201660156,0,0.0,1363.686924,0.0,0.0,Optimal,500,0,23732413.77608013,23727413.7777371,5000.0
pessimistic_p90,NTPAD,PRACTICE PLUS GROUP SURGICAL CENTRE - ST MARYS PORTSMOUTH,100,General Surgery Service,5216.2723388671875,0,0.0,5216.27235,0.0,0.0,Optimal,500,0,23732413.77608013,23727413.7777371,5000.0
pessimistic_p90,NTP16,PRACTICE PLUS GROUP SURGICAL CENTRE - GILLINGHAM,130,Ophthalmology Service,5915.685821533203,0,0.0,5915.68583,0.0,0.0,Optimal,500,0,23732413.77608013,23727413.7777371,5000.0
pessimistic_p90,NTP16,PRACTICE PLUS GROUP SURGICAL CENTRE - GILLINGHAM,110,Trauma and Orthopaedic Service,3013.026123046875,0,0.0,3013.0261299999997,0.0,0.0,Optimal,500,0,23732413.77608013,23727413.7777371,5000.0
pessimistic_p90,NT457,WOODLANDS HOSPITAL,130,Ophthalmology Service,5763.081237792969,0,0.0,5763.08125,0.0,0.0,Optimal,500,0,23732413.77608013,23727413.7777371,5000.0
pessimistic_p90,NT457,WOODLANDS HOSPITAL,120,Ear Nose and Throat Service,433.5818557739258,0,0.0,433.581856,0.0,0.0,Optimal,500,0,23732413.77608013,23727413.7777371,5000.0
pessimistic_p90,NT457,WOODLANDS HOSPITAL,110,Trauma and Orthopaedic Service,7216.2530517578125,0,0.0,7216.25305,0.0,0.0,Optimal,500,0,23732413.77608013,23727413.7777371,5000.0
pessimistic_p90,NT440,THORNBURY HOSPITAL,100,General Surgery Service,572.8802604675293,0,0.0,572.880261,0.0,0.0,Optimal,500,0,23732413.77608013,23727413.7777371,5000.0
pessimistic_p90,NT446,ST EDMUNDS HOSPITAL,101,Urology Service,173.53219318389893,0,0.0,173.532193,0.0,0.0,Optimal,500,0,23732413.77608013,23727413.7777371,5000.0
pessimistic_p90,NT446,ST EDMUNDS HOSPITAL,100,General Surgery Service,328.28415298461914,0,0.0,328.284155,0.0,0.0,Optimal,500,0,23732413.77608013,23727413.7777371,5000.0
pessimistic_p90,NT443,WINTERBOURNE HOSPITAL,110,Trauma and Orthopaedic Service,4733.836822509766,0,0.0,4733.83683,0.0,0.0,Optimal,500,0,23732413.77608013,23727413.7777371,5000.0
pessimistic_p90,NT443,WINTERBOURNE HOSPITAL,100,General Surgery Service,538.2821960449219,0,0.0,538.282197,0.0,0.0,Optimal,500,0,23732413.77608013,23727413.7777371,5000.0
pessimistic_p90,NT441,THREE SHIRES HOSPITAL,502,Gynaecology Service,1789.3846893310547,0,0.0,1789.38468,0.0,0.0,Optimal,500,0,23732413.77608013,23727413.7777371,5000.0
pessimistic_p90,NT441,THREE SHIRES HOSPITAL,150,Neurosurgical Service,325.9422607421875,0,0.0,325.942263,0.0,0.0,Optimal,500,0,23732413.77608013,23727413.7777371,5000.0
pessimistic_p90,NT441,THREE SHIRES HOSPITAL,110,Trauma and Orthopaedic Service,9694.884643554688,0,0.0,9694.88466,0.0,0.0,Optimal,500,0,23732413.77608013,23727413.7777371,5000.0
pessimistic_p90,NT441,THREE SHIRES HOSPITAL,100,General Surgery Service,4246.955871582031,0,0.0,4246.95586,0.0,0.0,Optimal,500,0,23732413.77608013,23727413.7777371,5000.0
pessimistic_p90,NT440,THORNBURY HOSPITAL,502,Gynaecology Service,293.26167488098145,0,0.0,293.26167399999997,0.0,0.0,Optimal,500,0,23732413.77608013,23727413.7777371,5000.0
pessimistic_p90,NT440,THORNBURY HOSPITAL,110,Trauma and Orthopaedic Service,2067.447311401367,0,0.0,2067.44731,0.0,0.0,Optimal,500,0,23732413.77608013,23727413.7777371,5000.0
pessimistic_p90,NT437,SLOANE HOSPITAL,150,Neurosurgical Service,107.16625213623047,0,0.0,107.1662525,0.0,0.0,Optimal,500,0,23732413.77608013,23727413.7777371,5000.0
pessimistic_p90,NT457,WOODLANDS HOSPITAL,101,Urology Service,946.8112030029297,0,0.0,946.811203,0.0,0.0,Optimal,500,0,23732413.77608013,23727413.7777371,5000.0
pessimistic_p90,NT437,SLOANE HOSPITAL,110,Trauma and Orthopaedic Service,1916.3240661621094,0,0.0,1916.32407,0.0,0.0,Optimal,500,0,23732413.77608013,23727413.7777371,5000.0
pessimistic_p90,NT437,SLOANE HOSPITAL,101,Urology Service,360.03436851501465,0,0.0,360.034369,0.0,0.0,Optimal,500,0,23732413.77608013,23727413.7777371,5000.0
pessimistic_p90,NT437,SLOANE HOSPITAL,100,General Surgery Service,513.9872665405273,0,0.0,513.987266,0.0,0.0,Optimal,500,0,23732413.77608013,23727413.7777371,5000.0
pessimistic_p90,NT436,SHIRLEY OAKS HOSPITAL,502,Gynaecology Service,257.37555599212646,0,0.0,257.375557,0.0,0.0,Optimal,500,0,23732413.77608013,23727413.7777371,5000.0
pessimistic_p90,NT436,SHIRLEY OAKS HOSPITAL,130,Ophthalmology Service,421.70781898498535,0,0.0,421.707819,0.0,0.0,Optimal,500,0,23732413.77608013,23727413.7777371,5000.0
pessimistic_p90,NT436,SHIRLEY OAKS HOSPITAL,110,Trauma and Orthopaedic Service,1807.3512115478516,0,0.0,1807.35122,0.0,0.0,Optimal,500,0,23732413.77608013,23727413.7777371,5000.0
pessimistic_p90,NT436,SHIRLEY OAKS HOSPITAL,101,Urology Service,670.6453628540039,0,0.0,670.645362,0.0,0.0,Optimal,500,0,23732413.77608013,23727413.7777371,5000.0
pessimistic_p90,NT436,SHIRLEY OAKS HOSPITAL,100,General Surgery Service,389.824068069458,0,0.0,389.824067,0.0,0.0,Optimal,500,0,23732413.77608013,23727413.7777371,5000.0
pessimistic_p90,NT435,SHELBURNE HOSPITAL,110,Trauma and Orthopaedic Service,834.0237083435059,0,0.0,834.0237079999999,0.0,0.0,Optimal,500,0,23732413.77608013,23727413.7777371,5000.0
pessimistic_p90,NT435,SHELBURNE HOSPITAL,101,Urology Service,159.19054126739502,0,0.0,159.1905417,0.0,0.0,Optimal,500,0,23732413.77608013,23727413.7777371,5000.0
pessimistic_p90,NT446,ST EDMUNDS HOSPITAL,110,Trauma and Orthopaedic Service,3330.172637939453,0,0.0,3330.17263,0.0,0.0,Optimal,500,0,23732413.77608013,23727413.7777371,5000.0
pessimistic_p90,NT446,ST EDMUNDS HOSPITAL,130,Ophthalmology Service,156.55038928985596,0,0.0,156.5503912,0.0,0.0,Optimal,500,0,23732413.77608013,23727413.7777371,5000.0
pessimistic_p90,NT447,DUCHY HOSPITAL,100,General Surgery Service,318.07643127441406,0,0.0,318.07643,0.0,0.0,Optimal,500,0,23732413.77608013,23727413.7777371,5000.0
pessimistic_p90,NT447,DUCHY HOSPITAL,101,Urology Service,136.85683345794678,0,0.0,136.8568334,0.0,0.0,Optimal,500,0,23732413.77608013,23727413.7777371,5000.0
pessimistic_p90,NT457,WOODLANDS HOSPITAL,100,General Surgery Service,2660.0147552490234,0,0.0,2660.01475,0.0,0.0,Optimal,500,0,23732413.77608013,23727413.7777371,5000.0
pessimistic_p90,NT455,MOUNT ALVERNIA HOSPITAL,110,Trauma and Orthopaedic Service,616.3073616027832,0,0.0,616.307362,0.0,0.0,Optimal,500,0,23732413.77608013,23727413.7777371,5000.0
pessimistic_p90,NT455,MOUNT ALVERNIA HOSPITAL,101,Urology Service,232.97708320617676,0,0.0,232.977082,0.0,0.0,Optimal,500,0,23732413.77608013,23727413.7777371,5000.0
pessimistic_p90,NT455,MOUNT ALVERNIA HOSPITAL,100,General Surgery Service,241.1008815765381,0,0.0,241.10088,0.0,0.0,Optimal,500,0,23732413.77608013,23727413.7777371,5000.0
pessimistic_p90,NT451,CAVELL HOSPITAL,502,Gynaecology Service,250.78142929077148,0,0.0,250.781429,0.0,0.0,Optimal,500,0,23732413.77608013,23727413.7777371,5000.0
pessimistic_p90,NT451,CAVELL HOSPITAL,110,Trauma and Orthopaedic Service,1221.5373840332031,0,0.0,1221.5373789999999,0.0,0.0,Optimal,500,0,23732413.77608013,23727413.7777371,5000.0
pessimistic_p90,NT451,CAVELL HOSPITAL,101,Urology Service,187.08330059051514,0,0.0,187.083301,0.0,0.0,Optimal,500,0,23732413.77608013,23727413.7777371,5000.0
pessimistic_p90,NT451,CAVELL HOSPITAL,100,General Surgery Service,339.18974685668945,0,0.0,339.189747,0.0,0.0,Optimal,500,0,23732413.77608013,23727413.7777371,5000.0
pessimistic_p90,NT450,LINCOLN PRIVATE HOSPITAL,130,Ophthalmology Service,513.5693511962891,0,0.0,513.56935,0.0,0.0,Optimal,500,0,23732413.77608013,23727413.7777371,5000.0
pessimistic_p90,NT450,LINCOLN PRIVATE HOSPITAL,110,Trauma and Orthopaedic Service,5812.254455566406,0,0.0,5812.25446,0.0,0.0,Optimal,500,0,23732413.77608013,23727413.7777371,5000.0
pessimistic_p90,NT450,LINCOLN PRIVATE HOSPITAL,101,Urology Service,186.767972946167,0,0.0,186.767973,0.0,0.0,Optimal,500,0,23732413.77608013,23727413.7777371,5000.0
pessimistic_p90,NT450,LINCOLN PRIVATE HOSPITAL,100,General Surgery Service,177.5542392730713,0,0.0,177.55424,0.0,0.0,Optimal,500,0,23732413.77608013,23727413.7777371,5000.0
pessimistic_p90,NT449,LANCASTER PRIVATE HOSPITAL,502,Gynaecology Service,335.2629203796387,0,0.0,335.262921,0.0,0.0,Optimal,500,0,23732413.77608013,23727413.7777371,5000.0
pessimistic_p90,NT449,LANCASTER PRIVATE HOSPITAL,110,Trauma and Orthopaedic Service,1592.3232498168945,0,0.0,1592.32324,0.0,0.0,Optimal,500,0,23732413.77608013,23727413.7777371,5000.0
pessimistic_p90,NT449,LANCASTER PRIVATE HOSPITAL,100,General Surgery Service,234.33190536499023,0,0.0,234.331906,0.0,0.0,Optimal,500,0,23732413.77608013,23727413.7777371,5000.0
pessimistic_p90,NT448,HUDDERSFIELD PRIVATE HOSPITAL,502,Gynaecology Service,493.1252098083496,0,0.0,493.12521,0.0,0.0,Optimal,500,0,23732413.77608013,23727413.7777371,5000.0
pessimistic_p90,NT448,HUDDERSFIELD PRIVATE HOSPITAL,110,Trauma and Orthopaedic Service,2367.699172973633,0,0.0,2367.69916,0.0,0.0,Optimal,500,0,23732413.77608013,23727413.7777371,5000.0
pessimistic_p90,NT448,HUDDERSFIELD PRIVATE HOSPITAL,101,Urology Service,280.02634620666504,0,0.0,280.026348,0.0,0.0,Optimal,500,0,23732413.77608013,23727413.7777371,5000.0
pessimistic_p90,NT448,HUDDERSFIELD PRIVATE HOSPITAL,100,General Surgery Service,1051.8398666381836,0,0.0,1051.839865,0.0,0.0,Optimal,500,0,23732413.77608013,23727413.7777371,5000.0
pessimistic_p90,NT447,DUCHY HOSPITAL,150,Neurosurgical Service,152.0659694671631,0,0.0,152.06597,0.0,0.0,Optimal,500,0,23732413.77608013,23727413.7777371,5000.0
pessimistic_p90,NT447,DUCHY HOSPITAL,110,Trauma and Orthopaedic Service,1118.0973892211914,0,0.0,1118.0973960000001,0.0,0.0,Optimal,500,0,23732413.77608013,23727413.7777371,5000.0
pessimistic_p90,NTPH3,PRACTICE PLUS GROUP SURGICAL CENTRE - DEVIZES,101,Urology Service,1078.0993728637695,0,0.0,1078.099367,0.0,0.0,Optimal,500,0,23732413.77608013,23727413.7777371,5000.0
pessimistic_p90,NTPH3,PRACTICE PLUS GROUP SURGICAL CENTRE - DEVIZES,110,Trauma and Orthopaedic Service,5641.389801025391,0,0.0,5641.38979,0.0,0.0,Optimal,500,0,23732413.77608013,23727413.7777371,5000.0
pessimistic_p90,NTPH3,PRACTICE PLUS GROUP SURGICAL CENTRE - DEVIZES,120,Ear Nose and Throat Service,607.9022636413574,0,0.0,607.9022630000001,0.0,0.0,Optimal,500,0,23732413.77608013,23727413.7777371,5000.0
pessimistic_p90,NVC0R,TEES VALLEY HOSPITAL,502,Gynaecology Service,1375.5984802246094,0,0.0,1375.59847,0.0,0.0,Optimal,500,0,23732413.77608013,23727413.7777371,5000.0
pessimistic_p90,NVC12,OAKLANDS HOSPITAL,100,General Surgery Service,3038.5690155029297,0,0.0,3038.56901,0.0,0.0,Optimal,500,0,23732413.77608013,23727413.7777371,5000.0
pessimistic_p90,NVC11,NORTH DOWNS HOSPITAL,502,Gynaecology Service,1011.9558334350586,0,0.0,1011.955829,0.0,0.0,Optimal,500,0,23732413.77608013,23727413.7777371,5000.0
pessimistic_p90,NVC11,NORTH DOWNS HOSPITAL,160,Plastic Surgery Service,227.84815311431885,0,0.0,227.848153,0.0,0.0,Optimal,500,0,23732413.77608013,23727413.7777371,5000.0
pessimistic_p90,NVC11,NORTH DOWNS HOSPITAL,130,Ophthalmology Service,1122.7323913574219,0,0.0,1122.732385,0.0,0.0,Optimal,500,0,23732413.77608013,23727413.7777371,5000.0
pessimistic_p90,NVC11,NORTH DOWNS HOSPITAL,110,Trauma and Orthopaedic Service,6656.7908935546875,0,0.0,6656.7909,0.0,0.0,Optimal,500,0,23732413.77608013,23727413.7777371,5000.0
pessimistic_p90,NVC11,NORTH DOWNS HOSPITAL,101,Urology Service,538.2567672729492,0,0.0,538.256768,0.0,0.0,Optimal,500,0,23732413.77608013,23727413.7777371,5000.0
pessimistic_p90,NVC11,NORTH DOWNS HOSPITAL,100,General Surgery Service,1196.4186935424805,0,0.0,1196.418704,0.0,0.0,Optimal,500,0,23732413.77608013,23727413.7777371,5000.0
pessimistic_p90,NVC0Y,EXETER MEDICAL,160,Plastic Surgery Service,441.8651371002197,0,0.0,441.865137,0.0,0.0,Optimal,500,0,23732413.77608013,23727413.7777371,5000.0
pessimistic_p90,NVC0Y,EXETER MEDICAL,110,Trauma and Orthopaedic Service,643.4809379577637,0,0.0,643.480937,0.0,0.0,Optimal,500,0,23732413.77608013,23727413.7777371,5000.0
pessimistic_p90,NVC0Y,EXETER MEDICAL,101,Urology Service,761.8149528503418,0,0.0,761.814951,0.0,0.0,Optimal,500,0,23732413.77608013,23727413.7777371,5000.0
pessimistic_p90,NVC0R,TEES VALLEY HOSPITAL,160,Plastic Surgery Service,3560.0218963623047,0,0.0,3560.02188,0.0,0.0,Optimal,500,0,23732413.77608013,23727413.7777371,5000.0
pessimistic_p90,NVC09,NEW HALL HOSPITAL,110,Trauma and Orthopaedic Service,14435.580200195312,0,0.0,14435.5802,0.0,0.0,Optimal,500,0,23732413.77608013,23727413.7777371,5000.0
pessimistic_p90,NVC0R,TEES VALLEY HOSPITAL,140,Oral Surgery Service,4809.724090576172,0,0.0,4809.72408,0.0,0.0,Optimal,500,0,23732413.77608013,23727413.7777371,5000.0
pessimistic_p90,NVC0R,TEES VALLEY HOSPITAL,110,Trauma and Orthopaedic Service,7042.615051269531,0,0.0,7042.61506,0.0,0.0,Optimal,500,0,23732413.77608013,23727413.7777371,5000.0
pessimistic_p90,NVC0R,TEES VALLEY HOSPITAL,101,Urology Service,1324.1221389770508,0,0.0,1324.12214,0.0,0.0,Optimal,500,0,23732413.77608013,23727413.7777371,5000.0
pessimistic_p90,NVC0R,TEES VALLEY HOSPITAL,100,General Surgery Service,3549.1220703125,0,0.0,3549.12206,0.0,0.0,Optimal,500,0,23732413.77608013,23727413.7777371,5000.0
pessimistic_p90,NVC0I,BEACON PARK HOSPITAL,502,Gynaecology Service,776.399543762207,0,0.0,776.399542,0.0,0.0,Optimal,500,0,23732413.77608013,23727413.7777371,5000.0
pessimistic_p90,NVC0I,BEACON PARK HOSPITAL,130,Ophthalmology Service,1869.6879577636719,0,0.0,1869.68796,0.0,0.0,Optimal,500,0,23732413.77608013,23727413.7777371,5000.0
pessimistic_p90,NVC0I,BEACON PARK HOSPITAL,110,Trauma and Orthopaedic Service,2671.3108825683594,0,0.0,2671.31089,0.0,0.0,Optimal,500,0,23732413.77608013,23727413.7777371,5000.0
pessimistic_p90,NVC0I,BEACON PARK HOSPITAL,101,Urology Service,700.1852989196777,0,0.0,700.185299,0.0,0.0,Optimal,500,0,23732413.77608013,23727413.7777371,5000.0
pessimistic_p90,NVC0I,BEACON PARK HOSPITAL,100,General Surgery Service,359.4424819946289,0,0.0,359.442482,0.0,0.0,Optimal,500,0,23732413.77608013,23727413.7777371,5000.0
pessimistic_p90,NVC09,NEW HALL HOSPITAL,502,Gynaecology Service,561.5839157104492,0,0.0,561.583916,0.0,0.0,Optimal,500,0,23732413.77608013,23727413.7777371,5000.0
pessimistic_p90,NVC12,OAKLANDS HOSPITAL,101,Urology Service,334.78713607788086,0,0.0,334.787135,0.0,0.0,Optimal,500,0,23732413.77608013,23727413.7777371,5000.0
pessimistic_p90,NVC12,OAKLANDS HOSPITAL,110,Trauma and Orthopaedic Service,9046.914001464844,0,0.0,9046.91399,0.0,0.0,Optimal,500,0,23732413.77608013,23727413.7777371,5000.0
pessimistic_p90,NVC13,OAKS HOSPITAL,100,General Surgery Service,635.3423728942871,0,0.0,635.3423720000001,0.0,0.0,Optimal,500,0,23732413.77608013,23727413.7777371,5000.0
pessimistic_p90,NVC13,OAKS HOSPITAL,101,Urology Service,190.09215354919434,0,0.0,190.0921542,0.0,0.0,Optimal,500,0,23732413.77608013,23727413.7777371,5000.0
pessimistic_p90,NVC18,SPRINGFIELD HOSPITAL,100,General Surgery Service,1988.6305236816406,0,0.0,1988.6305200000002,0.0,0.0,Optimal,500,0,23732413.77608013,23727413.7777371,5000.0
pessimistic_p90,NVC17,ROWLEY HALL HOSPITAL,502,Gynaecology Service,1180.6540985107422,0,0.0,1180.654098,0.0,0.0,Optimal,500,0,23732413.77608013,23727413.7777371,5000.0
pessimistic_p90,NVC17,ROWLEY HALL HOSPITAL,130,Ophthalmology Service,6462.921600341797,0,0.0,6462.92159,0.0,0.0,Optimal,500,0,23732413.77608013,23727413.7777371,5000.0
pessimistic_p90,NVC17,ROWLEY HALL HOSPITAL,110,Trauma and Orthopaedic Service,7532.200958251953,0,0.0,7532.20097,0.0,0.0,Optimal,500,0,23732413.77608013,23727413.7777371,5000.0
pessimistic_p90,NVC17,ROWLEY HALL HOSPITAL,101,Urology Service,453.67039489746094,0,0.0,453.670396,0.0,0.0,Optimal,500,0,23732413.77608013,23727413.7777371,5000.0
pessimistic_p90,NVC17,ROWLEY HALL HOSPITAL,100,General Surgery Service,793.1873359680176,0,0.0,793.187335,0.0,0.0,Optimal,500,0,23732413.77608013,23727413.7777371,5000.0
pessimistic_p90,NVC16,RENACRES HOSPITAL,120,Ear Nose and Throat Service,304.80044746398926,0,0.0,304.800447,0.0,0.0,Optimal,500,0,23732413.77608013,23727413.7777371,5000.0
pessimistic_p90,NVC16,RENACRES HOSPITAL,110,Trauma and Orthopaedic Service,10180.166931152344,0,0.0,10180.1669,0.0,0.0,Optimal,500,0,23732413.77608013,23727413.7777371,5000.0
pessimistic_p90,NVC16,RENACRES HOSPITAL,101,Urology Service,1128.47705078125,0,0.0,1128.477057,0.0,0.0,Optimal,500,0,23732413.77608013,23727413.7777371,5000.0
pessimistic_p90,NVC16,RENACRES HOSPITAL,100,General Surgery Service,1360.381706237793,0,0.0,1360.381717,0.0,0.0,Optimal,500,0,23732413.77608013,23727413.7777371,5000.0
pessimistic_p90,NVC15,PINEHILL HOSPITAL,130,Ophthalmology Service,1777.7994766235352,0,0.0,1777.79948,0.0,0.0,Optimal,500,0,23732413.77608013,23727413.7777371,5000.0
pessimistic_p90,NVC15,PINEHILL HOSPITAL,120,Ear Nose and Throat Service,1000.1601676940918,0,0.0,1000.160157,0.0,0.0,Optimal,500,0,23732413.77608013,23727413.7777371,5000.0
pessimistic_p90,NVC15,PINEHILL HOSPITAL,110,Trauma and Orthopaedic Service,5388.3824462890625,0,0.0,5388.38245,0.0,0.0,Optimal,500,0,23732413.77608013,23727413.7777371,5000.0
pessimistic_p90,NVC15,PINEHILL HOSPITAL,101,Urology Service,166.68007564544678,0,0.0,166.68007599999999,0.0,0.0,Optimal,500,0,23732413.77608013,23727413.7777371,5000.0
pessimistic_p90,NVC15,PINEHILL HOSPITAL,100,General Surgery Service,1372.9272537231445,0,0.0,1372.927254,0.0,0.0,Optimal,500,0,23732413.77608013,23727413.7777371,5000.0
pessimistic_p90,NVC14,PARK HILL HOSPITAL,110,Trauma and Orthopaedic Service,4081.557098388672,0,0.0,4081.5571,0.0,0.0,Optimal,500,0,23732413.77608013,23727413.7777371,5000.0
pessimistic_p90,NVC14,PARK HILL HOSPITAL,100,General Surgery Service,1148.1727600097656,0,0.0,1148.172762,0.0,0.0,Optimal,500,0,23732413.77608013,23727413.7777371,5000.0
pessimistic_p90,NVC13,OAKS HOSPITAL,502,Gynaecology Service,362.3816337585449,0,0.0,362.381633,0.0,0.0,Optimal,500,0,23732413.77608013,23727413.7777371,5000.0
pessimistic_p90,NVC13,OAKS HOSPITAL,130,Ophthalmology Service,188.85472679138184,0,0.0,188.854727,0.0,0.0,Optimal,500,0,23732413.77608013,23727413.7777371,5000.0
pessimistic_p90,NVC13,OAKS HOSPITAL,120,Ear Nose and Throat Service,170.11820888519287,0,0.0,170.118211,0.0,0.0,Optimal,500,0,23732413.77608013,23727413.7777371,5000.0
pessimistic_p90,NVC13,OAKS HOSPITAL,110,Trauma and Orthopaedic Service,1584.4576950073242,0,0.0,1584.4577,0.0,0.0,Optimal,500,0,23732413.77608013,23727413.7777371,5000.0
pessimistic_p90,NVC09,NEW HALL HOSPITAL,130,Ophthalmology Service,2233.420150756836,0,0.0,2233.42014,0.0,0.0,Optimal,500,0,23732413.77608013,23727413.7777371,5000.0
pessimistic_p90,NVC09,NEW HALL HOSPITAL,101,Urology Service,562.7861289978027,0,0.0,562.78613,0.0,0.0,Optimal,500,0,23732413.77608013,23727413.7777371,5000.0
pessimistic_p90,NTPH3,PRACTICE PLUS GROUP SURGICAL CENTRE - DEVIZES,130,Ophthalmology Service,3321.0961303710938,0,0.0,3321.09613,0.0,0.0,Optimal,500,0,23732413.77608013,23727413.7777371,5000.0
pessimistic_p90,NVC01,ASHTEAD HOSPITAL,101,Urology Service,587.6441345214844,0,0.0,587.644135,0.0,0.0,Optimal,500,0,23732413.77608013,23727413.7777371,5000.0
pessimistic_p90,NVC02,THE BERKSHIRE INDEPENDENT HOSPITAL,502,Gynaecology Service,302.29273414611816,0,0.0,302.292733,0.0,0.0,Optimal,500,0,23732413.77608013,23727413.7777371,5000.0
pessimistic_p90,NVC02,THE BERKSHIRE INDEPENDENT HOSPITAL,160,Plastic Surgery Service,573.4500846862793,0,0.0,573.4500850000001,0.0,0.0,Optimal,500,0,23732413.77608013,23727413.7777371,5000.0
pessimistic_p90,NVC02,THE BERKSHIRE INDEPENDENT HOSPITAL,130,Ophthalmology Service,576.7035217285156,0,0.0,576.703524,0.0,0.0,Optimal,500,0,23732413.77608013,23727413.7777371,5000.0
pessimistic_p90,NVC02,THE BERKSHIRE INDEPENDENT HOSPITAL,110,Trauma and Orthopaedic Service,2521.02880859375,0,0.0,2521.02881,0.0,0.0,Optimal,500,0,23732413.77608013,23727413.7777371,5000.0
pessimistic_p90,NVC02,THE BERKSHIRE INDEPENDENT HOSPITAL,101,Urology Service,1142.5570755004883,0,0.0,1142.557079,0.0,0.0,Optimal,500,0,23732413.77608013,23727413.7777371,5000.0
pessimistic_p90,NVC02,THE BERKSHIRE INDEPENDENT HOSPITAL,100,General Surgery Service,525.6442489624023,0,0.0,525.64425,0.0,0.0,Optimal,500,0,23732413.77608013,23727413.7777371,5000.0
pessimistic_p90,NVC01,ASHTEAD HOSPITAL,502,Gynaecology Service,727.320369720459,0,0.0,727.320372,0.0,0.0,Optimal,500,0,23732413.77608013,23727413.7777371,5000.0
pessimistic_p90,NVC01,ASHTEAD HOSPITAL,160,Plastic Surgery Service,284.76793670654297,0,0.0,284.767937,0.0,0.0,Optimal,500,0,23732413.77608013,23727413.7777371,5000.0
pessimistic_p90,NVC01,ASHTEAD HOSPITAL,130,Ophthalmology Service,1760.9176712036133,0,0.0,1760.917663,0.0,0.0,Optimal,500,0,23732413.77608013,23727413.7777371,5000.0
pessimistic_p90,NVC01,ASHTEAD HOSPITAL,110,Trauma and Orthopaedic Service,3471.8563690185547,0,0.0,3471.85636,0.0,0.0,Optimal,500,0,23732413.77608013,23727413.7777371,5000.0
pessimistic_p90,NVC01,ASHTEAD HOSPITAL,100,General Surgery Service,1917.466567993164,0,0.0,1917.46658,0.0,0.0,Optimal,500,0,23732413.77608013,23727413.7777371,5000.0
pessimistic_p90,NVC09,NEW HALL HOSPITAL,100,General Surgery Service,371.99011611938477,0,0.0,371.990116,0.0,0.0,Optimal,500,0,23732413.77608013,23727413.7777371,5000.0
pessimistic_p90,NTX,THE ONE HEALTH GROUP PLC,502,Gynaecology Service,3947.111297607422,0,0.0,3947.11129,0.0,0.0,Optimal,500,0,23732413.77608013,23727413.7777371,5000.0
pessimistic_p90,NTX,THE ONE HEALTH GROUP PLC,150,Neurosurgical Service,7153.084289550781,0,0.0,7153.08428,0.0,0.0,Optimal,500,0,23732413.77608013,23727413.7777371,5000.0
pessimistic_p90,NTX,THE ONE HEALTH GROUP PLC,110,Trauma and Orthopaedic Service,10948.774963378906,0,0.0,10948.77496,0.0,0.0,Optimal,500,0,23732413.77608013,23727413.7777371,5000.0
pessimistic_p90,NTX,THE ONE HEALTH GROUP PLC,101,Urology Service,1963.7358703613281,0,0.0,1963.73588,0.0,0.0,Optimal,500,0,23732413.77608013,23727413.7777371,5000.0
pessimistic_p90,NTX,THE ONE HEALTH GROUP PLC,100,General Surgery Service,3347.087646484375,0,0.0,3347.08765,0.0,0.0,Optimal,500,0,23732413.77608013,23727413.7777371,5000.0
pessimistic_p90,NTPH5,PRACTICE PLUS GROUP HOSPITAL - PLYMOUTH,130,Ophthalmology Service,1741.7652893066406,0,0.0,1741.76527,0.0,0.0,Optimal,500,0,23732413.77608013,23727413.7777371,5000.0
pessimistic_p90,NTPH5,PRACTICE PLUS GROUP HOSPITAL - PLYMOUTH,110,Trauma and Orthopaedic Service,24238.740966796875,0,0.0,24238.741,0.0,0.0,Optimal,500,0,23732413.77608013,23727413.7777371,5000.0
pessimistic_p90,NTPH5,PRACTICE PLUS GROUP HOSPITAL - PLYMOUTH,100,General Surgery Service,1225.319320678711,0,0.0,1225.319321,0.0,0.0,Optimal,500,0,23732413.77608013,23727413.7777371,5000.0
pessimistic_p90,NTPH3,PRACTICE PLUS GROUP SURGICAL CENTRE - DEVIZES,502,Gynaecology Service,1636.8621520996094,0,0.0,1636.86215,0.0,0.0,Optimal,500,0,23732413.77608013,23727413.7777371,5000.0
pessimistic_p90,NTPH3,PRACTICE PLUS GROUP SURGICAL CENTRE - DEVIZES,140,Oral Surgery Service,6545.832092285156,0,0.0,6545.8321,0.0,0.0,Optimal,500,0,23732413.77608013,23727413.7777371,5000.0
pessimistic_p90,NVC04,DUCHY HOSPITAL,100,General Surgery Service,2229.1473236083984,0,0.0,2229.14732,0.0,0.0,Optimal,500,0,23732413.77608013,23727413.7777371,5000.0
pessimistic_p90,NVC04,DUCHY HOSPITAL,110,Trauma and Orthopaedic Service,6525.136474609375,0,0.0,6525.13649,0.0,0.0,Optimal,500,0,23732413.77608013,23727413.7777371,5000.0
pessimistic_p90,NVC05,EUXTON HALL HOSPITAL,100,General Surgery Service,2964.0138244628906,0,0.0,2964.01381,0.0,0.0,Optimal,500,0,23732413.77608013,23727413.7777371,5000.0
pessimistic_p90,NVC05,EUXTON HALL HOSPITAL,101,Urology Service,119.43537998199463,0,0.0,119.4353792,0.0,0.0,Optimal,500,0,23732413.77608013,23727413.7777371,5000.0
pessimistic_p90,NVC08,MOUNT STUART HOSPITAL,502,Gynaecology Service,1769.2234344482422,0,0.0,1769.22342,0.0,0.0,Optimal,500,0,23732413.77608013,23727413.7777371,5000.0
pessimistic_p90,NVC08,MOUNT STUART HOSPITAL,160,Plastic Surgery Service,251.22935676574707,0,0.0,251.229357,0.0,0.0,Optimal,500,0,23732413.77608013,23727413.7777371,5000.0
pessimistic_p90,NVC08,MOUNT STUART HOSPITAL,130,Ophthalmology Service,1637.042007446289,0,0.0,1637.042,0.0,0.0,Optimal,500,0,23732413.77608013,23727413.7777371,5000.0
pessimistic_p90,NVC08,MOUNT STUART HOSPITAL,110,Trauma and Orthopaedic Service,4355.356689453125,0,0.0,4355.35668,0.0,0.0,Optimal,500,0,23732413.77608013,23727413.7777371,5000.0
pessimistic_p90,NVC08,MOUNT STUART HOSPITAL,101,Urology Service,533.9750175476074,0,0.0,533.975019,0.0,0.0,Optimal,500,0,23732413.77608013,23727413.7777371,5000.0
pessimistic_p90,NVC08,MOUNT STUART HOSPITAL,100,General Surgery Service,2631.1041870117188,0,0.0,2631.10417,0.0,0.0,Optimal,500,0,23732413.77608013,23727413.7777371,5000.0
pessimistic_p90,NVC07,FULWOOD HALL HOSPITAL,502,Gynaecology Service,1073.2473068237305,0,0.0,1073.247302,0.0,0.0,Optimal,500,0,23732413.77608013,23727413.7777371,5000.0
pessimistic_p90,NVC07,FULWOOD HALL HOSPITAL,160,Plastic Surgery Service,255.4876480102539,0,0.0,255.487647,0.0,0.0,Optimal,500,0,23732413.77608013,23727413.7777371,5000.0
pessimistic_p90,NVC07,FULWOOD HALL HOSPITAL,130,Ophthalmology Service,2666.7901916503906,0,0.0,2666.7902,0.0,0.0,Optimal,500,0,23732413.77608013,23727413.7777371,5000.0
pessimistic_p90,NVC07,FULWOOD HALL HOSPITAL,110,Trauma and Orthopaedic Service,9959.781677246094,0,0.0,9959.78169,0.0,0.0,Optimal,500,0,23732413.77608013,23727413.7777371,5000.0
pessimistic_p90,NVC07,FULWOOD HALL HOSPITAL,101,Urology Service,1474.8101806640625,0,0.0,1474.81019,0.0,0.0,Optimal,500,0,23732413.77608013,23727413.7777371,5000.0
pessimistic_p90,NVC07,FULWOOD HALL HOSPITAL,100,General Surgery Service,3200.0310668945312,0,0.0,3200.03107,0.0,0.0,Optimal,500,0,23732413.77608013,23727413.7777371,5000.0
pessimistic_p90,NVC06,FITZWILLIAM HOSPITAL,502,Gynaecology Service,1192.4785766601562,0,0.0,1192.478568,0.0,0.0,Optimal,500,0,23732413.77608013,23727413.7777371,5000.0
pessimistic_p90,NVC06,FITZWILLIAM HOSPITAL,130,Ophthalmology Service,1575.4806213378906,0,0.0,1575.480615,0.0,0.0,Optimal,500,0,23732413.77608013,23727413.7777371,5000.0
pessimistic_p90,NVC06,FITZWILLIAM HOSPITAL,110,Trauma and Orthopaedic Service,12064.733581542969,0,0.0,12064.733479999999,0.0,0.0,Optimal,500,0,23732413.77608013,23727413.7777371,5000.0
pessimistic_p90,NVC06,FITZWILLIAM HOSPITAL,101,Urology Service,1048.7267227172852,0,0.0,1048.726727,0.0,0.0,Optimal,500,0,23732413.77608013,23727413.7777371,5000.0
pessimistic_p90,NVC06,FITZWILLIAM HOSPITAL,100,General Surgery Service,2488.569366455078,0,0.0,2488.56937,0.0,0.0,Optimal,500,0,23732413.77608013,23727413.7777371,5000.0
pessimistic_p90,NVC05,EUXTON HALL HOSPITAL,502,Gynaecology Service,766.015064239502,0,0.0,766.0150629999999,0.0,0.0,Optimal,500,0,23732413.77608013,23727413.7777371,5000.0
pessimistic_p90,NVC05,EUXTON HALL HOSPITAL,160,Plastic Surgery Service,231.57488250732422,0,0.0,231.574884,0.0,0.0,Optimal,500,0,23732413.77608013,23727413.7777371,5000.0
pessimistic_p90,NVC05,EUXTON HALL HOSPITAL,120,Ear Nose and Throat Service,174.13665199279785,0,0.0,174.13665220000001,0.0,0.0,Optimal,500,0,23732413.77608013,23727413.7777371,5000.0
pessimistic_p90,NVC05,EUXTON HALL HOSPITAL,110,Trauma and Orthopaedic Service,7315.374328613281,0,0.0,7315.37432,0.0,0.0,Optimal,500,0,23732413.77608013,23727413.7777371,5000.0
pessimistic_p90,Z9Z1G,SPAMEDICA GATESHEAD,130,Ophthalmology Service,9809.944274902344,0,0.0,9809.94429,0.0,0.0,Optimal,500,0,23732413.77608013,23727413.7777371,5000.0
