series_id,trust_code,trust_name,specialty_code,specialty_name,first_month,last_month,total_months,observed_months,missing_months,missing_pct,max_consecutive_missing_months,excluded_for_insufficient_history,discontinued_series,latest_observed_month
ADP02__100,ADP02,KIMS HOSPITAL LTD,100,General Surgery,2015-10-01,2026-05-01,128,127,1,0.78125,1,False,False,2026-05-01
ADP02__110,ADP02,KIMS HOSPITAL LTD,110,Trauma & Orthopaedics,2015-10-01,2026-05-01,128,128,0,0.0,0,False,False,2026-05-01
ADP02__120,ADP02,KIMS HOSPITAL LTD,120,ENT,2015-10-01,2026-05-01,128,59,69,53.90625,51,False,False,2026-05-01
ADP02__130,ADP02,KIMS HOSPITAL LTD,130,Ophthalmology,2015-10-01,2026-02-01,125,98,27,21.6,12,False,True,2026-02-01
ADP02__502,ADP02,KIMS HOSPITAL LTD,502,Gynaecology,2015-10-01,2026-05-01,128,127,1,0.78125,1,False,False,2026-05-01
ADP02__X01,ADP02,KIMS HOSPITAL LTD,X01,Other,2015-10-01,2021-03-01,66,66,0,0.0,0,False,True,2021-03-01
AHH__100,AHH,FOSCOTE COURT (BANBURY) TRUST LTD,100,General Surgery,2015-10-01,2019-06-01,45,45,0,0.0,0,False,True,2019-06-01
AHH__110,AHH,FOSCOTE COURT (BANBURY) TRUST LTD,110,Trauma & Orthopaedics,2015-10-01,2019-06-01,45,45,0,0.0,0,False,True,2019-06-01
AHH__301,AHH,FOSCOTE COURT (BANBURY) TRUST LTD,301,Gastroenterology,2015-10-01,2016-04-01,7,7,0,0.0,0,True,True,2016-04-01
AHH__502,AHH,FOSCOTE COURT (BANBURY) TRUST LTD,502,Gynaecology,2015-10-01,2019-06-01,45,45,0,0.0,0,False,True,2019-06-01
AHH__X01,AHH,FOSCOTE COURT (BANBURY) TRUST LTD,X01,Other,2015-10-01,2017-11-01,26,21,5,19.23076923076923,5,True,True,2017-11-01
AJX__110,AJX,SUSSEX MSK PARTNERSHIP 2,110,Trauma & Orthopaedics,2015-10-01,2024-11-01,110,110,0,0.0,0,False,True,2024-11-01
AJX__410,AJX,SUSSEX MSK PARTNERSHIP 2,410,Rheumatology,2015-10-01,2024-11-01,110,110,0,0.0,0,False,True,2024-11-01
AJX__X01,AJX,SUSSEX MSK PARTNERSHIP 2,X01,Other,2015-10-01,2021-03-01,66,65,1,1.5151515151515151,1,False,True,2021-03-01
IS1__330,IS1,INDEPENDENT SECTOR - UNSPECIFIED,330,Dermatology,2015-10-01,2017-12-01,27,21,6,22.22222222222222,4,True,True,2017-12-01
NAM01__100,NAM01,PROBUS SURGICAL CENTRE,100,General Surgery,2015-10-01,2026-05-01,128,128,0,0.0,0,False,False,2026-05-01
NAM01__101,NAM01,PROBUS SURGICAL CENTRE,101,Urology,2015-10-01,2026-05-01,128,128,0,0.0,0,False,False,2026-05-01
NAM01__110,NAM01,PROBUS SURGICAL CENTRE,110,Trauma & Orthopaedics,2015-10-01,2026-05-01,128,128,0,0.0,0,False,False,2026-05-01
NAM01__130,NAM01,PROBUS SURGICAL CENTRE,130,Ophthalmology,2015-10-01,2026-05-01,128,128,0,0.0,0,False,False,2026-05-01
NCR__130,NCR,ISIGHT,130,Ophthalmology,2015-10-01,2026-05-01,128,128,0,0.0,0,False,False,2026-05-01
NDJ__110,NDJ,FIRST COMMUNITY HEALTH AND CARE CIC,110,Trauma & Orthopaedics,2015-10-01,2026-05-01,128,128,0,0.0,0,False,False,2026-05-01
NDL01__X01,NDL01,SUFFOLK GP FEDERATION - WOODBRIDGE,X01,Other,2015-10-01,2021-03-01,66,66,0,0.0,0,False,True,2021-03-01
NEJ01__110,NEJ01,HAND TO ELBOW CLINIC (BATH),110,Trauma & Orthopaedics,2015-10-01,2021-04-01,67,66,1,1.492537313432836,1,False,True,2021-04-01
NEY__150,NEY,PIONEER HEALTHCARE LIMITED,150,Neurosurgery,2015-10-01,2026-05-01,128,127,1,0.78125,1,False,False,2026-05-01
NFH__110,NFH,SOMERSET SURGICAL SERVICES HQ,110,Trauma & Orthopaedics,2015-10-01,2026-05-01,128,128,0,0.0,0,False,False,2026-05-01
NFH__130,NFH,SOMERSET SURGICAL SERVICES HQ,130,Ophthalmology,2015-10-01,2026-05-01,128,128,0,0.0,0,False,False,2026-05-01
NFH__140,NFH,SOMERSET SURGICAL SERVICES HQ,140,Oral Surgery,2015-10-01,2026-05-01,128,128,0,0.0,0,False,False,2026-05-01
NFH__160,NFH,SOMERSET SURGICAL SERVICES HQ,160,Plastic Surgery,2015-10-01,2026-05-01,128,128,0,0.0,0,False,False,2026-05-01
NFH__X01,NFH,SOMERSET SURGICAL SERVICES HQ,X01,Other,2015-10-01,2021-03-01,66,66,0,0.0,0,False,True,2021-03-01
NL8__100,NL8,LOCALA COMMUNITY PARTNERSHIPS CIC,100,General Surgery,2015-10-01,2015-10-01,1,1,0,0.0,0,True,True,2015-10-01
NL8__110,NL8,LOCALA COMMUNITY PARTNERSHIPS CIC,110,Trauma & Orthopaedics,2015-10-01,2025-07-01,118,118,0,0.0,0,False,True,2025-07-01
NL8__160,NL8,LOCALA COMMUNITY PARTNERSHIPS CIC,160,Plastic Surgery,2015-10-01,2022-10-01,85,85,0,0.0,0,False,True,2022-10-01
NL8__330,NL8,LOCALA COMMUNITY PARTNERSHIPS CIC,330,Dermatology,2015-10-01,2026-05-01,128,128,0,0.0,0,False,False,2026-05-01
NL8__400,NL8,LOCALA COMMUNITY PARTNERSHIPS CIC,400,Neurology,2015-10-01,2022-09-01,84,83,1,1.1904761904761905,1,False,True,2022-09-01
NL8__X01,NL8,LOCALA COMMUNITY PARTNERSHIPS CIC,X01,Other,2015-10-01,2021-03-01,66,66,0,0.0,0,False,True,2021-03-01
NLE01__101,NLE01,LANCASTER HOUSE CONSULTING DIAGNOSTICS SURGICAL LTD HQ,101,Urology,2015-10-01,2026-05-01,128,128,0,0.0,0,False,False,2026-05-01
NLF06__110,NLF06,OLDHAM INTEGRATED CARE CENTRE,110,Trauma & Orthopaedics,2015-10-01,2024-01-01,100,100,0,0.0,0,False,True,2024-01-01
NLF06__410,NLF06,OLDHAM INTEGRATED CARE CENTRE,410,Rheumatology,2015-10-01,2024-01-01,100,100,0,0.0,0,False,True,2024-01-01
NLF06__X01,NLF06,OLDHAM INTEGRATED CARE CENTRE,X01,Other,2015-10-01,2021-03-01,66,66,0,0.0,0,False,True,2021-03-01
NLL__X01,NLL,PENINSULA COMMUNITY HEALTH C.I.C,X01,Other,2015-10-01,2016-03-01,6,6,0,0.0,0,True,True,2016-03-01
NLT__110,NLT,NORTH SOMERSET COMMUNITY PARTNERSHIP COMMUNITY INTEREST COMPANY,110,Trauma & Orthopaedics,2015-10-01,2020-02-01,53,48,5,9.433962264150944,5,False,True,2020-02-01
NLW__110,NLW,BRISTOL COMMUNITY HEALTH,110,Trauma & Orthopaedics,2015-10-01,2020-03-01,54,54,0,0.0,0,False,True,2020-03-01
NLX__110,NLX,SIRONA CARE & HEALTH,110,Trauma & Orthopaedics,2015-10-01,2026-05-01,128,127,1,0.78125,1,False,False,2026-05-01
NLX__400,NLX,SIRONA CARE & HEALTH,400,Neurology,2015-10-01,2015-11-01,2,2,0,0.0,0,True,True,2015-11-01
NLX__430,NLX,SIRONA CARE & HEALTH,430,Geriatric Medicine,2015-10-01,2017-03-01,18,17,1,5.555555555555555,1,True,True,2017-03-01
NLX__X01,NLX,SIRONA CARE & HEALTH,X01,Other,2015-10-01,2017-03-01,18,17,1,5.555555555555555,1,True,True,2017-03-01
NN4__100,NN4,TYNESIDE SURGICAL SERVICES LTD,100,General Surgery,2015-10-01,2026-05-01,128,128,0,0.0,0,False,False,2026-05-01
NN4__110,NN4,TYNESIDE SURGICAL SERVICES LTD,110,Trauma & Orthopaedics,2015-10-01,2026-05-01,128,128,0,0.0,0,False,False,2026-05-01
NN4__160,NN4,TYNESIDE SURGICAL SERVICES LTD,160,Plastic Surgery,2015-10-01,2026-05-01,128,128,0,0.0,0,False,False,2026-05-01
NN4__301,NN4,TYNESIDE SURGICAL SERVICES LTD,301,Gastroenterology,2015-10-01,2026-05-01,128,128,0,0.0,0,False,False,2026-05-01
NN4__502,NN4,TYNESIDE SURGICAL SERVICES LTD,502,Gynaecology,2015-10-01,2026-05-01,128,128,0,0.0,0,False,False,2026-05-01
NN4__X01,NN4,TYNESIDE SURGICAL SERVICES LTD,X01,Other,2015-10-01,2021-03-01,66,66,0,0.0,0,False,True,2021-03-01
NN5__100,NN5,MANCHESTER SURGICAL SERVICES LTD,100,General Surgery,2015-10-01,2026-05-01,128,127,1,0.78125,1,False,False,2026-05-01
NN5__110,NN5,MANCHESTER SURGICAL SERVICES LTD,110,Trauma & Orthopaedics,2015-10-01,2026-05-01,128,128,0,0.0,0,False,False,2026-05-01
NN5__120,NN5,MANCHESTER SURGICAL SERVICES LTD,120,ENT,2015-10-01,2025-04-01,115,114,1,0.8695652173913043,1,False,True,2025-04-01
NN5__301,NN5,MANCHESTER SURGICAL SERVICES LTD,301,Gastroenterology,2015-10-01,2026-05-01,128,118,10,7.8125,10,False,False,2026-05-01
NNE__100,NNE,DORKING HEALTHCARE LIMITED,100,General Surgery,2015-10-01,2026-05-01,128,128,0,0.0,0,False,False,2026-05-01
NNE__101,NNE,DORKING HEALTHCARE LIMITED,101,Urology,2015-10-01,2026-05-01,128,128,0,0.0,0,False,False,2026-05-01
NNE__110,NNE,DORKING HEALTHCARE LIMITED,110,Trauma & Orthopaedics,2015-10-01,2026-05-01,128,128,0,0.0,0,False,False,2026-05-01
NNE__120,NNE,DORKING HEALTHCARE LIMITED,120,ENT,2015-10-01,2026-05-01,128,128,0,0.0,0,False,False,2026-05-01
NNE__130,NNE,DORKING HEALTHCARE LIMITED,130,Ophthalmology,2015-10-01,2026-05-01,128,128,0,0.0,0,False,False,2026-05-01
NNE__150,NNE,DORKING HEALTHCARE LIMITED,150,Neurosurgery,2015-10-01,2026-05-01,128,128,0,0.0,0,False,False,2026-05-01
NNE__160,NNE,DORKING HEALTHCARE LIMITED,160,Plastic Surgery,2015-10-01,2021-10-01,73,73,0,0.0,0,False,True,2021-10-01
NNE__300,NNE,DORKING HEALTHCARE LIMITED,300,General Medicine,2015-10-01,2026-05-01,128,128,0,0.0,0,False,False,2026-05-01
NNE__301,NNE,DORKING HEALTHCARE LIMITED,301,Gastroenterology,2015-10-01,2026-05-01,128,128,0,0.0,0,False,False,2026-05-01
NNE__330,NNE,DORKING HEALTHCARE LIMITED,330,Dermatology,2015-10-01,2026-05-01,128,128,0,0.0,0,False,False,2026-05-01
NNE__400,NNE,DORKING HEALTHCARE LIMITED,400,Neurology,2015-10-01,2026-05-01,128,128,0,0.0,0,False,False,2026-05-01
NNE__410,NNE,DORKING HEALTHCARE LIMITED,410,Rheumatology,2015-10-01,2026-05-01,128,128,0,0.0,0,False,False,2026-05-01
NNE__430,NNE,DORKING HEALTHCARE LIMITED,430,Geriatric Medicine,2015-10-01,2026-05-01,128,128,0,0.0,0,False,False,2026-05-01
NNE__502,NNE,DORKING HEALTHCARE LIMITED,502,Gynaecology,2015-10-01,2026-05-01,128,128,0,0.0,0,False,False,2026-05-01
NNE__X01,NNE,DORKING HEALTHCARE LIMITED,X01,Other,2015-10-01,2021-03-01,66,66,0,0.0,0,False,True,2021-03-01
NNF__320,NNF,CITY HEALTH CARE PARTNERSHIP CIC,320,Cardiology,2015-10-01,2018-09-01,36,36,0,0.0,0,False,True,2018-09-01
NNF__502,NNF,CITY HEALTH CARE PARTNERSHIP CIC,502,Gynaecology,2015-10-01,2024-01-01,100,100,0,0.0,0,False,True,2024-01-01
NNF__X01,NNF,CITY HEALTH CARE PARTNERSHIP CIC,X01,Other,2015-10-01,2021-03-01,66,66,0,0.0,0,False,True,2021-03-01
NP0__130,NP0,BEXLEY HEALTH LIMITED,130,Ophthalmology,2015-10-01,2015-10-01,1,1,0,0.0,0,True,True,2015-10-01
NQA__X01,NQA,PROVIDE,X01,Other,2015-10-01,2021-03-01,66,66,0,0.0,0,False,True,2021-03-01
NQH__100,NQH,NOVUS HEALTH LTD,100,General Surgery,2015-10-01,2019-06-01,45,45,0,0.0,0,False,True,2019-06-01
NQH__101,NQH,NOVUS HEALTH LTD,101,Urology,2015-10-01,2017-10-01,25,25,0,0.0,0,True,True,2017-10-01
NQH__110,NQH,NOVUS HEALTH LTD,110,Trauma & Orthopaedics,2015-10-01,2024-05-01,104,103,1,0.9615384615384616,1,False,True,2024-05-01
NQH__130,NQH,NOVUS HEALTH LTD,130,Ophthalmology,2015-10-01,2019-04-01,43,43,0,0.0,0,False,True,2019-04-01
NQM01__110,NQM01,ORTHOPAEDICS & SPINE SPECIALIST HOSPITAL SITE,110,Trauma & Orthopaedics,2015-10-01,2026-05-01,128,127,1,0.78125,1,False,False,2026-05-01
NQV__X01,NQV,BROMLEY HEALTHCARE,X01,Other,2015-10-01,2021-03-01,66,66,0,0.0,0,False,True,2021-03-01
NR5__430,NR5,LIVEWELL SOUTHWEST,430,Geriatric Medicine,2015-10-01,2026-05-01,128,128,0,0.0,0,False,False,2026-05-01
NR5__X01,NR5,LIVEWELL SOUTHWEST,X01,Other,2015-10-01,2021-03-01,66,66,0,0.0,0,False,True,2021-03-01
NT202__100,NT202,"NUFFIELD HEALTH, BOURNEMOUTH HOSPITAL",100,General Surgery,2015-10-01,2026-05-01,128,125,3,2.34375,3,False,False,2026-05-01
NT202__110,NT202,"NUFFIELD HEALTH, BOURNEMOUTH HOSPITAL",110,Trauma & Orthopaedics,2015-10-01,2026-05-01,128,125,3,2.34375,3,False,False,2026-05-01
NT202__330,NT202,"NUFFIELD HEALTH, BOURNEMOUTH HOSPITAL",330,Dermatology,2015-10-01,2021-07-01,70,65,5,7.142857142857143,3,False,True,2021-07-01
NT202__502,NT202,"NUFFIELD HEALTH, BOURNEMOUTH HOSPITAL",502,Gynaecology,2015-10-01,2025-03-01,114,74,40,35.08771929824562,18,False,True,2025-03-01
NT204__100,NT204,"NUFFIELD HEALTH, BRENTWOOD HOSPITAL",100,General Surgery,2015-10-01,2026-05-01,128,125,3,2.34375,2,False,False,2026-05-01
NT204__101,NT204,"NUFFIELD HEALTH, BRENTWOOD HOSPITAL",101,Urology,2015-10-01,2026-05-01,128,55,73,57.03125,26,False,False,2026-05-01
NT204__110,NT204,"NUFFIELD HEALTH, BRENTWOOD HOSPITAL",110,Trauma & Orthopaedics,2015-10-01,2026-05-01,128,124,4,3.125,3,False,False,2026-05-01
NT204__120,NT204,"NUFFIELD HEALTH, BRENTWOOD HOSPITAL",120,ENT,2015-10-01,2026-05-01,128,74,54,42.1875,48,False,False,2026-05-01
NT204__130,NT204,"NUFFIELD HEALTH, BRENTWOOD HOSPITAL",130,Ophthalmology,2015-10-01,2018-08-01,35,35,0,0.0,0,True,True,2018-08-01
NT204__150,NT204,"NUFFIELD HEALTH, BRENTWOOD HOSPITAL",150,Neurosurgery,2015-10-01,2026-05-01,128,105,23,17.96875,8,False,False,2026-05-01
NT204__320,NT204,"NUFFIELD HEALTH, BRENTWOOD HOSPITAL",320,Cardiology,2015-10-01,2021-06-01,69,12,57,82.6086956521739,34,False,True,2021-06-01
NT204__502,NT204,"NUFFIELD HEALTH, BRENTWOOD HOSPITAL",502,Gynaecology,2015-10-01,2026-05-01,128,127,1,0.78125,1,False,False,2026-05-01
NT205__100,NT205,"NUFFIELD HEALTH, BRIGHTON HOSPITAL",100,General Surgery,2015-10-01,2026-05-01,128,118,10,7.8125,5,False,False,2026-05-01
NT205__110,NT205,"NUFFIELD HEALTH, BRIGHTON HOSPITAL",110,Trauma & Orthopaedics,2015-10-01,2026-05-01,128,125,3,2.34375,3,False,False,2026-05-01
NT205__160,NT205,"NUFFIELD HEALTH, BRIGHTON HOSPITAL",160,Plastic Surgery,2015-10-01,2026-05-01,128,123,5,3.90625,4,False,False,2026-05-01
NT205__301,NT205,"NUFFIELD HEALTH, BRIGHTON HOSPITAL",301,Gastroenterology,2015-10-01,2017-10-01,25,24,1,4.0,1,True,True,2017-10-01
NT207__100,NT207,"NUFFIELD HEALTH, BRISTOL HOSPITAL (ST MARY'S)",100,General Surgery,2015-10-01,2016-06-01,9,9,0,0.0,0,True,True,2016-06-01
NT207__110,NT207,"NUFFIELD HEALTH, BRISTOL HOSPITAL (ST MARY'S)",110,Trauma & Orthopaedics,2015-10-01,2016-06-01,9,9,0,0.0,0,True,True,2016-06-01
NT207__130,NT207,"NUFFIELD HEALTH, BRISTOL HOSPITAL (ST MARY'S)",130,Ophthalmology,2015-10-01,2016-06-01,9,9,0,0.0,0,True,True,2016-06-01
NT207__301,NT207,"NUFFIELD HEALTH, BRISTOL HOSPITAL (ST MARY'S)",301,Gastroenterology,2015-10-01,2016-06-01,9,9,0,0.0,0,True,True,2016-06-01
NT209__100,NT209,"NUFFIELD HEALTH, CAMBRIDGE HOSPITAL",100,General Surgery,2015-10-01,2025-06-01,117,115,2,1.7094017094017093,1,False,True,2025-06-01
NT209__110,NT209,"NUFFIELD HEALTH, CAMBRIDGE HOSPITAL",110,Trauma & Orthopaedics,2015-10-01,2026-05-01,128,128,0,0.0,0,False,False,2026-05-01
NT209__150,NT209,"NUFFIELD HEALTH, CAMBRIDGE HOSPITAL",150,Neurosurgery,2015-10-01,2026-05-01,128,127,1,0.78125,1,False,False,2026-05-01
NT210__110,NT210,"NUFFIELD HEALTH, THE GROSVENOR HOSPITAL, CHESTER",110,Trauma & Orthopaedics,2015-10-01,2026-05-01,128,128,0,0.0,0,False,False,2026-05-01
NT210__502,NT210,"NUFFIELD HEALTH, THE GROSVENOR HOSPITAL, CHESTER",502,Gynaecology,2015-10-01,2015-12-01,3,2,1,33.333333333333336,1,True,True,2015-12-01
NT211__100,NT211,"NUFFIELD HEALTH, CHELTENHAM HOSPITAL",100,General Surgery,2015-10-01,2025-04-01,115,108,7,6.086956521739131,7,False,True,2025-04-01
NT211__110,NT211,"NUFFIELD HEALTH, CHELTENHAM HOSPITAL",110,Trauma & Orthopaedics,2015-10-01,2026-05-01,128,128,0,0.0,0,False,False,2026-05-01
NT211__502,NT211,"NUFFIELD HEALTH, CHELTENHAM HOSPITAL",502,Gynaecology,2015-10-01,2016-07-01,10,10,0,0.0,0,True,True,2016-07-01
NT212__100,NT212,"NUFFIELD HEALTH, CHICHESTER HOSPITAL",100,General Surgery,2015-10-01,2026-05-01,128,128,0,0.0,0,False,False,2026-05-01
NT212__101,NT212,"NUFFIELD HEALTH, CHICHESTER HOSPITAL",101,Urology,2015-10-01,2025-10-01,121,119,2,1.6528925619834711,1,False,True,2025-10-01
NT212__110,NT212,"NUFFIELD HEALTH, CHICHESTER HOSPITAL",110,Trauma & Orthopaedics,2015-10-01,2026-05-01,128,128,0,0.0,0,False,False,2026-05-01
NT212__130,NT212,"NUFFIELD HEALTH, CHICHESTER HOSPITAL",130,Ophthalmology,2015-10-01,2026-02-01,125,23,102,81.6,51,False,True,2026-02-01
NT212__301,NT212,"NUFFIELD HEALTH, CHICHESTER HOSPITAL",301,Gastroenterology,2015-10-01,2022-07-01,82,27,55,67.07317073170732,24,False,True,2022-07-01
NT212__330,NT212,"NUFFIELD HEALTH, CHICHESTER HOSPITAL",330,Dermatology,2015-10-01,2020-09-01,60,4,56,93.33333333333333,56,False,True,2020-09-01
NT213__100,NT213,"NUFFIELD HEALTH, DERBY HOSPITAL",100,General Surgery,2015-10-01,2026-05-01,128,128,0,0.0,0,False,False,2026-05-01
NT213__110,NT213,"NUFFIELD HEALTH, DERBY HOSPITAL",110,Trauma & Orthopaedics,2015-10-01,2026-05-01,128,128,0,0.0,0,False,False,2026-05-01
NT213__120,NT213,"NUFFIELD HEALTH, DERBY HOSPITAL",120,ENT,2015-10-01,2023-02-01,89,89,0,0.0,0,False,True,2023-02-01
NT213__130,NT213,"NUFFIELD HEALTH, DERBY HOSPITAL",130,Ophthalmology,2015-10-01,2019-02-01,41,6,35,85.36585365853658,27,False,True,2019-02-01
NT213__301,NT213,"NUFFIELD HEALTH, DERBY HOSPITAL",301,Gastroenterology,2015-10-01,2025-09-01,120,105,15,12.5,6,False,True,2025-09-01
NT214__100,NT214,"NUFFIELD HEALTH, WESSEX HOSPITAL",100,General Surgery,2015-10-01,2021-04-01,67,67,0,0.0,0,False,True,2021-04-01
NT214__101,NT214,"NUFFIELD HEALTH, WESSEX HOSPITAL",101,Urology,2015-10-01,2024-10-01,109,23,86,78.89908256880734,86,False,True,2024-10-01
NT214__110,NT214,"NUFFIELD HEALTH, WESSEX HOSPITAL",110,Trauma & Orthopaedics,2015-10-01,2026-05-01,128,127,1,0.78125,1,False,False,2026-05-01
NT214__130,NT214,"NUFFIELD HEALTH, WESSEX HOSPITAL",130,Ophthalmology,2015-10-01,2018-04-01,31,21,10,32.25806451612903,10,True,True,2018-04-01
NT214__502,NT214,"NUFFIELD HEALTH, WESSEX HOSPITAL",502,Gynaecology,2015-10-01,2024-08-01,107,35,72,67.28971962616822,60,False,True,2024-08-01
NT215__100,NT215,"NUFFIELD HEALTH, EXETER HOSPITAL",100,General Surgery,2015-10-01,2026-05-01,128,100,28,21.875,23,False,False,2026-05-01
NT215__110,NT215,"NUFFIELD HEALTH, EXETER HOSPITAL",110,Trauma & Orthopaedics,2015-10-01,2026-05-01,128,128,0,0.0,0,False,False,2026-05-01
NT215__320,NT215,"NUFFIELD HEALTH, EXETER HOSPITAL",320,Cardiology,2015-10-01,2026-05-01,128,110,18,14.0625,7,False,False,2026-05-01
NT218__100,NT218,"NUFFIELD HEALTH, HAYWARDS HEATH HOSPITAL",100,General Surgery,2015-10-01,2026-05-01,128,128,0,0.0,0,False,False,2026-05-01
NT218__110,NT218,"NUFFIELD HEALTH, HAYWARDS HEATH HOSPITAL",110,Trauma & Orthopaedics,2015-10-01,2026-05-01,128,106,22,17.1875,14,False,False,2026-05-01
NT218__340,NT218,"NUFFIELD HEALTH, HAYWARDS HEATH HOSPITAL",340,Thoracic Medicine,2015-10-01,2021-04-01,67,65,2,2.985074626865672,1,False,True,2021-04-01
NT219__100,NT219,"NUFFIELD HEALTH, HEREFORD HOSPITAL",100,General Surgery,2015-10-01,2026-05-01,128,126,2,1.5625,2,False,False,2026-05-01
NT219__101,NT219,"NUFFIELD HEALTH, HEREFORD HOSPITAL",101,Urology,2015-10-01,2021-04-01,67,30,37,55.223880597014926,32,False,True,2021-04-01
NT219__110,NT219,"NUFFIELD HEALTH, HEREFORD HOSPITAL",110,Trauma & Orthopaedics,2015-10-01,2026-05-01,128,126,2,1.5625,2,False,False,2026-05-01
NT219__120,NT219,"NUFFIELD HEALTH, HEREFORD HOSPITAL",120,ENT,2015-10-01,2020-10-01,61,55,6,9.836065573770492,3,False,True,2020-10-01
NT219__502,NT219,"NUFFIELD HEALTH, HEREFORD HOSPITAL",502,Gynaecology,2015-10-01,2023-02-01,89,38,51,57.30337078651685,17,False,True,2023-02-01
NT222__100,NT222,"NUFFIELD HEALTH, IPSWICH HOSPITAL",100,General Surgery,2015-10-01,2016-06-01,9,9,0,0.0,0,True,True,2016-06-01
NT222__101,NT222,"NUFFIELD HEALTH, IPSWICH HOSPITAL",101,Urology,2015-10-01,2016-02-01,5,5,0,0.0,0,True,True,2016-02-01
NT222__110,NT222,"NUFFIELD HEALTH, IPSWICH HOSPITAL",110,Trauma & Orthopaedics,2015-10-01,2016-04-01,7,7,0,0.0,0,True,True,2016-04-01
NT222__130,NT222,"NUFFIELD HEALTH, IPSWICH HOSPITAL",130,Ophthalmology,2015-10-01,2016-04-01,7,7,0,0.0,0,True,True,2016-04-01
NT224__101,NT224,"NUFFIELD HEALTH, WARWICKSHIRE HOSPITAL",101,Urology,2015-10-01,2026-05-01,128,26,102,79.6875,102,False,False,2026-05-01
NT224__110,NT224,"NUFFIELD HEALTH, WARWICKSHIRE HOSPITAL",110,Trauma & Orthopaedics,2015-10-01,2026-05-01,128,127,1,0.78125,1,False,False,2026-05-01
NT224__150,NT224,"NUFFIELD HEALTH, WARWICKSHIRE HOSPITAL",150,Neurosurgery,2015-10-01,2021-10-01,73,67,6,8.219178082191782,6,False,True,2021-10-01
NT225__100,NT225,"NUFFIELD HEALTH, LEEDS HOSPITAL",100,General Surgery,2015-10-01,2025-11-01,122,122,0,0.0,0,False,True,2025-11-01
NT225__101,NT225,"NUFFIELD HEALTH, LEEDS HOSPITAL",101,Urology,2015-10-01,2025-10-01,121,80,41,33.88429752066116,15,False,True,2025-10-01
NT225__110,NT225,"NUFFIELD HEALTH, LEEDS HOSPITAL",110,Trauma & Orthopaedics,2015-10-01,2025-11-01,122,122,0,0.0,0,False,True,2025-11-01
NT225__120,NT225,"NUFFIELD HEALTH, LEEDS HOSPITAL",120,ENT,2015-10-01,2025-11-01,122,122,0,0.0,0,False,True,2025-11-01
NT225__320,NT225,"NUFFIELD HEALTH, LEEDS HOSPITAL",320,Cardiology,2015-10-01,2022-08-01,83,58,25,30.120481927710845,13,False,True,2022-08-01
NT225__502,NT225,"NUFFIELD HEALTH, LEEDS HOSPITAL",502,Gynaecology,2015-10-01,2025-11-01,122,102,20,16.39344262295082,13,False,True,2025-11-01
NT226__100,NT226,"NUFFIELD HEALTH, LEICESTER HOSPITAL",100,General Surgery,2015-10-01,2026-05-01,128,121,7,5.46875,7,False,False,2026-05-01
NT226__101,NT226,"NUFFIELD HEALTH, LEICESTER HOSPITAL",101,Urology,2015-10-01,2025-11-01,122,36,86,70.49180327868852,86,False,True,2025-11-01
NT226__110,NT226,"NUFFIELD HEALTH, LEICESTER HOSPITAL",110,Trauma & Orthopaedics,2015-10-01,2026-05-01,128,128,0,0.0,0,False,False,2026-05-01
NT226__120,NT226,"NUFFIELD HEALTH, LEICESTER HOSPITAL",120,ENT,2015-10-01,2025-03-01,114,114,0,0.0,0,False,True,2025-03-01
NT226__130,NT226,"NUFFIELD HEALTH, LEICESTER HOSPITAL",130,Ophthalmology,2015-10-01,2018-10-01,37,24,13,35.13513513513514,13,False,True,2018-10-01
NT226__502,NT226,"NUFFIELD HEALTH, LEICESTER HOSPITAL",502,Gynaecology,2015-10-01,2017-09-01,24,24,0,0.0,0,True,True,2017-09-01
NT229__100,NT229,"NUFFIELD HEALTH, NEWCASTLE UPON TYNE HOSPITAL",100,General Surgery,2015-10-01,2026-05-01,128,37,91,71.09375,33,False,False,2026-05-01
NT229__101,NT229,"NUFFIELD HEALTH, NEWCASTLE UPON TYNE HOSPITAL",101,Urology,2015-10-01,2026-04-01,127,66,61,48.031496062992126,35,False,True,2026-04-01
NT229__110,NT229,"NUFFIELD HEALTH, NEWCASTLE UPON TYNE HOSPITAL",110,Trauma & Orthopaedics,2015-10-01,2026-05-01,128,128,0,0.0,0,False,False,2026-05-01
NT229__301,NT229,"NUFFIELD HEALTH, NEWCASTLE UPON TYNE HOSPITAL",301,Gastroenterology,2015-10-01,2017-07-01,22,13,9,40.90909090909091,9,True,True,2017-07-01
NT230__100,NT230,"NUFFIELD HEALTH, NORTH STAFFORDSHIRE HOSPITAL",100,General Surgery,2015-10-01,2026-05-01,128,123,5,3.90625,2,False,False,2026-05-01
NT230__110,NT230,"NUFFIELD HEALTH, NORTH STAFFORDSHIRE HOSPITAL",110,Trauma & Orthopaedics,2015-10-01,2026-05-01,128,128,0,0.0,0,False,False,2026-05-01
NT230__502,NT230,"NUFFIELD HEALTH, NORTH STAFFORDSHIRE HOSPITAL",502,Gynaecology,2015-10-01,2021-05-01,68,11,57,83.82352941176471,47,False,True,2021-05-01
NT233__100,NT233,"NUFFIELD HEALTH, PLYMOUTH HOSPITAL",100,General Surgery,2015-10-01,2026-05-01,128,128,0,0.0,0,False,False,2026-05-01
NT233__101,NT233,"NUFFIELD HEALTH, PLYMOUTH HOSPITAL",101,Urology,2015-10-01,2026-05-01,128,128,0,0.0,0,False,False,2026-05-01
NT233__110,NT233,"NUFFIELD HEALTH, PLYMOUTH HOSPITAL",110,Trauma & Orthopaedics,2015-10-01,2026-05-01,128,128,0,0.0,0,False,False,2026-05-01
NT233__160,NT233,"NUFFIELD HEALTH, PLYMOUTH HOSPITAL",160,Plastic Surgery,2015-10-01,2026-05-01,128,106,22,17.1875,14,False,False,2026-05-01
NT233__301,NT233,"NUFFIELD HEALTH, PLYMOUTH HOSPITAL",301,Gastroenterology,2015-10-01,2026-05-01,128,128,0,0.0,0,False,False,2026-05-01
NT233__330,NT233,"NUFFIELD HEALTH, PLYMOUTH HOSPITAL",330,Dermatology,2015-10-01,2020-11-01,62,62,0,0.0,0,False,True,2020-11-01
NT235__100,NT235,"NUFFIELD HEALTH, SHREWSBURY HOSPITAL",100,General Surgery,2015-10-01,2022-03-01,78,78,0,0.0,0,False,True,2022-03-01
NT235__110,NT235,"NUFFIELD HEALTH, SHREWSBURY HOSPITAL",110,Trauma & Orthopaedics,2015-10-01,2026-05-01,128,128,0,0.0,0,False,False,2026-05-01
NT235__130,NT235,"NUFFIELD HEALTH, SHREWSBURY HOSPITAL",130,Ophthalmology,2015-10-01,2026-05-01,128,128,0,0.0,0,False,False,2026-05-01
NT237__100,NT237,"NUFFIELD HEALTH, TEES HOSPITAL",100,General Surgery,2015-10-01,2026-05-01,128,128,0,0.0,0,False,False,2026-05-01
NT237__101,NT237,"NUFFIELD HEALTH, TEES HOSPITAL",101,Urology,2015-10-01,2026-05-01,128,36,92,71.875,52,False,False,2026-05-01
NT237__110,NT237,"NUFFIELD HEALTH, TEES HOSPITAL",110,Trauma & Orthopaedics,2015-10-01,2026-05-01,128,128,0,0.0,0,False,False,2026-05-01
NT237__130,NT237,"NUFFIELD HEALTH, TEES HOSPITAL",130,Ophthalmology,2015-10-01,2026-05-01,128,128,0,0.0,0,False,False,2026-05-01
NT237__160,NT237,"NUFFIELD HEALTH, TEES HOSPITAL",160,Plastic Surgery,2015-10-01,2018-02-01,29,24,5,17.24137931034483,5,True,True,2018-02-01
NT237__301,NT237,"NUFFIELD HEALTH, TEES HOSPITAL",301,Gastroenterology,2015-10-01,2018-03-01,30,30,0,0.0,0,True,True,2018-03-01
NT238__100,NT238,"NUFFIELD HEALTH, TAUNTON HOSPITAL",100,General Surgery,2015-10-01,2026-04-01,127,72,55,43.30708661417323,53,False,True,2026-04-01
NT238__110,NT238,"NUFFIELD HEALTH, TAUNTON HOSPITAL",110,Trauma & Orthopaedics,2015-10-01,2026-05-01,128,128,0,0.0,0,False,False,2026-05-01
NT238__120,NT238,"NUFFIELD HEALTH, TAUNTON HOSPITAL",120,ENT,2015-10-01,2025-12-01,123,91,32,26.016260162601625,32,False,True,2025-12-01
NT238__130,NT238,"NUFFIELD HEALTH, TAUNTON HOSPITAL",130,Ophthalmology,2015-10-01,2021-01-01,64,28,36,56.25,36,False,True,2021-01-01
NT238__140,NT238,"NUFFIELD HEALTH, TAUNTON HOSPITAL",140,Oral Surgery,2015-10-01,2021-09-01,72,4,68,94.44444444444444,62,False,True,2021-09-01
NT238__502,NT238,"NUFFIELD HEALTH, TAUNTON HOSPITAL",502,Gynaecology,2015-10-01,2019-08-01,47,47,0,0.0,0,False,True,2019-08-01
NT239__100,NT239,"NUFFIELD HEALTH, TUNBRIDGE WELLS HOSPITAL",100,General Surgery,2015-10-01,2026-05-01,128,121,7,5.46875,2,False,False,2026-05-01
NT239__101,NT239,"NUFFIELD HEALTH, TUNBRIDGE WELLS HOSPITAL",101,Urology,2015-10-01,2026-05-01,128,118,10,7.8125,3,False,False,2026-05-01
NT239__110,NT239,"NUFFIELD HEALTH, TUNBRIDGE WELLS HOSPITAL",110,Trauma & Orthopaedics,2015-10-01,2026-05-01,128,121,7,5.46875,2,False,False,2026-05-01
NT239__120,NT239,"NUFFIELD HEALTH, TUNBRIDGE WELLS HOSPITAL",120,ENT,2015-10-01,2026-05-01,128,120,8,6.25,2,False,False,2026-05-01
NT239__130,NT239,"NUFFIELD HEALTH, TUNBRIDGE WELLS HOSPITAL",130,Ophthalmology,2015-10-01,2019-05-01,44,35,9,20.454545454545453,4,False,True,2019-05-01
NT241__100,NT241,"NUFFIELD HEALTH, WOKING HOSPITAL",100,General Surgery,2015-10-01,2026-05-01,128,102,26,20.3125,14,False,False,2026-05-01
NT241__101,NT241,"NUFFIELD HEALTH, WOKING HOSPITAL",101,Urology,2015-10-01,2026-05-01,128,50,78,60.9375,78,False,False,2026-05-01
NT241__110,NT241,"NUFFIELD HEALTH, WOKING HOSPITAL",110,Trauma & Orthopaedics,2015-10-01,2026-05-01,128,119,9,7.03125,6,False,False,2026-05-01
NT241__130,NT241,"NUFFIELD HEALTH, WOKING HOSPITAL",130,Ophthalmology,2015-10-01,2020-04-01,55,45,10,18.181818181818183,6,False,True,2020-04-01
NT241__502,NT241,"NUFFIELD HEALTH, WOKING HOSPITAL",502,Gynaecology,2015-10-01,2026-05-01,128,67,61,47.65625,21,False,False,2026-05-01
NT242__100,NT242,"NUFFIELD HEALTH, WOLVERHAMPTON HOSPITAL",100,General Surgery,2015-10-01,2026-05-01,128,115,13,10.15625,9,False,False,2026-05-01
NT242__101,NT242,"NUFFIELD HEALTH, WOLVERHAMPTON HOSPITAL",101,Urology,2015-10-01,2023-05-01,92,11,81,88.04347826086956,33,False,True,2023-05-01
NT242__110,NT242,"NUFFIELD HEALTH, WOLVERHAMPTON HOSPITAL",110,Trauma & Orthopaedics,2015-10-01,2026-05-01,128,128,0,0.0,0,False,False,2026-05-01
NT242__120,NT242,"NUFFIELD HEALTH, WOLVERHAMPTON HOSPITAL",120,ENT,2015-10-01,2024-03-01,102,8,94,92.15686274509804,35,False,True,2024-03-01
NT242__130,NT242,"NUFFIELD HEALTH, WOLVERHAMPTON HOSPITAL",130,Ophthalmology,2015-10-01,2026-05-01,128,114,14,10.9375,10,False,False,2026-05-01
NT242__301,NT242,"NUFFIELD HEALTH, WOLVERHAMPTON HOSPITAL",301,Gastroenterology,2015-10-01,2015-11-01,2,2,0,0.0,0,True,True,2015-11-01
NT244__110,NT244,NUFFIELD HOSPITAL OXFORD (THE MANOR),110,Trauma & Orthopaedics,2015-10-01,2026-05-01,128,82,46,35.9375,46,False,False,2026-05-01
NT245__110,NT245,"NUFFIELD HEALTH, YORK HOSPITAL",110,Trauma & Orthopaedics,2015-10-01,2026-05-01,128,128,0,0.0,0,False,False,2026-05-01
NT301__100,NT301,SPIRE SOUTH BANK HOSPITAL,100,General Surgery,2015-10-01,2026-05-01,128,128,0,0.0,0,False,False,2026-05-01
NT301__101,NT301,SPIRE SOUTH BANK HOSPITAL,101,Urology,2015-10-01,2026-04-01,127,127,0,0.0,0,False,True,2026-04-01
NT301__110,NT301,SPIRE SOUTH BANK HOSPITAL,110,Trauma & Orthopaedics,2015-10-01,2026-05-01,128,128,0,0.0,0,False,False,2026-05-01
NT301__120,NT301,SPIRE SOUTH BANK HOSPITAL,120,ENT,2015-10-01,2026-04-01,127,103,24,18.89763779527559,21,False,True,2026-04-01
NT301__502,NT301,SPIRE SOUTH BANK HOSPITAL,502,Gynaecology,2015-10-01,2026-04-01,127,104,23,18.11023622047244,16,False,True,2026-04-01
NT301__X01,NT301,SPIRE SOUTH BANK HOSPITAL,X01,Other,2015-10-01,2021-03-01,66,62,4,6.0606060606060606,2,False,True,2021-03-01
NT302__100,NT302,SPIRE BRISTOL HOSPITAL,100,General Surgery,2015-10-01,2026-05-01,128,71,57,44.53125,28,False,False,2026-05-01
NT302__101,NT302,SPIRE BRISTOL HOSPITAL,101,Urology,2015-10-01,2024-07-01,106,14,92,86.79245283018868,49,False,True,2024-07-01
NT302__110,NT302,SPIRE BRISTOL HOSPITAL,110,Trauma & Orthopaedics,2015-10-01,2026-05-01,128,128,0,0.0,0,False,False,2026-05-01
NT302__150,NT302,SPIRE BRISTOL HOSPITAL,150,Neurosurgery,2015-10-01,2025-03-01,114,26,88,77.19298245614036,56,False,True,2025-03-01
NT302__502,NT302,SPIRE BRISTOL HOSPITAL,502,Gynaecology,2015-10-01,2020-09-01,60,9,51,85.0,48,False,True,2020-09-01
NT304__100,NT304,SPIRE SOUTHAMPTON HOSPITAL,100,General Surgery,2015-10-01,2026-05-01,128,101,27,21.09375,8,False,False,2026-05-01
NT304__110,NT304,SPIRE SOUTHAMPTON HOSPITAL,110,Trauma & Orthopaedics,2015-10-01,2026-05-01,128,128,0,0.0,0,False,False,2026-05-01
NT304__130,NT304,SPIRE SOUTHAMPTON HOSPITAL,130,Ophthalmology,2015-10-01,2018-06-01,33,24,9,27.272727272727273,9,True,True,2018-06-01
NT304__502,NT304,SPIRE SOUTHAMPTON HOSPITAL,502,Gynaecology,2015-10-01,2025-12-01,123,49,74,60.16260162601626,54,False,True,2025-12-01
NT304__X01,NT304,SPIRE SOUTHAMPTON HOSPITAL,X01,Other,2015-10-01,2021-03-01,66,29,37,56.06060606060606,24,False,True,2021-03-01
NT305__100,NT305,SPIRE PORTSMOUTH HOSPITAL,100,General Surgery,2015-10-01,2026-04-01,127,87,40,31.496062992125985,25,False,True,2026-04-01
NT305__110,NT305,SPIRE PORTSMOUTH HOSPITAL,110,Trauma & Orthopaedics,2015-10-01,2026-05-01,128,128,0,0.0,0,False,False,2026-05-01
NT305__120,NT305,SPIRE PORTSMOUTH HOSPITAL,120,ENT,2015-10-01,2024-08-01,107,28,79,73.83177570093459,38,False,True,2024-08-01
NT308__100,NT308,SPIRE GATWICK PARK HOSPITAL,100,General Surgery,2015-10-01,2026-05-01,128,128,0,0.0,0,False,False,2026-05-01
NT308__110,NT308,SPIRE GATWICK PARK HOSPITAL,110,Trauma & Orthopaedics,2015-10-01,2026-05-01,128,128,0,0.0,0,False,False,2026-05-01
NT308__120,NT308,SPIRE GATWICK PARK HOSPITAL,120,ENT,2015-10-01,2022-10-01,85,51,34,40.0,18,False,True,2022-10-01
NT308__160,NT308,SPIRE GATWICK PARK HOSPITAL,160,Plastic Surgery,2015-10-01,2021-05-01,68,57,11,16.176470588235293,7,False,True,2021-05-01
NT308__502,NT308,SPIRE GATWICK PARK HOSPITAL,502,Gynaecology,2015-10-01,2021-04-01,67,67,0,0.0,0,False,True,2021-04-01
NT308__X01,NT308,SPIRE GATWICK PARK HOSPITAL,X01,Other,2015-10-01,2021-03-01,66,66,0,0.0,0,False,True,2021-03-01
NT309__100,NT309,SPIRE SUSSEX HOSPITAL,100,General Surgery,2015-10-01,2022-03-01,78,78,0,0.0,0,False,True,2022-03-01
NT309__110,NT309,SPIRE SUSSEX HOSPITAL,110,Trauma & Orthopaedics,2015-10-01,2022-03-01,78,78,0,0.0,0,False,True,2022-03-01
NT309__120,NT309,SPIRE SUSSEX HOSPITAL,120,ENT,2015-10-01,2022-03-01,78,78,0,0.0,0,False,True,2022-03-01
NT309__160,NT309,SPIRE SUSSEX HOSPITAL,160,Plastic Surgery,2015-10-01,2022-03-01,78,75,3,3.8461538461538463,2,False,True,2022-03-01
NT309__502,NT309,SPIRE SUSSEX HOSPITAL,502,Gynaecology,2015-10-01,2022-03-01,78,78,0,0.0,0,False,True,2022-03-01
NT310__100,NT310,SPIRE TUNBRIDGE WELLS HOSPITAL,100,General Surgery,2015-10-01,2024-09-01,108,108,0,0.0,0,False,True,2024-09-01
NT310__101,NT310,SPIRE TUNBRIDGE WELLS HOSPITAL,101,Urology,2015-10-01,2024-09-01,108,44,64,59.25925925925926,60,False,True,2024-09-01
NT310__110,NT310,SPIRE TUNBRIDGE WELLS HOSPITAL,110,Trauma & Orthopaedics,2015-10-01,2024-09-01,108,108,0,0.0,0,False,True,2024-09-01
NT310__120,NT310,SPIRE TUNBRIDGE WELLS HOSPITAL,120,ENT,2015-10-01,2024-09-01,108,108,0,0.0,0,False,True,2024-09-01
NT310__160,NT310,SPIRE TUNBRIDGE WELLS HOSPITAL,160,Plastic Surgery,2015-10-01,2020-07-01,58,57,1,1.7241379310344827,1,False,True,2020-07-01
NT310__301,NT310,SPIRE TUNBRIDGE WELLS HOSPITAL,301,Gastroenterology,2015-10-01,2024-09-01,108,82,26,24.074074074074073,19,False,True,2024-09-01
NT310__502,NT310,SPIRE TUNBRIDGE WELLS HOSPITAL,502,Gynaecology,2015-10-01,2024-09-01,108,108,0,0.0,0,False,True,2024-09-01
NT312__100,NT312,SPIRE ALEXANDRA HOSPITAL,100,General Surgery,2015-10-01,2026-05-01,128,128,0,0.0,0,False,False,2026-05-01
NT312__110,NT312,SPIRE ALEXANDRA HOSPITAL,110,Trauma & Orthopaedics,2015-10-01,2026-05-01,128,128,0,0.0,0,False,False,2026-05-01
NT312__160,NT312,SPIRE ALEXANDRA HOSPITAL,160,Plastic Surgery,2015-10-01,2026-05-01,128,26,102,79.6875,52,False,False,2026-05-01
NT312__502,NT312,SPIRE ALEXANDRA HOSPITAL,502,Gynaecology,2015-10-01,2026-05-01,128,128,0,0.0,0,False,False,2026-05-01
NT313__100,NT313,SPIRE WELLESLEY HOSPITAL,100,General Surgery,2015-10-01,2026-05-01,128,128,0,0.0,0,False,False,2026-05-01
NT313__110,NT313,SPIRE WELLESLEY HOSPITAL,110,Trauma & Orthopaedics,2015-10-01,2026-05-01,128,128,0,0.0,0,False,False,2026-05-01
NT313__130,NT313,SPIRE WELLESLEY HOSPITAL,130,Ophthalmology,2015-10-01,2017-07-01,22,22,0,0.0,0,True,True,2017-07-01
NT313__160,NT313,SPIRE WELLESLEY HOSPITAL,160,Plastic Surgery,2015-10-01,2026-05-01,128,128,0,0.0,0,False,False,2026-05-01
NT313__502,NT313,SPIRE WELLESLEY HOSPITAL,502,Gynaecology,2015-10-01,2026-05-01,128,24,104,81.25,49,False,False,2026-05-01
NT314__100,NT314,SPIRE RODING HOSPITAL,100,General Surgery,2015-10-01,2026-05-01,128,128,0,0.0,0,False,False,2026-05-01
NT314__110,NT314,SPIRE RODING HOSPITAL,110,Trauma & Orthopaedics,2015-10-01,2026-05-01,128,128,0,0.0,0,False,False,2026-05-01
NT314__120,NT314,SPIRE RODING HOSPITAL,120,ENT,2015-10-01,2026-05-01,128,106,22,17.1875,10,False,False,2026-05-01
NT314__150,NT314,SPIRE RODING HOSPITAL,150,Neurosurgery,2015-10-01,2026-05-01,128,128,0,0.0,0,False,False,2026-05-01
NT314__502,NT314,SPIRE RODING HOSPITAL,502,Gynaecology,2015-10-01,2026-05-01,128,115,13,10.15625,7,False,False,2026-05-01
NT314__X01,NT314,SPIRE RODING HOSPITAL,X01,Other,2015-10-01,2021-03-01,66,66,0,0.0,0,False,True,2021-03-01
NT315__100,NT315,SPIRE BUSHEY HOSPITAL,100,General Surgery,2015-10-01,2026-05-01,128,128,0,0.0,0,False,False,2026-05-01
NT315__101,NT315,SPIRE BUSHEY HOSPITAL,101,Urology,2015-10-01,2026-04-01,127,41,86,67.71653543307086,46,False,True,2026-04-01
NT315__110,NT315,SPIRE BUSHEY HOSPITAL,110,Trauma & Orthopaedics,2015-10-01,2026-05-01,128,128,0,0.0,0,False,False,2026-05-01
NT315__X01,NT315,SPIRE BUSHEY HOSPITAL,X01,Other,2015-10-01,2021-03-01,66,54,12,18.181818181818183,2,False,True,2021-03-01
NT316__100,NT316,SPIRE HARPENDEN HOSPITAL,100,General Surgery,2015-10-01,2026-05-01,128,128,0,0.0,0,False,False,2026-05-01
NT316__110,NT316,SPIRE HARPENDEN HOSPITAL,110,Trauma & Orthopaedics,2015-10-01,2026-05-01,128,128,0,0.0,0,False,False,2026-05-01
NT316__120,NT316,SPIRE HARPENDEN HOSPITAL,120,ENT,2015-10-01,2026-05-01,128,128,0,0.0,0,False,False,2026-05-01
NT316__502,NT316,SPIRE HARPENDEN HOSPITAL,502,Gynaecology,2015-10-01,2025-02-01,113,17,96,84.95575221238938,51,False,True,2025-02-01
NT316__X01,NT316,SPIRE HARPENDEN HOSPITAL,X01,Other,2015-10-01,2021-03-01,66,66,0,0.0,0,False,True,2021-03-01
NT317__100,NT317,SPIRE CAMBRIDGE LEA HOSPITAL,100,General Surgery,2015-10-01,2026-05-01,128,128,0,0.0,0,False,False,2026-05-01
NT317__110,NT317,SPIRE CAMBRIDGE LEA HOSPITAL,110,Trauma & Orthopaedics,2015-10-01,2026-05-01,128,128,0,0.0,0,False,False,2026-05-01
NT317__120,NT317,SPIRE CAMBRIDGE LEA HOSPITAL,120,ENT,2015-10-01,2026-05-01,128,71,57,44.53125,8,False,False,2026-05-01
NT318__100,NT318,SPIRE NORWICH HOSPITAL,100,General Surgery,2015-10-01,2026-05-01,128,14,114,89.0625,91,False,False,2026-05-01
NT318__110,NT318,SPIRE NORWICH HOSPITAL,110,Trauma & Orthopaedics,2015-10-01,2026-05-01,128,63,65,50.78125,65,False,False,2026-05-01
NT318__120,NT318,SPIRE NORWICH HOSPITAL,120,ENT,2015-10-01,2018-02-01,29,29,0,0.0,0,True,True,2018-02-01
NT318__502,NT318,SPIRE NORWICH HOSPITAL,502,Gynaecology,2015-10-01,2026-03-01,126,4,122,96.82539682539682,122,False,True,2026-03-01
NT319__100,NT319,SPIRE HARTSWOOD HOSPITAL,100,General Surgery,2015-10-01,2026-05-01,128,128,0,0.0,0,False,False,2026-05-01
NT319__101,NT319,SPIRE HARTSWOOD HOSPITAL,101,Urology,2015-10-01,2026-03-01,126,42,84,66.66666666666667,35,False,True,2026-03-01
NT319__110,NT319,SPIRE HARTSWOOD HOSPITAL,110,Trauma & Orthopaedics,2015-10-01,2026-05-01,128,128,0,0.0,0,False,False,2026-05-01
NT319__120,NT319,SPIRE HARTSWOOD HOSPITAL,120,ENT,2015-10-01,2026-05-01,128,103,25,19.53125,15,False,False,2026-05-01
NT319__130,NT319,SPIRE HARTSWOOD HOSPITAL,130,Ophthalmology,2015-10-01,2019-03-01,42,42,0,0.0,0,False,True,2019-03-01
NT319__X01,NT319,SPIRE HARTSWOOD HOSPITAL,X01,Other,2015-10-01,2021-03-01,66,27,39,59.09090909090909,7,False,True,2021-03-01
NT320__100,NT320,SPIRE PARKWAY HOSPITAL,100,General Surgery,2015-10-01,2026-05-01,128,128,0,0.0,0,False,False,2026-05-01
NT320__101,NT320,SPIRE PARKWAY HOSPITAL,101,Urology,2015-10-01,2025-06-01,117,59,58,49.572649572649574,26,False,True,2025-06-01
NT320__110,NT320,SPIRE PARKWAY HOSPITAL,110,Trauma & Orthopaedics,2015-10-01,2026-05-01,128,128,0,0.0,0,False,False,2026-05-01
NT320__502,NT320,SPIRE PARKWAY HOSPITAL,502,Gynaecology,2015-10-01,2026-05-01,128,128,0,0.0,0,False,False,2026-05-01
NT320__X01,NT320,SPIRE PARKWAY HOSPITAL,X01,Other,2015-10-01,2021-03-01,66,66,0,0.0,0,False,True,2021-03-01
NT321__100,NT321,SPIRE LITTLE ASTON HOSPITAL,100,General Surgery,2015-10-01,2026-05-01,128,128,0,0.0,0,False,False,2026-05-01
NT321__110,NT321,SPIRE LITTLE ASTON HOSPITAL,110,Trauma & Orthopaedics,2015-10-01,2026-05-01,128,128,0,0.0,0,False,False,2026-05-01
NT321__120,NT321,SPIRE LITTLE ASTON HOSPITAL,120,ENT,2015-10-01,2026-04-01,127,67,60,47.24409448818898,30,False,True,2026-04-01
NT321__502,NT321,SPIRE LITTLE ASTON HOSPITAL,502,Gynaecology,2015-10-01,2026-05-01,128,128,0,0.0,0,False,False,2026-05-01
NT321__X01,NT321,SPIRE LITTLE ASTON HOSPITAL,X01,Other,2015-10-01,2021-03-01,66,66,0,0.0,0,False,True,2021-03-01
NT322__100,NT322,SPIRE LEICESTER HOSPITAL,100,General Surgery,2015-10-01,2026-05-01,128,95,33,25.78125,8,False,False,2026-05-01
NT322__110,NT322,SPIRE LEICESTER HOSPITAL,110,Trauma & Orthopaedics,2015-10-01,2026-05-01,128,128,0,0.0,0,False,False,2026-05-01
NT322__X01,NT322,SPIRE LEICESTER HOSPITAL,X01,Other,2015-10-01,2021-03-01,66,52,14,21.21212121212121,7,False,True,2021-03-01
NT324__100,NT324,SPIRE CHESHIRE HOSPITAL,100,General Surgery,2015-10-01,2026-05-01,128,128,0,0.0,0,False,False,2026-05-01
NT324__101,NT324,SPIRE CHESHIRE HOSPITAL,101,Urology,2015-10-01,2026-05-01,128,128,0,0.0,0,False,False,2026-05-01
NT324__110,NT324,SPIRE CHESHIRE HOSPITAL,110,Trauma & Orthopaedics,2015-10-01,2026-05-01,128,128,0,0.0,0,False,False,2026-05-01
NT324__120,NT324,SPIRE CHESHIRE HOSPITAL,120,ENT,2015-10-01,2026-05-01,128,128,0,0.0,0,False,False,2026-05-01
NT324__130,NT324,SPIRE CHESHIRE HOSPITAL,130,Ophthalmology,2015-10-01,2026-05-01,128,80,48,37.5,45,False,False,2026-05-01
NT324__160,NT324,SPIRE CHESHIRE HOSPITAL,160,Plastic Surgery,2015-10-01,2026-05-01,128,128,0,0.0,0,False,False,2026-05-01
NT324__301,NT324,SPIRE CHESHIRE HOSPITAL,301,Gastroenterology,2015-10-01,2026-05-01,128,82,46,35.9375,10,False,False,2026-05-01
NT324__502,NT324,SPIRE CHESHIRE HOSPITAL,502,Gynaecology,2015-10-01,2026-05-01,128,89,39,30.46875,18,False,False,2026-05-01
NT325__100,NT325,SPIRE MURRAYFIELD HOSPITAL,100,General Surgery,2015-10-01,2026-05-01,128,128,0,0.0,0,False,False,2026-05-01
NT325__101,NT325,SPIRE MURRAYFIELD HOSPITAL,101,Urology,2015-10-01,2026-05-01,128,128,0,0.0,0,False,False,2026-05-01
NT325__110,NT325,SPIRE MURRAYFIELD HOSPITAL,110,Trauma & Orthopaedics,2015-10-01,2026-05-01,128,128,0,0.0,0,False,False,2026-05-01
NT325__120,NT325,SPIRE MURRAYFIELD HOSPITAL,120,ENT,2015-10-01,2026-04-01,127,101,26,20.47244094488189,26,False,True,2026-04-01
NT325__130,NT325,SPIRE MURRAYFIELD HOSPITAL,130,Ophthalmology,2015-10-01,2026-03-01,126,101,25,19.841269841269842,21,False,True,2026-03-01
NT325__502,NT325,SPIRE MURRAYFIELD HOSPITAL,502,Gynaecology,2015-10-01,2026-04-01,127,103,24,18.89763779527559,22,False,True,2026-04-01
NT325__X01,NT325,SPIRE MURRAYFIELD HOSPITAL,X01,Other,2015-10-01,2021-03-01,66,66,0,0.0,0,False,True,2021-03-01
NT327__100,NT327,SPIRE MANCHESTER HOSPITAL,100,General Surgery,2015-10-01,2026-05-01,128,128,0,0.0,0,False,False,2026-05-01
NT327__101,NT327,SPIRE MANCHESTER HOSPITAL,101,Urology,2015-10-01,2026-03-01,126,105,21,16.666666666666668,21,False,True,2026-03-01
NT327__110,NT327,SPIRE MANCHESTER HOSPITAL,110,Trauma & Orthopaedics,2015-10-01,2026-05-01,128,128,0,0.0,0,False,False,2026-05-01
NT327__120,NT327,SPIRE MANCHESTER HOSPITAL,120,ENT,2015-10-01,2026-04-01,127,110,17,13.385826771653543,17,False,True,2026-04-01
NT327__301,NT327,SPIRE MANCHESTER HOSPITAL,301,Gastroenterology,2015-10-01,2026-05-01,128,78,50,39.0625,19,False,False,2026-05-01
NT327__X01,NT327,SPIRE MANCHESTER HOSPITAL,X01,Other,2015-10-01,2021-03-01,66,63,3,4.545454545454546,2,False,True,2021-03-01
NT332__100,NT332,SPIRE LEEDS HOSPITAL,100,General Surgery,2015-10-01,2026-05-01,128,128,0,0.0,0,False,False,2026-05-01
NT332__101,NT332,SPIRE LEEDS HOSPITAL,101,Urology,2015-10-01,2022-09-01,84,41,43,51.19047619047619,18,False,True,2022-09-01
NT332__110,NT332,SPIRE LEEDS HOSPITAL,110,Trauma & Orthopaedics,2015-10-01,2026-05-01,128,128,0,0.0,0,False,False,2026-05-01
NT332__120,NT332,SPIRE LEEDS HOSPITAL,120,ENT,2015-10-01,2026-05-01,128,90,38,29.6875,19,False,False,2026-05-01
NT332__160,NT332,SPIRE LEEDS HOSPITAL,160,Plastic Surgery,2015-10-01,2026-05-01,128,127,1,0.78125,1,False,False,2026-05-01
NT332__502,NT332,SPIRE LEEDS HOSPITAL,502,Gynaecology,2015-10-01,2026-05-01,128,9,119,92.96875,56,False,False,2026-05-01
NT333__100,NT333,SPIRE WASHINGTON HOSPITAL,100,General Surgery,2015-10-01,2026-05-01,128,128,0,0.0,0,False,False,2026-05-01
NT333__101,NT333,SPIRE WASHINGTON HOSPITAL,101,Urology,2015-10-01,2017-03-01,18,2,16,88.88888888888889,16,True,True,2017-03-01
NT333__110,NT333,SPIRE WASHINGTON HOSPITAL,110,Trauma & Orthopaedics,2015-10-01,2026-05-01,128,128,0,0.0,0,False,False,2026-05-01
NT333__120,NT333,SPIRE WASHINGTON HOSPITAL,120,ENT,2015-10-01,2023-07-01,94,93,1,1.0638297872340425,1,False,True,2023-07-01
NT333__150,NT333,SPIRE WASHINGTON HOSPITAL,150,Neurosurgery,2015-10-01,2026-05-01,128,128,0,0.0,0,False,False,2026-05-01
NT333__160,NT333,SPIRE WASHINGTON HOSPITAL,160,Plastic Surgery,2015-10-01,2026-05-01,128,108,20,15.625,13,False,False,2026-05-01
NT333__301,NT333,SPIRE WASHINGTON HOSPITAL,301,Gastroenterology,2015-10-01,2026-05-01,128,83,45,35.15625,34,False,False,2026-05-01
NT333__502,NT333,SPIRE WASHINGTON HOSPITAL,502,Gynaecology,2015-10-01,2026-04-01,127,93,34,26.771653543307085,33,False,True,2026-04-01
NT337__100,NT337,SPIRE LIVERPOOL HOSPITAL,100,General Surgery,2015-10-01,2026-05-01,128,128,0,0.0,0,False,False,2026-05-01
NT337__101,NT337,SPIRE LIVERPOOL HOSPITAL,101,Urology,2015-10-01,2026-05-01,128,128,0,0.0,0,False,False,2026-05-01
NT337__110,NT337,SPIRE LIVERPOOL HOSPITAL,110,Trauma & Orthopaedics,2015-10-01,2026-05-01,128,128,0,0.0,0,False,False,2026-05-01
NT337__120,NT337,SPIRE LIVERPOOL HOSPITAL,120,ENT,2015-10-01,2026-05-01,128,128,0,0.0,0,False,False,2026-05-01
NT337__130,NT337,SPIRE LIVERPOOL HOSPITAL,130,Ophthalmology,2015-10-01,2026-04-01,127,83,44,34.645669291338585,44,False,True,2026-04-01
NT337__301,NT337,SPIRE LIVERPOOL HOSPITAL,301,Gastroenterology,2015-10-01,2026-05-01,128,128,0,0.0,0,False,False,2026-05-01
NT337__502,NT337,SPIRE LIVERPOOL HOSPITAL,502,Gynaecology,2015-10-01,2026-05-01,128,86,42,32.8125,23,False,False,2026-05-01
NT337__X01,NT337,SPIRE LIVERPOOL HOSPITAL,X01,Other,2015-10-01,2021-03-01,66,66,0,0.0,0,False,True,2021-03-01
NT339__100,NT339,SPIRE REGENCY HOSPITAL,100,General Surgery,2015-10-01,2026-05-01,128,128,0,0.0,0,False,False,2026-05-01
NT339__101,NT339,SPIRE REGENCY HOSPITAL,101,Urology,2015-10-01,2026-05-01,128,128,0,0.0,0,False,False,2026-05-01
NT339__110,NT339,SPIRE REGENCY HOSPITAL,110,Trauma & Orthopaedics,2015-10-01,2026-05-01,128,128,0,0.0,0,False,False,2026-05-01
NT339__120,NT339,SPIRE REGENCY HOSPITAL,120,ENT,2015-10-01,2026-05-01,128,128,0,0.0,0,False,False,2026-05-01
NT339__130,NT339,SPIRE REGENCY HOSPITAL,130,Ophthalmology,2015-10-01,2026-04-01,127,6,121,95.2755905511811,56,False,True,2026-04-01
NT339__502,NT339,SPIRE REGENCY HOSPITAL,502,Gynaecology,2015-10-01,2026-05-01,128,116,12,9.375,6,False,False,2026-05-01
NT339__X01,NT339,SPIRE REGENCY HOSPITAL,X01,Other,2015-10-01,2021-03-01,66,64,2,3.0303030303030303,1,False,True,2021-03-01
NT343__100,NT343,SPIRE THAMES VALLEY HOSPITAL,100,General Surgery,2015-10-01,2026-05-01,128,128,0,0.0,0,False,False,2026-05-01
NT343__110,NT343,SPIRE THAMES VALLEY HOSPITAL,110,Trauma & Orthopaedics,2015-10-01,2026-05-01,128,128,0,0.0,0,False,False,2026-05-01
NT343__120,NT343,SPIRE THAMES VALLEY HOSPITAL,120,ENT,2015-10-01,2022-10-01,85,84,1,1.1764705882352942,1,False,True,2022-10-01
NT343__150,NT343,SPIRE THAMES VALLEY HOSPITAL,150,Neurosurgery,2015-10-01,2016-10-01,13,13,0,0.0,0,True,True,2016-10-01
NT343__502,NT343,SPIRE THAMES VALLEY HOSPITAL,502,Gynaecology,2015-10-01,2026-03-01,126,70,56,44.44444444444444,55,False,True,2026-03-01
NT343__X01,NT343,SPIRE THAMES VALLEY HOSPITAL,X01,Other,2015-10-01,2021-03-01,66,60,6,9.090909090909092,3,False,True,2021-03-01
NT344__100,NT344,SPIRE DUNEDIN HOSPITAL,100,General Surgery,2015-10-01,2026-05-01,128,128,0,0.0,0,False,False,2026-05-01
NT344__110,NT344,SPIRE DUNEDIN HOSPITAL,110,Trauma & Orthopaedics,2015-10-01,2026-05-01,128,128,0,0.0,0,False,False,2026-05-01
NT344__150,NT344,SPIRE DUNEDIN HOSPITAL,150,Neurosurgery,2015-10-01,2017-08-01,23,8,15,65.21739130434783,13,True,True,2017-08-01
NT344__160,NT344,SPIRE DUNEDIN HOSPITAL,160,Plastic Surgery,2015-10-01,2025-07-01,118,37,81,68.64406779661017,17,False,True,2025-07-01
NT344__301,NT344,SPIRE DUNEDIN HOSPITAL,301,Gastroenterology,2015-10-01,2026-05-01,128,78,50,39.0625,43,False,False,2026-05-01
NT344__400,NT344,SPIRE DUNEDIN HOSPITAL,400,Neurology,2015-10-01,2023-11-01,98,40,58,59.183673469387756,25,False,True,2023-11-01
NT344__X01,NT344,SPIRE DUNEDIN HOSPITAL,X01,Other,2015-10-01,2021-03-01,66,66,0,0.0,0,False,True,2021-03-01
NT345__100,NT345,SPIRE CLARE PARK HOSPITAL,100,General Surgery,2015-10-01,2026-05-01,128,128,0,0.0,0,False,False,2026-05-01
NT345__101,NT345,SPIRE CLARE PARK HOSPITAL,101,Urology,2015-10-01,2026-05-01,128,128,0,0.0,0,False,False,2026-05-01
NT345__110,NT345,SPIRE CLARE PARK HOSPITAL,110,Trauma & Orthopaedics,2015-10-01,2026-05-01,128,128,0,0.0,0,False,False,2026-05-01
NT345__120,NT345,SPIRE CLARE PARK HOSPITAL,120,ENT,2015-10-01,2026-05-01,128,128,0,0.0,0,False,False,2026-05-01
NT345__301,NT345,SPIRE CLARE PARK HOSPITAL,301,Gastroenterology,2015-10-01,2026-03-01,126,61,65,51.58730158730159,37,False,True,2026-03-01
NT345__X01,NT345,SPIRE CLARE PARK HOSPITAL,X01,Other,2015-10-01,2021-03-01,66,66,0,0.0,0,False,True,2021-03-01
NT347__100,NT347,SPIRE FYLDE COAST HOSPITAL,100,General Surgery,2015-10-01,2026-05-01,128,128,0,0.0,0,False,False,2026-05-01
NT347__101,NT347,SPIRE FYLDE COAST HOSPITAL,101,Urology,2015-10-01,2026-05-01,128,128,0,0.0,0,False,False,2026-05-01
NT347__110,NT347,SPIRE FYLDE COAST HOSPITAL,110,Trauma & Orthopaedics,2015-10-01,2026-05-01,128,128,0,0.0,0,False,False,2026-05-01
NT347__120,NT347,SPIRE FYLDE COAST HOSPITAL,120,ENT,2015-10-01,2026-05-01,128,128,0,0.0,0,False,False,2026-05-01
NT347__130,NT347,SPIRE FYLDE COAST HOSPITAL,130,Ophthalmology,2015-10-01,2026-05-01,128,95,33,25.78125,20,False,False,2026-05-01
NT347__150,NT347,SPIRE FYLDE COAST HOSPITAL,150,Neurosurgery,2015-10-01,2026-05-01,128,81,47,36.71875,38,False,False,2026-05-01
NT347__301,NT347,SPIRE FYLDE COAST HOSPITAL,301,Gastroenterology,2015-10-01,2026-05-01,128,128,0,0.0,0,False,False,2026-05-01
NT347__400,NT347,SPIRE FYLDE COAST HOSPITAL,400,Neurology,2015-10-01,2026-05-01,128,110,18,14.0625,5,False,False,2026-05-01
NT347__502,NT347,SPIRE FYLDE COAST HOSPITAL,502,Gynaecology,2015-10-01,2026-05-01,128,128,0,0.0,0,False,False,2026-05-01
NT347__X01,NT347,SPIRE FYLDE COAST HOSPITAL,X01,Other,2015-10-01,2021-03-01,66,65,1,1.5151515151515151,1,False,True,2021-03-01
NT348__100,NT348,SPIRE ELLAND HOSPITAL,100,General Surgery,2015-10-01,2026-05-01,128,128,0,0.0,0,False,False,2026-05-01
NT348__101,NT348,SPIRE ELLAND HOSPITAL,101,Urology,2015-10-01,2026-05-01,128,128,0,0.0,0,False,False,2026-05-01
NT348__110,NT348,SPIRE ELLAND HOSPITAL,110,Trauma & Orthopaedics,2015-10-01,2026-05-01,128,128,0,0.0,0,False,False,2026-05-01
NT348__120,NT348,SPIRE ELLAND HOSPITAL,120,ENT,2015-10-01,2022-08-01,83,24,59,71.08433734939759,41,False,True,2022-08-01
NT348__301,NT348,SPIRE ELLAND HOSPITAL,301,Gastroenterology,2015-10-01,2026-05-01,128,23,105,82.03125,42,False,False,2026-05-01
NT348__502,NT348,SPIRE ELLAND HOSPITAL,502,Gynaecology,2015-10-01,2026-05-01,128,128,0,0.0,0,False,False,2026-05-01
NT348__X01,NT348,SPIRE ELLAND HOSPITAL,X01,Other,2015-10-01,2021-03-01,66,66,0,0.0,0,False,True,2021-03-01
NT350__100,NT350,SPIRE METHLEY PARK HOSPITAL,100,General Surgery,2015-10-01,2026-05-01,128,128,0,0.0,0,False,False,2026-05-01
NT350__101,NT350,SPIRE METHLEY PARK HOSPITAL,101,Urology,2015-10-01,2026-05-01,128,128,0,0.0,0,False,False,2026-05-01
NT350__110,NT350,SPIRE METHLEY PARK HOSPITAL,110,Trauma & Orthopaedics,2015-10-01,2026-05-01,128,128,0,0.0,0,False,False,2026-05-01
NT350__120,NT350,SPIRE METHLEY PARK HOSPITAL,120,ENT,2015-10-01,2023-05-01,92,78,14,15.217391304347826,14,False,True,2023-05-01
NT350__130,NT350,SPIRE METHLEY PARK HOSPITAL,130,Ophthalmology,2015-10-01,2024-11-01,110,23,87,79.0909090909091,64,False,True,2024-11-01
NT350__140,NT350,SPIRE METHLEY PARK HOSPITAL,140,Oral Surgery,2015-10-01,2021-03-01,66,4,62,93.93939393939394,62,False,True,2021-03-01
NT350__160,NT350,SPIRE METHLEY PARK HOSPITAL,160,Plastic Surgery,2015-10-01,2026-05-01,128,128,0,0.0,0,False,False,2026-05-01
NT350__301,NT350,SPIRE METHLEY PARK HOSPITAL,301,Gastroenterology,2015-10-01,2026-05-01,128,25,103,80.46875,99,False,False,2026-05-01
NT350__502,NT350,SPIRE METHLEY PARK HOSPITAL,502,Gynaecology,2015-10-01,2026-05-01,128,87,41,32.03125,39,False,False,2026-05-01
NT350__X01,NT350,SPIRE METHLEY PARK HOSPITAL,X01,Other,2015-10-01,2021-03-01,66,57,9,13.636363636363637,4,False,True,2021-03-01
NT351__100,NT351,SPIRE HULL AND EAST RIDING HOSPITAL,100,General Surgery,2015-10-01,2026-05-01,128,128,0,0.0,0,False,False,2026-05-01
NT351__110,NT351,SPIRE HULL AND EAST RIDING HOSPITAL,110,Trauma & Orthopaedics,2015-10-01,2026-05-01,128,128,0,0.0,0,False,False,2026-05-01
NT351__120,NT351,SPIRE HULL AND EAST RIDING HOSPITAL,120,ENT,2015-10-01,2026-05-01,128,128,0,0.0,0,False,False,2026-05-01
NT351__170,NT351,SPIRE HULL AND EAST RIDING HOSPITAL,170,Cardiothoracic Surgery,2015-10-01,2026-05-01,128,124,4,3.125,1,False,False,2026-05-01
NT351__301,NT351,SPIRE HULL AND EAST RIDING HOSPITAL,301,Gastroenterology,2015-10-01,2026-05-01,128,35,93,72.65625,28,False,False,2026-05-01
NT351__320,NT351,SPIRE HULL AND EAST RIDING HOSPITAL,320,Cardiology,2015-10-01,2026-05-01,128,128,0,0.0,0,False,False,2026-05-01
NT351__330,NT351,SPIRE HULL AND EAST RIDING HOSPITAL,330,Dermatology,2015-10-01,2026-05-01,128,128,0,0.0,0,False,False,2026-05-01
NT351__400,NT351,SPIRE HULL AND EAST RIDING HOSPITAL,400,Neurology,2015-10-01,2026-05-01,128,128,0,0.0,0,False,False,2026-05-01
NT351__502,NT351,SPIRE HULL AND EAST RIDING HOSPITAL,502,Gynaecology,2015-10-01,2026-05-01,128,127,1,0.78125,1,False,False,2026-05-01
NT351__X01,NT351,SPIRE HULL AND EAST RIDING HOSPITAL,X01,Other,2015-10-01,2021-03-01,66,66,0,0.0,0,False,True,2021-03-01
NT364__100,NT364,SPIRE MONTEFIORE HOSPITAL,100,General Surgery,2015-10-01,2026-05-01,128,128,0,0.0,0,False,False,2026-05-01
NT364__110,NT364,SPIRE MONTEFIORE HOSPITAL,110,Trauma & Orthopaedics,2015-10-01,2026-05-01,128,128,0,0.0,0,False,False,2026-05-01
NT364__301,NT364,SPIRE MONTEFIORE HOSPITAL,301,Gastroenterology,2015-10-01,2026-05-01,128,114,14,10.9375,10,False,False,2026-05-01
NT364__502,NT364,SPIRE MONTEFIORE HOSPITAL,502,Gynaecology,2015-10-01,2026-05-01,128,60,68,53.125,32,False,False,2026-05-01
NT364__X01,NT364,SPIRE MONTEFIORE HOSPITAL,X01,Other,2015-10-01,2021-03-01,66,66,0,0.0,0,False,True,2021-03-01
NT401__100,NT401,BMI - THE ALEXANDRA HOSPITAL,100,General Surgery,2015-10-01,2026-05-01,128,128,0,0.0,0,False,False,2026-05-01
NT401__110,NT401,BMI - THE ALEXANDRA HOSPITAL,110,Trauma & Orthopaedics,2015-10-01,2026-05-01,128,128,0,0.0,0,False,False,2026-05-01
NT401__150,NT401,BMI - THE ALEXANDRA HOSPITAL,150,Neurosurgery,2015-10-01,2025-01-01,112,79,33,29.464285714285715,18,False,True,2025-01-01
NT401__301,NT401,BMI - THE ALEXANDRA HOSPITAL,301,Gastroenterology,2015-10-01,2026-05-01,128,128,0,0.0,0,False,False,2026-05-01
NT401__400,NT401,BMI - THE ALEXANDRA HOSPITAL,400,Neurology,2015-10-01,2025-09-01,120,58,62,51.666666666666664,56,False,True,2025-09-01
NT401__502,NT401,BMI - THE ALEXANDRA HOSPITAL,502,Gynaecology,2015-10-01,2025-09-01,120,113,7,5.833333333333333,4,False,True,2025-09-01
NT401__X01,NT401,BMI - THE ALEXANDRA HOSPITAL,X01,Other,2015-10-01,2021-03-01,66,66,0,0.0,0,False,True,2021-03-01
NT402__100,NT402,BMI - BATH CLINIC,100,General Surgery,2015-10-01,2026-05-01,128,128,0,0.0,0,False,False,2026-05-01
NT402__101,NT402,BMI - BATH CLINIC,101,Urology,2015-10-01,2023-03-01,90,90,0,0.0,0,False,True,2023-03-01
NT402__110,NT402,BMI - BATH CLINIC,110,Trauma & Orthopaedics,2015-10-01,2026-05-01,128,128,0,0.0,0,False,False,2026-05-01
NT402__120,NT402,BMI - BATH CLINIC,120,ENT,2015-10-01,2025-10-01,121,91,30,24.793388429752067,24,False,True,2025-10-01
NT402__130,NT402,BMI - BATH CLINIC,130,Ophthalmology,2015-10-01,2026-05-01,128,128,0,0.0,0,False,False,2026-05-01
NT402__140,NT402,BMI - BATH CLINIC,140,Oral Surgery,2015-10-01,2020-03-01,54,54,0,0.0,0,False,True,2020-03-01
NT402__301,NT402,BMI - BATH CLINIC,301,Gastroenterology,2015-10-01,2026-05-01,128,128,0,0.0,0,False,False,2026-05-01
NT402__502,NT402,BMI - BATH CLINIC,502,Gynaecology,2015-10-01,2023-02-01,89,89,0,0.0,0,False,True,2023-02-01
NT402__X01,NT402,BMI - BATH CLINIC,X01,Other,2015-10-01,2021-03-01,66,65,1,1.5151515151515151,1,False,True,2021-03-01
NT403__100,NT403,BMI - THE BEARDWOOD HOSPITAL,100,General Surgery,2015-10-01,2026-05-01,128,128,0,0.0,0,False,False,2026-05-01
NT403__101,NT403,BMI - THE BEARDWOOD HOSPITAL,101,Urology,2015-10-01,2026-05-01,128,128,0,0.0,0,False,False,2026-05-01
NT403__110,NT403,BMI - THE BEARDWOOD HOSPITAL,110,Trauma & Orthopaedics,2015-10-01,2026-05-01,128,128,0,0.0,0,False,False,2026-05-01
NT403__120,NT403,BMI - THE BEARDWOOD HOSPITAL,120,ENT,2015-10-01,2026-05-01,128,128,0,0.0,0,False,False,2026-05-01
NT403__130,NT403,BMI - THE BEARDWOOD HOSPITAL,130,Ophthalmology,2015-10-01,2023-09-01,96,95,1,1.0416666666666667,1,False,True,2023-09-01
NT403__150,NT403,BMI - THE BEARDWOOD HOSPITAL,150,Neurosurgery,2015-10-01,2026-05-01,128,127,1,0.78125,1,False,False,2026-05-01
NT403__301,NT403,BMI - THE BEARDWOOD HOSPITAL,301,Gastroenterology,2015-10-01,2026-05-01,128,127,1,0.78125,1,False,False,2026-05-01
NT403__400,NT403,BMI - THE BEARDWOOD HOSPITAL,400,Neurology,2015-10-01,2025-10-01,121,25,96,79.33884297520662,30,False,True,2025-10-01
NT403__502,NT403,BMI - THE BEARDWOOD HOSPITAL,502,Gynaecology,2015-10-01,2026-05-01,128,128,0,0.0,0,False,False,2026-05-01
NT403__X01,NT403,BMI - THE BEARDWOOD HOSPITAL,X01,Other,2015-10-01,2021-03-01,66,66,0,0.0,0,False,True,2021-03-01
NT404__100,NT404,BMI - THE BEAUMONT HOSPITAL,100,General Surgery,2015-10-01,2026-05-01,128,128,0,0.0,0,False,False,2026-05-01
NT404__101,NT404,BMI - THE BEAUMONT HOSPITAL,101,Urology,2015-10-01,2026-05-01,128,128,0,0.0,0,False,False,2026-05-01
NT404__110,NT404,BMI - THE BEAUMONT HOSPITAL,110,Trauma & Orthopaedics,2015-10-01,2026-05-01,128,128,0,0.0,0,False,False,2026-05-01
NT404__120,NT404,BMI - THE BEAUMONT HOSPITAL,120,ENT,2015-10-01,2026-05-01,128,128,0,0.0,0,False,False,2026-05-01
NT404__140,NT404,BMI - THE BEAUMONT HOSPITAL,140,Oral Surgery,2015-10-01,2021-06-01,69,34,35,50.72463768115942,34,False,True,2021-06-01
NT404__160,NT404,BMI - THE BEAUMONT HOSPITAL,160,Plastic Surgery,2015-10-01,2016-04-01,7,4,3,42.857142857142854,2,True,True,2016-04-01
NT404__301,NT404,BMI - THE BEAUMONT HOSPITAL,301,Gastroenterology,2015-10-01,2026-05-01,128,124,4,3.125,1,False,False,2026-05-01
NT404__502,NT404,BMI - THE BEAUMONT HOSPITAL,502,Gynaecology,2015-10-01,2026-05-01,128,128,0,0.0,0,False,False,2026-05-01
NT404__X01,NT404,BMI - THE BEAUMONT HOSPITAL,X01,Other,2015-10-01,2021-03-01,66,66,0,0.0,0,False,True,2021-03-01
NT405__100,NT405,BMI - BISHOPS WOOD,100,General Surgery,2015-10-01,2026-05-01,128,128,0,0.0,0,False,False,2026-05-01
NT405__101,NT405,BMI - BISHOPS WOOD,101,Urology,2015-10-01,2026-05-01,128,128,0,0.0,0,False,False,2026-05-01
NT405__110,NT405,BMI - BISHOPS WOOD,110,Trauma & Orthopaedics,2015-10-01,2026-05-01,128,128,0,0.0,0,False,False,2026-05-01
NT405__120,NT405,BMI - BISHOPS WOOD,120,ENT,2015-10-01,2025-03-01,114,102,12,10.526315789473685,12,False,True,2025-03-01
NT405__130,NT405,BMI - BISHOPS WOOD,130,Ophthalmology,2015-10-01,2026-05-01,128,128,0,0.0,0,False,False,2026-05-01
NT405__140,NT405,BMI - BISHOPS WOOD,140,Oral Surgery,2015-10-01,2020-02-01,53,53,0,0.0,0,False,True,2020-02-01
NT405__160,NT405,BMI - BISHOPS WOOD,160,Plastic Surgery,2015-10-01,2017-01-01,16,16,0,0.0,0,True,True,2017-01-01
NT405__301,NT405,BMI - BISHOPS WOOD,301,Gastroenterology,2015-10-01,2026-05-01,128,128,0,0.0,0,False,False,2026-05-01
NT405__330,NT405,BMI - BISHOPS WOOD,330,Dermatology,2015-10-01,2025-05-01,116,17,99,85.34482758620689,49,False,True,2025-05-01
NT405__502,NT405,BMI - BISHOPS WOOD,502,Gynaecology,2015-10-01,2026-05-01,128,128,0,0.0,0,False,False,2026-05-01
NT405__X01,NT405,BMI - BISHOPS WOOD,X01,Other,2015-10-01,2021-03-01,66,66,0,0.0,0,False,True,2021-03-01
NT406__100,NT406,BMI - THE BLACKHEATH HOSPITAL,100,General Surgery,2015-10-01,2026-05-01,128,128,0,0.0,0,False,False,2026-05-01
NT406__101,NT406,BMI - THE BLACKHEATH HOSPITAL,101,Urology,2015-10-01,2026-05-01,128,128,0,0.0,0,False,False,2026-05-01
NT406__110,NT406,BMI - THE BLACKHEATH HOSPITAL,110,Trauma & Orthopaedics,2015-10-01,2026-05-01,128,128,0,0.0,0,False,False,2026-05-01
NT406__120,NT406,BMI - THE BLACKHEATH HOSPITAL,120,ENT,2015-10-01,2026-01-01,124,76,48,38.70967741935484,26,False,True,2026-01-01
NT406__130,NT406,BMI - THE BLACKHEATH HOSPITAL,130,Ophthalmology,2015-10-01,2026-05-01,128,128,0,0.0,0,False,False,2026-05-01
NT406__150,NT406,BMI - THE BLACKHEATH HOSPITAL,150,Neurosurgery,2015-10-01,2026-05-01,128,104,24,18.75,8,False,False,2026-05-01
NT406__301,NT406,BMI - THE BLACKHEATH HOSPITAL,301,Gastroenterology,2015-10-01,2026-05-01,128,128,0,0.0,0,False,False,2026-05-01
NT406__400,NT406,BMI - THE BLACKHEATH HOSPITAL,400,Neurology,2015-10-01,2016-02-01,5,5,0,0.0,0,True,True,2016-02-01
NT406__502,NT406,BMI - THE BLACKHEATH HOSPITAL,502,Gynaecology,2015-10-01,2026-05-01,128,124,4,3.125,4,False,False,2026-05-01
NT406__X01,NT406,BMI - THE BLACKHEATH HOSPITAL,X01,Other,2015-10-01,2021-03-01,66,66,0,0.0,0,False,True,2021-03-01
NT408__100,NT408,BMI - THE CHAUCER HOSPITAL,100,General Surgery,2015-10-01,2026-05-01,128,128,0,0.0,0,False,False,2026-05-01
NT408__101,NT408,BMI - THE CHAUCER HOSPITAL,101,Urology,2015-10-01,2026-05-01,128,128,0,0.0,0,False,False,2026-05-01
NT408__110,NT408,BMI - THE CHAUCER HOSPITAL,110,Trauma & Orthopaedics,2015-10-01,2026-05-01,128,128,0,0.0,0,False,False,2026-05-01
NT408__120,NT408,BMI - THE CHAUCER HOSPITAL,120,ENT,2015-10-01,2022-05-01,80,72,8,10.0,5,False,True,2022-05-01
NT408__130,NT408,BMI - THE CHAUCER HOSPITAL,130,Ophthalmology,2015-10-01,2026-05-01,128,128,0,0.0,0,False,False,2026-05-01
NT408__301,NT408,BMI - THE CHAUCER HOSPITAL,301,Gastroenterology,2015-10-01,2025-09-01,120,120,0,0.0,0,False,True,2025-09-01
NT408__502,NT408,BMI - THE CHAUCER HOSPITAL,502,Gynaecology,2015-10-01,2024-12-01,111,110,1,0.9009009009009009,1,False,True,2024-12-01
NT408__X01,NT408,BMI - THE CHAUCER HOSPITAL,X01,Other,2015-10-01,2021-03-01,66,66,0,0.0,0,False,True,2021-03-01
NT409__100,NT409,BMI - CHELSFIELD PARK HOSPITAL,100,General Surgery,2015-10-01,2026-05-01,128,128,0,0.0,0,False,False,2026-05-01
NT409__101,NT409,BMI - CHELSFIELD PARK HOSPITAL,101,Urology,2015-10-01,2026-05-01,128,128,0,0.0,0,False,False,2026-05-01
NT409__110,NT409,BMI - CHELSFIELD PARK HOSPITAL,110,Trauma & Orthopaedics,2015-10-01,2026-05-01,128,128,0,0.0,0,False,False,2026-05-01
NT409__130,NT409,BMI - CHELSFIELD PARK HOSPITAL,130,Ophthalmology,2015-10-01,2022-01-01,76,76,0,0.0,0,False,True,2022-01-01
NT409__150,NT409,BMI - CHELSFIELD PARK HOSPITAL,150,Neurosurgery,2015-10-01,2026-05-01,128,81,47,36.71875,11,False,False,2026-05-01
NT409__502,NT409,BMI - CHELSFIELD PARK HOSPITAL,502,Gynaecology,2015-10-01,2026-05-01,128,116,12,9.375,12,False,False,2026-05-01
NT409__X01,NT409,BMI - CHELSFIELD PARK HOSPITAL,X01,Other,2015-10-01,2021-03-01,66,66,0,0.0,0,False,True,2021-03-01
NT410__100,NT410,BMI - THE CHILTERN HOSPITAL,100,General Surgery,2015-10-01,2026-05-01,128,128,0,0.0,0,False,False,2026-05-01
NT410__101,NT410,BMI - THE CHILTERN HOSPITAL,101,Urology,2015-10-01,2026-05-01,128,128,0,0.0,0,False,False,2026-05-01
NT410__110,NT410,BMI - THE CHILTERN HOSPITAL,110,Trauma & Orthopaedics,2015-10-01,2026-05-01,128,128,0,0.0,0,False,False,2026-05-01
NT410__120,NT410,BMI - THE CHILTERN HOSPITAL,120,ENT,2015-10-01,2025-04-01,115,61,54,46.95652173913044,26,False,True,2025-04-01
NT410__160,NT410,BMI - THE CHILTERN HOSPITAL,160,Plastic Surgery,2015-10-01,2015-10-01,1,1,0,0.0,0,True,True,2015-10-01
NT410__502,NT410,BMI - THE CHILTERN HOSPITAL,502,Gynaecology,2015-10-01,2025-05-01,116,84,32,27.586206896551722,18,False,True,2025-05-01
NT410__X01,NT410,BMI - THE CHILTERN HOSPITAL,X01,Other,2015-10-01,2021-03-01,66,66,0,0.0,0,False,True,2021-03-01
NT411__100,NT411,BMI - THE CLEMENTINE CHURCHILL HOSPITAL,100,General Surgery,2015-10-01,2026-05-01,128,128,0,0.0,0,False,False,2026-05-01
NT411__101,NT411,BMI - THE CLEMENTINE CHURCHILL HOSPITAL,101,Urology,2015-10-01,2026-05-01,128,128,0,0.0,0,False,False,2026-05-01
NT411__110,NT411,BMI - THE CLEMENTINE CHURCHILL HOSPITAL,110,Trauma & Orthopaedics,2015-10-01,2026-05-01,128,128,0,0.0,0,False,False,2026-05-01
NT411__120,NT411,BMI - THE CLEMENTINE CHURCHILL HOSPITAL,120,ENT,2015-10-01,2026-05-01,128,128,0,0.0,0,False,False,2026-05-01
NT411__130,NT411,BMI - THE CLEMENTINE CHURCHILL HOSPITAL,130,Ophthalmology,2015-10-01,2026-05-01,128,128,0,0.0,0,False,False,2026-05-01
NT411__140,NT411,BMI - THE CLEMENTINE CHURCHILL HOSPITAL,140,Oral Surgery,2015-10-01,2019-12-01,51,51,0,0.0,0,False,True,2019-12-01
NT411__160,NT411,BMI - THE CLEMENTINE CHURCHILL HOSPITAL,160,Plastic Surgery,2015-10-01,2016-11-01,14,14,0,0.0,0,True,True,2016-11-01
NT411__301,NT411,BMI - THE CLEMENTINE CHURCHILL HOSPITAL,301,Gastroenterology,2015-10-01,2026-05-01,128,128,0,0.0,0,False,False,2026-05-01
NT411__502,NT411,BMI - THE CLEMENTINE CHURCHILL HOSPITAL,502,Gynaecology,2015-10-01,2026-05-01,128,128,0,0.0,0,False,False,2026-05-01
NT411__X01,NT411,BMI - THE CLEMENTINE CHURCHILL HOSPITAL,X01,Other,2015-10-01,2021-03-01,66,66,0,0.0,0,False,True,2021-03-01
NT412__100,NT412,BMI - THE DROITWICH SPA HOSPITAL,100,General Surgery,2015-10-01,2026-05-01,128,128,0,0.0,0,False,False,2026-05-01
NT412__101,NT412,BMI - THE DROITWICH SPA HOSPITAL,101,Urology,2015-10-01,2026-04-01,127,108,19,14.960629921259843,14,False,True,2026-04-01
NT412__110,NT412,BMI - THE DROITWICH SPA HOSPITAL,110,Trauma & Orthopaedics,2015-10-01,2026-05-01,128,128,0,0.0,0,False,False,2026-05-01
NT412__120,NT412,BMI - THE DROITWICH SPA HOSPITAL,120,ENT,2015-10-01,2026-05-01,128,128,0,0.0,0,False,False,2026-05-01
NT412__130,NT412,BMI - THE DROITWICH SPA HOSPITAL,130,Ophthalmology,2015-10-01,2026-05-01,128,128,0,0.0,0,False,False,2026-05-01
NT412__301,NT412,BMI - THE DROITWICH SPA HOSPITAL,301,Gastroenterology,2015-10-01,2026-05-01,128,124,4,3.125,2,False,False,2026-05-01
NT412__502,NT412,BMI - THE DROITWICH SPA HOSPITAL,502,Gynaecology,2015-10-01,2024-11-01,110,106,4,3.6363636363636362,4,False,True,2024-11-01
NT412__X01,NT412,BMI - THE DROITWICH SPA HOSPITAL,X01,Other,2015-10-01,2021-03-01,66,65,1,1.5151515151515151,1,False,True,2021-03-01
NT413__100,NT413,BMI - THE ESPERANCE HOSPITAL,100,General Surgery,2015-10-01,2019-06-01,45,45,0,0.0,0,False,True,2019-06-01
NT413__101,NT413,BMI - THE ESPERANCE HOSPITAL,101,Urology,2015-10-01,2019-06-01,45,45,0,0.0,0,False,True,2019-06-01
NT413__110,NT413,BMI - THE ESPERANCE HOSPITAL,110,Trauma & Orthopaedics,2015-10-01,2019-07-01,46,46,0,0.0,0,False,True,2019-07-01
NT413__120,NT413,BMI - THE ESPERANCE HOSPITAL,120,ENT,2015-10-01,2019-06-01,45,45,0,0.0,0,False,True,2019-06-01
NT413__130,NT413,BMI - THE ESPERANCE HOSPITAL,130,Ophthalmology,2015-10-01,2019-06-01,45,45,0,0.0,0,False,True,2019-06-01
NT413__301,NT413,BMI - THE ESPERANCE HOSPITAL,301,Gastroenterology,2015-10-01,2019-07-01,46,46,0,0.0,0,False,True,2019-07-01
NT413__502,NT413,BMI - THE ESPERANCE HOSPITAL,502,Gynaecology,2015-10-01,2019-07-01,46,46,0,0.0,0,False,True,2019-07-01
NT414__100,NT414,BMI - FAWKHAM MANOR HOSPITAL,100,General Surgery,2015-10-01,2019-06-01,45,45,0,0.0,0,False,True,2019-06-01
NT414__101,NT414,BMI - FAWKHAM MANOR HOSPITAL,101,Urology,2015-10-01,2019-06-01,45,45,0,0.0,0,False,True,2019-06-01
NT414__110,NT414,BMI - FAWKHAM MANOR HOSPITAL,110,Trauma & Orthopaedics,2015-10-01,2019-06-01,45,45,0,0.0,0,False,True,2019-06-01
NT414__120,NT414,BMI - FAWKHAM MANOR HOSPITAL,120,ENT,2015-10-01,2018-01-01,28,28,0,0.0,0,True,True,2018-01-01
NT414__130,NT414,BMI - FAWKHAM MANOR HOSPITAL,130,Ophthalmology,2015-10-01,2017-09-01,24,24,0,0.0,0,True,True,2017-09-01
NT414__301,NT414,BMI - FAWKHAM MANOR HOSPITAL,301,Gastroenterology,2015-10-01,2019-05-01,44,44,0,0.0,0,False,True,2019-05-01
NT414__502,NT414,BMI - FAWKHAM MANOR HOSPITAL,502,Gynaecology,2015-10-01,2019-06-01,45,45,0,0.0,0,False,True,2019-06-01
NT414__X01,NT414,BMI - FAWKHAM MANOR HOSPITAL,X01,Other,2015-10-01,2019-06-01,45,45,0,0.0,0,False,True,2019-06-01
NT416__100,NT416,BMI - HENDON HOSPITAL,100,General Surgery,2015-10-01,2026-05-01,128,128,0,0.0,0,False,False,2026-05-01
NT416__101,NT416,BMI - HENDON HOSPITAL,101,Urology,2015-10-01,2026-05-01,128,123,5,3.90625,5,False,False,2026-05-01
NT416__110,NT416,BMI - HENDON HOSPITAL,110,Trauma & Orthopaedics,2015-10-01,2026-05-01,128,128,0,0.0,0,False,False,2026-05-01
NT416__130,NT416,BMI - HENDON HOSPITAL,130,Ophthalmology,2015-10-01,2026-05-01,128,128,0,0.0,0,False,False,2026-05-01
NT416__160,NT416,BMI - HENDON HOSPITAL,160,Plastic Surgery,2015-10-01,2017-03-01,18,18,0,0.0,0,True,True,2017-03-01
NT416__301,NT416,BMI - HENDON HOSPITAL,301,Gastroenterology,2015-10-01,2026-05-01,128,128,0,0.0,0,False,False,2026-05-01
NT416__502,NT416,BMI - HENDON HOSPITAL,502,Gynaecology,2015-10-01,2026-05-01,128,128,0,0.0,0,False,False,2026-05-01
NT416__X01,NT416,BMI - HENDON HOSPITAL,X01,Other,2015-10-01,2021-03-01,66,66,0,0.0,0,False,True,2021-03-01
NT417__100,NT417,BMI - GORING HALL HOSPITAL,100,General Surgery,2015-10-01,2026-05-01,128,128,0,0.0,0,False,False,2026-05-01
NT417__101,NT417,BMI - GORING HALL HOSPITAL,101,Urology,2015-10-01,2026-04-01,127,127,0,0.0,0,False,True,2026-04-01
NT417__110,NT417,BMI - GORING HALL HOSPITAL,110,Trauma & Orthopaedics,2015-10-01,2026-05-01,128,128,0,0.0,0,False,False,2026-05-01
NT417__120,NT417,BMI - GORING HALL HOSPITAL,120,ENT,2015-10-01,2024-10-01,109,30,79,72.4770642201835,63,False,True,2024-10-01
NT417__130,NT417,BMI - GORING HALL HOSPITAL,130,Ophthalmology,2015-10-01,2026-05-01,128,126,2,1.5625,2,False,False,2026-05-01
NT417__301,NT417,BMI - GORING HALL HOSPITAL,301,Gastroenterology,2015-10-01,2026-05-01,128,128,0,0.0,0,False,False,2026-05-01
NT417__410,NT417,BMI - GORING HALL HOSPITAL,410,Rheumatology,2015-10-01,2022-05-01,80,29,51,63.75,40,False,True,2022-05-01
NT417__502,NT417,BMI - GORING HALL HOSPITAL,502,Gynaecology,2015-10-01,2025-11-01,122,120,2,1.639344262295082,2,False,True,2025-11-01
NT417__X01,NT417,BMI - GORING HALL HOSPITAL,X01,Other,2015-10-01,2021-03-01,66,65,1,1.5151515151515151,1,False,True,2021-03-01
NT418__100,NT418,BMI - THE HAMPSHIRE CLINIC,100,General Surgery,2015-10-01,2026-05-01,128,128,0,0.0,0,False,False,2026-05-01
NT418__101,NT418,BMI - THE HAMPSHIRE CLINIC,101,Urology,2015-10-01,2026-05-01,128,127,1,0.78125,1,False,False,2026-05-01
NT418__110,NT418,BMI - THE HAMPSHIRE CLINIC,110,Trauma & Orthopaedics,2015-10-01,2026-05-01,128,128,0,0.0,0,False,False,2026-05-01
NT418__120,NT418,BMI - THE HAMPSHIRE CLINIC,120,ENT,2015-10-01,2025-04-01,115,83,32,27.82608695652174,27,False,True,2025-04-01
NT418__130,NT418,BMI - THE HAMPSHIRE CLINIC,130,Ophthalmology,2015-10-01,2022-06-01,81,78,3,3.7037037037037037,2,False,True,2022-06-01
NT418__140,NT418,BMI - THE HAMPSHIRE CLINIC,140,Oral Surgery,2015-10-01,2022-03-01,78,16,62,79.48717948717949,44,False,True,2022-03-01
NT418__160,NT418,BMI - THE HAMPSHIRE CLINIC,160,Plastic Surgery,2015-10-01,2017-02-01,17,17,0,0.0,0,True,True,2017-02-01
NT418__301,NT418,BMI - THE HAMPSHIRE CLINIC,301,Gastroenterology,2015-10-01,2026-05-01,128,128,0,0.0,0,False,False,2026-05-01
NT418__502,NT418,BMI - THE HAMPSHIRE CLINIC,502,Gynaecology,2015-10-01,2026-05-01,128,128,0,0.0,0,False,False,2026-05-01
NT418__X01,NT418,BMI - THE HAMPSHIRE CLINIC,X01,Other,2015-10-01,2021-03-01,66,66,0,0.0,0,False,True,2021-03-01
NT419__100,NT419,BMI - THE HARBOUR HOSPITAL,100,General Surgery,2015-10-01,2022-04-01,79,34,45,56.962025316455694,25,False,True,2022-04-01
NT419__110,NT419,BMI - THE HARBOUR HOSPITAL,110,Trauma & Orthopaedics,2015-10-01,2026-05-01,128,128,0,0.0,0,False,False,2026-05-01
NT419__120,NT419,BMI - THE HARBOUR HOSPITAL,120,ENT,2015-10-01,2017-10-01,25,25,0,0.0,0,True,True,2017-10-01
NT419__130,NT419,BMI - THE HARBOUR HOSPITAL,130,Ophthalmology,2015-10-01,2020-12-01,63,63,0,0.0,0,False,True,2020-12-01
NT419__301,NT419,BMI - THE HARBOUR HOSPITAL,301,Gastroenterology,2015-10-01,2020-12-01,63,63,0,0.0,0,False,True,2020-12-01
NT420__100,NT420,BMI - THE HIGHFIELD HOSPITAL,100,General Surgery,2015-10-01,2026-05-01,128,128,0,0.0,0,False,False,2026-05-01
NT420__101,NT420,BMI - THE HIGHFIELD HOSPITAL,101,Urology,2015-10-01,2025-12-01,123,112,11,8.94308943089431,11,False,True,2025-12-01
NT420__110,NT420,BMI - THE HIGHFIELD HOSPITAL,110,Trauma & Orthopaedics,2015-10-01,2026-05-01,128,128,0,0.0,0,False,False,2026-05-01
NT420__120,NT420,BMI - THE HIGHFIELD HOSPITAL,120,ENT,2015-10-01,2023-11-01,98,97,1,1.0204081632653061,1,False,True,2023-11-01
NT420__130,NT420,BMI - THE HIGHFIELD HOSPITAL,130,Ophthalmology,2015-10-01,2024-02-01,101,97,4,3.9603960396039604,4,False,True,2024-02-01
NT420__140,NT420,BMI - THE HIGHFIELD HOSPITAL,140,Oral Surgery,2015-10-01,2020-02-01,53,53,0,0.0,0,False,True,2020-02-01
NT420__150,NT420,BMI - THE HIGHFIELD HOSPITAL,150,Neurosurgery,2015-10-01,2026-05-01,128,100,28,21.875,10,False,False,2026-05-01
NT420__301,NT420,BMI - THE HIGHFIELD HOSPITAL,301,Gastroenterology,2015-10-01,2026-05-01,128,128,0,0.0,0,False,False,2026-05-01
NT420__502,NT420,BMI - THE HIGHFIELD HOSPITAL,502,Gynaecology,2015-10-01,2024-12-01,111,95,16,14.414414414414415,10,False,True,2024-12-01
NT420__X01,NT420,BMI - THE HIGHFIELD HOSPITAL,X01,Other,2015-10-01,2021-03-01,66,66,0,0.0,0,False,True,2021-03-01
NT421__100,NT421,BMI - THE KINGS OAK HOSPITAL,100,General Surgery,2015-10-01,2026-05-01,128,128,0,0.0,0,False,False,2026-05-01
NT421__101,NT421,BMI - THE KINGS OAK HOSPITAL,101,Urology,2015-10-01,2026-05-01,128,128,0,0.0,0,False,False,2026-05-01
NT421__110,NT421,BMI - THE KINGS OAK HOSPITAL,110,Trauma & Orthopaedics,2015-10-01,2026-05-01,128,128,0,0.0,0,False,False,2026-05-01
NT421__120,NT421,BMI - THE KINGS OAK HOSPITAL,120,ENT,2015-10-01,2025-10-01,121,120,1,0.8264462809917356,1,False,True,2025-10-01
NT421__130,NT421,BMI - THE KINGS OAK HOSPITAL,130,Ophthalmology,2015-10-01,2022-10-01,85,52,33,38.8235294117647,33,False,True,2022-10-01
NT421__140,NT421,BMI - THE KINGS OAK HOSPITAL,140,Oral Surgery,2015-10-01,2025-11-01,122,84,38,31.147540983606557,38,False,True,2025-11-01
NT421__301,NT421,BMI - THE KINGS OAK HOSPITAL,301,Gastroenterology,2015-10-01,2026-05-01,128,128,0,0.0,0,False,False,2026-05-01
NT421__502,NT421,BMI - THE KINGS OAK HOSPITAL,502,Gynaecology,2015-10-01,2026-05-01,128,128,0,0.0,0,False,False,2026-05-01
NT421__X01,NT421,BMI - THE KINGS OAK HOSPITAL,X01,Other,2015-10-01,2021-03-01,66,66,0,0.0,0,False,True,2021-03-01
NT422__100,NT422,BMI - THE LONDON INDEPENDENT HOSPITAL,100,General Surgery,2015-10-01,2026-05-01,128,128,0,0.0,0,False,False,2026-05-01
NT422__101,NT422,BMI - THE LONDON INDEPENDENT HOSPITAL,101,Urology,2015-10-01,2026-05-01,128,128,0,0.0,0,False,False,2026-05-01
NT422__110,NT422,BMI - THE LONDON INDEPENDENT HOSPITAL,110,Trauma & Orthopaedics,2015-10-01,2026-05-01,128,128,0,0.0,0,False,False,2026-05-01
NT422__120,NT422,BMI - THE LONDON INDEPENDENT HOSPITAL,120,ENT,2015-10-01,2023-10-01,97,81,16,16.49484536082474,6,False,True,2023-10-01
NT422__130,NT422,BMI - THE LONDON INDEPENDENT HOSPITAL,130,Ophthalmology,2015-10-01,2026-05-01,128,128,0,0.0,0,False,False,2026-05-01
NT422__140,NT422,BMI - THE LONDON INDEPENDENT HOSPITAL,140,Oral Surgery,2015-10-01,2023-06-01,93,78,15,16.129032258064516,9,False,True,2023-06-01
NT422__150,NT422,BMI - THE LONDON INDEPENDENT HOSPITAL,150,Neurosurgery,2015-10-01,2026-05-01,128,128,0,0.0,0,False,False,2026-05-01
NT422__160,NT422,BMI - THE LONDON INDEPENDENT HOSPITAL,160,Plastic Surgery,2015-10-01,2016-11-01,14,13,1,7.142857142857143,1,True,True,2016-11-01
NT422__301,NT422,BMI - THE LONDON INDEPENDENT HOSPITAL,301,Gastroenterology,2015-10-01,2026-05-01,128,128,0,0.0,0,False,False,2026-05-01
NT422__400,NT422,BMI - THE LONDON INDEPENDENT HOSPITAL,400,Neurology,2015-10-01,2022-01-01,76,25,51,67.10526315789474,27,False,True,2022-01-01
NT422__502,NT422,BMI - THE LONDON INDEPENDENT HOSPITAL,502,Gynaecology,2015-10-01,2026-05-01,128,128,0,0.0,0,False,False,2026-05-01
NT422__X01,NT422,BMI - THE LONDON INDEPENDENT HOSPITAL,X01,Other,2015-10-01,2021-03-01,66,66,0,0.0,0,False,True,2021-03-01
NT423__100,NT423,BMI - THE MANOR HOSPITAL,100,General Surgery,2015-10-01,2026-05-01,128,128,0,0.0,0,False,False,2026-05-01
NT423__101,NT423,BMI - THE MANOR HOSPITAL,101,Urology,2015-10-01,2025-03-01,114,113,1,0.8771929824561403,1,False,True,2025-03-01
NT423__110,NT423,BMI - THE MANOR HOSPITAL,110,Trauma & Orthopaedics,2015-10-01,2026-05-01,128,128,0,0.0,0,False,False,2026-05-01
NT423__301,NT423,BMI - THE MANOR HOSPITAL,301,Gastroenterology,2015-10-01,2024-03-01,102,62,40,39.21568627450981,39,False,True,2024-03-01
NT423__502,NT423,BMI - THE MANOR HOSPITAL,502,Gynaecology,2015-10-01,2026-05-01,128,127,1,0.78125,1,False,False,2026-05-01
NT423__X01,NT423,BMI - THE MANOR HOSPITAL,X01,Other,2015-10-01,2021-03-01,66,66,0,0.0,0,False,True,2021-03-01
NT424__100,NT424,BMI - THE MERIDEN HOSPITAL,100,General Surgery,2015-10-01,2026-05-01,128,128,0,0.0,0,False,False,2026-05-01
NT424__101,NT424,BMI - THE MERIDEN HOSPITAL,101,Urology,2015-10-01,2025-06-01,117,31,86,73.5042735042735,34,False,True,2025-06-01
NT424__110,NT424,BMI - THE MERIDEN HOSPITAL,110,Trauma & Orthopaedics,2015-10-01,2026-05-01,128,128,0,0.0,0,False,False,2026-05-01
NT424__120,NT424,BMI - THE MERIDEN HOSPITAL,120,ENT,2015-10-01,2024-03-01,102,102,0,0.0,0,False,True,2024-03-01
NT424__140,NT424,BMI - THE MERIDEN HOSPITAL,140,Oral Surgery,2015-10-01,2019-06-01,45,45,0,0.0,0,False,True,2019-06-01
NT424__150,NT424,BMI - THE MERIDEN HOSPITAL,150,Neurosurgery,2015-10-01,2026-05-01,128,127,1,0.78125,1,False,False,2026-05-01
NT424__170,NT424,BMI - THE MERIDEN HOSPITAL,170,Cardiothoracic Surgery,2015-10-01,2017-04-01,19,19,0,0.0,0,True,True,2017-04-01
NT424__301,NT424,BMI - THE MERIDEN HOSPITAL,301,Gastroenterology,2015-10-01,2026-05-01,128,128,0,0.0,0,False,False,2026-05-01
NT424__502,NT424,BMI - THE MERIDEN HOSPITAL,502,Gynaecology,2015-10-01,2023-06-01,93,93,0,0.0,0,False,True,2023-06-01
NT424__X01,NT424,BMI - THE MERIDEN HOSPITAL,X01,Other,2015-10-01,2021-03-01,66,55,11,16.666666666666668,10,False,True,2021-03-01
NT426__100,NT426,BMI - THE PADDOCKS HOSPITAL,100,General Surgery,2015-10-01,2017-06-01,21,21,0,0.0,0,True,True,2017-06-01
NT426__101,NT426,BMI - THE PADDOCKS HOSPITAL,101,Urology,2015-10-01,2017-06-01,21,21,0,0.0,0,True,True,2017-06-01
NT426__110,NT426,BMI - THE PADDOCKS HOSPITAL,110,Trauma & Orthopaedics,2015-10-01,2016-06-01,9,9,0,0.0,0,True,True,2016-06-01
NT426__160,NT426,BMI - THE PADDOCKS HOSPITAL,160,Plastic Surgery,2015-10-01,2016-08-01,11,10,1,9.090909090909092,1,True,True,2016-08-01
NT426__502,NT426,BMI - THE PADDOCKS HOSPITAL,502,Gynaecology,2015-10-01,2017-06-01,21,20,1,4.761904761904762,1,True,True,2017-06-01
NT427__100,NT427,BMI - THE PARK HOSPITAL,100,General Surgery,2015-10-01,2026-05-01,128,128,0,0.0,0,False,False,2026-05-01
NT427__101,NT427,BMI - THE PARK HOSPITAL,101,Urology,2015-10-01,2026-05-01,128,128,0,0.0,0,False,False,2026-05-01
NT427__110,NT427,BMI - THE PARK HOSPITAL,110,Trauma & Orthopaedics,2015-10-01,2026-05-01,128,128,0,0.0,0,False,False,2026-05-01
NT427__130,NT427,BMI - THE PARK HOSPITAL,130,Ophthalmology,2015-10-01,2024-11-01,110,79,31,28.181818181818183,17,False,True,2024-11-01
NT427__140,NT427,BMI - THE PARK HOSPITAL,140,Oral Surgery,2015-10-01,2022-07-01,82,82,0,0.0,0,False,True,2022-07-01
NT427__502,NT427,BMI - THE PARK HOSPITAL,502,Gynaecology,2015-10-01,2026-05-01,128,128,0,0.0,0,False,False,2026-05-01
NT428__100,NT428,BMI - THE PRINCESS MARGARET HOSPITAL,100,General Surgery,2015-10-01,2026-05-01,128,126,2,1.5625,1,False,False,2026-05-01
NT428__101,NT428,BMI - THE PRINCESS MARGARET HOSPITAL,101,Urology,2015-10-01,2021-04-01,67,64,3,4.477611940298507,3,False,True,2021-04-01
NT428__110,NT428,BMI - THE PRINCESS MARGARET HOSPITAL,110,Trauma & Orthopaedics,2015-10-01,2026-05-01,128,128,0,0.0,0,False,False,2026-05-01
NT428__160,NT428,BMI - THE PRINCESS MARGARET HOSPITAL,160,Plastic Surgery,2015-10-01,2016-11-01,14,14,0,0.0,0,True,True,2016-11-01
NT428__301,NT428,BMI - THE PRINCESS MARGARET HOSPITAL,301,Gastroenterology,2015-10-01,2026-05-01,128,128,0,0.0,0,False,False,2026-05-01
NT428__502,NT428,BMI - THE PRINCESS MARGARET HOSPITAL,502,Gynaecology,2015-10-01,2023-05-01,92,92,0,0.0,0,False,True,2023-05-01
NT428__X01,NT428,BMI - THE PRINCESS MARGARET HOSPITAL,X01,Other,2015-10-01,2021-03-01,66,62,4,6.0606060606060606,4,False,True,2021-03-01
NT429__100,NT429,BMI - THE PRIORY HOSPITAL,100,General Surgery,2015-10-01,2026-02-01,125,117,8,6.4,5,False,True,2026-02-01
NT429__101,NT429,BMI - THE PRIORY HOSPITAL,101,Urology,2015-10-01,2024-03-01,102,96,6,5.882352941176471,5,False,True,2024-03-01
NT429__110,NT429,BMI - THE PRIORY HOSPITAL,110,Trauma & Orthopaedics,2015-10-01,2026-05-01,128,128,0,0.0,0,False,False,2026-05-01
NT429__130,NT429,BMI - THE PRIORY HOSPITAL,130,Ophthalmology,2015-10-01,2022-10-01,85,27,58,68.23529411764706,48,False,True,2022-10-01
NT429__502,NT429,BMI - THE PRIORY HOSPITAL,502,Gynaecology,2015-10-01,2026-05-01,128,113,15,11.71875,7,False,False,2026-05-01
NT430__100,NT430,BMI - THE RIDGEWAY HOSPITAL,100,General Surgery,2015-10-01,2026-05-01,128,128,0,0.0,0,False,False,2026-05-01
NT430__101,NT430,BMI - THE RIDGEWAY HOSPITAL,101,Urology,2015-10-01,2025-01-01,112,109,3,2.6785714285714284,3,False,True,2025-01-01
NT430__110,NT430,BMI - THE RIDGEWAY HOSPITAL,110,Trauma & Orthopaedics,2015-10-01,2026-05-01,128,128,0,0.0,0,False,False,2026-05-01
NT430__120,NT430,BMI - THE RIDGEWAY HOSPITAL,120,ENT,2015-10-01,2026-01-01,124,116,8,6.451612903225806,3,False,True,2026-01-01
NT430__130,NT430,BMI - THE RIDGEWAY HOSPITAL,130,Ophthalmology,2015-10-01,2026-05-01,128,128,0,0.0,0,False,False,2026-05-01
NT430__502,NT430,BMI - THE RIDGEWAY HOSPITAL,502,Gynaecology,2015-10-01,2026-05-01,128,117,11,8.59375,11,False,False,2026-05-01
NT431__100,NT431,BMI - THE RUNNYMEDE HOSPITAL,100,General Surgery,2015-10-01,2026-05-01,128,128,0,0.0,0,False,False,2026-05-01
NT431__101,NT431,BMI - THE RUNNYMEDE HOSPITAL,101,Urology,2015-10-01,2021-05-01,68,22,46,67.6470588235294,46,False,True,2021-05-01
NT431__110,NT431,BMI - THE RUNNYMEDE HOSPITAL,110,Trauma & Orthopaedics,2015-10-01,2026-05-01,128,128,0,0.0,0,False,False,2026-05-01
NT431__301,NT431,BMI - THE RUNNYMEDE HOSPITAL,301,Gastroenterology,2015-10-01,2026-05-01,128,128,0,0.0,0,False,False,2026-05-01
NT431__X01,NT431,BMI - THE RUNNYMEDE HOSPITAL,X01,Other,2015-10-01,2021-03-01,66,66,0,0.0,0,False,True,2021-03-01
NT432__100,NT432,BMI - THE SANDRINGHAM HOSPITAL,100,General Surgery,2015-10-01,2020-09-01,60,60,0,0.0,0,False,True,2020-09-01
NT432__101,NT432,BMI - THE SANDRINGHAM HOSPITAL,101,Urology,2015-10-01,2020-09-01,60,60,0,0.0,0,False,True,2020-09-01
NT432__110,NT432,BMI - THE SANDRINGHAM HOSPITAL,110,Trauma & Orthopaedics,2015-10-01,2021-06-01,69,66,3,4.3478260869565215,2,False,True,2021-06-01
NT432__130,NT432,BMI - THE SANDRINGHAM HOSPITAL,130,Ophthalmology,2015-10-01,2021-06-01,69,66,3,4.3478260869565215,2,False,True,2021-06-01
NT432__140,NT432,BMI - THE SANDRINGHAM HOSPITAL,140,Oral Surgery,2015-10-01,2017-11-01,26,25,1,3.8461538461538463,1,True,True,2017-11-01
NT432__301,NT432,BMI - THE SANDRINGHAM HOSPITAL,301,Gastroenterology,2015-10-01,2019-11-01,50,46,4,8.0,4,False,True,2019-11-01
NT433__100,NT433,BMI - SARUM ROAD HOSPITAL,100,General Surgery,2015-10-01,2026-05-01,128,120,8,6.25,8,False,False,2026-05-01
NT433__101,NT433,BMI - SARUM ROAD HOSPITAL,101,Urology,2015-10-01,2026-02-01,125,54,71,56.8,30,False,True,2026-02-01
NT433__110,NT433,BMI - SARUM ROAD HOSPITAL,110,Trauma & Orthopaedics,2015-10-01,2026-05-01,128,128,0,0.0,0,False,False,2026-05-01
NT433__120,NT433,BMI - SARUM ROAD HOSPITAL,120,ENT,2015-10-01,2023-12-01,99,34,65,65.65656565656566,65,False,True,2023-12-01
NT433__301,NT433,BMI - SARUM ROAD HOSPITAL,301,Gastroenterology,2015-10-01,2026-01-01,124,70,54,43.54838709677419,22,False,True,2026-01-01
NT433__502,NT433,BMI - SARUM ROAD HOSPITAL,502,Gynaecology,2015-10-01,2025-06-01,117,34,83,70.94017094017094,58,False,True,2025-06-01
NT433__X01,NT433,BMI - SARUM ROAD HOSPITAL,X01,Other,2015-10-01,2021-03-01,66,66,0,0.0,0,False,True,2021-03-01
NT434__100,NT434,BMI - THE SAXON CLINIC,100,General Surgery,2015-10-01,2026-05-01,128,128,0,0.0,0,False,False,2026-05-01
NT434__110,NT434,BMI - THE SAXON CLINIC,110,Trauma & Orthopaedics,2015-10-01,2026-05-01,128,128,0,0.0,0,False,False,2026-05-01
NT434__301,NT434,BMI - THE SAXON CLINIC,301,Gastroenterology,2015-10-01,2026-05-01,128,128,0,0.0,0,False,False,2026-05-01
NT434__502,NT434,BMI - THE SAXON CLINIC,502,Gynaecology,2015-10-01,2024-11-01,110,41,69,62.72727272727273,60,False,True,2024-11-01
NT434__X01,NT434,BMI - THE SAXON CLINIC,X01,Other,2015-10-01,2021-03-01,66,66,0,0.0,0,False,True,2021-03-01
NT435__100,NT435,BMI - THE SHELBURNE HOSPITAL,100,General Surgery,2015-10-01,2026-05-01,128,126,2,1.5625,1,False,False,2026-05-01
NT435__101,NT435,BMI - THE SHELBURNE HOSPITAL,101,Urology,2015-10-01,2026-05-01,128,120,8,6.25,3,False,False,2026-05-01
NT435__110,NT435,BMI - THE SHELBURNE HOSPITAL,110,Trauma & Orthopaedics,2015-10-01,2026-05-01,128,128,0,0.0,0,False,False,2026-05-01
NT435__160,NT435,BMI - THE SHELBURNE HOSPITAL,160,Plastic Surgery,2015-10-01,2016-08-01,11,11,0,0.0,0,True,True,2016-08-01
NT435__301,NT435,BMI - THE SHELBURNE HOSPITAL,301,Gastroenterology,2015-10-01,2026-05-01,128,111,17,13.28125,3,False,False,2026-05-01
NT435__502,NT435,BMI - THE SHELBURNE HOSPITAL,502,Gynaecology,2015-10-01,2026-02-01,125,110,15,12.0,7,False,True,2026-02-01
NT435__X01,NT435,BMI - THE SHELBURNE HOSPITAL,X01,Other,2015-10-01,2019-07-01,46,37,9,19.565217391304348,4,False,True,2019-07-01
NT436__100,NT436,BMI - SHIRLEY OAKS HOSPITAL,100,General Surgery,2015-10-01,2026-05-01,128,128,0,0.0,0,False,False,2026-05-01
NT436__101,NT436,BMI - SHIRLEY OAKS HOSPITAL,101,Urology,2015-10-01,2026-05-01,128,128,0,0.0,0,False,False,2026-05-01
NT436__110,NT436,BMI - SHIRLEY OAKS HOSPITAL,110,Trauma & Orthopaedics,2015-10-01,2026-05-01,128,128,0,0.0,0,False,False,2026-05-01
NT436__120,NT436,BMI - SHIRLEY OAKS HOSPITAL,120,ENT,2015-10-01,2026-02-01,125,62,63,50.4,49,False,True,2026-02-01
NT436__130,NT436,BMI - SHIRLEY OAKS HOSPITAL,130,Ophthalmology,2015-10-01,2026-05-01,128,128,0,0.0,0,False,False,2026-05-01
NT436__140,NT436,BMI - SHIRLEY OAKS HOSPITAL,140,Oral Surgery,2015-10-01,2016-05-01,8,7,1,12.5,1,True,True,2016-05-01
NT436__150,NT436,BMI - SHIRLEY OAKS HOSPITAL,150,Neurosurgery,2015-10-01,2025-01-01,112,68,44,39.285714285714285,16,False,True,2025-01-01
NT436__301,NT436,BMI - SHIRLEY OAKS HOSPITAL,301,Gastroenterology,2015-10-01,2026-05-01,128,128,0,0.0,0,False,False,2026-05-01
NT436__400,NT436,BMI - SHIRLEY OAKS HOSPITAL,400,Neurology,2015-10-01,2026-05-01,128,15,113,88.28125,84,False,False,2026-05-01
NT436__502,NT436,BMI - SHIRLEY OAKS HOSPITAL,502,Gynaecology,2015-10-01,2026-05-01,128,127,1,0.78125,1,False,False,2026-05-01
NT436__X01,NT436,BMI - SHIRLEY OAKS HOSPITAL,X01,Other,2015-10-01,2021-03-01,66,66,0,0.0,0,False,True,2021-03-01
NT437__110,NT437,BMI - THE SLOANE HOSPITAL,110,Trauma & Orthopaedics,2015-10-01,2026-05-01,128,128,0,0.0,0,False,False,2026-05-01
NT437__150,NT437,BMI - THE SLOANE HOSPITAL,150,Neurosurgery,2015-10-01,2026-05-01,128,95,33,25.78125,6,False,False,2026-05-01
NT437__X01,NT437,BMI - THE SLOANE HOSPITAL,X01,Other,2015-10-01,2021-03-01,66,64,2,3.0303030303030303,1,False,True,2021-03-01
NT438__100,NT438,BMI - THE SOMERFIELD HOSPITAL,100,General Surgery,2015-10-01,2019-03-01,42,42,0,0.0,0,False,True,2019-03-01
NT438__101,NT438,BMI - THE SOMERFIELD HOSPITAL,101,Urology,2015-10-01,2019-03-01,42,35,7,16.666666666666668,7,False,True,2019-03-01
NT438__110,NT438,BMI - THE SOMERFIELD HOSPITAL,110,Trauma & Orthopaedics,2015-10-01,2019-03-01,42,42,0,0.0,0,False,True,2019-03-01
NT438__120,NT438,BMI - THE SOMERFIELD HOSPITAL,120,ENT,2015-10-01,2018-05-01,32,32,0,0.0,0,True,True,2018-05-01
NT438__130,NT438,BMI - THE SOMERFIELD HOSPITAL,130,Ophthalmology,2015-10-01,2019-03-01,42,42,0,0.0,0,False,True,2019-03-01
NT438__140,NT438,BMI - THE SOMERFIELD HOSPITAL,140,Oral Surgery,2015-10-01,2019-03-01,42,42,0,0.0,0,False,True,2019-03-01
NT438__301,NT438,BMI - THE SOMERFIELD HOSPITAL,301,Gastroenterology,2015-10-01,2019-03-01,42,42,0,0.0,0,False,True,2019-03-01
NT438__502,NT438,BMI - THE SOMERFIELD HOSPITAL,502,Gynaecology,2015-10-01,2019-03-01,42,42,0,0.0,0,False,True,2019-03-01
NT438__X01,NT438,BMI - THE SOMERFIELD HOSPITAL,X01,Other,2015-10-01,2019-03-01,42,42,0,0.0,0,False,True,2019-03-01
NT439__100,NT439,BMI - THE SOUTH CHESHIRE PRIVATE HOSPITAL,100,General Surgery,2015-10-01,2020-01-01,52,52,0,0.0,0,False,True,2020-01-01
NT439__101,NT439,BMI - THE SOUTH CHESHIRE PRIVATE HOSPITAL,101,Urology,2015-10-01,2020-01-01,52,52,0,0.0,0,False,True,2020-01-01
NT439__110,NT439,BMI - THE SOUTH CHESHIRE PRIVATE HOSPITAL,110,Trauma & Orthopaedics,2015-10-01,2020-01-01,52,52,0,0.0,0,False,True,2020-01-01
NT439__120,NT439,BMI - THE SOUTH CHESHIRE PRIVATE HOSPITAL,120,ENT,2015-10-01,2020-01-01,52,52,0,0.0,0,False,True,2020-01-01
NT439__301,NT439,BMI - THE SOUTH CHESHIRE PRIVATE HOSPITAL,301,Gastroenterology,2015-10-01,2020-01-01,52,50,2,3.8461538461538463,1,False,True,2020-01-01
NT439__502,NT439,BMI - THE SOUTH CHESHIRE PRIVATE HOSPITAL,502,Gynaecology,2015-10-01,2020-01-01,52,52,0,0.0,0,False,True,2020-01-01
NT440__100,NT440,BMI - THORNBURY HOSPITAL,100,General Surgery,2015-10-01,2026-05-01,128,128,0,0.0,0,False,False,2026-05-01
NT440__110,NT440,BMI - THORNBURY HOSPITAL,110,Trauma & Orthopaedics,2015-10-01,2026-05-01,128,128,0,0.0,0,False,False,2026-05-01
NT440__150,NT440,BMI - THORNBURY HOSPITAL,150,Neurosurgery,2015-10-01,2026-05-01,128,85,43,33.59375,6,False,False,2026-05-01
NT440__301,NT440,BMI - THORNBURY HOSPITAL,301,Gastroenterology,2015-10-01,2026-05-01,128,124,4,3.125,1,False,False,2026-05-01
NT440__400,NT440,BMI - THORNBURY HOSPITAL,400,Neurology,2015-10-01,2026-05-01,128,95,33,25.78125,5,False,False,2026-05-01
NT440__502,NT440,BMI - THORNBURY HOSPITAL,502,Gynaecology,2015-10-01,2026-05-01,128,128,0,0.0,0,False,False,2026-05-01
NT440__X01,NT440,BMI - THORNBURY HOSPITAL,X01,Other,2015-10-01,2021-03-01,66,62,4,6.0606060606060606,4,False,True,2021-03-01
NT441__100,NT441,BMI - THREE SHIRES HOSPITAL,100,General Surgery,2015-10-01,2026-05-01,128,127,1,0.78125,1,False,False,2026-05-01
NT441__101,NT441,BMI - THREE SHIRES HOSPITAL,101,Urology,2015-10-01,2022-09-01,84,84,0,0.0,0,False,True,2022-09-01
NT441__110,NT441,BMI - THREE SHIRES HOSPITAL,110,Trauma & Orthopaedics,2015-10-01,2026-05-01,128,128,0,0.0,0,False,False,2026-05-01
NT441__140,NT441,BMI - THREE SHIRES HOSPITAL,140,Oral Surgery,2015-10-01,2021-09-01,72,72,0,0.0,0,False,True,2021-09-01
NT441__160,NT441,BMI - THREE SHIRES HOSPITAL,160,Plastic Surgery,2015-10-01,2016-08-01,11,11,0,0.0,0,True,True,2016-08-01
NT441__502,NT441,BMI - THREE SHIRES HOSPITAL,502,Gynaecology,2015-10-01,2026-05-01,128,128,0,0.0,0,False,False,2026-05-01
NT443__100,NT443,BMI - THE WINTERBOURNE HOSPITAL,100,General Surgery,2015-10-01,2026-05-01,128,128,0,0.0,0,False,False,2026-05-01
NT443__110,NT443,BMI - THE WINTERBOURNE HOSPITAL,110,Trauma & Orthopaedics,2015-10-01,2026-05-01,128,128,0,0.0,0,False,False,2026-05-01
NT443__130,NT443,BMI - THE WINTERBOURNE HOSPITAL,130,Ophthalmology,2015-10-01,2021-04-01,67,65,2,2.985074626865672,2,False,True,2021-04-01
NT445__100,NT445,BMI THE EDGBASTON HOSPITAL,100,General Surgery,2015-10-01,2024-04-01,103,101,2,1.941747572815534,1,False,True,2024-04-01
NT445__101,NT445,BMI THE EDGBASTON HOSPITAL,101,Urology,2015-10-01,2023-07-01,94,92,2,2.127659574468085,2,False,True,2023-07-01
NT445__110,NT445,BMI THE EDGBASTON HOSPITAL,110,Trauma & Orthopaedics,2015-10-01,2024-03-01,102,101,1,0.9803921568627451,1,False,True,2024-03-01
NT445__120,NT445,BMI THE EDGBASTON HOSPITAL,120,ENT,2015-10-01,2021-02-01,65,54,11,16.923076923076923,11,False,True,2021-02-01
NT445__160,NT445,BMI THE EDGBASTON HOSPITAL,160,Plastic Surgery,2015-10-01,2017-03-01,18,18,0,0.0,0,True,True,2017-03-01
NT445__301,NT445,BMI THE EDGBASTON HOSPITAL,301,Gastroenterology,2015-10-01,2024-04-01,103,103,0,0.0,0,False,True,2024-04-01
NT445__502,NT445,BMI THE EDGBASTON HOSPITAL,502,Gynaecology,2015-10-01,2022-11-01,86,86,0,0.0,0,False,True,2022-11-01
NT446__100,NT446,BMI ST EDMUNDS HOSPITAL,100,General Surgery,2015-10-01,2026-05-01,128,128,0,0.0,0,False,False,2026-05-01
NT446__101,NT446,BMI ST EDMUNDS HOSPITAL,101,Urology,2015-10-01,2026-05-01,128,128,0,0.0,0,False,False,2026-05-01
NT446__110,NT446,BMI ST EDMUNDS HOSPITAL,110,Trauma & Orthopaedics,2015-10-01,2026-05-01,128,128,0,0.0,0,False,False,2026-05-01
NT446__130,NT446,BMI ST EDMUNDS HOSPITAL,130,Ophthalmology,2015-10-01,2026-05-01,128,128,0,0.0,0,False,False,2026-05-01
NT446__301,NT446,BMI ST EDMUNDS HOSPITAL,301,Gastroenterology,2015-10-01,2026-05-01,128,127,1,0.78125,1,False,False,2026-05-01
NT446__502,NT446,BMI ST EDMUNDS HOSPITAL,502,Gynaecology,2015-10-01,2025-06-01,117,80,37,31.623931623931625,15,False,True,2025-06-01
NT446__X01,NT446,BMI ST EDMUNDS HOSPITAL,X01,Other,2015-10-01,2021-03-01,66,49,17,25.757575757575758,9,False,True,2021-03-01
NT447__100,NT447,BMI THE DUCHY HOSPITAL,100,General Surgery,2015-10-01,2026-05-01,128,128,0,0.0,0,False,False,2026-05-01
NT447__101,NT447,BMI THE DUCHY HOSPITAL,101,Urology,2015-10-01,2026-05-01,128,128,0,0.0,0,False,False,2026-05-01
NT447__110,NT447,BMI THE DUCHY HOSPITAL,110,Trauma & Orthopaedics,2015-10-01,2026-05-01,128,128,0,0.0,0,False,False,2026-05-01
NT447__120,NT447,BMI THE DUCHY HOSPITAL,120,ENT,2015-10-01,2024-02-01,101,37,64,63.366336633663366,36,False,True,2024-02-01
NT447__150,NT447,BMI THE DUCHY HOSPITAL,150,Neurosurgery,2015-10-01,2026-05-01,128,125,3,2.34375,1,False,False,2026-05-01
NT447__301,NT447,BMI THE DUCHY HOSPITAL,301,Gastroenterology,2015-10-01,2026-04-01,127,125,2,1.5748031496062993,2,False,True,2026-04-01
NT448__100,NT448,BMI THE HUDDERSFIELD HOSPITAL,100,General Surgery,2015-10-01,2026-05-01,128,128,0,0.0,0,False,False,2026-05-01
NT448__101,NT448,BMI THE HUDDERSFIELD HOSPITAL,101,Urology,2015-10-01,2026-05-01,128,128,0,0.0,0,False,False,2026-05-01
NT448__110,NT448,BMI THE HUDDERSFIELD HOSPITAL,110,Trauma & Orthopaedics,2015-10-01,2026-05-01,128,128,0,0.0,0,False,False,2026-05-01
NT448__120,NT448,BMI THE HUDDERSFIELD HOSPITAL,120,ENT,2015-10-01,2022-03-01,78,68,10,12.820512820512821,7,False,True,2022-03-01
NT449__100,NT449,BMI THE LANCASTER HOSPITAL,100,General Surgery,2015-10-01,2026-05-01,128,128,0,0.0,0,False,False,2026-05-01
NT449__110,NT449,BMI THE LANCASTER HOSPITAL,110,Trauma & Orthopaedics,2015-10-01,2026-05-01,128,128,0,0.0,0,False,False,2026-05-01
NT449__130,NT449,BMI THE LANCASTER HOSPITAL,130,Ophthalmology,2015-10-01,2023-08-01,95,61,34,35.78947368421053,25,False,True,2023-08-01
NT449__150,NT449,BMI THE LANCASTER HOSPITAL,150,Neurosurgery,2015-10-01,2026-04-01,127,54,73,57.48031496062992,61,False,True,2026-04-01
NT449__160,NT449,BMI THE LANCASTER HOSPITAL,160,Plastic Surgery,2015-10-01,2016-09-01,12,12,0,0.0,0,True,True,2016-09-01
NT449__301,NT449,BMI THE LANCASTER HOSPITAL,301,Gastroenterology,2015-10-01,2026-04-01,127,124,3,2.3622047244094486,3,False,True,2026-04-01
NT449__502,NT449,BMI THE LANCASTER HOSPITAL,502,Gynaecology,2015-10-01,2026-05-01,128,98,30,23.4375,19,False,False,2026-05-01
NT449__X01,NT449,BMI THE LANCASTER HOSPITAL,X01,Other,2015-10-01,2021-03-01,66,66,0,0.0,0,False,True,2021-03-01
NT450__100,NT450,BMI THE LINCOLN HOSPITAL,100,General Surgery,2015-10-01,2026-05-01,128,111,17,13.28125,16,False,False,2026-05-01
NT450__101,NT450,BMI THE LINCOLN HOSPITAL,101,Urology,2015-10-01,2026-05-01,128,128,0,0.0,0,False,False,2026-05-01
NT450__110,NT450,BMI THE LINCOLN HOSPITAL,110,Trauma & Orthopaedics,2015-10-01,2026-05-01,128,128,0,0.0,0,False,False,2026-05-01
NT450__120,NT450,BMI THE LINCOLN HOSPITAL,120,ENT,2015-10-01,2023-08-01,95,50,45,47.36842105263158,14,False,True,2023-08-01
NT450__130,NT450,BMI THE LINCOLN HOSPITAL,130,Ophthalmology,2015-10-01,2026-05-01,128,128,0,0.0,0,False,False,2026-05-01
NT451__100,NT451,BMI THE CAVELL HOSPITAL,100,General Surgery,2015-10-01,2026-05-01,128,128,0,0.0,0,False,False,2026-05-01
NT451__101,NT451,BMI THE CAVELL HOSPITAL,101,Urology,2015-10-01,2026-05-01,128,128,0,0.0,0,False,False,2026-05-01
NT451__110,NT451,BMI THE CAVELL HOSPITAL,110,Trauma & Orthopaedics,2015-10-01,2026-05-01,128,128,0,0.0,0,False,False,2026-05-01
NT451__120,NT451,BMI THE CAVELL HOSPITAL,120,ENT,2015-10-01,2025-09-01,120,120,0,0.0,0,False,True,2025-09-01
NT451__130,NT451,BMI THE CAVELL HOSPITAL,130,Ophthalmology,2015-10-01,2021-02-01,65,49,16,24.615384615384617,16,False,True,2021-02-01
NT451__140,NT451,BMI THE CAVELL HOSPITAL,140,Oral Surgery,2015-10-01,2022-01-01,76,63,13,17.105263157894736,9,False,True,2022-01-01
NT451__301,NT451,BMI THE CAVELL HOSPITAL,301,Gastroenterology,2015-10-01,2026-05-01,128,128,0,0.0,0,False,False,2026-05-01
NT451__320,NT451,BMI THE CAVELL HOSPITAL,320,Cardiology,2015-10-01,2025-10-01,121,27,94,77.68595041322314,47,False,True,2025-10-01
NT451__502,NT451,BMI THE CAVELL HOSPITAL,502,Gynaecology,2015-10-01,2026-05-01,128,128,0,0.0,0,False,False,2026-05-01
NT451__X01,NT451,BMI THE CAVELL HOSPITAL,X01,Other,2015-10-01,2021-03-01,66,66,0,0.0,0,False,True,2021-03-01
NT455__100,NT455,BMI MOUNT ALVERNIA HOSPITAL,100,General Surgery,2015-10-01,2026-05-01,128,128,0,0.0,0,False,False,2026-05-01
NT455__110,NT455,BMI MOUNT ALVERNIA HOSPITAL,110,Trauma & Orthopaedics,2015-10-01,2026-05-01,128,128,0,0.0,0,False,False,2026-05-01
NT455__120,NT455,BMI MOUNT ALVERNIA HOSPITAL,120,ENT,2015-10-01,2023-07-01,94,94,0,0.0,0,False,True,2023-07-01
NT455__301,NT455,BMI MOUNT ALVERNIA HOSPITAL,301,Gastroenterology,2015-10-01,2026-05-01,128,128,0,0.0,0,False,False,2026-05-01
NT455__502,NT455,BMI MOUNT ALVERNIA HOSPITAL,502,Gynaecology,2015-10-01,2026-05-01,128,98,30,23.4375,30,False,False,2026-05-01
NT455__X01,NT455,BMI MOUNT ALVERNIA HOSPITAL,X01,Other,2015-10-01,2021-03-01,66,66,0,0.0,0,False,True,2021-03-01
NT457__100,NT457,BMI WOODLANDS HOSPITAL,100,General Surgery,2015-10-01,2026-05-01,128,128,0,0.0,0,False,False,2026-05-01
NT457__101,NT457,BMI WOODLANDS HOSPITAL,101,Urology,2015-10-01,2026-05-01,128,128,0,0.0,0,False,False,2026-05-01
NT457__110,NT457,BMI WOODLANDS HOSPITAL,110,Trauma & Orthopaedics,2015-10-01,2026-05-01,128,128,0,0.0,0,False,False,2026-05-01
NT457__120,NT457,BMI WOODLANDS HOSPITAL,120,ENT,2015-10-01,2026-05-01,128,128,0,0.0,0,False,False,2026-05-01
NT457__130,NT457,BMI WOODLANDS HOSPITAL,130,Ophthalmology,2015-10-01,2026-05-01,128,128,0,0.0,0,False,False,2026-05-01
NT457__160,NT457,BMI WOODLANDS HOSPITAL,160,Plastic Surgery,2015-10-01,2016-07-01,10,10,0,0.0,0,True,True,2016-07-01
NT457__330,NT457,BMI WOODLANDS HOSPITAL,330,Dermatology,2015-10-01,2016-05-01,8,8,0,0.0,0,True,True,2016-05-01
NT457__502,NT457,BMI WOODLANDS HOSPITAL,502,Gynaecology,2015-10-01,2026-05-01,128,128,0,0.0,0,False,False,2026-05-01
NT457__X01,NT457,BMI WOODLANDS HOSPITAL,X01,Other,2015-10-01,2021-03-01,66,66,0,0.0,0,False,True,2021-03-01
NT490__100,NT490,BMI SOUTHEND PRIVATE HOSPITAL,100,General Surgery,2015-10-01,2026-05-01,128,125,3,2.34375,1,False,False,2026-05-01
NT490__110,NT490,BMI SOUTHEND PRIVATE HOSPITAL,110,Trauma & Orthopaedics,2015-10-01,2026-05-01,128,121,7,5.46875,7,False,False,2026-05-01
NT490__130,NT490,BMI SOUTHEND PRIVATE HOSPITAL,130,Ophthalmology,2015-10-01,2026-05-01,128,128,0,0.0,0,False,False,2026-05-01
NT490__160,NT490,BMI SOUTHEND PRIVATE HOSPITAL,160,Plastic Surgery,2015-10-01,2024-03-01,102,102,0,0.0,0,False,True,2024-03-01
NT497__100,NT497,BMI GISBURNE PARK HOSPITAL,100,General Surgery,2015-10-01,2021-06-01,69,69,0,0.0,0,False,True,2021-06-01
NT497__101,NT497,BMI GISBURNE PARK HOSPITAL,101,Urology,2015-10-01,2021-06-01,69,69,0,0.0,0,False,True,2021-06-01
NT497__110,NT497,BMI GISBURNE PARK HOSPITAL,110,Trauma & Orthopaedics,2015-10-01,2021-06-01,69,69,0,0.0,0,False,True,2021-06-01
NT497__120,NT497,BMI GISBURNE PARK HOSPITAL,120,ENT,2015-10-01,2021-06-01,69,69,0,0.0,0,False,True,2021-06-01
NT497__130,NT497,BMI GISBURNE PARK HOSPITAL,130,Ophthalmology,2015-10-01,2021-06-01,69,68,1,1.4492753623188406,1,False,True,2021-06-01
NT497__150,NT497,BMI GISBURNE PARK HOSPITAL,150,Neurosurgery,2015-10-01,2021-06-01,69,69,0,0.0,0,False,True,2021-06-01
NT497__400,NT497,BMI GISBURNE PARK HOSPITAL,400,Neurology,2015-10-01,2016-10-01,13,8,5,38.46153846153846,2,True,True,2016-10-01
NT497__502,NT497,BMI GISBURNE PARK HOSPITAL,502,Gynaecology,2015-10-01,2021-06-01,69,69,0,0.0,0,False,True,2021-06-01
NT497__X01,NT497,BMI GISBURNE PARK HOSPITAL,X01,Other,2015-10-01,2021-03-01,66,66,0,0.0,0,False,True,2021-03-01
NTE02__100,NTE02,ST HUGH'S HOSPITAL,100,General Surgery,2015-10-01,2026-05-01,128,128,0,0.0,0,False,False,2026-05-01
NTE02__101,NTE02,ST HUGH'S HOSPITAL,101,Urology,2015-10-01,2026-05-01,128,128,0,0.0,0,False,False,2026-05-01
NTE02__110,NTE02,ST HUGH'S HOSPITAL,110,Trauma & Orthopaedics,2015-10-01,2026-05-01,128,128,0,0.0,0,False,False,2026-05-01
NTE02__120,NTE02,ST HUGH'S HOSPITAL,120,ENT,2015-10-01,2024-02-01,101,76,25,24.752475247524753,16,False,True,2024-02-01
NTE02__130,NTE02,ST HUGH'S HOSPITAL,130,Ophthalmology,2015-10-01,2026-05-01,128,128,0,0.0,0,False,False,2026-05-01
NTE02__160,NTE02,ST HUGH'S HOSPITAL,160,Plastic Surgery,2015-10-01,2023-07-01,94,27,67,71.27659574468085,61,False,True,2023-07-01
NTE02__301,NTE02,ST HUGH'S HOSPITAL,301,Gastroenterology,2015-10-01,2026-05-01,128,128,0,0.0,0,False,False,2026-05-01
NTE02__410,NTE02,ST HUGH'S HOSPITAL,410,Rheumatology,2015-10-01,2017-02-01,17,17,0,0.0,0,True,True,2017-02-01
NTE02__502,NTE02,ST HUGH'S HOSPITAL,502,Gynaecology,2015-10-01,2026-05-01,128,128,0,0.0,0,False,False,2026-05-01
NTE02__X01,NTE02,ST HUGH'S HOSPITAL,X01,Other,2015-10-01,2021-03-01,66,66,0,0.0,0,False,True,2021-03-01
NTP11__100,NTP11,SOUTHAMPTON NHS TREATMENT CENTRE,100,General Surgery,2015-10-01,2026-05-01,128,128,0,0.0,0,False,False,2026-05-01
NTP11__101,NTP11,SOUTHAMPTON NHS TREATMENT CENTRE,101,Urology,2015-10-01,2026-05-01,128,128,0,0.0,0,False,False,2026-05-01
NTP11__110,NTP11,SOUTHAMPTON NHS TREATMENT CENTRE,110,Trauma & Orthopaedics,2015-10-01,2026-05-01,128,128,0,0.0,0,False,False,2026-05-01
NTP11__120,NTP11,SOUTHAMPTON NHS TREATMENT CENTRE,120,ENT,2015-10-01,2026-05-01,128,128,0,0.0,0,False,False,2026-05-01
NTP11__130,NTP11,SOUTHAMPTON NHS TREATMENT CENTRE,130,Ophthalmology,2015-10-01,2026-05-01,128,128,0,0.0,0,False,False,2026-05-01
NTP11__140,NTP11,SOUTHAMPTON NHS TREATMENT CENTRE,140,Oral Surgery,2015-10-01,2026-05-01,128,128,0,0.0,0,False,False,2026-05-01
NTP11__301,NTP11,SOUTHAMPTON NHS TREATMENT CENTRE,301,Gastroenterology,2015-10-01,2026-05-01,128,128,0,0.0,0,False,False,2026-05-01
NTP11__502,NTP11,SOUTHAMPTON NHS TREATMENT CENTRE,502,Gynaecology,2015-10-01,2026-05-01,128,128,0,0.0,0,False,False,2026-05-01
NTP13__110,NTP13,BARLBOROUGH NHS TREATMENT CENTRE,110,Trauma & Orthopaedics,2015-10-01,2026-05-01,128,128,0,0.0,0,False,False,2026-05-01
NTP15__100,NTP15,NORTH EAST LONDON TREATMENT CENTRE CARE UK,100,General Surgery,2015-10-01,2026-05-01,128,128,0,0.0,0,False,False,2026-05-01
NTP15__110,NTP15,NORTH EAST LONDON TREATMENT CENTRE CARE UK,110,Trauma & Orthopaedics,2015-10-01,2026-05-01,128,128,0,0.0,0,False,False,2026-05-01
NTP15__130,NTP15,NORTH EAST LONDON TREATMENT CENTRE CARE UK,130,Ophthalmology,2015-10-01,2026-05-01,128,128,0,0.0,0,False,False,2026-05-01
NTP15__140,NTP15,NORTH EAST LONDON TREATMENT CENTRE CARE UK,140,Oral Surgery,2015-10-01,2021-02-01,65,26,39,60.0,23,False,True,2021-02-01
NTP15__301,NTP15,NORTH EAST LONDON TREATMENT CENTRE CARE UK,301,Gastroenterology,2015-10-01,2026-05-01,128,128,0,0.0,0,False,False,2026-05-01
NTP16__100,NTP16,WILL ADAMS NHS TREATMENT CENTRE,100,General Surgery,2015-10-01,2026-05-01,128,128,0,0.0,0,False,False,2026-05-01
NTP16__101,NTP16,WILL ADAMS NHS TREATMENT CENTRE,101,Urology,2015-10-01,2018-02-01,29,27,2,6.896551724137931,2,True,True,2018-02-01
NTP16__110,NTP16,WILL ADAMS NHS TREATMENT CENTRE,110,Trauma & Orthopaedics,2015-10-01,2026-05-01,128,128,0,0.0,0,False,False,2026-05-01
NTP16__130,NTP16,WILL ADAMS NHS TREATMENT CENTRE,130,Ophthalmology,2015-10-01,2026-05-01,128,128,0,0.0,0,False,False,2026-05-01
NTP16__300,NTP16,WILL ADAMS NHS TREATMENT CENTRE,300,General Medicine,2015-10-01,2016-06-01,9,6,3,33.333333333333336,2,True,True,2016-06-01
NTP16__301,NTP16,WILL ADAMS NHS TREATMENT CENTRE,301,Gastroenterology,2015-10-01,2026-05-01,128,128,0,0.0,0,False,False,2026-05-01
NTP35__130,NTP35,THE PHOENIX CENTRE,130,Ophthalmology,2015-10-01,2017-06-01,21,19,2,9.523809523809524,2,True,True,2017-06-01
NTPAD__100,NTPAD,ST MARY'S NHS TREATMENT CENTRE,100,General Surgery,2015-10-01,2026-05-01,128,128,0,0.0,0,False,False,2026-05-01
NTPAD__110,NTPAD,ST MARY'S NHS TREATMENT CENTRE,110,Trauma & Orthopaedics,2015-10-01,2026-05-01,128,128,0,0.0,0,False,False,2026-05-01
NTPAD__130,NTPAD,ST MARY'S NHS TREATMENT CENTRE,130,Ophthalmology,2015-10-01,2026-05-01,128,128,0,0.0,0,False,False,2026-05-01
NTPAD__301,NTPAD,ST MARY'S NHS TREATMENT CENTRE,301,Gastroenterology,2015-10-01,2026-05-01,128,128,0,0.0,0,False,False,2026-05-01
NTPAE__130,NTPAE,THE CROFT SHIFA HEALTH CENTRE,130,Ophthalmology,2015-10-01,2026-05-01,128,125,3,2.34375,3,False,False,2026-05-01
NTPC3__100,NTPC3,NORTH WEST CATS PATHWAY MANAGEMENT CENTRE,100,General Surgery,2015-10-01,2016-08-01,11,10,1,9.090909090909092,1,True,True,2016-08-01
NTPC3__101,NTPC3,NORTH WEST CATS PATHWAY MANAGEMENT CENTRE,101,Urology,2015-10-01,2016-09-01,12,12,0,0.0,0,True,True,2016-09-01
NTPC3__110,NTPC3,NORTH WEST CATS PATHWAY MANAGEMENT CENTRE,110,Trauma & Orthopaedics,2015-10-01,2017-01-01,16,16,0,0.0,0,True,True,2017-01-01
NTPC3__120,NTPC3,NORTH WEST CATS PATHWAY MANAGEMENT CENTRE,120,ENT,2015-10-01,2017-01-01,16,16,0,0.0,0,True,True,2017-01-01
NTPC3__502,NTPC3,NORTH WEST CATS PATHWAY MANAGEMENT CENTRE,502,Gynaecology,2015-10-01,2016-12-01,15,15,0,0.0,0,True,True,2016-12-01
NTPH1__100,NTPH1,SHEPTON MALLET NHS TREATMENT CENTRE,100,General Surgery,2015-10-01,2026-05-01,128,128,0,0.0,0,False,False,2026-05-01
NTPH1__101,NTPH1,SHEPTON MALLET NHS TREATMENT CENTRE,101,Urology,2015-10-01,2026-05-01,128,128,0,0.0,0,False,False,2026-05-01
NTPH1__110,NTPH1,SHEPTON MALLET NHS TREATMENT CENTRE,110,Trauma & Orthopaedics,2015-10-01,2026-05-01,128,128,0,0.0,0,False,False,2026-05-01
NTPH1__120,NTPH1,SHEPTON MALLET NHS TREATMENT CENTRE,120,ENT,2015-10-01,2026-05-01,128,128,0,0.0,0,False,False,2026-05-01
NTPH1__130,NTPH1,SHEPTON MALLET NHS TREATMENT CENTRE,130,Ophthalmology,2015-10-01,2026-05-01,128,128,0,0.0,0,False,False,2026-05-01
NTPH1__301,NTPH1,SHEPTON MALLET NHS TREATMENT CENTRE,301,Gastroenterology,2015-10-01,2026-05-01,128,128,0,0.0,0,False,False,2026-05-01
NTPH1__502,NTPH1,SHEPTON MALLET NHS TREATMENT CENTRE,502,Gynaecology,2015-10-01,2026-05-01,128,128,0,0.0,0,False,False,2026-05-01
NTPH2__100,NTPH2,EMERSONS GREEN NHS TREATMENT CENTRE,100,General Surgery,2015-10-01,2026-05-01,128,128,0,0.0,0,False,False,2026-05-01
NTPH2__101,NTPH2,EMERSONS GREEN NHS TREATMENT CENTRE,101,Urology,2015-10-01,2026-05-01,128,128,0,0.0,0,False,False,2026-05-01
NTPH2__110,NTPH2,EMERSONS GREEN NHS TREATMENT CENTRE,110,Trauma & Orthopaedics,2015-10-01,2026-05-01,128,128,0,0.0,0,False,False,2026-05-01
NTPH2__120,NTPH2,EMERSONS GREEN NHS TREATMENT CENTRE,120,ENT,2015-10-01,2026-05-01,128,128,0,0.0,0,False,False,2026-05-01
NTPH2__130,NTPH2,EMERSONS GREEN NHS TREATMENT CENTRE,130,Ophthalmology,2015-10-01,2026-05-01,128,128,0,0.0,0,False,False,2026-05-01
NTPH2__301,NTPH2,EMERSONS GREEN NHS TREATMENT CENTRE,301,Gastroenterology,2015-10-01,2026-05-01,128,128,0,0.0,0,False,False,2026-05-01
NTPH2__502,NTPH2,EMERSONS GREEN NHS TREATMENT CENTRE,502,Gynaecology,2015-10-01,2026-05-01,128,128,0,0.0,0,False,False,2026-05-01
NTPH3__100,NTPH3,DEVIZES NHS TREATMENT CENTRE,100,General Surgery,2015-10-01,2026-05-01,128,128,0,0.0,0,False,False,2026-05-01
NTPH3__101,NTPH3,DEVIZES NHS TREATMENT CENTRE,101,Urology,2015-10-01,2026-05-01,128,128,0,0.0,0,False,False,2026-05-01
NTPH3__110,NTPH3,DEVIZES NHS TREATMENT CENTRE,110,Trauma & Orthopaedics,2015-10-01,2026-05-01,128,128,0,0.0,0,False,False,2026-05-01
NTPH3__120,NTPH3,DEVIZES NHS TREATMENT CENTRE,120,ENT,2015-10-01,2026-05-01,128,128,0,0.0,0,False,False,2026-05-01
NTPH3__130,NTPH3,DEVIZES NHS TREATMENT CENTRE,130,Ophthalmology,2015-10-01,2026-05-01,128,128,0,0.0,0,False,False,2026-05-01
NTPH3__301,NTPH3,DEVIZES NHS TREATMENT CENTRE,301,Gastroenterology,2015-10-01,2026-05-01,128,128,0,0.0,0,False,False,2026-05-01
NTPH3__502,NTPH3,DEVIZES NHS TREATMENT CENTRE,502,Gynaecology,2015-10-01,2026-05-01,128,128,0,0.0,0,False,False,2026-05-01
NTPH4__100,NTPH4,CIRENCESTER NHS TREATMENT CENTRE,100,General Surgery,2015-10-01,2015-10-01,1,1,0,0.0,0,True,True,2015-10-01
NTPH4__101,NTPH4,CIRENCESTER NHS TREATMENT CENTRE,101,Urology,2015-10-01,2015-10-01,1,1,0,0.0,0,True,True,2015-10-01
NTPH4__110,NTPH4,CIRENCESTER NHS TREATMENT CENTRE,110,Trauma & Orthopaedics,2015-10-01,2015-10-01,1,1,0,0.0,0,True,True,2015-10-01
NTPH4__120,NTPH4,CIRENCESTER NHS TREATMENT CENTRE,120,ENT,2015-10-01,2015-10-01,1,1,0,0.0,0,True,True,2015-10-01
NTPH4__502,NTPH4,CIRENCESTER NHS TREATMENT CENTRE,502,Gynaecology,2015-10-01,2015-10-01,1,1,0,0.0,0,True,True,2015-10-01
NTPH5__100,NTPH5,PENINSULA NHS TREATMENT CENTRE,100,General Surgery,2015-10-01,2026-05-01,128,128,0,0.0,0,False,False,2026-05-01
NTPH5__110,NTPH5,PENINSULA NHS TREATMENT CENTRE,110,Trauma & Orthopaedics,2015-10-01,2026-05-01,128,116,12,9.375,12,False,False,2026-05-01
NTPH5__130,NTPH5,PENINSULA NHS TREATMENT CENTRE,130,Ophthalmology,2015-10-01,2026-05-01,128,128,0,0.0,0,False,False,2026-05-01
NTPP3__130,NTPP3,PORTSMOUTH ADULT COMMUNITY OPHTHALMOLOGY ASSESSMENT (SMTC),130,Ophthalmology,2015-10-01,2015-12-01,3,3,0,0.0,0,True,True,2015-12-01
NTX__100,NTX,THE ONE HEALTH GROUP LTD,100,General Surgery,2015-10-01,2026-05-01,128,128,0,0.0,0,False,False,2026-05-01
NTX__110,NTX,THE ONE HEALTH GROUP LTD,110,Trauma & Orthopaedics,2015-10-01,2026-05-01,128,128,0,0.0,0,False,False,2026-05-01
NTX__502,NTX,THE ONE HEALTH GROUP LTD,502,Gynaecology,2015-10-01,2026-05-01,128,128,0,0.0,0,False,False,2026-05-01
NTX__X01,NTX,THE ONE HEALTH GROUP LTD,X01,Other,2015-10-01,2021-03-01,66,46,20,30.303030303030305,4,False,True,2021-03-01
NV1__120,NV1,INHEALTH LIMITED,120,ENT,2015-10-01,2026-05-01,128,128,0,0.0,0,False,False,2026-05-01
NV1__301,NV1,INHEALTH LIMITED,301,Gastroenterology,2015-10-01,2024-12-01,111,111,0,0.0,0,False,True,2024-12-01
NV302__100,NV302,CIRCLE BATH HOSPITAL,100,General Surgery,2015-10-01,2021-08-01,71,71,0,0.0,0,False,True,2021-08-01
NV302__101,NV302,CIRCLE BATH HOSPITAL,101,Urology,2015-10-01,2021-08-01,71,45,26,36.61971830985915,26,False,True,2021-08-01
NV302__110,NV302,CIRCLE BATH HOSPITAL,110,Trauma & Orthopaedics,2015-10-01,2021-08-01,71,71,0,0.0,0,False,True,2021-08-01
NV302__120,NV302,CIRCLE BATH HOSPITAL,120,ENT,2015-10-01,2021-08-01,71,71,0,0.0,0,False,True,2021-08-01
NV302__130,NV302,CIRCLE BATH HOSPITAL,130,Ophthalmology,2015-10-01,2021-08-01,71,71,0,0.0,0,False,True,2021-08-01
NV302__301,NV302,CIRCLE BATH HOSPITAL,301,Gastroenterology,2015-10-01,2021-08-01,71,71,0,0.0,0,False,True,2021-08-01
NV302__502,NV302,CIRCLE BATH HOSPITAL,502,Gynaecology,2015-10-01,2021-08-01,71,71,0,0.0,0,False,True,2021-08-01
NV313__100,NV313,CIRCLE - NOTTINGHAM NHS TREATMENT CENTRE,100,General Surgery,2015-10-01,2019-06-01,45,45,0,0.0,0,False,True,2019-06-01
NV313__101,NV313,CIRCLE - NOTTINGHAM NHS TREATMENT CENTRE,101,Urology,2015-10-01,2019-06-01,45,45,0,0.0,0,False,True,2019-06-01
NV313__110,NV313,CIRCLE - NOTTINGHAM NHS TREATMENT CENTRE,110,Trauma & Orthopaedics,2015-10-01,2019-06-01,45,45,0,0.0,0,False,True,2019-06-01
NV313__130,NV313,CIRCLE - NOTTINGHAM NHS TREATMENT CENTRE,130,Ophthalmology,2015-10-01,2019-06-01,45,45,0,0.0,0,False,True,2019-06-01
NV313__300,NV313,CIRCLE - NOTTINGHAM NHS TREATMENT CENTRE,300,General Medicine,2015-10-01,2019-06-01,45,45,0,0.0,0,False,True,2019-06-01
NV313__301,NV313,CIRCLE - NOTTINGHAM NHS TREATMENT CENTRE,301,Gastroenterology,2015-10-01,2019-06-01,45,45,0,0.0,0,False,True,2019-06-01
NV313__320,NV313,CIRCLE - NOTTINGHAM NHS TREATMENT CENTRE,320,Cardiology,2015-10-01,2019-06-01,45,45,0,0.0,0,False,True,2019-06-01
NV313__330,NV313,CIRCLE - NOTTINGHAM NHS TREATMENT CENTRE,330,Dermatology,2015-10-01,2019-06-01,45,45,0,0.0,0,False,True,2019-06-01
NV313__340,NV313,CIRCLE - NOTTINGHAM NHS TREATMENT CENTRE,340,Thoracic Medicine,2015-10-01,2019-06-01,45,45,0,0.0,0,False,True,2019-06-01
NV313__410,NV313,CIRCLE - NOTTINGHAM NHS TREATMENT CENTRE,410,Rheumatology,2015-10-01,2019-06-01,45,45,0,0.0,0,False,True,2019-06-01
NV313__502,NV313,CIRCLE - NOTTINGHAM NHS TREATMENT CENTRE,502,Gynaecology,2015-10-01,2019-06-01,45,45,0,0.0,0,False,True,2019-06-01
NV313__X01,NV313,CIRCLE - NOTTINGHAM NHS TREATMENT CENTRE,X01,Other,2015-10-01,2019-06-01,45,45,0,0.0,0,False,True,2019-06-01
NV323__100,NV323,CIRCLE READING HOSPITAL,100,General Surgery,2015-10-01,2023-05-01,92,92,0,0.0,0,False,True,2023-05-01
NV323__110,NV323,CIRCLE READING HOSPITAL,110,Trauma & Orthopaedics,2015-10-01,2023-05-01,92,92,0,0.0,0,False,True,2023-05-01
NV323__120,NV323,CIRCLE READING HOSPITAL,120,ENT,2015-10-01,2023-05-01,92,92,0,0.0,0,False,True,2023-05-01
NV323__130,NV323,CIRCLE READING HOSPITAL,130,Ophthalmology,2015-10-01,2023-05-01,92,92,0,0.0,0,False,True,2023-05-01
NV323__301,NV323,CIRCLE READING HOSPITAL,301,Gastroenterology,2015-10-01,2023-05-01,92,92,0,0.0,0,False,True,2023-05-01
NV323__502,NV323,CIRCLE READING HOSPITAL,502,Gynaecology,2015-10-01,2023-05-01,92,92,0,0.0,0,False,True,2023-05-01
NV323__X01,NV323,CIRCLE READING HOSPITAL,X01,Other,2015-10-01,2021-03-01,66,66,0,0.0,0,False,True,2021-03-01
NVC01__100,NVC01,ASHTEAD HOSPITAL,100,General Surgery,2015-10-01,2026-05-01,128,126,2,1.5625,2,False,False,2026-05-01
NVC01__101,NVC01,ASHTEAD HOSPITAL,101,Urology,2015-10-01,2026-05-01,128,126,2,1.5625,2,False,False,2026-05-01
NVC01__110,NVC01,ASHTEAD HOSPITAL,110,Trauma & Orthopaedics,2015-10-01,2026-05-01,128,126,2,1.5625,2,False,False,2026-05-01
NVC01__120,NVC01,ASHTEAD HOSPITAL,120,ENT,2015-10-01,2023-10-01,97,72,25,25.77319587628866,18,False,True,2023-10-01
NVC01__130,NVC01,ASHTEAD HOSPITAL,130,Ophthalmology,2015-10-01,2026-05-01,128,126,2,1.5625,2,False,False,2026-05-01
NVC01__160,NVC01,ASHTEAD HOSPITAL,160,Plastic Surgery,2015-10-01,2026-05-01,128,95,33,25.78125,18,False,False,2026-05-01
NVC01__301,NVC01,ASHTEAD HOSPITAL,301,Gastroenterology,2015-10-01,2026-05-01,128,126,2,1.5625,2,False,False,2026-05-01
NVC01__502,NVC01,ASHTEAD HOSPITAL,502,Gynaecology,2015-10-01,2026-05-01,128,68,60,46.875,14,False,False,2026-05-01
NVC01__X01,NVC01,ASHTEAD HOSPITAL,X01,Other,2015-10-01,2021-03-01,66,64,2,3.0303030303030303,2,False,True,2021-03-01
NVC02__100,NVC02,THE BERKSHIRE INDEPENDENT HOSPITAL,100,General Surgery,2015-10-01,2026-05-01,128,128,0,0.0,0,False,False,2026-05-01
NVC02__101,NVC02,THE BERKSHIRE INDEPENDENT HOSPITAL,101,Urology,2015-10-01,2026-05-01,128,128,0,0.0,0,False,False,2026-05-01
NVC02__110,NVC02,THE BERKSHIRE INDEPENDENT HOSPITAL,110,Trauma & Orthopaedics,2015-10-01,2026-05-01,128,128,0,0.0,0,False,False,2026-05-01
NVC02__130,NVC02,THE BERKSHIRE INDEPENDENT HOSPITAL,130,Ophthalmology,2015-10-01,2026-05-01,128,128,0,0.0,0,False,False,2026-05-01
NVC02__300,NVC02,THE BERKSHIRE INDEPENDENT HOSPITAL,300,General Medicine,2015-10-01,2025-11-01,122,15,107,87.70491803278688,39,False,True,2025-11-01
NVC02__301,NVC02,THE BERKSHIRE INDEPENDENT HOSPITAL,301,Gastroenterology,2015-10-01,2026-05-01,128,116,12,9.375,6,False,False,2026-05-01
NVC02__502,NVC02,THE BERKSHIRE INDEPENDENT HOSPITAL,502,Gynaecology,2015-10-01,2026-05-01,128,128,0,0.0,0,False,False,2026-05-01
NVC02__X01,NVC02,THE BERKSHIRE INDEPENDENT HOSPITAL,X01,Other,2015-10-01,2021-03-01,66,66,0,0.0,0,False,True,2021-03-01
NVC04__100,NVC04,DUCHY HOSPITAL,100,General Surgery,2015-10-01,2026-05-01,128,128,0,0.0,0,False,False,2026-05-01
NVC04__101,NVC04,DUCHY HOSPITAL,101,Urology,2015-10-01,2021-06-01,69,68,1,1.4492753623188406,1,False,True,2021-06-01
NVC04__110,NVC04,DUCHY HOSPITAL,110,Trauma & Orthopaedics,2015-10-01,2026-05-01,128,128,0,0.0,0,False,False,2026-05-01
NVC04__120,NVC04,DUCHY HOSPITAL,120,ENT,2015-10-01,2022-03-01,78,73,5,6.410256410256411,2,False,True,2022-03-01
NVC04__301,NVC04,DUCHY HOSPITAL,301,Gastroenterology,2015-10-01,2021-12-01,75,54,21,28.0,18,False,True,2021-12-01
NVC04__320,NVC04,DUCHY HOSPITAL,320,Cardiology,2015-10-01,2026-05-01,128,128,0,0.0,0,False,False,2026-05-01
NVC04__330,NVC04,DUCHY HOSPITAL,330,Dermatology,2015-10-01,2020-08-01,59,35,24,40.67796610169491,24,False,True,2020-08-01
NVC04__X01,NVC04,DUCHY HOSPITAL,X01,Other,2015-10-01,2021-03-01,66,50,16,24.242424242424242,14,False,True,2021-03-01
NVC05__100,NVC05,EUXTON HALL HOSPITAL,100,General Surgery,2015-10-01,2026-05-01,128,128,0,0.0,0,False,False,2026-05-01
NVC05__101,NVC05,EUXTON HALL HOSPITAL,101,Urology,2015-10-01,2026-05-01,128,115,13,10.15625,12,False,False,2026-05-01
NVC05__110,NVC05,EUXTON HALL HOSPITAL,110,Trauma & Orthopaedics,2015-10-01,2026-05-01,128,128,0,0.0,0,False,False,2026-05-01
NVC05__120,NVC05,EUXTON HALL HOSPITAL,120,ENT,2015-10-01,2026-05-01,128,113,15,11.71875,12,False,False,2026-05-01
NVC05__150,NVC05,EUXTON HALL HOSPITAL,150,Neurosurgery,2015-10-01,2021-04-01,67,31,36,53.73134328358209,25,False,True,2021-04-01
NVC05__502,NVC05,EUXTON HALL HOSPITAL,502,Gynaecology,2015-10-01,2026-05-01,128,128,0,0.0,0,False,False,2026-05-01
NVC05__X01,NVC05,EUXTON HALL HOSPITAL,X01,Other,2015-10-01,2021-03-01,66,66,0,0.0,0,False,True,2021-03-01
NVC06__100,NVC06,FITZWILLIAM HOSPITAL,100,General Surgery,2015-10-01,2026-05-01,128,128,0,0.0,0,False,False,2026-05-01
NVC06__101,NVC06,FITZWILLIAM HOSPITAL,101,Urology,2015-10-01,2026-05-01,128,128,0,0.0,0,False,False,2026-05-01
NVC06__110,NVC06,FITZWILLIAM HOSPITAL,110,Trauma & Orthopaedics,2015-10-01,2026-05-01,128,128,0,0.0,0,False,False,2026-05-01
NVC06__120,NVC06,FITZWILLIAM HOSPITAL,120,ENT,2015-10-01,2023-12-01,99,95,4,4.040404040404041,3,False,True,2023-12-01
NVC06__130,NVC06,FITZWILLIAM HOSPITAL,130,Ophthalmology,2015-10-01,2026-05-01,128,128,0,0.0,0,False,False,2026-05-01
NVC06__300,NVC06,FITZWILLIAM HOSPITAL,300,General Medicine,2015-10-01,2026-05-01,128,128,0,0.0,0,False,False,2026-05-01
NVC06__301,NVC06,FITZWILLIAM HOSPITAL,301,Gastroenterology,2015-10-01,2026-05-01,128,128,0,0.0,0,False,False,2026-05-01
NVC06__410,NVC06,FITZWILLIAM HOSPITAL,410,Rheumatology,2015-10-01,2026-05-01,128,128,0,0.0,0,False,False,2026-05-01
NVC06__502,NVC06,FITZWILLIAM HOSPITAL,502,Gynaecology,2015-10-01,2026-05-01,128,128,0,0.0,0,False,False,2026-05-01
NVC06__X01,NVC06,FITZWILLIAM HOSPITAL,X01,Other,2015-10-01,2021-03-01,66,66,0,0.0,0,False,True,2021-03-01
NVC07__100,NVC07,FULWOOD HALL HOSPITAL,100,General Surgery,2015-10-01,2026-05-01,128,128,0,0.0,0,False,False,2026-05-01
NVC07__101,NVC07,FULWOOD HALL HOSPITAL,101,Urology,2015-10-01,2026-05-01,128,128,0,0.0,0,False,False,2026-05-01
NVC07__110,NVC07,FULWOOD HALL HOSPITAL,110,Trauma & Orthopaedics,2015-10-01,2026-05-01,128,128,0,0.0,0,False,False,2026-05-01
NVC07__120,NVC07,FULWOOD HALL HOSPITAL,120,ENT,2015-10-01,2025-04-01,115,79,36,31.304347826086957,32,False,True,2025-04-01
NVC07__130,NVC07,FULWOOD HALL HOSPITAL,130,Ophthalmology,2015-10-01,2026-05-01,128,128,0,0.0,0,False,False,2026-05-01
NVC07__301,NVC07,FULWOOD HALL HOSPITAL,301,Gastroenterology,2015-10-01,2026-05-01,128,121,7,5.46875,4,False,False,2026-05-01
NVC07__502,NVC07,FULWOOD HALL HOSPITAL,502,Gynaecology,2015-10-01,2026-05-01,128,128,0,0.0,0,False,False,2026-05-01
NVC07__X01,NVC07,FULWOOD HALL HOSPITAL,X01,Other,2015-10-01,2021-03-01,66,66,0,0.0,0,False,True,2021-03-01
NVC08__100,NVC08,MOUNT STUART HOSPITAL,100,General Surgery,2015-10-01,2026-05-01,128,128,0,0.0,0,False,False,2026-05-01
NVC08__101,NVC08,MOUNT STUART HOSPITAL,101,Urology,2015-10-01,2026-05-01,128,128,0,0.0,0,False,False,2026-05-01
NVC08__110,NVC08,MOUNT STUART HOSPITAL,110,Trauma & Orthopaedics,2015-10-01,2026-05-01,128,128,0,0.0,0,False,False,2026-05-01
NVC08__120,NVC08,MOUNT STUART HOSPITAL,120,ENT,2015-10-01,2024-09-01,108,91,17,15.74074074074074,17,False,True,2024-09-01
NVC08__130,NVC08,MOUNT STUART HOSPITAL,130,Ophthalmology,2015-10-01,2026-05-01,128,128,0,0.0,0,False,False,2026-05-01
NVC08__160,NVC08,MOUNT STUART HOSPITAL,160,Plastic Surgery,2015-10-01,2026-05-01,128,80,48,37.5,25,False,False,2026-05-01
NVC08__301,NVC08,MOUNT STUART HOSPITAL,301,Gastroenterology,2015-10-01,2026-05-01,128,107,21,16.40625,14,False,False,2026-05-01
NVC08__320,NVC08,MOUNT STUART HOSPITAL,320,Cardiology,2015-10-01,2021-05-01,68,7,61,89.70588235294117,39,False,True,2021-05-01
NVC08__502,NVC08,MOUNT STUART HOSPITAL,502,Gynaecology,2015-10-01,2026-05-01,128,128,0,0.0,0,False,False,2026-05-01
NVC08__X01,NVC08,MOUNT STUART HOSPITAL,X01,Other,2015-10-01,2021-03-01,66,66,0,0.0,0,False,True,2021-03-01
NVC09__100,NVC09,NEW HALL HOSPITAL,100,General Surgery,2015-10-01,2026-05-01,128,128,0,0.0,0,False,False,2026-05-01
NVC09__101,NVC09,NEW HALL HOSPITAL,101,Urology,2015-10-01,2026-05-01,128,128,0,0.0,0,False,False,2026-05-01
NVC09__110,NVC09,NEW HALL HOSPITAL,110,Trauma & Orthopaedics,2015-10-01,2026-05-01,128,128,0,0.0,0,False,False,2026-05-01
NVC09__120,NVC09,NEW HALL HOSPITAL,120,ENT,2015-10-01,2024-01-01,100,100,0,0.0,0,False,True,2024-01-01
NVC09__130,NVC09,NEW HALL HOSPITAL,130,Ophthalmology,2015-10-01,2026-05-01,128,128,0,0.0,0,False,False,2026-05-01
NVC09__400,NVC09,NEW HALL HOSPITAL,400,Neurology,2015-10-01,2026-05-01,128,106,22,17.1875,7,False,False,2026-05-01
NVC09__502,NVC09,NEW HALL HOSPITAL,502,Gynaecology,2015-10-01,2026-05-01,128,128,0,0.0,0,False,False,2026-05-01
NVC09__X01,NVC09,NEW HALL HOSPITAL,X01,Other,2015-10-01,2021-03-01,66,59,7,10.606060606060606,2,False,True,2021-03-01
NVC11__100,NVC11,NORTH DOWNS HOSPITAL,100,General Surgery,2015-10-01,2026-05-01,128,126,2,1.5625,2,False,False,2026-05-01
NVC11__101,NVC11,NORTH DOWNS HOSPITAL,101,Urology,2015-10-01,2026-05-01,128,126,2,1.5625,2,False,False,2026-05-01
NVC11__110,NVC11,NORTH DOWNS HOSPITAL,110,Trauma & Orthopaedics,2015-10-01,2026-05-01,128,126,2,1.5625,2,False,False,2026-05-01
NVC11__120,NVC11,NORTH DOWNS HOSPITAL,120,ENT,2015-10-01,2023-12-01,99,69,30,30.303030303030305,20,False,True,2023-12-01
NVC11__130,NVC11,NORTH DOWNS HOSPITAL,130,Ophthalmology,2015-10-01,2026-05-01,128,126,2,1.5625,2,False,False,2026-05-01
NVC11__160,NVC11,NORTH DOWNS HOSPITAL,160,Plastic Surgery,2015-10-01,2026-05-01,128,126,2,1.5625,2,False,False,2026-05-01
NVC11__301,NVC11,NORTH DOWNS HOSPITAL,301,Gastroenterology,2015-10-01,2026-05-01,128,126,2,1.5625,2,False,False,2026-05-01
NVC11__330,NVC11,NORTH DOWNS HOSPITAL,330,Dermatology,2015-10-01,2018-07-01,34,10,24,70.58823529411765,24,True,True,2018-07-01
NVC11__502,NVC11,NORTH DOWNS HOSPITAL,502,Gynaecology,2015-10-01,2026-05-01,128,126,2,1.5625,2,False,False,2026-05-01
NVC11__X01,NVC11,NORTH DOWNS HOSPITAL,X01,Other,2015-10-01,2021-03-01,66,64,2,3.0303030303030303,2,False,True,2021-03-01
NVC12__100,NVC12,OAKLANDS HOSPITAL,100,General Surgery,2015-10-01,2026-05-01,128,128,0,0.0,0,False,False,2026-05-01
NVC12__101,NVC12,OAKLANDS HOSPITAL,101,Urology,2015-10-01,2026-05-01,128,128,0,0.0,0,False,False,2026-05-01
NVC12__110,NVC12,OAKLANDS HOSPITAL,110,Trauma & Orthopaedics,2015-10-01,2026-05-01,128,128,0,0.0,0,False,False,2026-05-01
NVC12__120,NVC12,OAKLANDS HOSPITAL,120,ENT,2015-10-01,2025-09-01,120,119,1,0.8333333333333334,1,False,True,2025-09-01
NVC12__130,NVC12,OAKLANDS HOSPITAL,130,Ophthalmology,2015-10-01,2026-03-01,126,126,0,0.0,0,False,True,2026-03-01
NVC12__301,NVC12,OAKLANDS HOSPITAL,301,Gastroenterology,2015-10-01,2026-05-01,128,128,0,0.0,0,False,False,2026-05-01
NVC12__330,NVC12,OAKLANDS HOSPITAL,330,Dermatology,2015-10-01,2024-08-01,107,32,75,70.09345794392523,48,False,True,2024-08-01
NVC12__502,NVC12,OAKLANDS HOSPITAL,502,Gynaecology,2015-10-01,2025-08-01,119,119,0,0.0,0,False,True,2025-08-01
NVC12__X01,NVC12,OAKLANDS HOSPITAL,X01,Other,2015-10-01,2021-03-01,66,66,0,0.0,0,False,True,2021-03-01
NVC13__100,NVC13,OAKS HOSPITAL,100,General Surgery,2015-10-01,2026-05-01,128,126,2,1.5625,2,False,False,2026-05-01
NVC13__101,NVC13,OAKS HOSPITAL,101,Urology,2015-10-01,2026-05-01,128,126,2,1.5625,2,False,False,2026-05-01
NVC13__110,NVC13,OAKS HOSPITAL,110,Trauma & Orthopaedics,2015-10-01,2026-05-01,128,126,2,1.5625,2,False,False,2026-05-01
NVC13__120,NVC13,OAKS HOSPITAL,120,ENT,2015-10-01,2026-05-01,128,126,2,1.5625,2,False,False,2026-05-01
NVC13__130,NVC13,OAKS HOSPITAL,130,Ophthalmology,2015-10-01,2026-05-01,128,126,2,1.5625,2,False,False,2026-05-01
NVC13__160,NVC13,OAKS HOSPITAL,160,Plastic Surgery,2015-10-01,2023-03-01,90,52,38,42.22222222222222,31,False,True,2023-03-01
NVC13__301,NVC13,OAKS HOSPITAL,301,Gastroenterology,2015-10-01,2026-05-01,128,120,8,6.25,6,False,False,2026-05-01
NVC13__502,NVC13,OAKS HOSPITAL,502,Gynaecology,2015-10-01,2026-05-01,128,126,2,1.5625,2,False,False,2026-05-01
NVC13__X01,NVC13,OAKS HOSPITAL,X01,Other,2015-10-01,2021-02-01,65,63,2,3.076923076923077,2,False,True,2021-02-01
NVC14__100,NVC14,PARK HILL HOSPITAL,100,General Surgery,2015-10-01,2026-05-01,128,109,19,14.84375,19,False,False,2026-05-01
NVC14__110,NVC14,PARK HILL HOSPITAL,110,Trauma & Orthopaedics,2015-10-01,2026-05-01,128,128,0,0.0,0,False,False,2026-05-01
NVC14__160,NVC14,PARK HILL HOSPITAL,160,Plastic Surgery,2015-10-01,2023-07-01,94,91,3,3.1914893617021276,3,False,True,2023-07-01
NVC14__X01,NVC14,PARK HILL HOSPITAL,X01,Other,2015-10-01,2021-03-01,66,66,0,0.0,0,False,True,2021-03-01
NVC15__100,NVC15,PINEHILL HOSPITAL,100,General Surgery,2015-10-01,2026-05-01,128,128,0,0.0,0,False,False,2026-05-01
NVC15__101,NVC15,PINEHILL HOSPITAL,101,Urology,2015-10-01,2026-05-01,128,127,1,0.78125,1,False,False,2026-05-01
NVC15__110,NVC15,PINEHILL HOSPITAL,110,Trauma & Orthopaedics,2015-10-01,2026-05-01,128,128,0,0.0,0,False,False,2026-05-01
NVC15__120,NVC15,PINEHILL HOSPITAL,120,ENT,2015-10-01,2026-05-01,128,93,35,27.34375,13,False,False,2026-05-01
NVC15__130,NVC15,PINEHILL HOSPITAL,130,Ophthalmology,2015-10-01,2026-05-01,128,128,0,0.0,0,False,False,2026-05-01
NVC15__301,NVC15,PINEHILL HOSPITAL,301,Gastroenterology,2015-10-01,2026-05-01,128,128,0,0.0,0,False,False,2026-05-01
NVC15__330,NVC15,PINEHILL HOSPITAL,330,Dermatology,2015-10-01,2022-02-01,77,34,43,55.84415584415584,16,False,True,2022-02-01
NVC15__502,NVC15,PINEHILL HOSPITAL,502,Gynaecology,2015-10-01,2024-12-01,111,110,1,0.9009009009009009,1,False,True,2024-12-01
NVC15__X01,NVC15,PINEHILL HOSPITAL,X01,Other,2015-10-01,2021-03-01,66,66,0,0.0,0,False,True,2021-03-01
NVC16__100,NVC16,RENACRES HOSPITAL,100,General Surgery,2015-10-01,2026-05-01,128,128,0,0.0,0,False,False,2026-05-01
NVC16__101,NVC16,RENACRES HOSPITAL,101,Urology,2015-10-01,2026-05-01,128,128,0,0.0,0,False,False,2026-05-01
NVC16__110,NVC16,RENACRES HOSPITAL,110,Trauma & Orthopaedics,2015-10-01,2026-05-01,128,128,0,0.0,0,False,False,2026-05-01
NVC16__120,NVC16,RENACRES HOSPITAL,120,ENT,2015-10-01,2026-05-01,128,127,1,0.78125,1,False,False,2026-05-01
NVC16__130,NVC16,RENACRES HOSPITAL,130,Ophthalmology,2015-10-01,2023-05-01,92,92,0,0.0,0,False,True,2023-05-01
NVC16__502,NVC16,RENACRES HOSPITAL,502,Gynaecology,2015-10-01,2024-05-01,104,104,0,0.0,0,False,True,2024-05-01
NVC16__X01,NVC16,RENACRES HOSPITAL,X01,Other,2015-10-01,2021-03-01,66,66,0,0.0,0,False,True,2021-03-01
NVC17__100,NVC17,ROWLEY HALL HOSPITAL,100,General Surgery,2015-10-01,2026-05-01,128,128,0,0.0,0,False,False,2026-05-01
NVC17__101,NVC17,ROWLEY HALL HOSPITAL,101,Urology,2015-10-01,2026-05-01,128,128,0,0.0,0,False,False,2026-05-01
NVC17__110,NVC17,ROWLEY HALL HOSPITAL,110,Trauma & Orthopaedics,2015-10-01,2026-05-01,128,128,0,0.0,0,False,False,2026-05-01
NVC17__130,NVC17,ROWLEY HALL HOSPITAL,130,Ophthalmology,2015-10-01,2026-05-01,128,90,38,29.6875,28,False,False,2026-05-01
NVC17__301,NVC17,ROWLEY HALL HOSPITAL,301,Gastroenterology,2015-10-01,2026-05-01,128,128,0,0.0,0,False,False,2026-05-01
NVC17__502,NVC17,ROWLEY HALL HOSPITAL,502,Gynaecology,2015-10-01,2026-05-01,128,128,0,0.0,0,False,False,2026-05-01
NVC18__100,NVC18,SPRINGFIELD HOSPITAL,100,General Surgery,2015-10-01,2026-05-01,128,128,0,0.0,0,False,False,2026-05-01
NVC18__101,NVC18,SPRINGFIELD HOSPITAL,101,Urology,2015-10-01,2026-05-01,128,128,0,0.0,0,False,False,2026-05-01
NVC18__110,NVC18,SPRINGFIELD HOSPITAL,110,Trauma & Orthopaedics,2015-10-01,2026-05-01,128,128,0,0.0,0,False,False,2026-05-01
NVC18__120,NVC18,SPRINGFIELD HOSPITAL,120,ENT,2015-10-01,2026-05-01,128,128,0,0.0,0,False,False,2026-05-01
NVC18__130,NVC18,SPRINGFIELD HOSPITAL,130,Ophthalmology,2015-10-01,2023-03-01,90,90,0,0.0,0,False,True,2023-03-01
NVC18__160,NVC18,SPRINGFIELD HOSPITAL,160,Plastic Surgery,2015-10-01,2026-05-01,128,126,2,1.5625,2,False,False,2026-05-01
NVC18__300,NVC18,SPRINGFIELD HOSPITAL,300,General Medicine,2015-10-01,2025-10-01,121,68,53,43.80165289256198,20,False,True,2025-10-01
NVC18__301,NVC18,SPRINGFIELD HOSPITAL,301,Gastroenterology,2015-10-01,2026-05-01,128,128,0,0.0,0,False,False,2026-05-01
NVC18__502,NVC18,SPRINGFIELD HOSPITAL,502,Gynaecology,2015-10-01,2026-05-01,128,128,0,0.0,0,False,False,2026-05-01
NVC18__X01,NVC18,SPRINGFIELD HOSPITAL,X01,Other,2015-10-01,2021-03-01,66,66,0,0.0,0,False,True,2021-03-01
NVC19__100,NVC19,RIVERS HOSPITAL,100,General Surgery,2015-10-01,2026-05-01,128,128,0,0.0,0,False,False,2026-05-01
NVC19__101,NVC19,RIVERS HOSPITAL,101,Urology,2015-10-01,2026-05-01,128,128,0,0.0,0,False,False,2026-05-01
NVC19__110,NVC19,RIVERS HOSPITAL,110,Trauma & Orthopaedics,2015-10-01,2026-05-01,128,128,0,0.0,0,False,False,2026-05-01
NVC19__120,NVC19,RIVERS HOSPITAL,120,ENT,2015-10-01,2026-05-01,128,128,0,0.0,0,False,False,2026-05-01
NVC19__130,NVC19,RIVERS HOSPITAL,130,Ophthalmology,2015-10-01,2026-05-01,128,128,0,0.0,0,False,False,2026-05-01
NVC19__301,NVC19,RIVERS HOSPITAL,301,Gastroenterology,2015-10-01,2026-05-01,128,128,0,0.0,0,False,False,2026-05-01
NVC19__330,NVC19,RIVERS HOSPITAL,330,Dermatology,2015-10-01,2022-12-01,87,72,15,17.24137931034483,5,False,True,2022-12-01
NVC19__502,NVC19,RIVERS HOSPITAL,502,Gynaecology,2015-10-01,2026-05-01,128,128,0,0.0,0,False,False,2026-05-01
NVC19__X01,NVC19,RIVERS HOSPITAL,X01,Other,2015-10-01,2021-03-01,66,66,0,0.0,0,False,True,2021-03-01
NVC20__100,NVC20,THE YORKSHIRE CLINIC,100,General Surgery,2015-10-01,2026-05-01,128,128,0,0.0,0,False,False,2026-05-01
NVC20__101,NVC20,THE YORKSHIRE CLINIC,101,Urology,2015-10-01,2026-05-01,128,128,0,0.0,0,False,False,2026-05-01
NVC20__110,NVC20,THE YORKSHIRE CLINIC,110,Trauma & Orthopaedics,2015-10-01,2026-05-01,128,128,0,0.0,0,False,False,2026-05-01
NVC20__120,NVC20,THE YORKSHIRE CLINIC,120,ENT,2015-10-01,2026-05-01,128,128,0,0.0,0,False,False,2026-05-01
NVC20__130,NVC20,THE YORKSHIRE CLINIC,130,Ophthalmology,2015-10-01,2026-05-01,128,128,0,0.0,0,False,False,2026-05-01
NVC20__160,NVC20,THE YORKSHIRE CLINIC,160,Plastic Surgery,2015-10-01,2026-05-01,128,128,0,0.0,0,False,False,2026-05-01
NVC20__301,NVC20,THE YORKSHIRE CLINIC,301,Gastroenterology,2015-10-01,2026-05-01,128,128,0,0.0,0,False,False,2026-05-01
NVC20__320,NVC20,THE YORKSHIRE CLINIC,320,Cardiology,2015-10-01,2025-01-01,112,49,63,56.25,34,False,True,2025-01-01
NVC20__330,NVC20,THE YORKSHIRE CLINIC,330,Dermatology,2015-10-01,2023-12-01,99,83,16,16.161616161616163,5,False,True,2023-12-01
NVC20__340,NVC20,THE YORKSHIRE CLINIC,340,Thoracic Medicine,2015-10-01,2026-05-01,128,110,18,14.0625,10,False,False,2026-05-01
NVC20__400,NVC20,THE YORKSHIRE CLINIC,400,Neurology,2015-10-01,2026-04-01,127,127,0,0.0,0,False,True,2026-04-01
NVC20__502,NVC20,THE YORKSHIRE CLINIC,502,Gynaecology,2015-10-01,2026-05-01,128,128,0,0.0,0,False,False,2026-05-01
NVC20__X01,NVC20,THE YORKSHIRE CLINIC,X01,Other,2015-10-01,2021-03-01,66,66,0,0.0,0,False,True,2021-03-01
NVC21__100,NVC21,WEST MIDLANDS HOSPITAL,100,General Surgery,2015-10-01,2026-05-01,128,128,0,0.0,0,False,False,2026-05-01
NVC21__101,NVC21,WEST MIDLANDS HOSPITAL,101,Urology,2015-10-01,2026-05-01,128,128,0,0.0,0,False,False,2026-05-01
NVC21__110,NVC21,WEST MIDLANDS HOSPITAL,110,Trauma & Orthopaedics,2015-10-01,2026-05-01,128,128,0,0.0,0,False,False,2026-05-01
NVC21__120,NVC21,WEST MIDLANDS HOSPITAL,120,ENT,2015-10-01,2023-11-01,98,94,4,4.081632653061225,4,False,True,2023-11-01
NVC21__130,NVC21,WEST MIDLANDS HOSPITAL,130,Ophthalmology,2015-10-01,2026-05-01,128,123,5,3.90625,4,False,False,2026-05-01
NVC21__160,NVC21,WEST MIDLANDS HOSPITAL,160,Plastic Surgery,2015-10-01,2025-06-01,117,25,92,78.63247863247864,44,False,True,2025-06-01
NVC21__300,NVC21,WEST MIDLANDS HOSPITAL,300,General Medicine,2015-10-01,2021-12-01,75,69,6,8.0,2,False,True,2021-12-01
NVC21__301,NVC21,WEST MIDLANDS HOSPITAL,301,Gastroenterology,2015-10-01,2026-04-01,127,127,0,0.0,0,False,True,2026-04-01
NVC21__502,NVC21,WEST MIDLANDS HOSPITAL,502,Gynaecology,2015-10-01,2026-05-01,128,128,0,0.0,0,False,False,2026-05-01
NVC21__X01,NVC21,WEST MIDLANDS HOSPITAL,X01,Other,2015-10-01,2021-03-01,66,66,0,0.0,0,False,True,2021-03-01
NVC22__100,NVC22,WINFIELD HOSPITAL,100,General Surgery,2015-10-01,2026-05-01,128,128,0,0.0,0,False,False,2026-05-01
NVC22__101,NVC22,WINFIELD HOSPITAL,101,Urology,2015-10-01,2026-05-01,128,128,0,0.0,0,False,False,2026-05-01
NVC22__110,NVC22,WINFIELD HOSPITAL,110,Trauma & Orthopaedics,2015-10-01,2026-05-01,128,128,0,0.0,0,False,False,2026-05-01
NVC22__120,NVC22,WINFIELD HOSPITAL,120,ENT,2015-10-01,2026-05-01,128,128,0,0.0,0,False,False,2026-05-01
NVC22__301,NVC22,WINFIELD HOSPITAL,301,Gastroenterology,2015-10-01,2026-05-01,128,128,0,0.0,0,False,False,2026-05-01
NVC22__502,NVC22,WINFIELD HOSPITAL,502,Gynaecology,2015-10-01,2021-11-01,74,51,23,31.08108108108108,16,False,True,2021-11-01
NVC22__X01,NVC22,WINFIELD HOSPITAL,X01,Other,2015-10-01,2020-09-01,60,55,5,8.333333333333334,2,False,True,2020-09-01
NVC23__100,NVC23,WOODLAND HOSPITAL,100,General Surgery,2015-10-01,2026-05-01,128,128,0,0.0,0,False,False,2026-05-01
NVC23__101,NVC23,WOODLAND HOSPITAL,101,Urology,2015-10-01,2026-05-01,128,128,0,0.0,0,False,False,2026-05-01
NVC23__110,NVC23,WOODLAND HOSPITAL,110,Trauma & Orthopaedics,2015-10-01,2026-05-01,128,128,0,0.0,0,False,False,2026-05-01
NVC23__120,NVC23,WOODLAND HOSPITAL,120,ENT,2015-10-01,2026-01-01,124,120,4,3.225806451612903,4,False,True,2026-01-01
NVC23__130,NVC23,WOODLAND HOSPITAL,130,Ophthalmology,2015-10-01,2026-05-01,128,120,8,6.25,3,False,False,2026-05-01
NVC23__300,NVC23,WOODLAND HOSPITAL,300,General Medicine,2015-10-01,2025-06-01,117,62,55,47.00854700854701,17,False,True,2025-06-01
NVC23__301,NVC23,WOODLAND HOSPITAL,301,Gastroenterology,2015-10-01,2026-05-01,128,128,0,0.0,0,False,False,2026-05-01
NVC23__330,NVC23,WOODLAND HOSPITAL,330,Dermatology,2015-10-01,2026-05-01,128,111,17,13.28125,17,False,False,2026-05-01
NVC23__502,NVC23,WOODLAND HOSPITAL,502,Gynaecology,2015-10-01,2026-05-01,128,128,0,0.0,0,False,False,2026-05-01
NVC23__X01,NVC23,WOODLAND HOSPITAL,X01,Other,2015-10-01,2021-03-01,66,66,0,0.0,0,False,True,2021-03-01
NVC24__100,NVC24,BODMIN NHS TREATMENT CENTRE,100,General Surgery,2015-10-01,2017-03-01,18,18,0,0.0,0,True,True,2017-03-01
NVC24__101,NVC24,BODMIN NHS TREATMENT CENTRE,101,Urology,2015-10-01,2017-03-01,18,18,0,0.0,0,True,True,2017-03-01
NVC24__110,NVC24,BODMIN NHS TREATMENT CENTRE,110,Trauma & Orthopaedics,2015-10-01,2017-03-01,18,18,0,0.0,0,True,True,2017-03-01
NVC24__120,NVC24,BODMIN NHS TREATMENT CENTRE,120,ENT,2015-10-01,2017-03-01,18,18,0,0.0,0,True,True,2017-03-01
NVC24__130,NVC24,BODMIN NHS TREATMENT CENTRE,130,Ophthalmology,2015-10-01,2017-03-01,18,18,0,0.0,0,True,True,2017-03-01
NVC24__301,NVC24,BODMIN NHS TREATMENT CENTRE,301,Gastroenterology,2015-10-01,2017-03-01,18,18,0,0.0,0,True,True,2017-03-01
NVC24__330,NVC24,BODMIN NHS TREATMENT CENTRE,330,Dermatology,2015-10-01,2017-03-01,18,18,0,0.0,0,True,True,2017-03-01
NVC24__502,NVC24,BODMIN NHS TREATMENT CENTRE,502,Gynaecology,2015-10-01,2017-03-01,18,18,0,0.0,0,True,True,2017-03-01
NVC24__X01,NVC24,BODMIN NHS TREATMENT CENTRE,X01,Other,2015-10-01,2017-03-01,18,18,0,0.0,0,True,True,2017-03-01
NVC25__110,NVC25,HORTON NHS TREATMENT CENTRE,110,Trauma & Orthopaedics,2015-10-01,2026-05-01,128,128,0,0.0,0,False,False,2026-05-01
NVC25__X01,NVC25,HORTON NHS TREATMENT CENTRE,X01,Other,2015-10-01,2020-10-01,61,43,18,29.508196721311474,15,False,True,2020-10-01
NVC27__100,NVC27,BOSTON WEST HOSPITAL,100,General Surgery,2015-10-01,2026-05-01,128,128,0,0.0,0,False,False,2026-05-01
NVC27__101,NVC27,BOSTON WEST HOSPITAL,101,Urology,2015-10-01,2026-05-01,128,128,0,0.0,0,False,False,2026-05-01
NVC27__110,NVC27,BOSTON WEST HOSPITAL,110,Trauma & Orthopaedics,2015-10-01,2026-05-01,128,128,0,0.0,0,False,False,2026-05-01
NVC27__120,NVC27,BOSTON WEST HOSPITAL,120,ENT,2015-10-01,2017-09-01,24,24,0,0.0,0,True,True,2017-09-01
NVC27__130,NVC27,BOSTON WEST HOSPITAL,130,Ophthalmology,2015-10-01,2026-05-01,128,128,0,0.0,0,False,False,2026-05-01
NVC27__301,NVC27,BOSTON WEST HOSPITAL,301,Gastroenterology,2015-10-01,2026-05-01,128,128,0,0.0,0,False,False,2026-05-01
NVC27__502,NVC27,BOSTON WEST HOSPITAL,502,Gynaecology,2015-10-01,2026-05-01,128,128,0,0.0,0,False,False,2026-05-01
NVC27__X01,NVC27,BOSTON WEST HOSPITAL,X01,Other,2015-10-01,2021-03-01,66,63,3,4.545454545454546,3,False,True,2021-03-01
NVC28__110,NVC28,CLIFTON PARK HOSPITAL,110,Trauma & Orthopaedics,2015-10-01,2026-05-01,128,128,0,0.0,0,False,False,2026-05-01
NVC28__X01,NVC28,CLIFTON PARK HOSPITAL,X01,Other,2015-10-01,2021-03-01,66,59,7,10.606060606060606,4,False,True,2021-03-01
NVC29__100,NVC29,COBALT HOSPITAL,100,General Surgery,2015-10-01,2026-05-01,128,128,0,0.0,0,False,False,2026-05-01
NVC29__110,NVC29,COBALT HOSPITAL,110,Trauma & Orthopaedics,2015-10-01,2026-05-01,128,128,0,0.0,0,False,False,2026-05-01
NVC29__160,NVC29,COBALT HOSPITAL,160,Plastic Surgery,2015-10-01,2026-05-01,128,128,0,0.0,0,False,False,2026-05-01
NVC29__301,NVC29,COBALT HOSPITAL,301,Gastroenterology,2015-10-01,2026-05-01,128,128,0,0.0,0,False,False,2026-05-01
NVC29__X01,NVC29,COBALT HOSPITAL,X01,Other,2015-10-01,2021-03-01,66,66,0,0.0,0,False,True,2021-03-01
NVC31__100,NVC31,BLAKELANDS HOSPITAL,100,General Surgery,2015-10-01,2026-05-01,128,126,2,1.5625,2,False,False,2026-05-01
NVC31__110,NVC31,BLAKELANDS HOSPITAL,110,Trauma & Orthopaedics,2015-10-01,2026-05-01,128,126,2,1.5625,2,False,False,2026-05-01
NVC31__130,NVC31,BLAKELANDS HOSPITAL,130,Ophthalmology,2015-10-01,2026-05-01,128,126,2,1.5625,2,False,False,2026-05-01
NVC31__301,NVC31,BLAKELANDS HOSPITAL,301,Gastroenterology,2015-10-01,2026-05-01,128,126,2,1.5625,2,False,False,2026-05-01
NVC31__X01,NVC31,BLAKELANDS HOSPITAL,X01,Other,2015-10-01,2017-04-01,19,19,0,0.0,0,True,True,2017-04-01
NVC35__100,NVC35,TEES VALLEY TREATMENT CENTRE,100,General Surgery,2015-10-01,2018-06-01,33,33,0,0.0,0,True,True,2018-06-01
NVC35__101,NVC35,TEES VALLEY TREATMENT CENTRE,101,Urology,2015-10-01,2018-05-01,32,32,0,0.0,0,True,True,2018-05-01
NVC35__110,NVC35,TEES VALLEY TREATMENT CENTRE,110,Trauma & Orthopaedics,2015-10-01,2018-06-01,33,33,0,0.0,0,True,True,2018-06-01
NVC35__160,NVC35,TEES VALLEY TREATMENT CENTRE,160,Plastic Surgery,2015-10-01,2018-04-01,31,31,0,0.0,0,True,True,2018-04-01
NVC35__301,NVC35,TEES VALLEY TREATMENT CENTRE,301,Gastroenterology,2015-10-01,2018-05-01,32,32,0,0.0,0,True,True,2018-05-01
NVC35__330,NVC35,TEES VALLEY TREATMENT CENTRE,330,Dermatology,2015-10-01,2018-05-01,32,32,0,0.0,0,True,True,2018-05-01
NVC35__502,NVC35,TEES VALLEY TREATMENT CENTRE,502,Gynaecology,2015-10-01,2018-03-01,30,30,0,0.0,0,True,True,2018-03-01
NVC35__X01,NVC35,TEES VALLEY TREATMENT CENTRE,X01,Other,2015-10-01,2018-05-01,32,32,0,0.0,0,True,True,2018-05-01
NVC40__100,NVC40,WOODTHORPE HOSPITAL,100,General Surgery,2015-10-01,2026-05-01,128,128,0,0.0,0,False,False,2026-05-01
NVC40__101,NVC40,WOODTHORPE HOSPITAL,101,Urology,2015-10-01,2026-05-01,128,128,0,0.0,0,False,False,2026-05-01
NVC40__110,NVC40,WOODTHORPE HOSPITAL,110,Trauma & Orthopaedics,2015-10-01,2026-05-01,128,128,0,0.0,0,False,False,2026-05-01
NVC40__120,NVC40,WOODTHORPE HOSPITAL,120,ENT,2015-10-01,2023-07-01,94,94,0,0.0,0,False,True,2023-07-01
NVC40__130,NVC40,WOODTHORPE HOSPITAL,130,Ophthalmology,2015-10-01,2026-05-01,128,128,0,0.0,0,False,False,2026-05-01
NVC40__301,NVC40,WOODTHORPE HOSPITAL,301,Gastroenterology,2015-10-01,2026-05-01,128,128,0,0.0,0,False,False,2026-05-01
NVC40__502,NVC40,WOODTHORPE HOSPITAL,502,Gynaecology,2015-10-01,2026-05-01,128,128,0,0.0,0,False,False,2026-05-01
NVC40__X01,NVC40,WOODTHORPE HOSPITAL,X01,Other,2015-10-01,2021-03-01,66,66,0,0.0,0,False,True,2021-03-01
NVC44__100,NVC44,THE WESTBOURNE CENTRE,100,General Surgery,2015-10-01,2026-05-01,128,128,0,0.0,0,False,False,2026-05-01
NVC44__110,NVC44,THE WESTBOURNE CENTRE,110,Trauma & Orthopaedics,2015-10-01,2026-05-01,128,128,0,0.0,0,False,False,2026-05-01
NVC44__120,NVC44,THE WESTBOURNE CENTRE,120,ENT,2015-10-01,2017-02-01,17,5,12,70.58823529411765,12,True,True,2017-02-01
NVC44__130,NVC44,THE WESTBOURNE CENTRE,130,Ophthalmology,2015-10-01,2026-05-01,128,128,0,0.0,0,False,False,2026-05-01
NVC44__140,NVC44,THE WESTBOURNE CENTRE,140,Oral Surgery,2015-10-01,2026-05-01,128,128,0,0.0,0,False,False,2026-05-01
NVC44__X01,NVC44,THE WESTBOURNE CENTRE,X01,Other,2015-10-01,2021-03-01,66,66,0,0.0,0,False,True,2021-03-01
NVG01__100,NVG01,FAIRFIELD HOSPITAL,100,General Surgery,2015-10-01,2025-03-01,114,114,0,0.0,0,False,True,2025-03-01
NVG01__101,NVG01,FAIRFIELD HOSPITAL,101,Urology,2015-10-01,2025-03-01,114,114,0,0.0,0,False,True,2025-03-01
NVG01__110,NVG01,FAIRFIELD HOSPITAL,110,Trauma & Orthopaedics,2015-10-01,2025-03-01,114,114,0,0.0,0,False,True,2025-03-01
NVG01__120,NVG01,FAIRFIELD HOSPITAL,120,ENT,2015-10-01,2025-03-01,114,114,0,0.0,0,False,True,2025-03-01
NVG01__130,NVG01,FAIRFIELD HOSPITAL,130,Ophthalmology,2015-10-01,2025-03-01,114,114,0,0.0,0,False,True,2025-03-01
NVG01__301,NVG01,FAIRFIELD HOSPITAL,301,Gastroenterology,2015-10-01,2025-03-01,114,114,0,0.0,0,False,True,2025-03-01
NVG01__502,NVG01,FAIRFIELD HOSPITAL,502,Gynaecology,2015-10-01,2022-06-01,81,81,0,0.0,0,False,True,2022-06-01
NVM__100,NVM,EPSOMEDICAL GROUP,100,General Surgery,2015-10-01,2026-05-01,128,128,0,0.0,0,False,False,2026-05-01
NVM__101,NVM,EPSOMEDICAL GROUP,101,Urology,2015-10-01,2026-05-01,128,128,0,0.0,0,False,False,2026-05-01
NVM__110,NVM,EPSOMEDICAL GROUP,110,Trauma & Orthopaedics,2015-10-01,2026-05-01,128,128,0,0.0,0,False,False,2026-05-01
NVM__120,NVM,EPSOMEDICAL GROUP,120,ENT,2015-10-01,2026-05-01,128,128,0,0.0,0,False,False,2026-05-01
NVM__130,NVM,EPSOMEDICAL GROUP,130,Ophthalmology,2015-10-01,2026-05-01,128,128,0,0.0,0,False,False,2026-05-01
NVM__160,NVM,EPSOMEDICAL GROUP,160,Plastic Surgery,2015-10-01,2026-05-01,128,128,0,0.0,0,False,False,2026-05-01
NVM__301,NVM,EPSOMEDICAL GROUP,301,Gastroenterology,2015-10-01,2026-05-01,128,128,0,0.0,0,False,False,2026-05-01
NVM__320,NVM,EPSOMEDICAL GROUP,320,Cardiology,2015-10-01,2026-05-01,128,127,1,0.78125,1,False,False,2026-05-01
NVM__330,NVM,EPSOMEDICAL GROUP,330,Dermatology,2015-10-01,2026-05-01,128,128,0,0.0,0,False,False,2026-05-01
NVM__410,NVM,EPSOMEDICAL GROUP,410,Rheumatology,2015-10-01,2026-05-01,128,128,0,0.0,0,False,False,2026-05-01
NVM__502,NVM,EPSOMEDICAL GROUP,502,Gynaecology,2015-10-01,2026-05-01,128,128,0,0.0,0,False,False,2026-05-01
NWF01__100,NWF01,BENENDEN HOSPITAL,100,General Surgery,2015-10-01,2026-05-01,128,128,0,0.0,0,False,False,2026-05-01
NWF01__101,NWF01,BENENDEN HOSPITAL,101,Urology,2015-10-01,2026-05-01,128,128,0,0.0,0,False,False,2026-05-01
NWF01__110,NWF01,BENENDEN HOSPITAL,110,Trauma & Orthopaedics,2015-10-01,2026-05-01,128,128,0,0.0,0,False,False,2026-05-01
NWF01__120,NWF01,BENENDEN HOSPITAL,120,ENT,2015-10-01,2026-05-01,128,128,0,0.0,0,False,False,2026-05-01
NWF01__130,NWF01,BENENDEN HOSPITAL,130,Ophthalmology,2015-10-01,2026-05-01,128,128,0,0.0,0,False,False,2026-05-01
NWF01__301,NWF01,BENENDEN HOSPITAL,301,Gastroenterology,2015-10-01,2026-05-01,128,128,0,0.0,0,False,False,2026-05-01
NWF01__320,NWF01,BENENDEN HOSPITAL,320,Cardiology,2015-10-01,2015-10-01,1,1,0,0.0,0,True,True,2015-10-01
NWF01__502,NWF01,BENENDEN HOSPITAL,502,Gynaecology,2015-10-01,2026-05-01,128,60,68,53.125,68,False,False,2026-05-01
NWF01__X01,NWF01,BENENDEN HOSPITAL,X01,Other,2015-10-01,2016-12-01,15,9,6,40.0,6,True,True,2016-12-01
NWX__110,NWX,HERE,110,Trauma & Orthopaedics,2015-10-01,2024-11-01,110,110,0,0.0,0,False,True,2024-11-01
NWX__410,NWX,HERE,410,Rheumatology,2015-10-01,2024-11-01,110,110,0,0.0,0,False,True,2024-11-01
NWX__X01,NWX,HERE,X01,Other,2015-10-01,2021-03-01,66,66,0,0.0,0,False,True,2021-03-01
NXM01__110,NXM01,THE HORDER CENTRE - ST JOHNS ROAD,110,Trauma & Orthopaedics,2015-10-01,2026-05-01,128,128,0,0.0,0,False,False,2026-05-01
NYG__330,NYG,SUSSEX COMMUNITY DERMATOLOGY SERVICE,330,Dermatology,2015-10-01,2026-05-01,128,128,0,0.0,0,False,False,2026-05-01
NYW01__100,NYW01,ASPEN - THE HOLLY,100,General Surgery,2015-10-01,2022-08-01,83,82,1,1.2048192771084338,1,False,True,2022-08-01
NYW01__101,NYW01,ASPEN - THE HOLLY,101,Urology,2015-10-01,2021-04-01,67,33,34,50.74626865671642,33,False,True,2021-04-01
NYW01__110,NYW01,ASPEN - THE HOLLY,110,Trauma & Orthopaedics,2015-10-01,2022-08-01,83,82,1,1.2048192771084338,1,False,True,2022-08-01
NYW01__120,NYW01,ASPEN - THE HOLLY,120,ENT,2015-10-01,2022-08-01,83,82,1,1.2048192771084338,1,False,True,2022-08-01
NYW01__140,NYW01,ASPEN - THE HOLLY,140,Oral Surgery,2015-10-01,2021-03-01,66,36,30,45.45454545454545,17,False,True,2021-03-01
NYW01__320,NYW01,ASPEN - THE HOLLY,320,Cardiology,2015-10-01,2022-08-01,83,79,4,4.819277108433735,3,False,True,2022-08-01
NYW01__430,NYW01,ASPEN - THE HOLLY,430,Geriatric Medicine,2015-10-01,2021-02-01,65,4,61,93.84615384615384,61,False,True,2021-02-01
NYW01__502,NYW01,ASPEN - THE HOLLY,502,Gynaecology,2015-10-01,2022-08-01,83,82,1,1.2048192771084338,1,False,True,2022-08-01
NYW01__X01,NYW01,ASPEN - THE HOLLY,X01,Other,2015-10-01,2021-03-01,66,66,0,0.0,0,False,True,2021-03-01
NYW02__100,NYW02,ASPEN - PARKSIDE HOSPITAL,100,General Surgery,2015-10-01,2022-08-01,83,79,4,4.819277108433735,2,False,True,2022-08-01
NYW02__101,NYW02,ASPEN - PARKSIDE HOSPITAL,101,Urology,2015-10-01,2022-08-01,83,69,14,16.867469879518072,5,False,True,2022-08-01
NYW02__110,NYW02,ASPEN - PARKSIDE HOSPITAL,110,Trauma & Orthopaedics,2015-10-01,2022-08-01,83,79,4,4.819277108433735,2,False,True,2022-08-01
NYW02__120,NYW02,ASPEN - PARKSIDE HOSPITAL,120,ENT,2015-10-01,2022-08-01,83,79,4,4.819277108433735,2,False,True,2022-08-01
NYW02__140,NYW02,ASPEN - PARKSIDE HOSPITAL,140,Oral Surgery,2015-10-01,2021-07-01,70,12,58,82.85714285714286,57,False,True,2021-07-01
NYW02__502,NYW02,ASPEN - PARKSIDE HOSPITAL,502,Gynaecology,2015-10-01,2021-04-01,67,39,28,41.791044776119406,28,False,True,2021-04-01
NYW02__X01,NYW02,ASPEN - PARKSIDE HOSPITAL,X01,Other,2015-10-01,2021-03-01,66,62,4,6.0606060606060606,2,False,True,2021-03-01
NYW03__100,NYW03,ASPEN - HIGHGATE HOSPITAL,100,General Surgery,2015-10-01,2022-08-01,83,83,0,0.0,0,False,True,2022-08-01
NYW03__101,NYW03,ASPEN - HIGHGATE HOSPITAL,101,Urology,2015-10-01,2017-10-01,25,20,5,20.0,5,True,True,2017-10-01
NYW03__110,NYW03,ASPEN - HIGHGATE HOSPITAL,110,Trauma & Orthopaedics,2015-10-01,2022-08-01,83,83,0,0.0,0,False,True,2022-08-01
NYW03__120,NYW03,ASPEN - HIGHGATE HOSPITAL,120,ENT,2015-10-01,2022-08-01,83,83,0,0.0,0,False,True,2022-08-01
NYW03__150,NYW03,ASPEN - HIGHGATE HOSPITAL,150,Neurosurgery,2015-10-01,2020-11-01,62,24,38,61.29032258064516,30,False,True,2020-11-01
NYW03__400,NYW03,ASPEN - HIGHGATE HOSPITAL,400,Neurology,2015-10-01,2021-03-01,66,12,54,81.81818181818181,51,False,True,2021-03-01
NYW03__502,NYW03,ASPEN - HIGHGATE HOSPITAL,502,Gynaecology,2015-10-01,2021-04-01,67,20,47,70.14925373134328,45,False,True,2021-04-01
NYW03__X01,NYW03,ASPEN - HIGHGATE HOSPITAL,X01,Other,2015-10-01,2021-03-01,66,66,0,0.0,0,False,True,2021-03-01
NYW04__100,NYW04,ASPEN - CLAREMONT HOSPITAL,100,General Surgery,2015-10-01,2022-12-01,87,86,1,1.1494252873563218,1,False,True,2022-12-01
NYW04__101,NYW04,ASPEN - CLAREMONT HOSPITAL,101,Urology,2015-10-01,2022-12-01,87,86,1,1.1494252873563218,1,False,True,2022-12-01
NYW04__110,NYW04,ASPEN - CLAREMONT HOSPITAL,110,Trauma & Orthopaedics,2015-10-01,2022-12-01,87,86,1,1.1494252873563218,1,False,True,2022-12-01
NYW04__120,NYW04,ASPEN - CLAREMONT HOSPITAL,120,ENT,2015-10-01,2022-12-01,87,86,1,1.1494252873563218,1,False,True,2022-12-01
NYW04__130,NYW04,ASPEN - CLAREMONT HOSPITAL,130,Ophthalmology,2015-10-01,2022-12-01,87,86,1,1.1494252873563218,1,False,True,2022-12-01
NYW04__150,NYW04,ASPEN - CLAREMONT HOSPITAL,150,Neurosurgery,2015-10-01,2022-12-01,87,86,1,1.1494252873563218,1,False,True,2022-12-01
NYW04__160,NYW04,ASPEN - CLAREMONT HOSPITAL,160,Plastic Surgery,2015-10-01,2018-07-01,34,7,27,79.41176470588235,19,True,True,2018-07-01
NYW04__301,NYW04,ASPEN - CLAREMONT HOSPITAL,301,Gastroenterology,2015-10-01,2017-04-01,19,12,7,36.8421052631579,5,True,True,2017-04-01
NYW04__502,NYW04,ASPEN - CLAREMONT HOSPITAL,502,Gynaecology,2015-10-01,2022-12-01,87,86,1,1.1494252873563218,1,False,True,2022-12-01
NYW04__X01,NYW04,ASPEN - CLAREMONT HOSPITAL,X01,Other,2015-10-01,2020-03-01,54,53,1,1.8518518518518519,1,False,True,2020-03-01
NYW17__130,NYW17,ASPEN HEALTHCARE - MIDLAND EYE,130,Ophthalmology,2015-10-01,2025-01-01,112,112,0,0.0,0,False,True,2025-01-01
NYW17__X01,NYW17,ASPEN HEALTHCARE - MIDLAND EYE,X01,Other,2015-10-01,2018-01-01,28,25,3,10.714285714285714,1,True,True,2018-01-01
R1A__100,R1A,WORCESTERSHIRE HEALTH AND CARE NHS TRUST,100,General Surgery,2015-10-01,2020-11-01,62,57,5,8.064516129032258,2,False,True,2020-11-01
R1A__101,R1A,WORCESTERSHIRE HEALTH AND CARE NHS TRUST,101,Urology,2015-10-01,2021-11-01,74,64,10,13.513513513513514,10,False,True,2021-11-01
R1A__110,R1A,WORCESTERSHIRE HEALTH AND CARE NHS TRUST,110,Trauma & Orthopaedics,2015-10-01,2026-05-01,128,128,0,0.0,0,False,False,2026-05-01
R1A__120,R1A,WORCESTERSHIRE HEALTH AND CARE NHS TRUST,120,ENT,2015-10-01,2023-09-01,96,96,0,0.0,0,False,True,2023-09-01
R1A__130,R1A,WORCESTERSHIRE HEALTH AND CARE NHS TRUST,130,Ophthalmology,2015-10-01,2019-11-01,50,50,0,0.0,0,False,True,2019-11-01
R1A__140,R1A,WORCESTERSHIRE HEALTH AND CARE NHS TRUST,140,Oral Surgery,2015-10-01,2018-08-01,35,35,0,0.0,0,True,True,2018-08-01
R1A__300,R1A,WORCESTERSHIRE HEALTH AND CARE NHS TRUST,300,General Medicine,2015-10-01,2023-09-01,96,96,0,0.0,0,False,True,2023-09-01
R1A__320,R1A,WORCESTERSHIRE HEALTH AND CARE NHS TRUST,320,Cardiology,2015-10-01,2016-09-01,12,12,0,0.0,0,True,True,2016-09-01
R1A__330,R1A,WORCESTERSHIRE HEALTH AND CARE NHS TRUST,330,Dermatology,2015-10-01,2017-06-01,21,21,0,0.0,0,True,True,2017-06-01
R1A__502,R1A,WORCESTERSHIRE HEALTH AND CARE NHS TRUST,502,Gynaecology,2015-10-01,2023-09-01,96,96,0,0.0,0,False,True,2023-09-01
R1A__X01,R1A,WORCESTERSHIRE HEALTH AND CARE NHS TRUST,X01,Other,2015-10-01,2021-03-01,66,66,0,0.0,0,False,True,2021-03-01
R1C__101,R1C,SOLENT NHS TRUST,101,Urology,2015-10-01,2016-03-01,6,6,0,0.0,0,True,True,2016-03-01
R1C__320,R1C,SOLENT NHS TRUST,320,Cardiology,2015-10-01,2018-12-01,39,39,0,0.0,0,False,True,2018-12-01
R1C__410,R1C,SOLENT NHS TRUST,410,Rheumatology,2015-10-01,2022-10-01,85,85,0,0.0,0,False,True,2022-10-01
R1C__X01,R1C,SOLENT NHS TRUST,X01,Other,2015-10-01,2021-03-01,66,66,0,0.0,0,False,True,2021-03-01
R1D__100,R1D,SHROPSHIRE COMMUNITY HEALTH NHS TRUST,100,General Surgery,2015-10-01,2026-05-01,128,128,0,0.0,0,False,False,2026-05-01
R1D__101,R1D,SHROPSHIRE COMMUNITY HEALTH NHS TRUST,101,Urology,2015-10-01,2020-03-01,54,54,0,0.0,0,False,True,2020-03-01
R1D__110,R1D,SHROPSHIRE COMMUNITY HEALTH NHS TRUST,110,Trauma & Orthopaedics,2015-10-01,2026-05-01,128,128,0,0.0,0,False,False,2026-05-01
R1D__120,R1D,SHROPSHIRE COMMUNITY HEALTH NHS TRUST,120,ENT,2015-10-01,2026-05-01,128,128,0,0.0,0,False,False,2026-05-01
R1D__130,R1D,SHROPSHIRE COMMUNITY HEALTH NHS TRUST,130,Ophthalmology,2015-10-01,2016-04-01,7,7,0,0.0,0,True,True,2016-04-01
R1D__140,R1D,SHROPSHIRE COMMUNITY HEALTH NHS TRUST,140,Oral Surgery,2015-10-01,2026-05-01,128,128,0,0.0,0,False,False,2026-05-01
R1D__300,R1D,SHROPSHIRE COMMUNITY HEALTH NHS TRUST,300,General Medicine,2015-10-01,2022-05-01,80,50,30,37.5,22,False,True,2022-05-01
R1D__301,R1D,SHROPSHIRE COMMUNITY HEALTH NHS TRUST,301,Gastroenterology,2015-10-01,2023-11-01,98,90,8,8.16326530612245,8,False,True,2023-11-01
R1D__320,R1D,SHROPSHIRE COMMUNITY HEALTH NHS TRUST,320,Cardiology,2015-10-01,2026-05-01,128,128,0,0.0,0,False,False,2026-05-01
R1D__330,R1D,SHROPSHIRE COMMUNITY HEALTH NHS TRUST,330,Dermatology,2015-10-01,2019-08-01,47,47,0,0.0,0,False,True,2019-08-01
R1D__340,R1D,SHROPSHIRE COMMUNITY HEALTH NHS TRUST,340,Thoracic Medicine,2015-10-01,2026-05-01,128,128,0,0.0,0,False,False,2026-05-01
R1D__400,R1D,SHROPSHIRE COMMUNITY HEALTH NHS TRUST,400,Neurology,2015-10-01,2020-02-01,53,43,10,18.867924528301888,4,False,True,2020-02-01
R1D__410,R1D,SHROPSHIRE COMMUNITY HEALTH NHS TRUST,410,Rheumatology,2015-10-01,2026-05-01,128,128,0,0.0,0,False,False,2026-05-01
R1D__502,R1D,SHROPSHIRE COMMUNITY HEALTH NHS TRUST,502,Gynaecology,2015-10-01,2026-05-01,128,128,0,0.0,0,False,False,2026-05-01
R1D__X01,R1D,SHROPSHIRE COMMUNITY HEALTH NHS TRUST,X01,Other,2015-10-01,2021-03-01,66,66,0,0.0,0,False,True,2021-03-01
R1E__330,R1E,STAFFORDSHIRE AND STOKE ON TRENT PARTNERSHIP NHS TRUST,330,Dermatology,2015-10-01,2015-11-01,2,2,0,0.0,0,True,True,2015-11-01
R1E__340,R1E,STAFFORDSHIRE AND STOKE ON TRENT PARTNERSHIP NHS TRUST,340,Thoracic Medicine,2015-10-01,2015-11-01,2,2,0,0.0,0,True,True,2015-11-01
R1E__400,R1E,STAFFORDSHIRE AND STOKE ON TRENT PARTNERSHIP NHS TRUST,400,Neurology,2015-10-01,2018-05-01,32,31,1,3.125,1,True,True,2018-05-01
R1E__410,R1E,STAFFORDSHIRE AND STOKE ON TRENT PARTNERSHIP NHS TRUST,410,Rheumatology,2015-10-01,2018-05-01,32,32,0,0.0,0,True,True,2018-05-01
R1E__430,R1E,STAFFORDSHIRE AND STOKE ON TRENT PARTNERSHIP NHS TRUST,430,Geriatric Medicine,2015-10-01,2018-05-01,32,32,0,0.0,0,True,True,2018-05-01
R1E__X01,R1E,STAFFORDSHIRE AND STOKE ON TRENT PARTNERSHIP NHS TRUST,X01,Other,2015-10-01,2018-05-01,32,32,0,0.0,0,True,True,2018-05-01
R1F__100,R1F,ISLE OF WIGHT NHS TRUST,100,General Surgery,2015-10-01,2026-05-01,128,128,0,0.0,0,False,False,2026-05-01
R1F__101,R1F,ISLE OF WIGHT NHS TRUST,101,Urology,2015-10-01,2026-05-01,128,128,0,0.0,0,False,False,2026-05-01
R1F__110,R1F,ISLE OF WIGHT NHS TRUST,110,Trauma & Orthopaedics,2015-10-01,2026-05-01,128,128,0,0.0,0,False,False,2026-05-01
R1F__120,R1F,ISLE OF WIGHT NHS TRUST,120,ENT,2015-10-01,2026-05-01,128,128,0,0.0,0,False,False,2026-05-01
R1F__130,R1F,ISLE OF WIGHT NHS TRUST,130,Ophthalmology,2015-10-01,2026-05-01,128,128,0,0.0,0,False,False,2026-05-01
R1F__140,R1F,ISLE OF WIGHT NHS TRUST,140,Oral Surgery,2015-10-01,2026-05-01,128,128,0,0.0,0,False,False,2026-05-01
R1F__150,R1F,ISLE OF WIGHT NHS TRUST,150,Neurosurgery,2015-10-01,2021-03-01,66,25,41,62.121212121212125,30,False,True,2021-03-01
R1F__300,R1F,ISLE OF WIGHT NHS TRUST,300,General Medicine,2015-10-01,2026-05-01,128,117,11,8.59375,2,False,False,2026-05-01
R1F__301,R1F,ISLE OF WIGHT NHS TRUST,301,Gastroenterology,2015-10-01,2026-05-01,128,128,0,0.0,0,False,False,2026-05-01
R1F__320,R1F,ISLE OF WIGHT NHS TRUST,320,Cardiology,2015-10-01,2026-05-01,128,128,0,0.0,0,False,False,2026-05-01
R1F__330,R1F,ISLE OF WIGHT NHS TRUST,330,Dermatology,2015-10-01,2024-04-01,103,103,0,0.0,0,False,True,2024-04-01
R1F__340,R1F,ISLE OF WIGHT NHS TRUST,340,Thoracic Medicine,2015-10-01,2026-05-01,128,128,0,0.0,0,False,False,2026-05-01
R1F__410,R1F,ISLE OF WIGHT NHS TRUST,410,Rheumatology,2015-10-01,2026-05-01,128,128,0,0.0,0,False,False,2026-05-01
R1F__430,R1F,ISLE OF WIGHT NHS TRUST,430,Geriatric Medicine,2015-10-01,2026-05-01,128,128,0,0.0,0,False,False,2026-05-01
R1F__502,R1F,ISLE OF WIGHT NHS TRUST,502,Gynaecology,2015-10-01,2026-05-01,128,128,0,0.0,0,False,False,2026-05-01
R1F__X01,R1F,ISLE OF WIGHT NHS TRUST,X01,Other,2015-10-01,2021-03-01,66,66,0,0.0,0,False,True,2021-03-01
R1K__100,R1K,LONDON NORTH WEST HEALTHCARE NHS TRUST,100,General Surgery,2015-10-01,2026-05-01,128,128,0,0.0,0,False,False,2026-05-01
R1K__101,R1K,LONDON NORTH WEST HEALTHCARE NHS TRUST,101,Urology,2015-10-01,2026-05-01,128,128,0,0.0,0,False,False,2026-05-01
R1K__110,R1K,LONDON NORTH WEST HEALTHCARE NHS TRUST,110,Trauma & Orthopaedics,2015-10-01,2026-05-01,128,128,0,0.0,0,False,False,2026-05-01
R1K__120,R1K,LONDON NORTH WEST HEALTHCARE NHS TRUST,120,ENT,2015-10-01,2026-05-01,128,128,0,0.0,0,False,False,2026-05-01
R1K__130,R1K,LONDON NORTH WEST HEALTHCARE NHS TRUST,130,Ophthalmology,2015-10-01,2026-05-01,128,128,0,0.0,0,False,False,2026-05-01
R1K__140,R1K,LONDON NORTH WEST HEALTHCARE NHS TRUST,140,Oral Surgery,2015-10-01,2026-05-01,128,128,0,0.0,0,False,False,2026-05-01
R1K__300,R1K,LONDON NORTH WEST HEALTHCARE NHS TRUST,300,General Medicine,2015-10-01,2026-05-01,128,127,1,0.78125,1,False,False,2026-05-01
R1K__301,R1K,LONDON NORTH WEST HEALTHCARE NHS TRUST,301,Gastroenterology,2015-10-01,2026-05-01,128,128,0,0.0,0,False,False,2026-05-01
R1K__320,R1K,LONDON NORTH WEST HEALTHCARE NHS TRUST,320,Cardiology,2015-10-01,2026-05-01,128,128,0,0.0,0,False,False,2026-05-01
R1K__330,R1K,LONDON NORTH WEST HEALTHCARE NHS TRUST,330,Dermatology,2015-10-01,2026-05-01,128,128,0,0.0,0,False,False,2026-05-01
R1K__340,R1K,LONDON NORTH WEST HEALTHCARE NHS TRUST,340,Thoracic Medicine,2015-10-01,2026-05-01,128,128,0,0.0,0,False,False,2026-05-01
R1K__400,R1K,LONDON NORTH WEST HEALTHCARE NHS TRUST,400,Neurology,2015-10-01,2026-05-01,128,128,0,0.0,0,False,False,2026-05-01
R1K__410,R1K,LONDON NORTH WEST HEALTHCARE NHS TRUST,410,Rheumatology,2015-10-01,2026-05-01,128,128,0,0.0,0,False,False,2026-05-01
R1K__430,R1K,LONDON NORTH WEST HEALTHCARE NHS TRUST,430,Geriatric Medicine,2015-10-01,2026-05-01,128,128,0,0.0,0,False,False,2026-05-01
R1K__502,R1K,LONDON NORTH WEST HEALTHCARE NHS TRUST,502,Gynaecology,2015-10-01,2026-05-01,128,128,0,0.0,0,False,False,2026-05-01
R1K__X01,R1K,LONDON NORTH WEST HEALTHCARE NHS TRUST,X01,Other,2015-10-01,2021-03-01,66,66,0,0.0,0,False,True,2021-03-01
RA2__100,RA2,ROYAL SURREY COUNTY HOSPITAL NHS FOUNDATION TRUST,100,General Surgery,2015-10-01,2026-05-01,128,128,0,0.0,0,False,False,2026-05-01
RA2__101,RA2,ROYAL SURREY COUNTY HOSPITAL NHS FOUNDATION TRUST,101,Urology,2015-10-01,2026-05-01,128,128,0,0.0,0,False,False,2026-05-01
RA2__110,RA2,ROYAL SURREY COUNTY HOSPITAL NHS FOUNDATION TRUST,110,Trauma & Orthopaedics,2015-10-01,2026-05-01,128,128,0,0.0,0,False,False,2026-05-01
RA2__120,RA2,ROYAL SURREY COUNTY HOSPITAL NHS FOUNDATION TRUST,120,ENT,2015-10-01,2026-05-01,128,128,0,0.0,0,False,False,2026-05-01
RA2__130,RA2,ROYAL SURREY COUNTY HOSPITAL NHS FOUNDATION TRUST,130,Ophthalmology,2015-10-01,2026-05-01,128,128,0,0.0,0,False,False,2026-05-01
RA2__140,RA2,ROYAL SURREY COUNTY HOSPITAL NHS FOUNDATION TRUST,140,Oral Surgery,2015-10-01,2026-05-01,128,128,0,0.0,0,False,False,2026-05-01
RA2__160,RA2,ROYAL SURREY COUNTY HOSPITAL NHS FOUNDATION TRUST,160,Plastic Surgery,2015-10-01,2026-05-01,128,128,0,0.0,0,False,False,2026-05-01
RA2__170,RA2,ROYAL SURREY COUNTY HOSPITAL NHS FOUNDATION TRUST,170,Cardiothoracic Surgery,2015-10-01,2024-10-01,109,108,1,0.9174311926605505,1,False,True,2024-10-01
RA2__300,RA2,ROYAL SURREY COUNTY HOSPITAL NHS FOUNDATION TRUST,300,General Medicine,2015-10-01,2026-04-01,127,103,24,18.89763779527559,8,False,True,2026-04-01
RA2__301,RA2,ROYAL SURREY COUNTY HOSPITAL NHS FOUNDATION TRUST,301,Gastroenterology,2015-10-01,2026-05-01,128,128,0,0.0,0,False,False,2026-05-01
RA2__320,RA2,ROYAL SURREY COUNTY HOSPITAL NHS FOUNDATION TRUST,320,Cardiology,2015-10-01,2026-05-01,128,128,0,0.0,0,False,False,2026-05-01
RA2__330,RA2,ROYAL SURREY COUNTY HOSPITAL NHS FOUNDATION TRUST,330,Dermatology,2015-10-01,2025-12-01,123,39,84,68.29268292682927,48,False,True,2025-12-01
RA2__340,RA2,ROYAL SURREY COUNTY HOSPITAL NHS FOUNDATION TRUST,340,Thoracic Medicine,2015-10-01,2026-05-01,128,128,0,0.0,0,False,False,2026-05-01
RA2__400,RA2,ROYAL SURREY COUNTY HOSPITAL NHS FOUNDATION TRUST,400,Neurology,2015-10-01,2026-05-01,128,128,0,0.0,0,False,False,2026-05-01
RA2__410,RA2,ROYAL SURREY COUNTY HOSPITAL NHS FOUNDATION TRUST,410,Rheumatology,2015-10-01,2026-05-01,128,128,0,0.0,0,False,False,2026-05-01
RA2__430,RA2,ROYAL SURREY COUNTY HOSPITAL NHS FOUNDATION TRUST,430,Geriatric Medicine,2015-10-01,2026-03-01,126,123,3,2.380952380952381,2,False,True,2026-03-01
RA2__502,RA2,ROYAL SURREY COUNTY HOSPITAL NHS FOUNDATION TRUST,502,Gynaecology,2015-10-01,2026-05-01,128,128,0,0.0,0,False,False,2026-05-01
RA2__X01,RA2,ROYAL SURREY COUNTY HOSPITAL NHS FOUNDATION TRUST,X01,Other,2015-10-01,2021-03-01,66,66,0,0.0,0,False,True,2021-03-01
RA3__100,RA3,WESTON AREA HEALTH NHS TRUST,100,General Surgery,2015-10-01,2020-03-01,54,54,0,0.0,0,False,True,2020-03-01
RA3__101,RA3,WESTON AREA HEALTH NHS TRUST,101,Urology,2015-10-01,2020-03-01,54,54,0,0.0,0,False,True,2020-03-01
RA3__110,RA3,WESTON AREA HEALTH NHS TRUST,110,Trauma & Orthopaedics,2015-10-01,2020-03-01,54,54,0,0.0,0,False,True,2020-03-01
RA3__120,RA3,WESTON AREA HEALTH NHS TRUST,120,ENT,2015-10-01,2020-03-01,54,54,0,0.0,0,False,True,2020-03-01
RA3__130,RA3,WESTON AREA HEALTH NHS TRUST,130,Ophthalmology,2015-10-01,2020-03-01,54,54,0,0.0,0,False,True,2020-03-01
RA3__170,RA3,WESTON AREA HEALTH NHS TRUST,170,Cardiothoracic Surgery,2015-10-01,2020-01-01,52,43,9,17.307692307692307,5,False,True,2020-01-01
RA3__300,RA3,WESTON AREA HEALTH NHS TRUST,300,General Medicine,2015-10-01,2020-03-01,54,54,0,0.0,0,False,True,2020-03-01
RA3__301,RA3,WESTON AREA HEALTH NHS TRUST,301,Gastroenterology,2015-10-01,2020-03-01,54,54,0,0.0,0,False,True,2020-03-01
RA3__320,RA3,WESTON AREA HEALTH NHS TRUST,320,Cardiology,2015-10-01,2020-03-01,54,54,0,0.0,0,False,True,2020-03-01
RA3__340,RA3,WESTON AREA HEALTH NHS TRUST,340,Thoracic Medicine,2015-10-01,2020-03-01,54,54,0,0.0,0,False,True,2020-03-01
RA3__410,RA3,WESTON AREA HEALTH NHS TRUST,410,Rheumatology,2015-10-01,2020-03-01,54,54,0,0.0,0,False,True,2020-03-01
RA3__430,RA3,WESTON AREA HEALTH NHS TRUST,430,Geriatric Medicine,2015-10-01,2020-03-01,54,54,0,0.0,0,False,True,2020-03-01
RA3__502,RA3,WESTON AREA HEALTH NHS TRUST,502,Gynaecology,2015-10-01,2020-03-01,54,54,0,0.0,0,False,True,2020-03-01
RA3__X01,RA3,WESTON AREA HEALTH NHS TRUST,X01,Other,2015-10-01,2020-03-01,54,54,0,0.0,0,False,True,2020-03-01
RA4__100,RA4,YEOVIL DISTRICT HOSPITAL NHS FOUNDATION TRUST,100,General Surgery,2015-10-01,2023-03-01,90,90,0,0.0,0,False,True,2023-03-01
RA4__101,RA4,YEOVIL DISTRICT HOSPITAL NHS FOUNDATION TRUST,101,Urology,2015-10-01,2023-03-01,90,90,0,0.0,0,False,True,2023-03-01
RA4__110,RA4,YEOVIL DISTRICT HOSPITAL NHS FOUNDATION TRUST,110,Trauma & Orthopaedics,2015-10-01,2023-03-01,90,90,0,0.0,0,False,True,2023-03-01
RA4__120,RA4,YEOVIL DISTRICT HOSPITAL NHS FOUNDATION TRUST,120,ENT,2015-10-01,2023-03-01,90,90,0,0.0,0,False,True,2023-03-01
RA4__130,RA4,YEOVIL DISTRICT HOSPITAL NHS FOUNDATION TRUST,130,Ophthalmology,2015-10-01,2023-03-01,90,90,0,0.0,0,False,True,2023-03-01
RA4__140,RA4,YEOVIL DISTRICT HOSPITAL NHS FOUNDATION TRUST,140,Oral Surgery,2015-10-01,2019-03-01,42,39,3,7.142857142857143,2,False,True,2019-03-01
RA4__160,RA4,YEOVIL DISTRICT HOSPITAL NHS FOUNDATION TRUST,160,Plastic Surgery,2015-10-01,2023-03-01,90,90,0,0.0,0,False,True,2023-03-01
RA4__300,RA4,YEOVIL DISTRICT HOSPITAL NHS FOUNDATION TRUST,300,General Medicine,2015-10-01,2023-03-01,90,90,0,0.0,0,False,True,2023-03-01
RA4__301,RA4,YEOVIL DISTRICT HOSPITAL NHS FOUNDATION TRUST,301,Gastroenterology,2015-10-01,2023-03-01,90,90,0,0.0,0,False,True,2023-03-01
RA4__320,RA4,YEOVIL DISTRICT HOSPITAL NHS FOUNDATION TRUST,320,Cardiology,2015-10-01,2023-03-01,90,90,0,0.0,0,False,True,2023-03-01
RA4__330,RA4,YEOVIL DISTRICT HOSPITAL NHS FOUNDATION TRUST,330,Dermatology,2015-10-01,2023-03-01,90,90,0,0.0,0,False,True,2023-03-01
RA4__340,RA4,YEOVIL DISTRICT HOSPITAL NHS FOUNDATION TRUST,340,Thoracic Medicine,2015-10-01,2023-03-01,90,90,0,0.0,0,False,True,2023-03-01
RA4__400,RA4,YEOVIL DISTRICT HOSPITAL NHS FOUNDATION TRUST,400,Neurology,2015-10-01,2023-03-01,90,90,0,0.0,0,False,True,2023-03-01
RA4__410,RA4,YEOVIL DISTRICT HOSPITAL NHS FOUNDATION TRUST,410,Rheumatology,2015-10-01,2023-03-01,90,90,0,0.0,0,False,True,2023-03-01
RA4__430,RA4,YEOVIL DISTRICT HOSPITAL NHS FOUNDATION TRUST,430,Geriatric Medicine,2015-10-01,2023-03-01,90,90,0,0.0,0,False,True,2023-03-01
RA4__502,RA4,YEOVIL DISTRICT HOSPITAL NHS FOUNDATION TRUST,502,Gynaecology,2015-10-01,2023-03-01,90,90,0,0.0,0,False,True,2023-03-01
RA4__X01,RA4,YEOVIL DISTRICT HOSPITAL NHS FOUNDATION TRUST,X01,Other,2015-10-01,2021-03-01,66,66,0,0.0,0,False,True,2021-03-01
RA7__101,RA7,UNIVERSITY HOSPITALS BRISTOL NHS FOUNDATION TRUST,101,Urology,2015-10-01,2022-06-01,81,42,39,48.148148148148145,13,False,True,2022-06-01
RA7__110,RA7,UNIVERSITY HOSPITALS BRISTOL NHS FOUNDATION TRUST,110,Trauma & Orthopaedics,2015-10-01,2026-05-01,128,128,0,0.0,0,False,False,2026-05-01
RA7__120,RA7,UNIVERSITY HOSPITALS BRISTOL NHS FOUNDATION TRUST,120,ENT,2015-10-01,2026-05-01,128,128,0,0.0,0,False,False,2026-05-01
RA7__130,RA7,UNIVERSITY HOSPITALS BRISTOL NHS FOUNDATION TRUST,130,Ophthalmology,2015-10-01,2026-05-01,128,128,0,0.0,0,False,False,2026-05-01
RA7__140,RA7,UNIVERSITY HOSPITALS BRISTOL NHS FOUNDATION TRUST,140,Oral Surgery,2015-10-01,2026-05-01,128,128,0,0.0,0,False,False,2026-05-01
RA7__170,RA7,UNIVERSITY HOSPITALS BRISTOL NHS FOUNDATION TRUST,170,Cardiothoracic Surgery,2015-10-01,2026-05-01,128,128,0,0.0,0,False,False,2026-05-01
RA7__300,RA7,UNIVERSITY HOSPITALS BRISTOL NHS FOUNDATION TRUST,300,General Medicine,2015-10-01,2026-05-01,128,125,3,2.34375,2,False,False,2026-05-01
RA7__301,RA7,UNIVERSITY HOSPITALS BRISTOL NHS FOUNDATION TRUST,301,Gastroenterology,2015-10-01,2026-05-01,128,128,0,0.0,0,False,False,2026-05-01
RA7__320,RA7,UNIVERSITY HOSPITALS BRISTOL NHS FOUNDATION TRUST,320,Cardiology,2015-10-01,2026-05-01,128,128,0,0.0,0,False,False,2026-05-01
RA7__330,RA7,UNIVERSITY HOSPITALS BRISTOL NHS FOUNDATION TRUST,330,Dermatology,2015-10-01,2026-05-01,128,128,0,0.0,0,False,False,2026-05-01
RA7__340,RA7,UNIVERSITY HOSPITALS BRISTOL NHS FOUNDATION TRUST,340,Thoracic Medicine,2015-10-01,2026-05-01,128,128,0,0.0,0,False,False,2026-05-01
RA7__400,RA7,UNIVERSITY HOSPITALS BRISTOL NHS FOUNDATION TRUST,400,Neurology,2015-10-01,2026-05-01,128,128,0,0.0,0,False,False,2026-05-01
RA7__410,RA7,UNIVERSITY HOSPITALS BRISTOL NHS FOUNDATION TRUST,410,Rheumatology,2015-10-01,2026-05-01,128,128,0,0.0,0,False,False,2026-05-01
RA7__430,RA7,UNIVERSITY HOSPITALS BRISTOL NHS FOUNDATION TRUST,430,Geriatric Medicine,2015-10-01,2026-05-01,128,128,0,0.0,0,False,False,2026-05-01
RA7__502,RA7,UNIVERSITY HOSPITALS BRISTOL NHS FOUNDATION TRUST,502,Gynaecology,2015-10-01,2026-05-01,128,128,0,0.0,0,False,False,2026-05-01
RA7__X01,RA7,UNIVERSITY HOSPITALS BRISTOL NHS FOUNDATION TRUST,X01,Other,2015-10-01,2021-03-01,66,66,0,0.0,0,False,True,2021-03-01
RA9__100,RA9,TORBAY AND SOUTH DEVON NHS FOUNDATION TRUST,100,General Surgery,2015-10-01,2026-03-01,126,71,55,43.65079365079365,8,False,True,2026-03-01
RA9__101,RA9,TORBAY AND SOUTH DEVON NHS FOUNDATION TRUST,101,Urology,2015-10-01,2026-03-01,126,126,0,0.0,0,False,True,2026-03-01
RA9__110,RA9,TORBAY AND SOUTH DEVON NHS FOUNDATION TRUST,110,Trauma & Orthopaedics,2015-10-01,2026-03-01,126,126,0,0.0,0,False,True,2026-03-01
RA9__120,RA9,TORBAY AND SOUTH DEVON NHS FOUNDATION TRUST,120,ENT,2015-10-01,2026-03-01,126,126,0,0.0,0,False,True,2026-03-01
RA9__130,RA9,TORBAY AND SOUTH DEVON NHS FOUNDATION TRUST,130,Ophthalmology,2015-10-01,2026-03-01,126,126,0,0.0,0,False,True,2026-03-01
RA9__140,RA9,TORBAY AND SOUTH DEVON NHS FOUNDATION TRUST,140,Oral Surgery,2015-10-01,2026-03-01,126,126,0,0.0,0,False,True,2026-03-01
RA9__160,RA9,TORBAY AND SOUTH DEVON NHS FOUNDATION TRUST,160,Plastic Surgery,2015-10-01,2026-03-01,126,126,0,0.0,0,False,True,2026-03-01
RA9__170,RA9,TORBAY AND SOUTH DEVON NHS FOUNDATION TRUST,170,Cardiothoracic Surgery,2015-10-01,2026-03-01,126,126,0,0.0,0,False,True,2026-03-01
RA9__300,RA9,TORBAY AND SOUTH DEVON NHS FOUNDATION TRUST,300,General Medicine,2015-10-01,2026-03-01,126,126,0,0.0,0,False,True,2026-03-01
RA9__301,RA9,TORBAY AND SOUTH DEVON NHS FOUNDATION TRUST,301,Gastroenterology,2015-10-01,2026-03-01,126,126,0,0.0,0,False,True,2026-03-01
RA9__320,RA9,TORBAY AND SOUTH DEVON NHS FOUNDATION TRUST,320,Cardiology,2015-10-01,2026-03-01,126,126,0,0.0,0,False,True,2026-03-01
RA9__330,RA9,TORBAY AND SOUTH DEVON NHS FOUNDATION TRUST,330,Dermatology,2015-10-01,2026-03-01,126,126,0,0.0,0,False,True,2026-03-01
RA9__340,RA9,TORBAY AND SOUTH DEVON NHS FOUNDATION TRUST,340,Thoracic Medicine,2015-10-01,2026-03-01,126,126,0,0.0,0,False,True,2026-03-01
RA9__400,RA9,TORBAY AND SOUTH DEVON NHS FOUNDATION TRUST,400,Neurology,2015-10-01,2026-03-01,126,126,0,0.0,0,False,True,2026-03-01
RA9__410,RA9,TORBAY AND SOUTH DEVON NHS FOUNDATION TRUST,410,Rheumatology,2015-10-01,2026-03-01,126,126,0,0.0,0,False,True,2026-03-01
RA9__430,RA9,TORBAY AND SOUTH DEVON NHS FOUNDATION TRUST,430,Geriatric Medicine,2015-10-01,2026-03-01,126,126,0,0.0,0,False,True,2026-03-01
RA9__502,RA9,TORBAY AND SOUTH DEVON NHS FOUNDATION TRUST,502,Gynaecology,2015-10-01,2026-03-01,126,126,0,0.0,0,False,True,2026-03-01
RA9__X01,RA9,TORBAY AND SOUTH DEVON NHS FOUNDATION TRUST,X01,Other,2015-10-01,2021-03-01,66,66,0,0.0,0,False,True,2021-03-01
RAE__100,RAE,BRADFORD TEACHING HOSPITALS NHS FOUNDATION TRUST,100,General Surgery,2015-10-01,2026-05-01,128,124,4,3.125,4,False,False,2026-05-01
RAE__101,RAE,BRADFORD TEACHING HOSPITALS NHS FOUNDATION TRUST,101,Urology,2015-10-01,2026-05-01,128,124,4,3.125,4,False,False,2026-05-01
RAE__110,RAE,BRADFORD TEACHING HOSPITALS NHS FOUNDATION TRUST,110,Trauma & Orthopaedics,2015-10-01,2026-05-01,128,124,4,3.125,4,False,False,2026-05-01
RAE__120,RAE,BRADFORD TEACHING HOSPITALS NHS FOUNDATION TRUST,120,ENT,2015-10-01,2026-05-01,128,124,4,3.125,4,False,False,2026-05-01
RAE__130,RAE,BRADFORD TEACHING HOSPITALS NHS FOUNDATION TRUST,130,Ophthalmology,2015-10-01,2026-05-01,128,124,4,3.125,4,False,False,2026-05-01
RAE__140,RAE,BRADFORD TEACHING HOSPITALS NHS FOUNDATION TRUST,140,Oral Surgery,2015-10-01,2026-05-01,128,124,4,3.125,4,False,False,2026-05-01
RAE__160,RAE,BRADFORD TEACHING HOSPITALS NHS FOUNDATION TRUST,160,Plastic Surgery,2015-10-01,2026-05-01,128,124,4,3.125,4,False,False,2026-05-01
RAE__300,RAE,BRADFORD TEACHING HOSPITALS NHS FOUNDATION TRUST,300,General Medicine,2015-10-01,2026-05-01,128,124,4,3.125,4,False,False,2026-05-01
RAE__301,RAE,BRADFORD TEACHING HOSPITALS NHS FOUNDATION TRUST,301,Gastroenterology,2015-10-01,2026-05-01,128,124,4,3.125,4,False,False,2026-05-01
RAE__320,RAE,BRADFORD TEACHING HOSPITALS NHS FOUNDATION TRUST,320,Cardiology,2015-10-01,2026-05-01,128,124,4,3.125,4,False,False,2026-05-01
RAE__330,RAE,BRADFORD TEACHING HOSPITALS NHS FOUNDATION TRUST,330,Dermatology,2015-10-01,2026-05-01,128,124,4,3.125,4,False,False,2026-05-01
RAE__340,RAE,BRADFORD TEACHING HOSPITALS NHS FOUNDATION TRUST,340,Thoracic Medicine,2015-10-01,2026-05-01,128,124,4,3.125,4,False,False,2026-05-01
RAE__400,RAE,BRADFORD TEACHING HOSPITALS NHS FOUNDATION TRUST,400,Neurology,2015-10-01,2026-05-01,128,124,4,3.125,4,False,False,2026-05-01
RAE__410,RAE,BRADFORD TEACHING HOSPITALS NHS FOUNDATION TRUST,410,Rheumatology,2015-10-01,2026-05-01,128,124,4,3.125,4,False,False,2026-05-01
RAE__430,RAE,BRADFORD TEACHING HOSPITALS NHS FOUNDATION TRUST,430,Geriatric Medicine,2015-10-01,2026-05-01,128,124,4,3.125,4,False,False,2026-05-01
RAE__502,RAE,BRADFORD TEACHING HOSPITALS NHS FOUNDATION TRUST,502,Gynaecology,2015-10-01,2026-05-01,128,124,4,3.125,4,False,False,2026-05-01
RAE__X01,RAE,BRADFORD TEACHING HOSPITALS NHS FOUNDATION TRUST,X01,Other,2015-10-01,2021-03-01,66,62,4,6.0606060606060606,4,False,True,2021-03-01
RAJ__100,RAJ,SOUTHEND UNIVERSITY HOSPITAL NHS FOUNDATION TRUST,100,General Surgery,2015-10-01,2026-05-01,128,128,0,0.0,0,False,False,2026-05-01
RAJ__101,RAJ,SOUTHEND UNIVERSITY HOSPITAL NHS FOUNDATION TRUST,101,Urology,2015-10-01,2026-05-01,128,128,0,0.0,0,False,False,2026-05-01
RAJ__110,RAJ,SOUTHEND UNIVERSITY HOSPITAL NHS FOUNDATION TRUST,110,Trauma & Orthopaedics,2015-10-01,2026-05-01,128,128,0,0.0,0,False,False,2026-05-01
RAJ__120,RAJ,SOUTHEND UNIVERSITY HOSPITAL NHS FOUNDATION TRUST,120,ENT,2015-10-01,2026-05-01,128,128,0,0.0,0,False,False,2026-05-01
RAJ__130,RAJ,SOUTHEND UNIVERSITY HOSPITAL NHS FOUNDATION TRUST,130,Ophthalmology,2015-10-01,2026-05-01,128,128,0,0.0,0,False,False,2026-05-01
RAJ__140,RAJ,SOUTHEND UNIVERSITY HOSPITAL NHS FOUNDATION TRUST,140,Oral Surgery,2015-10-01,2026-05-01,128,128,0,0.0,0,False,False,2026-05-01
RAJ__150,RAJ,SOUTHEND UNIVERSITY HOSPITAL NHS FOUNDATION TRUST,150,Neurosurgery,2015-10-01,2026-05-01,128,128,0,0.0,0,False,False,2026-05-01
RAJ__300,RAJ,SOUTHEND UNIVERSITY HOSPITAL NHS FOUNDATION TRUST,300,General Medicine,2015-10-01,2026-05-01,128,128,0,0.0,0,False,False,2026-05-01
RAJ__301,RAJ,SOUTHEND UNIVERSITY HOSPITAL NHS FOUNDATION TRUST,301,Gastroenterology,2015-10-01,2026-05-01,128,128,0,0.0,0,False,False,2026-05-01
RAJ__320,RAJ,SOUTHEND UNIVERSITY HOSPITAL NHS FOUNDATION TRUST,320,Cardiology,2015-10-01,2026-05-01,128,128,0,0.0,0,False,False,2026-05-01
RAJ__340,RAJ,SOUTHEND UNIVERSITY HOSPITAL NHS FOUNDATION TRUST,340,Thoracic Medicine,2015-10-01,2026-05-01,128,128,0,0.0,0,False,False,2026-05-01
RAJ__400,RAJ,SOUTHEND UNIVERSITY HOSPITAL NHS FOUNDATION TRUST,400,Neurology,2015-10-01,2026-05-01,128,128,0,0.0,0,False,False,2026-05-01
RAJ__410,RAJ,SOUTHEND UNIVERSITY HOSPITAL NHS FOUNDATION TRUST,410,Rheumatology,2015-10-01,2026-05-01,128,128,0,0.0,0,False,False,2026-05-01
RAJ__430,RAJ,SOUTHEND UNIVERSITY HOSPITAL NHS FOUNDATION TRUST,430,Geriatric Medicine,2015-10-01,2026-05-01,128,128,0,0.0,0,False,False,2026-05-01
RAJ__502,RAJ,SOUTHEND UNIVERSITY HOSPITAL NHS FOUNDATION TRUST,502,Gynaecology,2015-10-01,2026-05-01,128,128,0,0.0,0,False,False,2026-05-01
RAJ__X01,RAJ,SOUTHEND UNIVERSITY HOSPITAL NHS FOUNDATION TRUST,X01,Other,2015-10-01,2021-03-01,66,66,0,0.0,0,False,True,2021-03-01
RAL__100,RAL,ROYAL FREE LONDON NHS FOUNDATION TRUST,100,General Surgery,2015-10-01,2026-05-01,128,103,25,19.53125,25,False,False,2026-05-01
RAL__101,RAL,ROYAL FREE LONDON NHS FOUNDATION TRUST,101,Urology,2015-10-01,2026-05-01,128,103,25,19.53125,25,False,False,2026-05-01
RAL__110,RAL,ROYAL FREE LONDON NHS FOUNDATION TRUST,110,Trauma & Orthopaedics,2015-10-01,2026-05-01,128,103,25,19.53125,25,False,False,2026-05-01
RAL__120,RAL,ROYAL FREE LONDON NHS FOUNDATION TRUST,120,ENT,2015-10-01,2026-05-01,128,103,25,19.53125,25,False,False,2026-05-01
RAL__130,RAL,ROYAL FREE LONDON NHS FOUNDATION TRUST,130,Ophthalmology,2015-10-01,2026-05-01,128,103,25,19.53125,25,False,False,2026-05-01
RAL__140,RAL,ROYAL FREE LONDON NHS FOUNDATION TRUST,140,Oral Surgery,2015-10-01,2026-05-01,128,103,25,19.53125,25,False,False,2026-05-01
RAL__150,RAL,ROYAL FREE LONDON NHS FOUNDATION TRUST,150,Neurosurgery,2015-10-01,2026-05-01,128,68,60,46.875,40,False,False,2026-05-01
RAL__160,RAL,ROYAL FREE LONDON NHS FOUNDATION TRUST,160,Plastic Surgery,2015-10-01,2026-05-01,128,103,25,19.53125,25,False,False,2026-05-01
RAL__170,RAL,ROYAL FREE LONDON NHS FOUNDATION TRUST,170,Cardiothoracic Surgery,2015-10-01,2026-01-01,124,73,51,41.12903225806452,30,False,True,2026-01-01
RAL__300,RAL,ROYAL FREE LONDON NHS FOUNDATION TRUST,300,General Medicine,2015-10-01,2026-05-01,128,103,25,19.53125,25,False,False,2026-05-01
RAL__301,RAL,ROYAL FREE LONDON NHS FOUNDATION TRUST,301,Gastroenterology,2015-10-01,2026-05-01,128,103,25,19.53125,25,False,False,2026-05-01
RAL__320,RAL,ROYAL FREE LONDON NHS FOUNDATION TRUST,320,Cardiology,2015-10-01,2026-05-01,128,103,25,19.53125,25,False,False,2026-05-01
RAL__330,RAL,ROYAL FREE LONDON NHS FOUNDATION TRUST,330,Dermatology,2015-10-01,2026-05-01,128,103,25,19.53125,25,False,False,2026-05-01
RAL__340,RAL,ROYAL FREE LONDON NHS FOUNDATION TRUST,340,Thoracic Medicine,2015-10-01,2026-05-01,128,103,25,19.53125,25,False,False,2026-05-01
RAL__400,RAL,ROYAL FREE LONDON NHS FOUNDATION TRUST,400,Neurology,2015-10-01,2026-05-01,128,103,25,19.53125,25,False,False,2026-05-01
RAL__410,RAL,ROYAL FREE LONDON NHS FOUNDATION TRUST,410,Rheumatology,2015-10-01,2026-05-01,128,103,25,19.53125,25,False,False,2026-05-01
RAL__430,RAL,ROYAL FREE LONDON NHS FOUNDATION TRUST,430,Geriatric Medicine,2015-10-01,2026-05-01,128,103,25,19.53125,25,False,False,2026-05-01
RAL__502,RAL,ROYAL FREE LONDON NHS FOUNDATION TRUST,502,Gynaecology,2015-10-01,2026-05-01,128,103,25,19.53125,25,False,False,2026-05-01
RAL__X01,RAL,ROYAL FREE LONDON NHS FOUNDATION TRUST,X01,Other,2015-10-01,2021-03-01,66,41,25,37.878787878787875,25,False,True,2021-03-01
RAN__101,RAN,ROYAL NATIONAL ORTHOPAEDIC HOSPITAL NHS TRUST,101,Urology,2015-10-01,2026-05-01,128,128,0,0.0,0,False,False,2026-05-01
RAN__110,RAN,ROYAL NATIONAL ORTHOPAEDIC HOSPITAL NHS TRUST,110,Trauma & Orthopaedics,2015-10-01,2026-05-01,128,128,0,0.0,0,False,False,2026-05-01
RAN__150,RAN,ROYAL NATIONAL ORTHOPAEDIC HOSPITAL NHS TRUST,150,Neurosurgery,2015-10-01,2026-02-01,125,75,50,40.0,33,False,True,2026-02-01
RAN__160,RAN,ROYAL NATIONAL ORTHOPAEDIC HOSPITAL NHS TRUST,160,Plastic Surgery,2015-10-01,2026-05-01,128,97,31,24.21875,5,False,False,2026-05-01
RAN__400,RAN,ROYAL NATIONAL ORTHOPAEDIC HOSPITAL NHS TRUST,400,Neurology,2015-10-01,2026-04-01,127,93,34,26.771653543307085,21,False,True,2026-04-01
RAN__410,RAN,ROYAL NATIONAL ORTHOPAEDIC HOSPITAL NHS TRUST,410,Rheumatology,2015-10-01,2026-05-01,128,128,0,0.0,0,False,False,2026-05-01
RAN__X01,RAN,ROYAL NATIONAL ORTHOPAEDIC HOSPITAL NHS TRUST,X01,Other,2015-10-01,2021-03-01,66,66,0,0.0,0,False,True,2021-03-01
RAP__100,RAP,NORTH MIDDLESEX UNIVERSITY HOSPITAL NHS TRUST,100,General Surgery,2015-10-01,2024-12-01,111,111,0,0.0,0,False,True,2024-12-01
RAP__101,RAP,NORTH MIDDLESEX UNIVERSITY HOSPITAL NHS TRUST,101,Urology,2015-10-01,2024-12-01,111,111,0,0.0,0,False,True,2024-12-01
RAP__110,RAP,NORTH MIDDLESEX UNIVERSITY HOSPITAL NHS TRUST,110,Trauma & Orthopaedics,2015-10-01,2024-12-01,111,111,0,0.0,0,False,True,2024-12-01
RAP__130,RAP,NORTH MIDDLESEX UNIVERSITY HOSPITAL NHS TRUST,130,Ophthalmology,2015-10-01,2024-12-01,111,111,0,0.0,0,False,True,2024-12-01
RAP__300,RAP,NORTH MIDDLESEX UNIVERSITY HOSPITAL NHS TRUST,300,General Medicine,2015-10-01,2024-12-01,111,94,17,15.315315315315315,17,False,True,2024-12-01
RAP__301,RAP,NORTH MIDDLESEX UNIVERSITY HOSPITAL NHS TRUST,301,Gastroenterology,2015-10-01,2024-12-01,111,111,0,0.0,0,False,True,2024-12-01
RAP__320,RAP,NORTH MIDDLESEX UNIVERSITY HOSPITAL NHS TRUST,320,Cardiology,2015-10-01,2024-12-01,111,111,0,0.0,0,False,True,2024-12-01
RAP__330,RAP,NORTH MIDDLESEX UNIVERSITY HOSPITAL NHS TRUST,330,Dermatology,2015-10-01,2024-12-01,111,111,0,0.0,0,False,True,2024-12-01
RAP__340,RAP,NORTH MIDDLESEX UNIVERSITY HOSPITAL NHS TRUST,340,Thoracic Medicine,2015-10-01,2024-12-01,111,111,0,0.0,0,False,True,2024-12-01
RAP__400,RAP,NORTH MIDDLESEX UNIVERSITY HOSPITAL NHS TRUST,400,Neurology,2015-10-01,2024-12-01,111,111,0,0.0,0,False,True,2024-12-01
RAP__410,RAP,NORTH MIDDLESEX UNIVERSITY HOSPITAL NHS TRUST,410,Rheumatology,2015-10-01,2024-12-01,111,111,0,0.0,0,False,True,2024-12-01
RAP__430,RAP,NORTH MIDDLESEX UNIVERSITY HOSPITAL NHS TRUST,430,Geriatric Medicine,2015-10-01,2024-12-01,111,111,0,0.0,0,False,True,2024-12-01
RAP__502,RAP,NORTH MIDDLESEX UNIVERSITY HOSPITAL NHS TRUST,502,Gynaecology,2015-10-01,2024-12-01,111,111,0,0.0,0,False,True,2024-12-01
RAP__X01,RAP,NORTH MIDDLESEX UNIVERSITY HOSPITAL NHS TRUST,X01,Other,2015-10-01,2021-03-01,66,66,0,0.0,0,False,True,2021-03-01
RAS__100,RAS,THE HILLINGDON HOSPITALS NHS FOUNDATION TRUST,100,General Surgery,2015-10-01,2026-05-01,128,128,0,0.0,0,False,False,2026-05-01
RAS__101,RAS,THE HILLINGDON HOSPITALS NHS FOUNDATION TRUST,101,Urology,2015-10-01,2026-05-01,128,128,0,0.0,0,False,False,2026-05-01
RAS__110,RAS,THE HILLINGDON HOSPITALS NHS FOUNDATION TRUST,110,Trauma & Orthopaedics,2015-10-01,2026-05-01,128,128,0,0.0,0,False,False,2026-05-01
RAS__120,RAS,THE HILLINGDON HOSPITALS NHS FOUNDATION TRUST,120,ENT,2015-10-01,2026-05-01,128,128,0,0.0,0,False,False,2026-05-01
RAS__130,RAS,THE HILLINGDON HOSPITALS NHS FOUNDATION TRUST,130,Ophthalmology,2015-10-01,2026-05-01,128,128,0,0.0,0,False,False,2026-05-01
RAS__140,RAS,THE HILLINGDON HOSPITALS NHS FOUNDATION TRUST,140,Oral Surgery,2015-10-01,2026-05-01,128,128,0,0.0,0,False,False,2026-05-01
RAS__160,RAS,THE HILLINGDON HOSPITALS NHS FOUNDATION TRUST,160,Plastic Surgery,2015-10-01,2026-05-01,128,128,0,0.0,0,False,False,2026-05-01
RAS__300,RAS,THE HILLINGDON HOSPITALS NHS FOUNDATION TRUST,300,General Medicine,2015-10-01,2026-05-01,128,125,3,2.34375,2,False,False,2026-05-01
RAS__301,RAS,THE HILLINGDON HOSPITALS NHS FOUNDATION TRUST,301,Gastroenterology,2015-10-01,2026-05-01,128,128,0,0.0,0,False,False,2026-05-01
RAS__320,RAS,THE HILLINGDON HOSPITALS NHS FOUNDATION TRUST,320,Cardiology,2015-10-01,2026-05-01,128,128,0,0.0,0,False,False,2026-05-01
RAS__330,RAS,THE HILLINGDON HOSPITALS NHS FOUNDATION TRUST,330,Dermatology,2015-10-01,2026-05-01,128,128,0,0.0,0,False,False,2026-05-01
RAS__340,RAS,THE HILLINGDON HOSPITALS NHS FOUNDATION TRUST,340,Thoracic Medicine,2015-10-01,2026-05-01,128,128,0,0.0,0,False,False,2026-05-01
RAS__400,RAS,THE HILLINGDON HOSPITALS NHS FOUNDATION TRUST,400,Neurology,2015-10-01,2026-05-01,128,128,0,0.0,0,False,False,2026-05-01
RAS__410,RAS,THE HILLINGDON HOSPITALS NHS FOUNDATION TRUST,410,Rheumatology,2015-10-01,2026-05-01,128,128,0,0.0,0,False,False,2026-05-01
RAS__430,RAS,THE HILLINGDON HOSPITALS NHS FOUNDATION TRUST,430,Geriatric Medicine,2015-10-01,2026-05-01,128,128,0,0.0,0,False,False,2026-05-01
RAS__502,RAS,THE HILLINGDON HOSPITALS NHS FOUNDATION TRUST,502,Gynaecology,2015-10-01,2026-05-01,128,128,0,0.0,0,False,False,2026-05-01
RAS__X01,RAS,THE HILLINGDON HOSPITALS NHS FOUNDATION TRUST,X01,Other,2015-10-01,2021-03-01,66,66,0,0.0,0,False,True,2021-03-01
RAT__140,RAT,NORTH EAST LONDON NHS FOUNDATION TRUST,140,Oral Surgery,2015-10-01,2017-03-01,18,18,0,0.0,0,True,True,2017-03-01
RAT__430,RAT,NORTH EAST LONDON NHS FOUNDATION TRUST,430,Geriatric Medicine,2015-10-01,2024-01-01,100,97,3,3.0,3,False,True,2024-01-01
RAT__X01,RAT,NORTH EAST LONDON NHS FOUNDATION TRUST,X01,Other,2015-10-01,2021-03-01,66,66,0,0.0,0,False,True,2021-03-01
RAX__100,RAX,KINGSTON HOSPITAL NHS FOUNDATION TRUST,100,General Surgery,2015-10-01,2026-05-01,128,128,0,0.0,0,False,False,2026-05-01
RAX__101,RAX,KINGSTON HOSPITAL NHS FOUNDATION TRUST,101,Urology,2015-10-01,2026-05-01,128,128,0,0.0,0,False,False,2026-05-01
RAX__110,RAX,KINGSTON HOSPITAL NHS FOUNDATION TRUST,110,Trauma & Orthopaedics,2015-10-01,2026-05-01,128,128,0,0.0,0,False,False,2026-05-01
RAX__120,RAX,KINGSTON HOSPITAL NHS FOUNDATION TRUST,120,ENT,2015-10-01,2026-05-01,128,128,0,0.0,0,False,False,2026-05-01
RAX__130,RAX,KINGSTON HOSPITAL NHS FOUNDATION TRUST,130,Ophthalmology,2015-10-01,2026-05-01,128,128,0,0.0,0,False,False,2026-05-01
RAX__140,RAX,KINGSTON HOSPITAL NHS FOUNDATION TRUST,140,Oral Surgery,2015-10-01,2026-05-01,128,127,1,0.78125,1,False,False,2026-05-01
RAX__160,RAX,KINGSTON HOSPITAL NHS FOUNDATION TRUST,160,Plastic Surgery,2015-10-01,2026-05-01,128,128,0,0.0,0,False,False,2026-05-01
RAX__300,RAX,KINGSTON HOSPITAL NHS FOUNDATION TRUST,300,General Medicine,2015-10-01,2026-05-01,128,128,0,0.0,0,False,False,2026-05-01
RAX__301,RAX,KINGSTON HOSPITAL NHS FOUNDATION TRUST,301,Gastroenterology,2015-10-01,2026-05-01,128,128,0,0.0,0,False,False,2026-05-01
RAX__320,RAX,KINGSTON HOSPITAL NHS FOUNDATION TRUST,320,Cardiology,2015-10-01,2026-05-01,128,128,0,0.0,0,False,False,2026-05-01
RAX__330,RAX,KINGSTON HOSPITAL NHS FOUNDATION TRUST,330,Dermatology,2015-10-01,2026-05-01,128,128,0,0.0,0,False,False,2026-05-01
RAX__340,RAX,KINGSTON HOSPITAL NHS FOUNDATION TRUST,340,Thoracic Medicine,2015-10-01,2026-05-01,128,128,0,0.0,0,False,False,2026-05-01
RAX__400,RAX,KINGSTON HOSPITAL NHS FOUNDATION TRUST,400,Neurology,2015-10-01,2026-05-01,128,128,0,0.0,0,False,False,2026-05-01
RAX__410,RAX,KINGSTON HOSPITAL NHS FOUNDATION TRUST,410,Rheumatology,2015-10-01,2026-05-01,128,128,0,0.0,0,False,False,2026-05-01
RAX__430,RAX,KINGSTON HOSPITAL NHS FOUNDATION TRUST,430,Geriatric Medicine,2015-10-01,2026-05-01,128,128,0,0.0,0,False,False,2026-05-01
RAX__502,RAX,KINGSTON HOSPITAL NHS FOUNDATION TRUST,502,Gynaecology,2015-10-01,2026-05-01,128,128,0,0.0,0,False,False,2026-05-01
RAX__X01,RAX,KINGSTON HOSPITAL NHS FOUNDATION TRUST,X01,Other,2015-10-01,2021-03-01,66,66,0,0.0,0,False,True,2021-03-01
RBA__100,RBA,TAUNTON AND SOMERSET NHS FOUNDATION TRUST,100,General Surgery,2015-10-01,2020-03-01,54,54,0,0.0,0,False,True,2020-03-01
RBA__101,RBA,TAUNTON AND SOMERSET NHS FOUNDATION TRUST,101,Urology,2015-10-01,2020-03-01,54,54,0,0.0,0,False,True,2020-03-01
RBA__110,RBA,TAUNTON AND SOMERSET NHS FOUNDATION TRUST,110,Trauma & Orthopaedics,2015-10-01,2020-03-01,54,54,0,0.0,0,False,True,2020-03-01
RBA__120,RBA,TAUNTON AND SOMERSET NHS FOUNDATION TRUST,120,ENT,2015-10-01,2020-03-01,54,54,0,0.0,0,False,True,2020-03-01
RBA__130,RBA,TAUNTON AND SOMERSET NHS FOUNDATION TRUST,130,Ophthalmology,2015-10-01,2020-03-01,54,54,0,0.0,0,False,True,2020-03-01
RBA__140,RBA,TAUNTON AND SOMERSET NHS FOUNDATION TRUST,140,Oral Surgery,2015-10-01,2019-10-01,49,46,3,6.122448979591836,2,False,True,2019-10-01
RBA__160,RBA,TAUNTON AND SOMERSET NHS FOUNDATION TRUST,160,Plastic Surgery,2015-10-01,2020-03-01,54,54,0,0.0,0,False,True,2020-03-01
RBA__170,RBA,TAUNTON AND SOMERSET NHS FOUNDATION TRUST,170,Cardiothoracic Surgery,2015-10-01,2020-03-01,54,54,0,0.0,0,False,True,2020-03-01
RBA__300,RBA,TAUNTON AND SOMERSET NHS FOUNDATION TRUST,300,General Medicine,2015-10-01,2020-03-01,54,54,0,0.0,0,False,True,2020-03-01
RBA__301,RBA,TAUNTON AND SOMERSET NHS FOUNDATION TRUST,301,Gastroenterology,2015-10-01,2020-03-01,54,54,0,0.0,0,False,True,2020-03-01
RBA__320,RBA,TAUNTON AND SOMERSET NHS FOUNDATION TRUST,320,Cardiology,2015-10-01,2020-03-01,54,54,0,0.0,0,False,True,2020-03-01
RBA__330,RBA,TAUNTON AND SOMERSET NHS FOUNDATION TRUST,330,Dermatology,2015-10-01,2020-03-01,54,54,0,0.0,0,False,True,2020-03-01
RBA__340,RBA,TAUNTON AND SOMERSET NHS FOUNDATION TRUST,340,Thoracic Medicine,2015-10-01,2020-03-01,54,54,0,0.0,0,False,True,2020-03-01
RBA__400,RBA,TAUNTON AND SOMERSET NHS FOUNDATION TRUST,400,Neurology,2015-10-01,2020-03-01,54,54,0,0.0,0,False,True,2020-03-01
RBA__410,RBA,TAUNTON AND SOMERSET NHS FOUNDATION TRUST,410,Rheumatology,2015-10-01,2020-03-01,54,54,0,0.0,0,False,True,2020-03-01
RBA__430,RBA,TAUNTON AND SOMERSET NHS FOUNDATION TRUST,430,Geriatric Medicine,2015-10-01,2020-03-01,54,54,0,0.0,0,False,True,2020-03-01
RBA__502,RBA,TAUNTON AND SOMERSET NHS FOUNDATION TRUST,502,Gynaecology,2015-10-01,2020-03-01,54,54,0,0.0,0,False,True,2020-03-01
RBA__X01,RBA,TAUNTON AND SOMERSET NHS FOUNDATION TRUST,X01,Other,2015-10-01,2020-03-01,54,54,0,0.0,0,False,True,2020-03-01
RBD__100,RBD,DORSET COUNTY HOSPITAL NHS FOUNDATION TRUST,100,General Surgery,2015-10-01,2026-05-01,128,128,0,0.0,0,False,False,2026-05-01
RBD__101,RBD,DORSET COUNTY HOSPITAL NHS FOUNDATION TRUST,101,Urology,2015-10-01,2026-05-01,128,128,0,0.0,0,False,False,2026-05-01
RBD__110,RBD,DORSET COUNTY HOSPITAL NHS FOUNDATION TRUST,110,Trauma & Orthopaedics,2015-10-01,2026-05-01,128,128,0,0.0,0,False,False,2026-05-01
RBD__120,RBD,DORSET COUNTY HOSPITAL NHS FOUNDATION TRUST,120,ENT,2015-10-01,2026-05-01,128,128,0,0.0,0,False,False,2026-05-01
RBD__130,RBD,DORSET COUNTY HOSPITAL NHS FOUNDATION TRUST,130,Ophthalmology,2015-10-01,2026-05-01,128,128,0,0.0,0,False,False,2026-05-01
RBD__140,RBD,DORSET COUNTY HOSPITAL NHS FOUNDATION TRUST,140,Oral Surgery,2015-10-01,2026-05-01,128,100,28,21.875,28,False,False,2026-05-01
RBD__300,RBD,DORSET COUNTY HOSPITAL NHS FOUNDATION TRUST,300,General Medicine,2015-10-01,2026-05-01,128,116,12,9.375,3,False,False,2026-05-01
RBD__301,RBD,DORSET COUNTY HOSPITAL NHS FOUNDATION TRUST,301,Gastroenterology,2015-10-01,2026-05-01,128,128,0,0.0,0,False,False,2026-05-01
RBD__320,RBD,DORSET COUNTY HOSPITAL NHS FOUNDATION TRUST,320,Cardiology,2015-10-01,2026-05-01,128,128,0,0.0,0,False,False,2026-05-01
RBD__330,RBD,DORSET COUNTY HOSPITAL NHS FOUNDATION TRUST,330,Dermatology,2015-10-01,2026-05-01,128,128,0,0.0,0,False,False,2026-05-01
RBD__340,RBD,DORSET COUNTY HOSPITAL NHS FOUNDATION TRUST,340,Thoracic Medicine,2015-10-01,2026-05-01,128,128,0,0.0,0,False,False,2026-05-01
RBD__430,RBD,DORSET COUNTY HOSPITAL NHS FOUNDATION TRUST,430,Geriatric Medicine,2015-10-01,2026-05-01,128,128,0,0.0,0,False,False,2026-05-01
RBD__502,RBD,DORSET COUNTY HOSPITAL NHS FOUNDATION TRUST,502,Gynaecology,2015-10-01,2026-05-01,128,128,0,0.0,0,False,False,2026-05-01
RBD__X01,RBD,DORSET COUNTY HOSPITAL NHS FOUNDATION TRUST,X01,Other,2015-10-01,2021-03-01,66,66,0,0.0,0,False,True,2021-03-01
RBL__100,RBL,WIRRAL UNIVERSITY TEACHING HOSPITAL NHS FOUNDATION TRUST,100,General Surgery,2015-10-01,2026-05-01,128,128,0,0.0,0,False,False,2026-05-01
RBL__101,RBL,WIRRAL UNIVERSITY TEACHING HOSPITAL NHS FOUNDATION TRUST,101,Urology,2015-10-01,2026-05-01,128,128,0,0.0,0,False,False,2026-05-01
RBL__110,RBL,WIRRAL UNIVERSITY TEACHING HOSPITAL NHS FOUNDATION TRUST,110,Trauma & Orthopaedics,2015-10-01,2026-05-01,128,128,0,0.0,0,False,False,2026-05-01
RBL__120,RBL,WIRRAL UNIVERSITY TEACHING HOSPITAL NHS FOUNDATION TRUST,120,ENT,2015-10-01,2026-05-01,128,128,0,0.0,0,False,False,2026-05-01
RBL__130,RBL,WIRRAL UNIVERSITY TEACHING HOSPITAL NHS FOUNDATION TRUST,130,Ophthalmology,2015-10-01,2026-05-01,128,128,0,0.0,0,False,False,2026-05-01
RBL__140,RBL,WIRRAL UNIVERSITY TEACHING HOSPITAL NHS FOUNDATION TRUST,140,Oral Surgery,2015-10-01,2026-05-01,128,128,0,0.0,0,False,False,2026-05-01
RBL__300,RBL,WIRRAL UNIVERSITY TEACHING HOSPITAL NHS FOUNDATION TRUST,300,General Medicine,2015-10-01,2026-05-01,128,124,4,3.125,3,False,False,2026-05-01
RBL__301,RBL,WIRRAL UNIVERSITY TEACHING HOSPITAL NHS FOUNDATION TRUST,301,Gastroenterology,2015-10-01,2026-05-01,128,128,0,0.0,0,False,False,2026-05-01
RBL__320,RBL,WIRRAL UNIVERSITY TEACHING HOSPITAL NHS FOUNDATION TRUST,320,Cardiology,2015-10-01,2026-05-01,128,128,0,0.0,0,False,False,2026-05-01
RBL__330,RBL,WIRRAL UNIVERSITY TEACHING HOSPITAL NHS FOUNDATION TRUST,330,Dermatology,2015-10-01,2026-05-01,128,128,0,0.0,0,False,False,2026-05-01
RBL__340,RBL,WIRRAL UNIVERSITY TEACHING HOSPITAL NHS FOUNDATION TRUST,340,Thoracic Medicine,2015-10-01,2026-05-01,128,128,0,0.0,0,False,False,2026-05-01
RBL__410,RBL,WIRRAL UNIVERSITY TEACHING HOSPITAL NHS FOUNDATION TRUST,410,Rheumatology,2015-10-01,2026-05-01,128,128,0,0.0,0,False,False,2026-05-01
RBL__430,RBL,WIRRAL UNIVERSITY TEACHING HOSPITAL NHS FOUNDATION TRUST,430,Geriatric Medicine,2015-10-01,2026-05-01,128,128,0,0.0,0,False,False,2026-05-01
RBL__502,RBL,WIRRAL UNIVERSITY TEACHING HOSPITAL NHS FOUNDATION TRUST,502,Gynaecology,2015-10-01,2026-05-01,128,128,0,0.0,0,False,False,2026-05-01
RBL__X01,RBL,WIRRAL UNIVERSITY TEACHING HOSPITAL NHS FOUNDATION TRUST,X01,Other,2015-10-01,2021-03-01,66,66,0,0.0,0,False,True,2021-03-01
RBN__100,RBN,ST HELENS AND KNOWSLEY HOSPITAL SERVICES NHS TRUST,100,General Surgery,2015-10-01,2026-05-01,128,121,7,5.46875,7,False,False,2026-05-01
RBN__101,RBN,ST HELENS AND KNOWSLEY HOSPITAL SERVICES NHS TRUST,101,Urology,2015-10-01,2026-05-01,128,121,7,5.46875,7,False,False,2026-05-01
RBN__110,RBN,ST HELENS AND KNOWSLEY HOSPITAL SERVICES NHS TRUST,110,Trauma & Orthopaedics,2015-10-01,2026-05-01,128,121,7,5.46875,7,False,False,2026-05-01
RBN__120,RBN,ST HELENS AND KNOWSLEY HOSPITAL SERVICES NHS TRUST,120,ENT,2015-10-01,2026-05-01,128,121,7,5.46875,7,False,False,2026-05-01
RBN__130,RBN,ST HELENS AND KNOWSLEY HOSPITAL SERVICES NHS TRUST,130,Ophthalmology,2015-10-01,2026-05-01,128,121,7,5.46875,7,False,False,2026-05-01
RBN__140,RBN,ST HELENS AND KNOWSLEY HOSPITAL SERVICES NHS TRUST,140,Oral Surgery,2015-10-01,2026-05-01,128,121,7,5.46875,7,False,False,2026-05-01
RBN__150,RBN,ST HELENS AND KNOWSLEY HOSPITAL SERVICES NHS TRUST,150,Neurosurgery,2015-10-01,2026-05-01,128,121,7,5.46875,7,False,False,2026-05-01
RBN__160,RBN,ST HELENS AND KNOWSLEY HOSPITAL SERVICES NHS TRUST,160,Plastic Surgery,2015-10-01,2026-05-01,128,121,7,5.46875,7,False,False,2026-05-01
RBN__170,RBN,ST HELENS AND KNOWSLEY HOSPITAL SERVICES NHS TRUST,170,Cardiothoracic Surgery,2015-10-01,2024-10-01,109,50,59,54.12844036697248,50,False,True,2024-10-01
RBN__300,RBN,ST HELENS AND KNOWSLEY HOSPITAL SERVICES NHS TRUST,300,General Medicine,2015-10-01,2026-05-01,128,121,7,5.46875,7,False,False,2026-05-01
RBN__301,RBN,ST HELENS AND KNOWSLEY HOSPITAL SERVICES NHS TRUST,301,Gastroenterology,2015-10-01,2026-05-01,128,121,7,5.46875,7,False,False,2026-05-01
RBN__320,RBN,ST HELENS AND KNOWSLEY HOSPITAL SERVICES NHS TRUST,320,Cardiology,2015-10-01,2026-05-01,128,121,7,5.46875,7,False,False,2026-05-01
RBN__330,RBN,ST HELENS AND KNOWSLEY HOSPITAL SERVICES NHS TRUST,330,Dermatology,2015-10-01,2026-05-01,128,121,7,5.46875,7,False,False,2026-05-01
RBN__340,RBN,ST HELENS AND KNOWSLEY HOSPITAL SERVICES NHS TRUST,340,Thoracic Medicine,2015-10-01,2026-05-01,128,121,7,5.46875,7,False,False,2026-05-01
RBN__410,RBN,ST HELENS AND KNOWSLEY HOSPITAL SERVICES NHS TRUST,410,Rheumatology,2015-10-01,2026-05-01,128,121,7,5.46875,7,False,False,2026-05-01
RBN__430,RBN,ST HELENS AND KNOWSLEY HOSPITAL SERVICES NHS TRUST,430,Geriatric Medicine,2015-10-01,2026-05-01,128,121,7,5.46875,7,False,False,2026-05-01
RBN__502,RBN,ST HELENS AND KNOWSLEY HOSPITAL SERVICES NHS TRUST,502,Gynaecology,2015-10-01,2026-05-01,128,121,7,5.46875,7,False,False,2026-05-01
RBN__X01,RBN,ST HELENS AND KNOWSLEY HOSPITAL SERVICES NHS TRUST,X01,Other,2015-10-01,2021-03-01,66,59,7,10.606060606060606,7,False,True,2021-03-01
RBQ__170,RBQ,LIVERPOOL HEART AND CHEST HOSPITAL NHS FOUNDATION TRUST,170,Cardiothoracic Surgery,2015-10-01,2026-05-01,128,128,0,0.0,0,False,False,2026-05-01
RBQ__320,RBQ,LIVERPOOL HEART AND CHEST HOSPITAL NHS FOUNDATION TRUST,320,Cardiology,2015-10-01,2026-05-01,128,128,0,0.0,0,False,False,2026-05-01
RBQ__340,RBQ,LIVERPOOL HEART AND CHEST HOSPITAL NHS FOUNDATION TRUST,340,Thoracic Medicine,2015-10-01,2026-05-01,128,128,0,0.0,0,False,False,2026-05-01
RBQ__X01,RBQ,LIVERPOOL HEART AND CHEST HOSPITAL NHS FOUNDATION TRUST,X01,Other,2015-10-01,2019-03-01,42,6,36,85.71428571428571,36,False,True,2019-03-01
RBS__X01,RBS,ALDER HEY CHILDREN'S NHS FOUNDATION TRUST,X01,Other,2015-10-01,2021-03-01,66,66,0,0.0,0,False,True,2021-03-01
RBT__100,RBT,MID CHESHIRE HOSPITALS NHS FOUNDATION TRUST,100,General Surgery,2015-10-01,2026-05-01,128,128,0,0.0,0,False,False,2026-05-01
RBT__101,RBT,MID CHESHIRE HOSPITALS NHS FOUNDATION TRUST,101,Urology,2015-10-01,2026-05-01,128,128,0,0.0,0,False,False,2026-05-01
RBT__110,RBT,MID CHESHIRE HOSPITALS NHS FOUNDATION TRUST,110,Trauma & Orthopaedics,2015-10-01,2026-05-01,128,128,0,0.0,0,False,False,2026-05-01
RBT__120,RBT,MID CHESHIRE HOSPITALS NHS FOUNDATION TRUST,120,ENT,2015-10-01,2026-05-01,128,128,0,0.0,0,False,False,2026-05-01
RBT__130,RBT,MID CHESHIRE HOSPITALS NHS FOUNDATION TRUST,130,Ophthalmology,2015-10-01,2026-05-01,128,128,0,0.0,0,False,False,2026-05-01
RBT__170,RBT,MID CHESHIRE HOSPITALS NHS FOUNDATION TRUST,170,Cardiothoracic Surgery,2015-10-01,2017-08-01,23,14,9,39.130434782608695,4,True,True,2017-08-01
RBT__300,RBT,MID CHESHIRE HOSPITALS NHS FOUNDATION TRUST,300,General Medicine,2015-10-01,2026-05-01,128,127,1,0.78125,1,False,False,2026-05-01
RBT__301,RBT,MID CHESHIRE HOSPITALS NHS FOUNDATION TRUST,301,Gastroenterology,2015-10-01,2026-05-01,128,128,0,0.0,0,False,False,2026-05-01
RBT__320,RBT,MID CHESHIRE HOSPITALS NHS FOUNDATION TRUST,320,Cardiology,2015-10-01,2026-05-01,128,128,0,0.0,0,False,False,2026-05-01
RBT__330,RBT,MID CHESHIRE HOSPITALS NHS FOUNDATION TRUST,330,Dermatology,2015-10-01,2026-05-01,128,128,0,0.0,0,False,False,2026-05-01
RBT__340,RBT,MID CHESHIRE HOSPITALS NHS FOUNDATION TRUST,340,Thoracic Medicine,2015-10-01,2026-05-01,128,128,0,0.0,0,False,False,2026-05-01
RBT__410,RBT,MID CHESHIRE HOSPITALS NHS FOUNDATION TRUST,410,Rheumatology,2015-10-01,2026-05-01,128,128,0,0.0,0,False,False,2026-05-01
RBT__430,RBT,MID CHESHIRE HOSPITALS NHS FOUNDATION TRUST,430,Geriatric Medicine,2015-10-01,2026-05-01,128,128,0,0.0,0,False,False,2026-05-01
RBT__502,RBT,MID CHESHIRE HOSPITALS NHS FOUNDATION TRUST,502,Gynaecology,2015-10-01,2026-05-01,128,128,0,0.0,0,False,False,2026-05-01
RBT__X01,RBT,MID CHESHIRE HOSPITALS NHS FOUNDATION TRUST,X01,Other,2015-10-01,2021-03-01,66,66,0,0.0,0,False,True,2021-03-01
RBV__100,RBV,THE CHRISTIE NHS FOUNDATION TRUST,100,General Surgery,2015-10-01,2020-07-01,58,58,0,0.0,0,False,True,2020-07-01
RBV__101,RBV,THE CHRISTIE NHS FOUNDATION TRUST,101,Urology,2015-10-01,2026-05-01,128,128,0,0.0,0,False,False,2026-05-01
RBV__120,RBV,THE CHRISTIE NHS FOUNDATION TRUST,120,ENT,2015-10-01,2024-03-01,102,78,24,23.529411764705884,5,False,True,2024-03-01
RBV__140,RBV,THE CHRISTIE NHS FOUNDATION TRUST,140,Oral Surgery,2015-10-01,2025-12-01,123,81,42,34.146341463414636,19,False,True,2025-12-01
RBV__160,RBV,THE CHRISTIE NHS FOUNDATION TRUST,160,Plastic Surgery,2015-10-01,2026-05-01,128,128,0,0.0,0,False,False,2026-05-01
RBV__502,RBV,THE CHRISTIE NHS FOUNDATION TRUST,502,Gynaecology,2015-10-01,2026-05-01,128,128,0,0.0,0,False,False,2026-05-01
RBV__X01,RBV,THE CHRISTIE NHS FOUNDATION TRUST,X01,Other,2015-10-01,2021-03-01,66,66,0,0.0,0,False,True,2021-03-01
RBZ__100,RBZ,NORTHERN DEVON HEALTHCARE NHS TRUST,100,General Surgery,2015-10-01,2022-03-01,78,67,11,14.102564102564102,11,False,True,2022-03-01
RBZ__101,RBZ,NORTHERN DEVON HEALTHCARE NHS TRUST,101,Urology,2015-10-01,2022-03-01,78,67,11,14.102564102564102,11,False,True,2022-03-01
RBZ__110,RBZ,NORTHERN DEVON HEALTHCARE NHS TRUST,110,Trauma & Orthopaedics,2015-10-01,2022-03-01,78,67,11,14.102564102564102,11,False,True,2022-03-01
RBZ__120,RBZ,NORTHERN DEVON HEALTHCARE NHS TRUST,120,ENT,2015-10-01,2018-11-01,38,27,11,28.94736842105263,11,False,True,2018-11-01
RBZ__130,RBZ,NORTHERN DEVON HEALTHCARE NHS TRUST,130,Ophthalmology,2015-10-01,2022-03-01,78,67,11,14.102564102564102,11,False,True,2022-03-01
RBZ__140,RBZ,NORTHERN DEVON HEALTHCARE NHS TRUST,140,Oral Surgery,2015-10-01,2022-03-01,78,67,11,14.102564102564102,11,False,True,2022-03-01
RBZ__160,RBZ,NORTHERN DEVON HEALTHCARE NHS TRUST,160,Plastic Surgery,2015-10-01,2022-03-01,78,67,11,14.102564102564102,11,False,True,2022-03-01
RBZ__170,RBZ,NORTHERN DEVON HEALTHCARE NHS TRUST,170,Cardiothoracic Surgery,2015-10-01,2016-07-01,10,10,0,0.0,0,True,True,2016-07-01
RBZ__300,RBZ,NORTHERN DEVON HEALTHCARE NHS TRUST,300,General Medicine,2015-10-01,2022-03-01,78,38,40,51.282051282051285,15,False,True,2022-03-01
RBZ__301,RBZ,NORTHERN DEVON HEALTHCARE NHS TRUST,301,Gastroenterology,2015-10-01,2022-03-01,78,67,11,14.102564102564102,11,False,True,2022-03-01
RBZ__320,RBZ,NORTHERN DEVON HEALTHCARE NHS TRUST,320,Cardiology,2015-10-01,2022-03-01,78,67,11,14.102564102564102,11,False,True,2022-03-01
RBZ__330,RBZ,NORTHERN DEVON HEALTHCARE NHS TRUST,330,Dermatology,2015-10-01,2022-03-01,78,67,11,14.102564102564102,11,False,True,2022-03-01
RBZ__340,RBZ,NORTHERN DEVON HEALTHCARE NHS TRUST,340,Thoracic Medicine,2015-10-01,2022-03-01,78,67,11,14.102564102564102,11,False,True,2022-03-01
RBZ__400,RBZ,NORTHERN DEVON HEALTHCARE NHS TRUST,400,Neurology,2015-10-01,2022-03-01,78,67,11,14.102564102564102,11,False,True,2022-03-01
RBZ__410,RBZ,NORTHERN DEVON HEALTHCARE NHS TRUST,410,Rheumatology,2015-10-01,2022-03-01,78,67,11,14.102564102564102,11,False,True,2022-03-01
RBZ__430,RBZ,NORTHERN DEVON HEALTHCARE NHS TRUST,430,Geriatric Medicine,2015-10-01,2022-03-01,78,67,11,14.102564102564102,11,False,True,2022-03-01
RBZ__502,RBZ,NORTHERN DEVON HEALTHCARE NHS TRUST,502,Gynaecology,2015-10-01,2022-03-01,78,67,11,14.102564102564102,11,False,True,2022-03-01
RBZ__X01,RBZ,NORTHERN DEVON HEALTHCARE NHS TRUST,X01,Other,2015-10-01,2021-03-01,66,55,11,16.666666666666668,11,False,True,2021-03-01
RC1__100,RC1,BEDFORD HOSPITAL NHS TRUST,100,General Surgery,2015-10-01,2020-03-01,54,54,0,0.0,0,False,True,2020-03-01
RC1__101,RC1,BEDFORD HOSPITAL NHS TRUST,101,Urology,2015-10-01,2020-03-01,54,54,0,0.0,0,False,True,2020-03-01
RC1__110,RC1,BEDFORD HOSPITAL NHS TRUST,110,Trauma & Orthopaedics,2015-10-01,2020-03-01,54,54,0,0.0,0,False,True,2020-03-01
RC1__120,RC1,BEDFORD HOSPITAL NHS TRUST,120,ENT,2015-10-01,2020-03-01,54,54,0,0.0,0,False,True,2020-03-01
RC1__130,RC1,BEDFORD HOSPITAL NHS TRUST,130,Ophthalmology,2015-10-01,2020-03-01,54,54,0,0.0,0,False,True,2020-03-01
RC1__140,RC1,BEDFORD HOSPITAL NHS TRUST,140,Oral Surgery,2015-10-01,2020-03-01,54,54,0,0.0,0,False,True,2020-03-01
RC1__160,RC1,BEDFORD HOSPITAL NHS TRUST,160,Plastic Surgery,2015-10-01,2020-03-01,54,54,0,0.0,0,False,True,2020-03-01
RC1__300,RC1,BEDFORD HOSPITAL NHS TRUST,300,General Medicine,2015-10-01,2020-03-01,54,54,0,0.0,0,False,True,2020-03-01
RC1__301,RC1,BEDFORD HOSPITAL NHS TRUST,301,Gastroenterology,2015-10-01,2020-03-01,54,54,0,0.0,0,False,True,2020-03-01
RC1__320,RC1,BEDFORD HOSPITAL NHS TRUST,320,Cardiology,2015-10-01,2020-03-01,54,54,0,0.0,0,False,True,2020-03-01
RC1__330,RC1,BEDFORD HOSPITAL NHS TRUST,330,Dermatology,2015-10-01,2020-03-01,54,54,0,0.0,0,False,True,2020-03-01
RC1__340,RC1,BEDFORD HOSPITAL NHS TRUST,340,Thoracic Medicine,2015-10-01,2020-03-01,54,54,0,0.0,0,False,True,2020-03-01
RC1__400,RC1,BEDFORD HOSPITAL NHS TRUST,400,Neurology,2015-10-01,2020-03-01,54,54,0,0.0,0,False,True,2020-03-01
RC1__410,RC1,BEDFORD HOSPITAL NHS TRUST,410,Rheumatology,2015-10-01,2020-03-01,54,54,0,0.0,0,False,True,2020-03-01
RC1__430,RC1,BEDFORD HOSPITAL NHS TRUST,430,Geriatric Medicine,2015-10-01,2020-03-01,54,54,0,0.0,0,False,True,2020-03-01
RC1__502,RC1,BEDFORD HOSPITAL NHS TRUST,502,Gynaecology,2015-10-01,2020-03-01,54,54,0,0.0,0,False,True,2020-03-01
RC1__X01,RC1,BEDFORD HOSPITAL NHS TRUST,X01,Other,2015-10-01,2020-03-01,54,54,0,0.0,0,False,True,2020-03-01
RC9__100,RC9,LUTON AND DUNSTABLE UNIVERSITY HOSPITAL NHS FOUNDATION TRUST,100,General Surgery,2015-10-01,2026-05-01,128,128,0,0.0,0,False,False,2026-05-01
RC9__101,RC9,LUTON AND DUNSTABLE UNIVERSITY HOSPITAL NHS FOUNDATION TRUST,101,Urology,2015-10-01,2026-05-01,128,128,0,0.0,0,False,False,2026-05-01
RC9__110,RC9,LUTON AND DUNSTABLE UNIVERSITY HOSPITAL NHS FOUNDATION TRUST,110,Trauma & Orthopaedics,2015-10-01,2026-05-01,128,128,0,0.0,0,False,False,2026-05-01
RC9__120,RC9,LUTON AND DUNSTABLE UNIVERSITY HOSPITAL NHS FOUNDATION TRUST,120,ENT,2015-10-01,2026-05-01,128,128,0,0.0,0,False,False,2026-05-01
RC9__130,RC9,LUTON AND DUNSTABLE UNIVERSITY HOSPITAL NHS FOUNDATION TRUST,130,Ophthalmology,2015-10-01,2026-05-01,128,128,0,0.0,0,False,False,2026-05-01
RC9__140,RC9,LUTON AND DUNSTABLE UNIVERSITY HOSPITAL NHS FOUNDATION TRUST,140,Oral Surgery,2015-10-01,2026-05-01,128,128,0,0.0,0,False,False,2026-05-01
RC9__160,RC9,LUTON AND DUNSTABLE UNIVERSITY HOSPITAL NHS FOUNDATION TRUST,160,Plastic Surgery,2015-10-01,2026-05-01,128,128,0,0.0,0,False,False,2026-05-01
RC9__170,RC9,LUTON AND DUNSTABLE UNIVERSITY HOSPITAL NHS FOUNDATION TRUST,170,Cardiothoracic Surgery,2015-10-01,2026-03-01,126,96,30,23.80952380952381,8,False,True,2026-03-01
RC9__300,RC9,LUTON AND DUNSTABLE UNIVERSITY HOSPITAL NHS FOUNDATION TRUST,300,General Medicine,2015-10-01,2026-05-01,128,128,0,0.0,0,False,False,2026-05-01
RC9__301,RC9,LUTON AND DUNSTABLE UNIVERSITY HOSPITAL NHS FOUNDATION TRUST,301,Gastroenterology,2015-10-01,2026-05-01,128,128,0,0.0,0,False,False,2026-05-01
RC9__320,RC9,LUTON AND DUNSTABLE UNIVERSITY HOSPITAL NHS FOUNDATION TRUST,320,Cardiology,2015-10-01,2026-05-01,128,128,0,0.0,0,False,False,2026-05-01
RC9__330,RC9,LUTON AND DUNSTABLE UNIVERSITY HOSPITAL NHS FOUNDATION TRUST,330,Dermatology,2015-10-01,2026-05-01,128,128,0,0.0,0,False,False,2026-05-01
RC9__340,RC9,LUTON AND DUNSTABLE UNIVERSITY HOSPITAL NHS FOUNDATION TRUST,340,Thoracic Medicine,2015-10-01,2026-05-01,128,128,0,0.0,0,False,False,2026-05-01
RC9__400,RC9,LUTON AND DUNSTABLE UNIVERSITY HOSPITAL NHS FOUNDATION TRUST,400,Neurology,2015-10-01,2026-05-01,128,128,0,0.0,0,False,False,2026-05-01
RC9__410,RC9,LUTON AND DUNSTABLE UNIVERSITY HOSPITAL NHS FOUNDATION TRUST,410,Rheumatology,2015-10-01,2026-05-01,128,128,0,0.0,0,False,False,2026-05-01
RC9__430,RC9,LUTON AND DUNSTABLE UNIVERSITY HOSPITAL NHS FOUNDATION TRUST,430,Geriatric Medicine,2015-10-01,2026-05-01,128,128,0,0.0,0,False,False,2026-05-01
RC9__502,RC9,LUTON AND DUNSTABLE UNIVERSITY HOSPITAL NHS FOUNDATION TRUST,502,Gynaecology,2015-10-01,2026-05-01,128,128,0,0.0,0,False,False,2026-05-01
RC9__X01,RC9,LUTON AND DUNSTABLE UNIVERSITY HOSPITAL NHS FOUNDATION TRUST,X01,Other,2015-10-01,2021-03-01,66,66,0,0.0,0,False,True,2021-03-01
RCB__100,RCB,YORK TEACHING HOSPITAL NHS FOUNDATION TRUST,100,General Surgery,2015-10-01,2026-05-01,128,128,0,0.0,0,False,False,2026-05-01
RCB__101,RCB,YORK TEACHING HOSPITAL NHS FOUNDATION TRUST,101,Urology,2015-10-01,2026-05-01,128,128,0,0.0,0,False,False,2026-05-01
RCB__110,RCB,YORK TEACHING HOSPITAL NHS FOUNDATION TRUST,110,Trauma & Orthopaedics,2015-10-01,2026-05-01,128,128,0,0.0,0,False,False,2026-05-01
RCB__120,RCB,YORK TEACHING HOSPITAL NHS FOUNDATION TRUST,120,ENT,2015-10-01,2026-05-01,128,128,0,0.0,0,False,False,2026-05-01
RCB__130,RCB,YORK TEACHING HOSPITAL NHS FOUNDATION TRUST,130,Ophthalmology,2015-10-01,2026-05-01,128,128,0,0.0,0,False,False,2026-05-01
RCB__140,RCB,YORK TEACHING HOSPITAL NHS FOUNDATION TRUST,140,Oral Surgery,2015-10-01,2026-05-01,128,128,0,0.0,0,False,False,2026-05-01
RCB__160,RCB,YORK TEACHING HOSPITAL NHS FOUNDATION TRUST,160,Plastic Surgery,2015-10-01,2026-05-01,128,128,0,0.0,0,False,False,2026-05-01
RCB__300,RCB,YORK TEACHING HOSPITAL NHS FOUNDATION TRUST,300,General Medicine,2015-10-01,2026-05-01,128,105,23,17.96875,7,False,False,2026-05-01
RCB__301,RCB,YORK TEACHING HOSPITAL NHS FOUNDATION TRUST,301,Gastroenterology,2015-10-01,2026-05-01,128,128,0,0.0,0,False,False,2026-05-01
RCB__320,RCB,YORK TEACHING HOSPITAL NHS FOUNDATION TRUST,320,Cardiology,2015-10-01,2026-05-01,128,128,0,0.0,0,False,False,2026-05-01
RCB__330,RCB,YORK TEACHING HOSPITAL NHS FOUNDATION TRUST,330,Dermatology,2015-10-01,2026-05-01,128,128,0,0.0,0,False,False,2026-05-01
RCB__340,RCB,YORK TEACHING HOSPITAL NHS FOUNDATION TRUST,340,Thoracic Medicine,2015-10-01,2026-05-01,128,128,0,0.0,0,False,False,2026-05-01
RCB__400,RCB,YORK TEACHING HOSPITAL NHS FOUNDATION TRUST,400,Neurology,2015-10-01,2026-05-01,128,128,0,0.0,0,False,False,2026-05-01
RCB__410,RCB,YORK TEACHING HOSPITAL NHS FOUNDATION TRUST,410,Rheumatology,2015-10-01,2026-05-01,128,128,0,0.0,0,False,False,2026-05-01
RCB__430,RCB,YORK TEACHING HOSPITAL NHS FOUNDATION TRUST,430,Geriatric Medicine,2015-10-01,2026-05-01,128,128,0,0.0,0,False,False,2026-05-01
RCB__502,RCB,YORK TEACHING HOSPITAL NHS FOUNDATION TRUST,502,Gynaecology,2015-10-01,2026-05-01,128,128,0,0.0,0,False,False,2026-05-01
RCB__X01,RCB,YORK TEACHING HOSPITAL NHS FOUNDATION TRUST,X01,Other,2015-10-01,2021-03-01,66,66,0,0.0,0,False,True,2021-03-01
RCD__100,RCD,HARROGATE AND DISTRICT NHS FOUNDATION TRUST,100,General Surgery,2015-10-01,2026-05-01,128,128,0,0.0,0,False,False,2026-05-01
RCD__101,RCD,HARROGATE AND DISTRICT NHS FOUNDATION TRUST,101,Urology,2015-10-01,2026-05-01,128,128,0,0.0,0,False,False,2026-05-01
RCD__110,RCD,HARROGATE AND DISTRICT NHS FOUNDATION TRUST,110,Trauma & Orthopaedics,2015-10-01,2026-05-01,128,128,0,0.0,0,False,False,2026-05-01
RCD__120,RCD,HARROGATE AND DISTRICT NHS FOUNDATION TRUST,120,ENT,2015-10-01,2026-05-01,128,128,0,0.0,0,False,False,2026-05-01
RCD__130,RCD,HARROGATE AND DISTRICT NHS FOUNDATION TRUST,130,Ophthalmology,2015-10-01,2026-05-01,128,128,0,0.0,0,False,False,2026-05-01
RCD__160,RCD,HARROGATE AND DISTRICT NHS FOUNDATION TRUST,160,Plastic Surgery,2015-10-01,2019-04-01,43,43,0,0.0,0,False,True,2019-04-01
RCD__300,RCD,HARROGATE AND DISTRICT NHS FOUNDATION TRUST,300,General Medicine,2015-10-01,2026-05-01,128,121,7,5.46875,3,False,False,2026-05-01
RCD__301,RCD,HARROGATE AND DISTRICT NHS FOUNDATION TRUST,301,Gastroenterology,2015-10-01,2026-05-01,128,128,0,0.0,0,False,False,2026-05-01
RCD__320,RCD,HARROGATE AND DISTRICT NHS FOUNDATION TRUST,320,Cardiology,2015-10-01,2026-05-01,128,128,0,0.0,0,False,False,2026-05-01
RCD__330,RCD,HARROGATE AND DISTRICT NHS FOUNDATION TRUST,330,Dermatology,2015-10-01,2026-05-01,128,128,0,0.0,0,False,False,2026-05-01
RCD__340,RCD,HARROGATE AND DISTRICT NHS FOUNDATION TRUST,340,Thoracic Medicine,2015-10-01,2026-05-01,128,128,0,0.0,0,False,False,2026-05-01
RCD__400,RCD,HARROGATE AND DISTRICT NHS FOUNDATION TRUST,400,Neurology,2015-10-01,2026-05-01,128,128,0,0.0,0,False,False,2026-05-01
RCD__410,RCD,HARROGATE AND DISTRICT NHS FOUNDATION TRUST,410,Rheumatology,2015-10-01,2026-05-01,128,128,0,0.0,0,False,False,2026-05-01
RCD__430,RCD,HARROGATE AND DISTRICT NHS FOUNDATION TRUST,430,Geriatric Medicine,2015-10-01,2026-05-01,128,128,0,0.0,0,False,False,2026-05-01
RCD__502,RCD,HARROGATE AND DISTRICT NHS FOUNDATION TRUST,502,Gynaecology,2015-10-01,2026-05-01,128,128,0,0.0,0,False,False,2026-05-01
RCD__X01,RCD,HARROGATE AND DISTRICT NHS FOUNDATION TRUST,X01,Other,2015-10-01,2021-03-01,66,66,0,0.0,0,False,True,2021-03-01
RCF__100,RCF,AIREDALE NHS FOUNDATION TRUST,100,General Surgery,2015-10-01,2026-05-01,128,128,0,0.0,0,False,False,2026-05-01
RCF__101,RCF,AIREDALE NHS FOUNDATION TRUST,101,Urology,2015-10-01,2026-05-01,128,128,0,0.0,0,False,False,2026-05-01
RCF__110,RCF,AIREDALE NHS FOUNDATION TRUST,110,Trauma & Orthopaedics,2015-10-01,2026-05-01,128,128,0,0.0,0,False,False,2026-05-01
RCF__120,RCF,AIREDALE NHS FOUNDATION TRUST,120,ENT,2015-10-01,2026-05-01,128,128,0,0.0,0,False,False,2026-05-01
RCF__130,RCF,AIREDALE NHS FOUNDATION TRUST,130,Ophthalmology,2015-10-01,2026-05-01,128,128,0,0.0,0,False,False,2026-05-01
RCF__140,RCF,AIREDALE NHS FOUNDATION TRUST,140,Oral Surgery,2015-10-01,2026-05-01,128,128,0,0.0,0,False,False,2026-05-01
RCF__160,RCF,AIREDALE NHS FOUNDATION TRUST,160,Plastic Surgery,2015-10-01,2026-05-01,128,128,0,0.0,0,False,False,2026-05-01
RCF__300,RCF,AIREDALE NHS FOUNDATION TRUST,300,General Medicine,2015-10-01,2026-05-01,128,128,0,0.0,0,False,False,2026-05-01
RCF__301,RCF,AIREDALE NHS FOUNDATION TRUST,301,Gastroenterology,2015-10-01,2026-05-01,128,128,0,0.0,0,False,False,2026-05-01
RCF__320,RCF,AIREDALE NHS FOUNDATION TRUST,320,Cardiology,2015-10-01,2026-05-01,128,128,0,0.0,0,False,False,2026-05-01
RCF__340,RCF,AIREDALE NHS FOUNDATION TRUST,340,Thoracic Medicine,2015-10-01,2026-05-01,128,128,0,0.0,0,False,False,2026-05-01
RCF__400,RCF,AIREDALE NHS FOUNDATION TRUST,400,Neurology,2015-10-01,2026-05-01,128,128,0,0.0,0,False,False,2026-05-01
RCF__410,RCF,AIREDALE NHS FOUNDATION TRUST,410,Rheumatology,2015-10-01,2026-05-01,128,128,0,0.0,0,False,False,2026-05-01
RCF__430,RCF,AIREDALE NHS FOUNDATION TRUST,430,Geriatric Medicine,2015-10-01,2026-05-01,128,128,0,0.0,0,False,False,2026-05-01
RCF__502,RCF,AIREDALE NHS FOUNDATION TRUST,502,Gynaecology,2015-10-01,2026-05-01,128,128,0,0.0,0,False,False,2026-05-01
RCF__X01,RCF,AIREDALE NHS FOUNDATION TRUST,X01,Other,2015-10-01,2021-03-01,66,66,0,0.0,0,False,True,2021-03-01
RCU__140,RCU,SHEFFIELD CHILDREN'S NHS FOUNDATION TRUST,140,Oral Surgery,2015-10-01,2026-05-01,128,128,0,0.0,0,False,False,2026-05-01
RCU__X01,RCU,SHEFFIELD CHILDREN'S NHS FOUNDATION TRUST,X01,Other,2015-10-01,2021-03-01,66,66,0,0.0,0,False,True,2021-03-01
RCX__100,RCX,"THE QUEEN ELIZABETH HOSPITAL, KING'S LYNN, NHS FOUNDATION TRUST",100,General Surgery,2015-10-01,2026-05-01,128,128,0,0.0,0,False,False,2026-05-01
RCX__101,RCX,"THE QUEEN ELIZABETH HOSPITAL, KING'S LYNN, NHS FOUNDATION TRUST",101,Urology,2015-10-01,2026-05-01,128,88,40,31.25,40,False,False,2026-05-01
RCX__110,RCX,"THE QUEEN ELIZABETH HOSPITAL, KING'S LYNN, NHS FOUNDATION TRUST",110,Trauma & Orthopaedics,2015-10-01,2026-05-01,128,128,0,0.0,0,False,False,2026-05-01
RCX__120,RCX,"THE QUEEN ELIZABETH HOSPITAL, KING'S LYNN, NHS FOUNDATION TRUST",120,ENT,2015-10-01,2026-05-01,128,128,0,0.0,0,False,False,2026-05-01
RCX__130,RCX,"THE QUEEN ELIZABETH HOSPITAL, KING'S LYNN, NHS FOUNDATION TRUST",130,Ophthalmology,2015-10-01,2026-05-01,128,128,0,0.0,0,False,False,2026-05-01
RCX__140,RCX,"THE QUEEN ELIZABETH HOSPITAL, KING'S LYNN, NHS FOUNDATION TRUST",140,Oral Surgery,2015-10-01,2026-05-01,128,128,0,0.0,0,False,False,2026-05-01
RCX__160,RCX,"THE QUEEN ELIZABETH HOSPITAL, KING'S LYNN, NHS FOUNDATION TRUST",160,Plastic Surgery,2015-10-01,2026-05-01,128,128,0,0.0,0,False,False,2026-05-01
RCX__170,RCX,"THE QUEEN ELIZABETH HOSPITAL, KING'S LYNN, NHS FOUNDATION TRUST",170,Cardiothoracic Surgery,2015-10-01,2026-05-01,128,128,0,0.0,0,False,False,2026-05-01
RCX__300,RCX,"THE QUEEN ELIZABETH HOSPITAL, KING'S LYNN, NHS FOUNDATION TRUST",300,General Medicine,2015-10-01,2026-05-01,128,128,0,0.0,0,False,False,2026-05-01
RCX__301,RCX,"THE QUEEN ELIZABETH HOSPITAL, KING'S LYNN, NHS FOUNDATION TRUST",301,Gastroenterology,2015-10-01,2026-05-01,128,128,0,0.0,0,False,False,2026-05-01
RCX__320,RCX,"THE QUEEN ELIZABETH HOSPITAL, KING'S LYNN, NHS FOUNDATION TRUST",320,Cardiology,2015-10-01,2026-05-01,128,128,0,0.0,0,False,False,2026-05-01
RCX__330,RCX,"THE QUEEN ELIZABETH HOSPITAL, KING'S LYNN, NHS FOUNDATION TRUST",330,Dermatology,2015-10-01,2026-05-01,128,128,0,0.0,0,False,False,2026-05-01
RCX__400,RCX,"THE QUEEN ELIZABETH HOSPITAL, KING'S LYNN, NHS FOUNDATION TRUST",400,Neurology,2015-10-01,2026-05-01,128,128,0,0.0,0,False,False,2026-05-01
RCX__410,RCX,"THE QUEEN ELIZABETH HOSPITAL, KING'S LYNN, NHS FOUNDATION TRUST",410,Rheumatology,2015-10-01,2026-05-01,128,128,0,0.0,0,False,False,2026-05-01
RCX__430,RCX,"THE QUEEN ELIZABETH HOSPITAL, KING'S LYNN, NHS FOUNDATION TRUST",430,Geriatric Medicine,2015-10-01,2026-05-01,128,128,0,0.0,0,False,False,2026-05-01
RCX__502,RCX,"THE QUEEN ELIZABETH HOSPITAL, KING'S LYNN, NHS FOUNDATION TRUST",502,Gynaecology,2015-10-01,2026-05-01,128,128,0,0.0,0,False,False,2026-05-01
RCX__X01,RCX,"THE QUEEN ELIZABETH HOSPITAL, KING'S LYNN, NHS FOUNDATION TRUST",X01,Other,2015-10-01,2021-03-01,66,66,0,0.0,0,False,True,2021-03-01
RD1__100,RD1,ROYAL UNITED HOSPITALS BATH NHS FOUNDATION TRUST,100,General Surgery,2015-10-01,2026-05-01,128,128,0,0.0,0,False,False,2026-05-01
RD1__101,RD1,ROYAL UNITED HOSPITALS BATH NHS FOUNDATION TRUST,101,Urology,2015-10-01,2026-05-01,128,128,0,0.0,0,False,False,2026-05-01
RD1__110,RD1,ROYAL UNITED HOSPITALS BATH NHS FOUNDATION TRUST,110,Trauma & Orthopaedics,2015-10-01,2026-05-01,128,128,0,0.0,0,False,False,2026-05-01
RD1__120,RD1,ROYAL UNITED HOSPITALS BATH NHS FOUNDATION TRUST,120,ENT,2015-10-01,2026-05-01,128,128,0,0.0,0,False,False,2026-05-01
RD1__130,RD1,ROYAL UNITED HOSPITALS BATH NHS FOUNDATION TRUST,130,Ophthalmology,2015-10-01,2026-05-01,128,128,0,0.0,0,False,False,2026-05-01
RD1__140,RD1,ROYAL UNITED HOSPITALS BATH NHS FOUNDATION TRUST,140,Oral Surgery,2015-10-01,2026-05-01,128,128,0,0.0,0,False,False,2026-05-01
RD1__300,RD1,ROYAL UNITED HOSPITALS BATH NHS FOUNDATION TRUST,300,General Medicine,2015-10-01,2026-05-01,128,127,1,0.78125,1,False,False,2026-05-01
RD1__301,RD1,ROYAL UNITED HOSPITALS BATH NHS FOUNDATION TRUST,301,Gastroenterology,2015-10-01,2026-05-01,128,128,0,0.0,0,False,False,2026-05-01
RD1__320,RD1,ROYAL UNITED HOSPITALS BATH NHS FOUNDATION TRUST,320,Cardiology,2015-10-01,2026-05-01,128,128,0,0.0,0,False,False,2026-05-01
RD1__330,RD1,ROYAL UNITED HOSPITALS BATH NHS FOUNDATION TRUST,330,Dermatology,2015-10-01,2026-05-01,128,128,0,0.0,0,False,False,2026-05-01
RD1__340,RD1,ROYAL UNITED HOSPITALS BATH NHS FOUNDATION TRUST,340,Thoracic Medicine,2015-10-01,2026-05-01,128,128,0,0.0,0,False,False,2026-05-01
RD1__400,RD1,ROYAL UNITED HOSPITALS BATH NHS FOUNDATION TRUST,400,Neurology,2015-10-01,2026-05-01,128,128,0,0.0,0,False,False,2026-05-01
RD1__410,RD1,ROYAL UNITED HOSPITALS BATH NHS FOUNDATION TRUST,410,Rheumatology,2015-10-01,2026-05-01,128,128,0,0.0,0,False,False,2026-05-01
RD1__430,RD1,ROYAL UNITED HOSPITALS BATH NHS FOUNDATION TRUST,430,Geriatric Medicine,2015-10-01,2026-05-01,128,128,0,0.0,0,False,False,2026-05-01
RD1__502,RD1,ROYAL UNITED HOSPITALS BATH NHS FOUNDATION TRUST,502,Gynaecology,2015-10-01,2026-05-01,128,128,0,0.0,0,False,False,2026-05-01
RD1__X01,RD1,ROYAL UNITED HOSPITALS BATH NHS FOUNDATION TRUST,X01,Other,2015-10-01,2021-03-01,66,66,0,0.0,0,False,True,2021-03-01
RD3__100,RD3,POOLE HOSPITAL NHS FOUNDATION TRUST,100,General Surgery,2015-10-01,2020-09-01,60,60,0,0.0,0,False,True,2020-09-01
RD3__101,RD3,POOLE HOSPITAL NHS FOUNDATION TRUST,101,Urology,2015-10-01,2019-12-01,51,51,0,0.0,0,False,True,2019-12-01
RD3__110,RD3,POOLE HOSPITAL NHS FOUNDATION TRUST,110,Trauma & Orthopaedics,2015-10-01,2020-09-01,60,60,0,0.0,0,False,True,2020-09-01
RD3__120,RD3,POOLE HOSPITAL NHS FOUNDATION TRUST,120,ENT,2015-10-01,2020-09-01,60,60,0,0.0,0,False,True,2020-09-01
RD3__130,RD3,POOLE HOSPITAL NHS FOUNDATION TRUST,130,Ophthalmology,2015-10-01,2020-08-01,59,59,0,0.0,0,False,True,2020-08-01
RD3__140,RD3,POOLE HOSPITAL NHS FOUNDATION TRUST,140,Oral Surgery,2015-10-01,2020-09-01,60,60,0,0.0,0,False,True,2020-09-01
RD3__150,RD3,POOLE HOSPITAL NHS FOUNDATION TRUST,150,Neurosurgery,2015-10-01,2019-05-01,44,31,13,29.545454545454547,11,False,True,2019-05-01
RD3__170,RD3,POOLE HOSPITAL NHS FOUNDATION TRUST,170,Cardiothoracic Surgery,2015-10-01,2020-02-01,53,24,29,54.716981132075475,8,False,True,2020-02-01
RD3__300,RD3,POOLE HOSPITAL NHS FOUNDATION TRUST,300,General Medicine,2015-10-01,2020-09-01,60,60,0,0.0,0,False,True,2020-09-01
RD3__301,RD3,POOLE HOSPITAL NHS FOUNDATION TRUST,301,Gastroenterology,2015-10-01,2020-09-01,60,60,0,0.0,0,False,True,2020-09-01
RD3__320,RD3,POOLE HOSPITAL NHS FOUNDATION TRUST,320,Cardiology,2015-10-01,2020-09-01,60,60,0,0.0,0,False,True,2020-09-01
RD3__330,RD3,POOLE HOSPITAL NHS FOUNDATION TRUST,330,Dermatology,2015-10-01,2020-09-01,60,60,0,0.0,0,False,True,2020-09-01
RD3__400,RD3,POOLE HOSPITAL NHS FOUNDATION TRUST,400,Neurology,2015-10-01,2020-09-01,60,60,0,0.0,0,False,True,2020-09-01
RD3__410,RD3,POOLE HOSPITAL NHS FOUNDATION TRUST,410,Rheumatology,2015-10-01,2020-09-01,60,60,0,0.0,0,False,True,2020-09-01
RD3__430,RD3,POOLE HOSPITAL NHS FOUNDATION TRUST,430,Geriatric Medicine,2015-10-01,2020-09-01,60,60,0,0.0,0,False,True,2020-09-01
RD3__502,RD3,POOLE HOSPITAL NHS FOUNDATION TRUST,502,Gynaecology,2015-10-01,2020-09-01,60,60,0,0.0,0,False,True,2020-09-01
RD3__X01,RD3,POOLE HOSPITAL NHS FOUNDATION TRUST,X01,Other,2015-10-01,2020-09-01,60,60,0,0.0,0,False,True,2020-09-01
RD8__100,RD8,MILTON KEYNES UNIVERSITY HOSPITAL NHS FOUNDATION TRUST,100,General Surgery,2015-10-01,2026-05-01,128,128,0,0.0,0,False,False,2026-05-01
RD8__101,RD8,MILTON KEYNES UNIVERSITY HOSPITAL NHS FOUNDATION TRUST,101,Urology,2015-10-01,2026-05-01,128,128,0,0.0,0,False,False,2026-05-01
RD8__110,RD8,MILTON KEYNES UNIVERSITY HOSPITAL NHS FOUNDATION TRUST,110,Trauma & Orthopaedics,2015-10-01,2026-05-01,128,128,0,0.0,0,False,False,2026-05-01
RD8__120,RD8,MILTON KEYNES UNIVERSITY HOSPITAL NHS FOUNDATION TRUST,120,ENT,2015-10-01,2026-05-01,128,128,0,0.0,0,False,False,2026-05-01
RD8__130,RD8,MILTON KEYNES UNIVERSITY HOSPITAL NHS FOUNDATION TRUST,130,Ophthalmology,2015-10-01,2026-05-01,128,128,0,0.0,0,False,False,2026-05-01
RD8__140,RD8,MILTON KEYNES UNIVERSITY HOSPITAL NHS FOUNDATION TRUST,140,Oral Surgery,2015-10-01,2026-05-01,128,128,0,0.0,0,False,False,2026-05-01
RD8__300,RD8,MILTON KEYNES UNIVERSITY HOSPITAL NHS FOUNDATION TRUST,300,General Medicine,2015-10-01,2026-05-01,128,128,0,0.0,0,False,False,2026-05-01
RD8__301,RD8,MILTON KEYNES UNIVERSITY HOSPITAL NHS FOUNDATION TRUST,301,Gastroenterology,2015-10-01,2026-05-01,128,128,0,0.0,0,False,False,2026-05-01
RD8__320,RD8,MILTON KEYNES UNIVERSITY HOSPITAL NHS FOUNDATION TRUST,320,Cardiology,2015-10-01,2026-05-01,128,128,0,0.0,0,False,False,2026-05-01
RD8__330,RD8,MILTON KEYNES UNIVERSITY HOSPITAL NHS FOUNDATION TRUST,330,Dermatology,2015-10-01,2026-05-01,128,128,0,0.0,0,False,False,2026-05-01
RD8__340,RD8,MILTON KEYNES UNIVERSITY HOSPITAL NHS FOUNDATION TRUST,340,Thoracic Medicine,2015-10-01,2026-05-01,128,128,0,0.0,0,False,False,2026-05-01
RD8__400,RD8,MILTON KEYNES UNIVERSITY HOSPITAL NHS FOUNDATION TRUST,400,Neurology,2015-10-01,2026-05-01,128,128,0,0.0,0,False,False,2026-05-01
RD8__410,RD8,MILTON KEYNES UNIVERSITY HOSPITAL NHS FOUNDATION TRUST,410,Rheumatology,2015-10-01,2026-05-01,128,128,0,0.0,0,False,False,2026-05-01
RD8__502,RD8,MILTON KEYNES UNIVERSITY HOSPITAL NHS FOUNDATION TRUST,502,Gynaecology,2015-10-01,2026-05-01,128,128,0,0.0,0,False,False,2026-05-01
RD8__X01,RD8,MILTON KEYNES UNIVERSITY HOSPITAL NHS FOUNDATION TRUST,X01,Other,2015-10-01,2021-03-01,66,66,0,0.0,0,False,True,2021-03-01
RDD__100,RDD,BASILDON AND THURROCK UNIVERSITY HOSPITALS NHS FOUNDATION TRUST,100,General Surgery,2015-10-01,2020-03-01,54,54,0,0.0,0,False,True,2020-03-01
RDD__101,RDD,BASILDON AND THURROCK UNIVERSITY HOSPITALS NHS FOUNDATION TRUST,101,Urology,2015-10-01,2020-03-01,54,54,0,0.0,0,False,True,2020-03-01
RDD__110,RDD,BASILDON AND THURROCK UNIVERSITY HOSPITALS NHS FOUNDATION TRUST,110,Trauma & Orthopaedics,2015-10-01,2020-03-01,54,54,0,0.0,0,False,True,2020-03-01
RDD__120,RDD,BASILDON AND THURROCK UNIVERSITY HOSPITALS NHS FOUNDATION TRUST,120,ENT,2015-10-01,2020-03-01,54,54,0,0.0,0,False,True,2020-03-01
RDD__140,RDD,BASILDON AND THURROCK UNIVERSITY HOSPITALS NHS FOUNDATION TRUST,140,Oral Surgery,2015-10-01,2020-03-01,54,54,0,0.0,0,False,True,2020-03-01
RDD__170,RDD,BASILDON AND THURROCK UNIVERSITY HOSPITALS NHS FOUNDATION TRUST,170,Cardiothoracic Surgery,2015-10-01,2020-03-01,54,54,0,0.0,0,False,True,2020-03-01
RDD__300,RDD,BASILDON AND THURROCK UNIVERSITY HOSPITALS NHS FOUNDATION TRUST,300,General Medicine,2015-10-01,2020-03-01,54,54,0,0.0,0,False,True,2020-03-01
RDD__301,RDD,BASILDON AND THURROCK UNIVERSITY HOSPITALS NHS FOUNDATION TRUST,301,Gastroenterology,2015-10-01,2020-03-01,54,54,0,0.0,0,False,True,2020-03-01
RDD__320,RDD,BASILDON AND THURROCK UNIVERSITY HOSPITALS NHS FOUNDATION TRUST,320,Cardiology,2015-10-01,2020-03-01,54,54,0,0.0,0,False,True,2020-03-01
RDD__330,RDD,BASILDON AND THURROCK UNIVERSITY HOSPITALS NHS FOUNDATION TRUST,330,Dermatology,2015-10-01,2020-03-01,54,54,0,0.0,0,False,True,2020-03-01
RDD__340,RDD,BASILDON AND THURROCK UNIVERSITY HOSPITALS NHS FOUNDATION TRUST,340,Thoracic Medicine,2015-10-01,2020-03-01,54,54,0,0.0,0,False,True,2020-03-01
RDD__400,RDD,BASILDON AND THURROCK UNIVERSITY HOSPITALS NHS FOUNDATION TRUST,400,Neurology,2015-10-01,2020-03-01,54,54,0,0.0,0,False,True,2020-03-01
RDD__410,RDD,BASILDON AND THURROCK UNIVERSITY HOSPITALS NHS FOUNDATION TRUST,410,Rheumatology,2015-10-01,2020-03-01,54,54,0,0.0,0,False,True,2020-03-01
RDD__430,RDD,BASILDON AND THURROCK UNIVERSITY HOSPITALS NHS FOUNDATION TRUST,430,Geriatric Medicine,2015-10-01,2020-03-01,54,54,0,0.0,0,False,True,2020-03-01
RDD__502,RDD,BASILDON AND THURROCK UNIVERSITY HOSPITALS NHS FOUNDATION TRUST,502,Gynaecology,2015-10-01,2020-03-01,54,54,0,0.0,0,False,True,2020-03-01
RDD__X01,RDD,BASILDON AND THURROCK UNIVERSITY HOSPITALS NHS FOUNDATION TRUST,X01,Other,2015-10-01,2020-03-01,54,54,0,0.0,0,False,True,2020-03-01
RDE__100,RDE,COLCHESTER HOSPITAL UNIVERSITY NHS FOUNDATION TRUST,100,General Surgery,2015-10-01,2026-05-01,128,128,0,0.0,0,False,False,2026-05-01
RDE__101,RDE,COLCHESTER HOSPITAL UNIVERSITY NHS FOUNDATION TRUST,101,Urology,2015-10-01,2026-05-01,128,128,0,0.0,0,False,False,2026-05-01
RDE__110,RDE,COLCHESTER HOSPITAL UNIVERSITY NHS FOUNDATION TRUST,110,Trauma & Orthopaedics,2015-10-01,2026-05-01,128,128,0,0.0,0,False,False,2026-05-01
RDE__120,RDE,COLCHESTER HOSPITAL UNIVERSITY NHS FOUNDATION TRUST,120,ENT,2015-10-01,2026-05-01,128,128,0,0.0,0,False,False,2026-05-01
RDE__130,RDE,COLCHESTER HOSPITAL UNIVERSITY NHS FOUNDATION TRUST,130,Ophthalmology,2015-10-01,2026-05-01,128,128,0,0.0,0,False,False,2026-05-01
RDE__140,RDE,COLCHESTER HOSPITAL UNIVERSITY NHS FOUNDATION TRUST,140,Oral Surgery,2015-10-01,2026-05-01,128,128,0,0.0,0,False,False,2026-05-01
RDE__300,RDE,COLCHESTER HOSPITAL UNIVERSITY NHS FOUNDATION TRUST,300,General Medicine,2015-10-01,2026-05-01,128,128,0,0.0,0,False,False,2026-05-01
RDE__301,RDE,COLCHESTER HOSPITAL UNIVERSITY NHS FOUNDATION TRUST,301,Gastroenterology,2015-10-01,2026-05-01,128,128,0,0.0,0,False,False,2026-05-01
RDE__320,RDE,COLCHESTER HOSPITAL UNIVERSITY NHS FOUNDATION TRUST,320,Cardiology,2015-10-01,2026-05-01,128,128,0,0.0,0,False,False,2026-05-01
RDE__330,RDE,COLCHESTER HOSPITAL UNIVERSITY NHS FOUNDATION TRUST,330,Dermatology,2015-10-01,2026-05-01,128,116,12,9.375,12,False,False,2026-05-01
RDE__340,RDE,COLCHESTER HOSPITAL UNIVERSITY NHS FOUNDATION TRUST,340,Thoracic Medicine,2015-10-01,2026-05-01,128,128,0,0.0,0,False,False,2026-05-01
RDE__400,RDE,COLCHESTER HOSPITAL UNIVERSITY NHS FOUNDATION TRUST,400,Neurology,2015-10-01,2026-05-01,128,128,0,0.0,0,False,False,2026-05-01
RDE__410,RDE,COLCHESTER HOSPITAL UNIVERSITY NHS FOUNDATION TRUST,410,Rheumatology,2015-10-01,2026-05-01,128,128,0,0.0,0,False,False,2026-05-01
RDE__430,RDE,COLCHESTER HOSPITAL UNIVERSITY NHS FOUNDATION TRUST,430,Geriatric Medicine,2015-10-01,2026-05-01,128,128,0,0.0,0,False,False,2026-05-01
RDE__502,RDE,COLCHESTER HOSPITAL UNIVERSITY NHS FOUNDATION TRUST,502,Gynaecology,2015-10-01,2026-05-01,128,128,0,0.0,0,False,False,2026-05-01
RDE__X01,RDE,COLCHESTER HOSPITAL UNIVERSITY NHS FOUNDATION TRUST,X01,Other,2015-10-01,2021-03-01,66,66,0,0.0,0,False,True,2021-03-01
RDR__110,RDR,SUSSEX COMMUNITY NHS FOUNDATION TRUST,110,Trauma & Orthopaedics,2015-10-01,2026-05-01,128,128,0,0.0,0,False,False,2026-05-01
RDR__410,RDR,SUSSEX COMMUNITY NHS FOUNDATION TRUST,410,Rheumatology,2015-10-01,2026-01-01,124,124,0,0.0,0,False,True,2026-01-01
RDR__430,RDR,SUSSEX COMMUNITY NHS FOUNDATION TRUST,430,Geriatric Medicine,2015-10-01,2019-03-01,42,27,15,35.714285714285715,15,False,True,2019-03-01
RDR__X01,RDR,SUSSEX COMMUNITY NHS FOUNDATION TRUST,X01,Other,2015-10-01,2021-03-01,66,66,0,0.0,0,False,True,2021-03-01
RDU__100,RDU,FRIMLEY HEALTH NHS FOUNDATION TRUST,100,General Surgery,2015-10-01,2026-05-01,128,123,5,3.90625,5,False,False,2026-05-01
RDU__101,RDU,FRIMLEY HEALTH NHS FOUNDATION TRUST,101,Urology,2015-10-01,2026-05-01,128,123,5,3.90625,5,False,False,2026-05-01
RDU__110,RDU,FRIMLEY HEALTH NHS FOUNDATION TRUST,110,Trauma & Orthopaedics,2015-10-01,2026-05-01,128,123,5,3.90625,5,False,False,2026-05-01
RDU__120,RDU,FRIMLEY HEALTH NHS FOUNDATION TRUST,120,ENT,2015-10-01,2026-05-01,128,123,5,3.90625,5,False,False,2026-05-01
RDU__130,RDU,FRIMLEY HEALTH NHS FOUNDATION TRUST,130,Ophthalmology,2015-10-01,2026-05-01,128,123,5,3.90625,5,False,False,2026-05-01
RDU__140,RDU,FRIMLEY HEALTH NHS FOUNDATION TRUST,140,Oral Surgery,2015-10-01,2026-05-01,128,123,5,3.90625,5,False,False,2026-05-01
RDU__160,RDU,FRIMLEY HEALTH NHS FOUNDATION TRUST,160,Plastic Surgery,2015-10-01,2026-05-01,128,123,5,3.90625,5,False,False,2026-05-01
RDU__300,RDU,FRIMLEY HEALTH NHS FOUNDATION TRUST,300,General Medicine,2015-10-01,2026-05-01,128,123,5,3.90625,5,False,False,2026-05-01
RDU__301,RDU,FRIMLEY HEALTH NHS FOUNDATION TRUST,301,Gastroenterology,2015-10-01,2026-05-01,128,123,5,3.90625,5,False,False,2026-05-01
RDU__320,RDU,FRIMLEY HEALTH NHS FOUNDATION TRUST,320,Cardiology,2015-10-01,2026-05-01,128,123,5,3.90625,5,False,False,2026-05-01
RDU__330,RDU,FRIMLEY HEALTH NHS FOUNDATION TRUST,330,Dermatology,2015-10-01,2026-05-01,128,123,5,3.90625,5,False,False,2026-05-01
RDU__340,RDU,FRIMLEY HEALTH NHS FOUNDATION TRUST,340,Thoracic Medicine,2015-10-01,2026-05-01,128,123,5,3.90625,5,False,False,2026-05-01
RDU__400,RDU,FRIMLEY HEALTH NHS FOUNDATION TRUST,400,Neurology,2015-10-01,2026-05-01,128,123,5,3.90625,5,False,False,2026-05-01
RDU__410,RDU,FRIMLEY HEALTH NHS FOUNDATION TRUST,410,Rheumatology,2015-10-01,2026-05-01,128,123,5,3.90625,5,False,False,2026-05-01
RDU__430,RDU,FRIMLEY HEALTH NHS FOUNDATION TRUST,430,Geriatric Medicine,2015-10-01,2026-05-01,128,123,5,3.90625,5,False,False,2026-05-01
RDU__502,RDU,FRIMLEY HEALTH NHS FOUNDATION TRUST,502,Gynaecology,2015-10-01,2026-05-01,128,123,5,3.90625,5,False,False,2026-05-01
RDU__X01,RDU,FRIMLEY HEALTH NHS FOUNDATION TRUST,X01,Other,2015-10-01,2021-03-01,66,66,0,0.0,0,False,True,2021-03-01
RDY__100,RDY,DORSET HEALTHCARE UNIVERSITY NHS FOUNDATION TRUST,100,General Surgery,2015-10-01,2021-02-01,65,65,0,0.0,0,False,True,2021-02-01
RDY__101,RDY,DORSET HEALTHCARE UNIVERSITY NHS FOUNDATION TRUST,101,Urology,2015-10-01,2020-11-01,62,57,5,8.064516129032258,5,False,True,2020-11-01
RDY__110,RDY,DORSET HEALTHCARE UNIVERSITY NHS FOUNDATION TRUST,110,Trauma & Orthopaedics,2015-10-01,2021-02-01,65,65,0,0.0,0,False,True,2021-02-01
RDY__120,RDY,DORSET HEALTHCARE UNIVERSITY NHS FOUNDATION TRUST,120,ENT,2015-10-01,2021-02-01,65,65,0,0.0,0,False,True,2021-02-01
RDY__130,RDY,DORSET HEALTHCARE UNIVERSITY NHS FOUNDATION TRUST,130,Ophthalmology,2015-10-01,2020-12-01,63,63,0,0.0,0,False,True,2020-12-01
RDY__140,RDY,DORSET HEALTHCARE UNIVERSITY NHS FOUNDATION TRUST,140,Oral Surgery,2015-10-01,2021-02-01,65,65,0,0.0,0,False,True,2021-02-01
RDY__300,RDY,DORSET HEALTHCARE UNIVERSITY NHS FOUNDATION TRUST,300,General Medicine,2015-10-01,2021-02-01,65,65,0,0.0,0,False,True,2021-02-01
RDY__301,RDY,DORSET HEALTHCARE UNIVERSITY NHS FOUNDATION TRUST,301,Gastroenterology,2015-10-01,2021-01-01,64,56,8,12.5,6,False,True,2021-01-01
RDY__320,RDY,DORSET HEALTHCARE UNIVERSITY NHS FOUNDATION TRUST,320,Cardiology,2015-10-01,2021-02-01,65,65,0,0.0,0,False,True,2021-02-01
RDY__410,RDY,DORSET HEALTHCARE UNIVERSITY NHS FOUNDATION TRUST,410,Rheumatology,2015-10-01,2020-10-01,61,61,0,0.0,0,False,True,2020-10-01
RDY__430,RDY,DORSET HEALTHCARE UNIVERSITY NHS FOUNDATION TRUST,430,Geriatric Medicine,2015-10-01,2020-11-01,62,57,5,8.064516129032258,5,False,True,2020-11-01
RDY__502,RDY,DORSET HEALTHCARE UNIVERSITY NHS FOUNDATION TRUST,502,Gynaecology,2015-10-01,2021-02-01,65,65,0,0.0,0,False,True,2021-02-01
RDY__X01,RDY,DORSET HEALTHCARE UNIVERSITY NHS FOUNDATION TRUST,X01,Other,2015-10-01,2021-01-01,64,64,0,0.0,0,False,True,2021-01-01
RDZ__100,RDZ,THE ROYAL BOURNEMOUTH AND CHRISTCHURCH HOSPITALS NHS FOUNDATION TRUST,100,General Surgery,2015-10-01,2020-09-01,60,60,0,0.0,0,False,True,2020-09-01
RDZ__101,RDZ,THE ROYAL BOURNEMOUTH AND CHRISTCHURCH HOSPITALS NHS FOUNDATION TRUST,101,Urology,2015-10-01,2020-09-01,60,60,0,0.0,0,False,True,2020-09-01
RDZ__110,RDZ,THE ROYAL BOURNEMOUTH AND CHRISTCHURCH HOSPITALS NHS FOUNDATION TRUST,110,Trauma & Orthopaedics,2015-10-01,2020-09-01,60,60,0,0.0,0,False,True,2020-09-01
RDZ__120,RDZ,THE ROYAL BOURNEMOUTH AND CHRISTCHURCH HOSPITALS NHS FOUNDATION TRUST,120,ENT,2015-10-01,2020-09-01,60,60,0,0.0,0,False,True,2020-09-01
RDZ__130,RDZ,THE ROYAL BOURNEMOUTH AND CHRISTCHURCH HOSPITALS NHS FOUNDATION TRUST,130,Ophthalmology,2015-10-01,2020-09-01,60,60,0,0.0,0,False,True,2020-09-01
RDZ__140,RDZ,THE ROYAL BOURNEMOUTH AND CHRISTCHURCH HOSPITALS NHS FOUNDATION TRUST,140,Oral Surgery,2015-10-01,2020-09-01,60,60,0,0.0,0,False,True,2020-09-01
RDZ__170,RDZ,THE ROYAL BOURNEMOUTH AND CHRISTCHURCH HOSPITALS NHS FOUNDATION TRUST,170,Cardiothoracic Surgery,2015-10-01,2020-09-01,60,60,0,0.0,0,False,True,2020-09-01
RDZ__300,RDZ,THE ROYAL BOURNEMOUTH AND CHRISTCHURCH HOSPITALS NHS FOUNDATION TRUST,300,General Medicine,2015-10-01,2020-09-01,60,60,0,0.0,0,False,True,2020-09-01
RDZ__320,RDZ,THE ROYAL BOURNEMOUTH AND CHRISTCHURCH HOSPITALS NHS FOUNDATION TRUST,320,Cardiology,2015-10-01,2020-09-01,60,60,0,0.0,0,False,True,2020-09-01
RDZ__330,RDZ,THE ROYAL BOURNEMOUTH AND CHRISTCHURCH HOSPITALS NHS FOUNDATION TRUST,330,Dermatology,2015-10-01,2020-09-01,60,60,0,0.0,0,False,True,2020-09-01
RDZ__340,RDZ,THE ROYAL BOURNEMOUTH AND CHRISTCHURCH HOSPITALS NHS FOUNDATION TRUST,340,Thoracic Medicine,2015-10-01,2020-09-01,60,60,0,0.0,0,False,True,2020-09-01
RDZ__400,RDZ,THE ROYAL BOURNEMOUTH AND CHRISTCHURCH HOSPITALS NHS FOUNDATION TRUST,400,Neurology,2015-10-01,2020-09-01,60,60,0,0.0,0,False,True,2020-09-01
RDZ__410,RDZ,THE ROYAL BOURNEMOUTH AND CHRISTCHURCH HOSPITALS NHS FOUNDATION TRUST,410,Rheumatology,2015-10-01,2020-09-01,60,60,0,0.0,0,False,True,2020-09-01
RDZ__430,RDZ,THE ROYAL BOURNEMOUTH AND CHRISTCHURCH HOSPITALS NHS FOUNDATION TRUST,430,Geriatric Medicine,2015-10-01,2020-09-01,60,60,0,0.0,0,False,True,2020-09-01
RDZ__502,RDZ,THE ROYAL BOURNEMOUTH AND CHRISTCHURCH HOSPITALS NHS FOUNDATION TRUST,502,Gynaecology,2015-10-01,2020-09-01,60,60,0,0.0,0,False,True,2020-09-01
RDZ__X01,RDZ,THE ROYAL BOURNEMOUTH AND CHRISTCHURCH HOSPITALS NHS FOUNDATION TRUST,X01,Other,2015-10-01,2020-09-01,60,60,0,0.0,0,False,True,2020-09-01
RE9__100,RE9,SOUTH TYNESIDE NHS FOUNDATION TRUST,100,General Surgery,2015-10-01,2019-03-01,42,42,0,0.0,0,False,True,2019-03-01
RE9__110,RE9,SOUTH TYNESIDE NHS FOUNDATION TRUST,110,Trauma & Orthopaedics,2015-10-01,2019-03-01,42,42,0,0.0,0,False,True,2019-03-01
RE9__120,RE9,SOUTH TYNESIDE NHS FOUNDATION TRUST,120,ENT,2015-10-01,2018-09-01,36,36,0,0.0,0,False,True,2018-09-01
RE9__130,RE9,SOUTH TYNESIDE NHS FOUNDATION TRUST,130,Ophthalmology,2015-10-01,2018-09-01,36,36,0,0.0,0,False,True,2018-09-01
RE9__160,RE9,SOUTH TYNESIDE NHS FOUNDATION TRUST,160,Plastic Surgery,2015-10-01,2019-03-01,42,42,0,0.0,0,False,True,2019-03-01
RE9__170,RE9,SOUTH TYNESIDE NHS FOUNDATION TRUST,170,Cardiothoracic Surgery,2015-10-01,2019-03-01,42,35,7,16.666666666666668,3,False,True,2019-03-01
RE9__300,RE9,SOUTH TYNESIDE NHS FOUNDATION TRUST,300,General Medicine,2015-10-01,2019-03-01,42,42,0,0.0,0,False,True,2019-03-01
RE9__301,RE9,SOUTH TYNESIDE NHS FOUNDATION TRUST,301,Gastroenterology,2015-10-01,2019-03-01,42,42,0,0.0,0,False,True,2019-03-01
RE9__320,RE9,SOUTH TYNESIDE NHS FOUNDATION TRUST,320,Cardiology,2015-10-01,2019-03-01,42,42,0,0.0,0,False,True,2019-03-01
RE9__330,RE9,SOUTH TYNESIDE NHS FOUNDATION TRUST,330,Dermatology,2015-10-01,2019-03-01,42,42,0,0.0,0,False,True,2019-03-01
RE9__340,RE9,SOUTH TYNESIDE NHS FOUNDATION TRUST,340,Thoracic Medicine,2015-10-01,2019-03-01,42,42,0,0.0,0,False,True,2019-03-01
RE9__430,RE9,SOUTH TYNESIDE NHS FOUNDATION TRUST,430,Geriatric Medicine,2015-10-01,2019-03-01,42,42,0,0.0,0,False,True,2019-03-01
RE9__502,RE9,SOUTH TYNESIDE NHS FOUNDATION TRUST,502,Gynaecology,2015-10-01,2019-03-01,42,42,0,0.0,0,False,True,2019-03-01
RE9__X01,RE9,SOUTH TYNESIDE NHS FOUNDATION TRUST,X01,Other,2015-10-01,2019-03-01,42,42,0,0.0,0,False,True,2019-03-01
REF__100,REF,ROYAL CORNWALL HOSPITALS NHS TRUST,100,General Surgery,2015-10-01,2026-05-01,128,128,0,0.0,0,False,False,2026-05-01
REF__101,REF,ROYAL CORNWALL HOSPITALS NHS TRUST,101,Urology,2015-10-01,2026-05-01,128,128,0,0.0,0,False,False,2026-05-01
REF__110,REF,ROYAL CORNWALL HOSPITALS NHS TRUST,110,Trauma & Orthopaedics,2015-10-01,2026-05-01,128,128,0,0.0,0,False,False,2026-05-01
REF__120,REF,ROYAL CORNWALL HOSPITALS NHS TRUST,120,ENT,2015-10-01,2026-05-01,128,128,0,0.0,0,False,False,2026-05-01
REF__130,REF,ROYAL CORNWALL HOSPITALS NHS TRUST,130,Ophthalmology,2015-10-01,2026-05-01,128,128,0,0.0,0,False,False,2026-05-01
REF__140,REF,ROYAL CORNWALL HOSPITALS NHS TRUST,140,Oral Surgery,2015-10-01,2026-05-01,128,128,0,0.0,0,False,False,2026-05-01
REF__170,REF,ROYAL CORNWALL HOSPITALS NHS TRUST,170,Cardiothoracic Surgery,2015-10-01,2017-11-01,26,25,1,3.8461538461538463,1,True,True,2017-11-01
REF__300,REF,ROYAL CORNWALL HOSPITALS NHS TRUST,300,General Medicine,2015-10-01,2026-04-01,127,115,12,9.448818897637794,3,False,True,2026-04-01
REF__301,REF,ROYAL CORNWALL HOSPITALS NHS TRUST,301,Gastroenterology,2015-10-01,2026-05-01,128,128,0,0.0,0,False,False,2026-05-01
REF__320,REF,ROYAL CORNWALL HOSPITALS NHS TRUST,320,Cardiology,2015-10-01,2026-05-01,128,128,0,0.0,0,False,False,2026-05-01
REF__330,REF,ROYAL CORNWALL HOSPITALS NHS TRUST,330,Dermatology,2015-10-01,2026-05-01,128,128,0,0.0,0,False,False,2026-05-01
REF__340,REF,ROYAL CORNWALL HOSPITALS NHS TRUST,340,Thoracic Medicine,2015-10-01,2026-05-01,128,128,0,0.0,0,False,False,2026-05-01
REF__400,REF,ROYAL CORNWALL HOSPITALS NHS TRUST,400,Neurology,2015-10-01,2026-05-01,128,128,0,0.0,0,False,False,2026-05-01
REF__410,REF,ROYAL CORNWALL HOSPITALS NHS TRUST,410,Rheumatology,2015-10-01,2026-05-01,128,128,0,0.0,0,False,False,2026-05-01
REF__430,REF,ROYAL CORNWALL HOSPITALS NHS TRUST,430,Geriatric Medicine,2015-10-01,2026-05-01,128,128,0,0.0,0,False,False,2026-05-01
REF__502,REF,ROYAL CORNWALL HOSPITALS NHS TRUST,502,Gynaecology,2015-10-01,2026-05-01,128,128,0,0.0,0,False,False,2026-05-01
REF__X01,REF,ROYAL CORNWALL HOSPITALS NHS TRUST,X01,Other,2015-10-01,2021-03-01,66,66,0,0.0,0,False,True,2021-03-01
REM__100,REM,AINTREE UNIVERSITY HOSPITAL NHS FOUNDATION TRUST,100,General Surgery,2015-10-01,2026-05-01,128,128,0,0.0,0,False,False,2026-05-01
REM__101,REM,AINTREE UNIVERSITY HOSPITAL NHS FOUNDATION TRUST,101,Urology,2015-10-01,2026-05-01,128,128,0,0.0,0,False,False,2026-05-01
REM__110,REM,AINTREE UNIVERSITY HOSPITAL NHS FOUNDATION TRUST,110,Trauma & Orthopaedics,2015-10-01,2026-05-01,128,128,0,0.0,0,False,False,2026-05-01
REM__120,REM,AINTREE UNIVERSITY HOSPITAL NHS FOUNDATION TRUST,120,ENT,2015-10-01,2026-05-01,128,128,0,0.0,0,False,False,2026-05-01
REM__130,REM,AINTREE UNIVERSITY HOSPITAL NHS FOUNDATION TRUST,130,Ophthalmology,2015-10-01,2026-05-01,128,128,0,0.0,0,False,False,2026-05-01
REM__140,REM,AINTREE UNIVERSITY HOSPITAL NHS FOUNDATION TRUST,140,Oral Surgery,2015-10-01,2026-05-01,128,128,0,0.0,0,False,False,2026-05-01
REM__170,REM,AINTREE UNIVERSITY HOSPITAL NHS FOUNDATION TRUST,170,Cardiothoracic Surgery,2015-10-01,2020-05-01,56,52,4,7.142857142857143,3,False,True,2020-05-01
REM__300,REM,AINTREE UNIVERSITY HOSPITAL NHS FOUNDATION TRUST,300,General Medicine,2015-10-01,2026-05-01,128,128,0,0.0,0,False,False,2026-05-01
REM__301,REM,AINTREE UNIVERSITY HOSPITAL NHS FOUNDATION TRUST,301,Gastroenterology,2015-10-01,2026-05-01,128,128,0,0.0,0,False,False,2026-05-01
REM__320,REM,AINTREE UNIVERSITY HOSPITAL NHS FOUNDATION TRUST,320,Cardiology,2015-10-01,2026-05-01,128,128,0,0.0,0,False,False,2026-05-01
REM__330,REM,AINTREE UNIVERSITY HOSPITAL NHS FOUNDATION TRUST,330,Dermatology,2015-10-01,2026-05-01,128,128,0,0.0,0,False,False,2026-05-01
REM__340,REM,AINTREE UNIVERSITY HOSPITAL NHS FOUNDATION TRUST,340,Thoracic Medicine,2015-10-01,2026-05-01,128,128,0,0.0,0,False,False,2026-05-01
REM__410,REM,AINTREE UNIVERSITY HOSPITAL NHS FOUNDATION TRUST,410,Rheumatology,2015-10-01,2026-05-01,128,128,0,0.0,0,False,False,2026-05-01
REM__430,REM,AINTREE UNIVERSITY HOSPITAL NHS FOUNDATION TRUST,430,Geriatric Medicine,2015-10-01,2026-05-01,128,128,0,0.0,0,False,False,2026-05-01
REM__X01,REM,AINTREE UNIVERSITY HOSPITAL NHS FOUNDATION TRUST,X01,Other,2015-10-01,2021-03-01,66,66,0,0.0,0,False,True,2021-03-01
REN__X01,REN,THE CLATTERBRIDGE CANCER CENTRE NHS FOUNDATION TRUST,X01,Other,2015-10-01,2021-03-01,66,66,0,0.0,0,False,True,2021-03-01
REP__502,REP,LIVERPOOL WOMEN'S NHS FOUNDATION TRUST,502,Gynaecology,2015-10-01,2026-05-01,128,127,1,0.78125,1,False,False,2026-05-01
REP__X01,REP,LIVERPOOL WOMEN'S NHS FOUNDATION TRUST,X01,Other,2015-10-01,2021-03-01,66,65,1,1.5151515151515151,1,False,True,2021-03-01
RET__150,RET,THE WALTON CENTRE NHS FOUNDATION TRUST,150,Neurosurgery,2015-10-01,2026-05-01,128,128,0,0.0,0,False,False,2026-05-01
RET__400,RET,THE WALTON CENTRE NHS FOUNDATION TRUST,400,Neurology,2015-10-01,2026-05-01,128,128,0,0.0,0,False,False,2026-05-01
RET__X01,RET,THE WALTON CENTRE NHS FOUNDATION TRUST,X01,Other,2015-10-01,2021-03-01,66,66,0,0.0,0,False,True,2021-03-01
RFF__100,RFF,BARNSLEY HOSPITAL NHS FOUNDATION TRUST,100,General Surgery,2015-10-01,2026-05-01,128,127,1,0.78125,1,False,False,2026-05-01
RFF__101,RFF,BARNSLEY HOSPITAL NHS FOUNDATION TRUST,101,Urology,2015-10-01,2026-05-01,128,127,1,0.78125,1,False,False,2026-05-01
RFF__110,RFF,BARNSLEY HOSPITAL NHS FOUNDATION TRUST,110,Trauma & Orthopaedics,2015-10-01,2026-05-01,128,127,1,0.78125,1,False,False,2026-05-01
RFF__120,RFF,BARNSLEY HOSPITAL NHS FOUNDATION TRUST,120,ENT,2015-10-01,2026-05-01,128,127,1,0.78125,1,False,False,2026-05-01
RFF__140,RFF,BARNSLEY HOSPITAL NHS FOUNDATION TRUST,140,Oral Surgery,2015-10-01,2026-05-01,128,127,1,0.78125,1,False,False,2026-05-01
RFF__300,RFF,BARNSLEY HOSPITAL NHS FOUNDATION TRUST,300,General Medicine,2015-10-01,2026-05-01,128,127,1,0.78125,1,False,False,2026-05-01
RFF__301,RFF,BARNSLEY HOSPITAL NHS FOUNDATION TRUST,301,Gastroenterology,2015-10-01,2026-05-01,128,127,1,0.78125,1,False,False,2026-05-01
RFF__320,RFF,BARNSLEY HOSPITAL NHS FOUNDATION TRUST,320,Cardiology,2015-10-01,2026-05-01,128,127,1,0.78125,1,False,False,2026-05-01
RFF__330,RFF,BARNSLEY HOSPITAL NHS FOUNDATION TRUST,330,Dermatology,2015-10-01,2026-05-01,128,127,1,0.78125,1,False,False,2026-05-01
RFF__340,RFF,BARNSLEY HOSPITAL NHS FOUNDATION TRUST,340,Thoracic Medicine,2015-10-01,2026-05-01,128,127,1,0.78125,1,False,False,2026-05-01
RFF__410,RFF,BARNSLEY HOSPITAL NHS FOUNDATION TRUST,410,Rheumatology,2015-10-01,2026-05-01,128,127,1,0.78125,1,False,False,2026-05-01
RFF__430,RFF,BARNSLEY HOSPITAL NHS FOUNDATION TRUST,430,Geriatric Medicine,2015-10-01,2026-05-01,128,127,1,0.78125,1,False,False,2026-05-01
RFF__502,RFF,BARNSLEY HOSPITAL NHS FOUNDATION TRUST,502,Gynaecology,2015-10-01,2026-05-01,128,127,1,0.78125,1,False,False,2026-05-01
RFF__X01,RFF,BARNSLEY HOSPITAL NHS FOUNDATION TRUST,X01,Other,2015-10-01,2021-03-01,66,65,1,1.5151515151515151,1,False,True,2021-03-01
RFR__100,RFR,THE ROTHERHAM NHS FOUNDATION TRUST,100,General Surgery,2015-10-01,2026-05-01,128,128,0,0.0,0,False,False,2026-05-01
RFR__101,RFR,THE ROTHERHAM NHS FOUNDATION TRUST,101,Urology,2015-10-01,2026-05-01,128,128,0,0.0,0,False,False,2026-05-01
RFR__110,RFR,THE ROTHERHAM NHS FOUNDATION TRUST,110,Trauma & Orthopaedics,2015-10-01,2026-05-01,128,128,0,0.0,0,False,False,2026-05-01
RFR__120,RFR,THE ROTHERHAM NHS FOUNDATION TRUST,120,ENT,2015-10-01,2026-05-01,128,128,0,0.0,0,False,False,2026-05-01
RFR__130,RFR,THE ROTHERHAM NHS FOUNDATION TRUST,130,Ophthalmology,2015-10-01,2026-05-01,128,128,0,0.0,0,False,False,2026-05-01
RFR__140,RFR,THE ROTHERHAM NHS FOUNDATION TRUST,140,Oral Surgery,2015-10-01,2026-05-01,128,128,0,0.0,0,False,False,2026-05-01
RFR__300,RFR,THE ROTHERHAM NHS FOUNDATION TRUST,300,General Medicine,2015-10-01,2026-05-01,128,128,0,0.0,0,False,False,2026-05-01
RFR__301,RFR,THE ROTHERHAM NHS FOUNDATION TRUST,301,Gastroenterology,2015-10-01,2026-05-01,128,128,0,0.0,0,False,False,2026-05-01
RFR__320,RFR,THE ROTHERHAM NHS FOUNDATION TRUST,320,Cardiology,2015-10-01,2026-05-01,128,128,0,0.0,0,False,False,2026-05-01
RFR__330,RFR,THE ROTHERHAM NHS FOUNDATION TRUST,330,Dermatology,2015-10-01,2026-05-01,128,128,0,0.0,0,False,False,2026-05-01
RFR__340,RFR,THE ROTHERHAM NHS FOUNDATION TRUST,340,Thoracic Medicine,2015-10-01,2026-05-01,128,128,0,0.0,0,False,False,2026-05-01
RFR__410,RFR,THE ROTHERHAM NHS FOUNDATION TRUST,410,Rheumatology,2015-10-01,2026-05-01,128,128,0,0.0,0,False,False,2026-05-01
RFR__430,RFR,THE ROTHERHAM NHS FOUNDATION TRUST,430,Geriatric Medicine,2015-10-01,2026-05-01,128,128,0,0.0,0,False,False,2026-05-01
RFR__502,RFR,THE ROTHERHAM NHS FOUNDATION TRUST,502,Gynaecology,2015-10-01,2026-05-01,128,128,0,0.0,0,False,False,2026-05-01
RFR__X01,RFR,THE ROTHERHAM NHS FOUNDATION TRUST,X01,Other,2015-10-01,2021-03-01,66,66,0,0.0,0,False,True,2021-03-01
RFS__100,RFS,CHESTERFIELD ROYAL HOSPITAL NHS FOUNDATION TRUST,100,General Surgery,2015-10-01,2026-05-01,128,128,0,0.0,0,False,False,2026-05-01
RFS__101,RFS,CHESTERFIELD ROYAL HOSPITAL NHS FOUNDATION TRUST,101,Urology,2015-10-01,2026-05-01,128,128,0,0.0,0,False,False,2026-05-01
RFS__110,RFS,CHESTERFIELD ROYAL HOSPITAL NHS FOUNDATION TRUST,110,Trauma & Orthopaedics,2015-10-01,2026-05-01,128,128,0,0.0,0,False,False,2026-05-01
RFS__120,RFS,CHESTERFIELD ROYAL HOSPITAL NHS FOUNDATION TRUST,120,ENT,2015-10-01,2026-05-01,128,128,0,0.0,0,False,False,2026-05-01
RFS__130,RFS,CHESTERFIELD ROYAL HOSPITAL NHS FOUNDATION TRUST,130,Ophthalmology,2015-10-01,2026-05-01,128,128,0,0.0,0,False,False,2026-05-01
RFS__140,RFS,CHESTERFIELD ROYAL HOSPITAL NHS FOUNDATION TRUST,140,Oral Surgery,2015-10-01,2026-05-01,128,128,0,0.0,0,False,False,2026-05-01
RFS__300,RFS,CHESTERFIELD ROYAL HOSPITAL NHS FOUNDATION TRUST,300,General Medicine,2015-10-01,2026-05-01,128,128,0,0.0,0,False,False,2026-05-01
RFS__301,RFS,CHESTERFIELD ROYAL HOSPITAL NHS FOUNDATION TRUST,301,Gastroenterology,2015-10-01,2026-05-01,128,128,0,0.0,0,False,False,2026-05-01
RFS__320,RFS,CHESTERFIELD ROYAL HOSPITAL NHS FOUNDATION TRUST,320,Cardiology,2015-10-01,2026-05-01,128,128,0,0.0,0,False,False,2026-05-01
RFS__330,RFS,CHESTERFIELD ROYAL HOSPITAL NHS FOUNDATION TRUST,330,Dermatology,2015-10-01,2026-05-01,128,128,0,0.0,0,False,False,2026-05-01
RFS__340,RFS,CHESTERFIELD ROYAL HOSPITAL NHS FOUNDATION TRUST,340,Thoracic Medicine,2015-10-01,2026-05-01,128,128,0,0.0,0,False,False,2026-05-01
RFS__410,RFS,CHESTERFIELD ROYAL HOSPITAL NHS FOUNDATION TRUST,410,Rheumatology,2015-10-01,2026-05-01,128,128,0,0.0,0,False,False,2026-05-01
RFS__502,RFS,CHESTERFIELD ROYAL HOSPITAL NHS FOUNDATION TRUST,502,Gynaecology,2015-10-01,2026-05-01,128,128,0,0.0,0,False,False,2026-05-01
RFS__X01,RFS,CHESTERFIELD ROYAL HOSPITAL NHS FOUNDATION TRUST,X01,Other,2015-10-01,2021-03-01,66,66,0,0.0,0,False,True,2021-03-01
RGM__170,RGM,PAPWORTH HOSPITAL NHS FOUNDATION TRUST,170,Cardiothoracic Surgery,2015-10-01,2026-05-01,128,128,0,0.0,0,False,False,2026-05-01
RGM__320,RGM,PAPWORTH HOSPITAL NHS FOUNDATION TRUST,320,Cardiology,2015-10-01,2026-05-01,128,128,0,0.0,0,False,False,2026-05-01
RGM__340,RGM,PAPWORTH HOSPITAL NHS FOUNDATION TRUST,340,Thoracic Medicine,2015-10-01,2026-05-01,128,128,0,0.0,0,False,False,2026-05-01
RGN__100,RGN,PETERBOROUGH AND STAMFORD HOSPITALS NHS FOUNDATION TRUST,100,General Surgery,2015-10-01,2026-05-01,128,116,12,9.375,12,False,False,2026-05-01
RGN__101,RGN,PETERBOROUGH AND STAMFORD HOSPITALS NHS FOUNDATION TRUST,101,Urology,2015-10-01,2026-05-01,128,116,12,9.375,12,False,False,2026-05-01
RGN__110,RGN,PETERBOROUGH AND STAMFORD HOSPITALS NHS FOUNDATION TRUST,110,Trauma & Orthopaedics,2015-10-01,2026-05-01,128,116,12,9.375,12,False,False,2026-05-01
RGN__120,RGN,PETERBOROUGH AND STAMFORD HOSPITALS NHS FOUNDATION TRUST,120,ENT,2015-10-01,2026-05-01,128,116,12,9.375,12,False,False,2026-05-01
RGN__130,RGN,PETERBOROUGH AND STAMFORD HOSPITALS NHS FOUNDATION TRUST,130,Ophthalmology,2015-10-01,2026-05-01,128,116,12,9.375,12,False,False,2026-05-01
RGN__140,RGN,PETERBOROUGH AND STAMFORD HOSPITALS NHS FOUNDATION TRUST,140,Oral Surgery,2015-10-01,2026-05-01,128,116,12,9.375,12,False,False,2026-05-01
RGN__150,RGN,PETERBOROUGH AND STAMFORD HOSPITALS NHS FOUNDATION TRUST,150,Neurosurgery,2015-10-01,2023-01-01,88,54,34,38.63636363636363,13,False,True,2023-01-01
RGN__160,RGN,PETERBOROUGH AND STAMFORD HOSPITALS NHS FOUNDATION TRUST,160,Plastic Surgery,2015-10-01,2026-05-01,128,116,12,9.375,12,False,False,2026-05-01
RGN__170,RGN,PETERBOROUGH AND STAMFORD HOSPITALS NHS FOUNDATION TRUST,170,Cardiothoracic Surgery,2015-10-01,2022-06-01,81,58,23,28.395061728395063,16,False,True,2022-06-01
RGN__300,RGN,PETERBOROUGH AND STAMFORD HOSPITALS NHS FOUNDATION TRUST,300,General Medicine,2015-10-01,2026-05-01,128,115,13,10.15625,12,False,False,2026-05-01
RGN__301,RGN,PETERBOROUGH AND STAMFORD HOSPITALS NHS FOUNDATION TRUST,301,Gastroenterology,2015-10-01,2026-05-01,128,116,12,9.375,12,False,False,2026-05-01
RGN__320,RGN,PETERBOROUGH AND STAMFORD HOSPITALS NHS FOUNDATION TRUST,320,Cardiology,2015-10-01,2026-05-01,128,116,12,9.375,12,False,False,2026-05-01
RGN__330,RGN,PETERBOROUGH AND STAMFORD HOSPITALS NHS FOUNDATION TRUST,330,Dermatology,2015-10-01,2026-05-01,128,116,12,9.375,12,False,False,2026-05-01
RGN__340,RGN,PETERBOROUGH AND STAMFORD HOSPITALS NHS FOUNDATION TRUST,340,Thoracic Medicine,2015-10-01,2026-05-01,128,116,12,9.375,12,False,False,2026-05-01
RGN__400,RGN,PETERBOROUGH AND STAMFORD HOSPITALS NHS FOUNDATION TRUST,400,Neurology,2015-10-01,2026-05-01,128,116,12,9.375,12,False,False,2026-05-01
RGN__410,RGN,PETERBOROUGH AND STAMFORD HOSPITALS NHS FOUNDATION TRUST,410,Rheumatology,2015-10-01,2026-05-01,128,116,12,9.375,12,False,False,2026-05-01
RGN__430,RGN,PETERBOROUGH AND STAMFORD HOSPITALS NHS FOUNDATION TRUST,430,Geriatric Medicine,2015-10-01,2026-05-01,128,116,12,9.375,12,False,False,2026-05-01
RGN__502,RGN,PETERBOROUGH AND STAMFORD HOSPITALS NHS FOUNDATION TRUST,502,Gynaecology,2015-10-01,2026-05-01,128,116,12,9.375,12,False,False,2026-05-01
RGN__X01,RGN,PETERBOROUGH AND STAMFORD HOSPITALS NHS FOUNDATION TRUST,X01,Other,2015-10-01,2021-03-01,66,54,12,18.181818181818183,12,False,True,2021-03-01
RGP__100,RGP,JAMES PAGET UNIVERSITY HOSPITALS NHS FOUNDATION TRUST,100,General Surgery,2015-10-01,2026-05-01,128,128,0,0.0,0,False,False,2026-05-01
RGP__101,RGP,JAMES PAGET UNIVERSITY HOSPITALS NHS FOUNDATION TRUST,101,Urology,2015-10-01,2026-05-01,128,90,38,29.6875,35,False,False,2026-05-01
RGP__110,RGP,JAMES PAGET UNIVERSITY HOSPITALS NHS FOUNDATION TRUST,110,Trauma & Orthopaedics,2015-10-01,2026-05-01,128,128,0,0.0,0,False,False,2026-05-01
RGP__120,RGP,JAMES PAGET UNIVERSITY HOSPITALS NHS FOUNDATION TRUST,120,ENT,2015-10-01,2026-05-01,128,90,38,29.6875,35,False,False,2026-05-01
RGP__130,RGP,JAMES PAGET UNIVERSITY HOSPITALS NHS FOUNDATION TRUST,130,Ophthalmology,2015-10-01,2026-05-01,128,128,0,0.0,0,False,False,2026-05-01
RGP__140,RGP,JAMES PAGET UNIVERSITY HOSPITALS NHS FOUNDATION TRUST,140,Oral Surgery,2015-10-01,2026-05-01,128,128,0,0.0,0,False,False,2026-05-01
RGP__160,RGP,JAMES PAGET UNIVERSITY HOSPITALS NHS FOUNDATION TRUST,160,Plastic Surgery,2015-10-01,2026-05-01,128,128,0,0.0,0,False,False,2026-05-01
RGP__300,RGP,JAMES PAGET UNIVERSITY HOSPITALS NHS FOUNDATION TRUST,300,General Medicine,2015-10-01,2026-05-01,128,128,0,0.0,0,False,False,2026-05-01
RGP__301,RGP,JAMES PAGET UNIVERSITY HOSPITALS NHS FOUNDATION TRUST,301,Gastroenterology,2015-10-01,2026-05-01,128,127,1,0.78125,1,False,False,2026-05-01
RGP__320,RGP,JAMES PAGET UNIVERSITY HOSPITALS NHS FOUNDATION TRUST,320,Cardiology,2015-10-01,2026-05-01,128,128,0,0.0,0,False,False,2026-05-01
RGP__330,RGP,JAMES PAGET UNIVERSITY HOSPITALS NHS FOUNDATION TRUST,330,Dermatology,2015-10-01,2026-05-01,128,128,0,0.0,0,False,False,2026-05-01
RGP__340,RGP,JAMES PAGET UNIVERSITY HOSPITALS NHS FOUNDATION TRUST,340,Thoracic Medicine,2015-10-01,2026-05-01,128,128,0,0.0,0,False,False,2026-05-01
RGP__400,RGP,JAMES PAGET UNIVERSITY HOSPITALS NHS FOUNDATION TRUST,400,Neurology,2015-10-01,2026-05-01,128,128,0,0.0,0,False,False,2026-05-01
RGP__410,RGP,JAMES PAGET UNIVERSITY HOSPITALS NHS FOUNDATION TRUST,410,Rheumatology,2015-10-01,2026-05-01,128,128,0,0.0,0,False,False,2026-05-01
RGP__502,RGP,JAMES PAGET UNIVERSITY HOSPITALS NHS FOUNDATION TRUST,502,Gynaecology,2015-10-01,2026-05-01,128,128,0,0.0,0,False,False,2026-05-01
RGP__X01,RGP,JAMES PAGET UNIVERSITY HOSPITALS NHS FOUNDATION TRUST,X01,Other,2015-10-01,2021-03-01,66,66,0,0.0,0,False,True,2021-03-01
RGQ__100,RGQ,IPSWICH HOSPITAL NHS TRUST,100,General Surgery,2015-10-01,2018-06-01,33,33,0,0.0,0,True,True,2018-06-01
RGQ__101,RGQ,IPSWICH HOSPITAL NHS TRUST,101,Urology,2015-10-01,2018-06-01,33,33,0,0.0,0,True,True,2018-06-01
RGQ__110,RGQ,IPSWICH HOSPITAL NHS TRUST,110,Trauma & Orthopaedics,2015-10-01,2018-06-01,33,33,0,0.0,0,True,True,2018-06-01
RGQ__120,RGQ,IPSWICH HOSPITAL NHS TRUST,120,ENT,2015-10-01,2018-06-01,33,33,0,0.0,0,True,True,2018-06-01
RGQ__130,RGQ,IPSWICH HOSPITAL NHS TRUST,130,Ophthalmology,2015-10-01,2018-06-01,33,33,0,0.0,0,True,True,2018-06-01
RGQ__140,RGQ,IPSWICH HOSPITAL NHS TRUST,140,Oral Surgery,2015-10-01,2018-06-01,33,33,0,0.0,0,True,True,2018-06-01
RGQ__160,RGQ,IPSWICH HOSPITAL NHS TRUST,160,Plastic Surgery,2015-10-01,2018-06-01,33,33,0,0.0,0,True,True,2018-06-01
RGQ__300,RGQ,IPSWICH HOSPITAL NHS TRUST,300,General Medicine,2015-10-01,2018-06-01,33,33,0,0.0,0,True,True,2018-06-01
RGQ__301,RGQ,IPSWICH HOSPITAL NHS TRUST,301,Gastroenterology,2015-10-01,2018-06-01,33,33,0,0.0,0,True,True,2018-06-01
RGQ__320,RGQ,IPSWICH HOSPITAL NHS TRUST,320,Cardiology,2015-10-01,2018-06-01,33,33,0,0.0,0,True,True,2018-06-01
RGQ__330,RGQ,IPSWICH HOSPITAL NHS TRUST,330,Dermatology,2015-10-01,2018-06-01,33,33,0,0.0,0,True,True,2018-06-01
RGQ__340,RGQ,IPSWICH HOSPITAL NHS TRUST,340,Thoracic Medicine,2015-10-01,2018-06-01,33,33,0,0.0,0,True,True,2018-06-01
RGQ__400,RGQ,IPSWICH HOSPITAL NHS TRUST,400,Neurology,2015-10-01,2018-06-01,33,33,0,0.0,0,True,True,2018-06-01
RGQ__410,RGQ,IPSWICH HOSPITAL NHS TRUST,410,Rheumatology,2015-10-01,2018-06-01,33,33,0,0.0,0,True,True,2018-06-01
RGQ__430,RGQ,IPSWICH HOSPITAL NHS TRUST,430,Geriatric Medicine,2015-10-01,2018-06-01,33,33,0,0.0,0,True,True,2018-06-01
RGQ__502,RGQ,IPSWICH HOSPITAL NHS TRUST,502,Gynaecology,2015-10-01,2018-06-01,33,33,0,0.0,0,True,True,2018-06-01
RGQ__X01,RGQ,IPSWICH HOSPITAL NHS TRUST,X01,Other,2015-10-01,2018-06-01,33,33,0,0.0,0,True,True,2018-06-01
RGR__100,RGR,WEST SUFFOLK NHS FOUNDATION TRUST,100,General Surgery,2015-10-01,2026-05-01,128,128,0,0.0,0,False,False,2026-05-01
RGR__101,RGR,WEST SUFFOLK NHS FOUNDATION TRUST,101,Urology,2015-10-01,2026-05-01,128,128,0,0.0,0,False,False,2026-05-01
RGR__110,RGR,WEST SUFFOLK NHS FOUNDATION TRUST,110,Trauma & Orthopaedics,2015-10-01,2026-05-01,128,128,0,0.0,0,False,False,2026-05-01
RGR__120,RGR,WEST SUFFOLK NHS FOUNDATION TRUST,120,ENT,2015-10-01,2026-05-01,128,128,0,0.0,0,False,False,2026-05-01
RGR__130,RGR,WEST SUFFOLK NHS FOUNDATION TRUST,130,Ophthalmology,2015-10-01,2026-05-01,128,128,0,0.0,0,False,False,2026-05-01
RGR__140,RGR,WEST SUFFOLK NHS FOUNDATION TRUST,140,Oral Surgery,2015-10-01,2018-09-01,36,28,8,22.22222222222222,4,False,True,2018-09-01
RGR__160,RGR,WEST SUFFOLK NHS FOUNDATION TRUST,160,Plastic Surgery,2015-10-01,2026-05-01,128,128,0,0.0,0,False,False,2026-05-01
RGR__170,RGR,WEST SUFFOLK NHS FOUNDATION TRUST,170,Cardiothoracic Surgery,2015-10-01,2017-05-01,20,19,1,5.0,1,True,True,2017-05-01
RGR__300,RGR,WEST SUFFOLK NHS FOUNDATION TRUST,300,General Medicine,2015-10-01,2026-05-01,128,128,0,0.0,0,False,False,2026-05-01
RGR__320,RGR,WEST SUFFOLK NHS FOUNDATION TRUST,320,Cardiology,2015-10-01,2026-05-01,128,128,0,0.0,0,False,False,2026-05-01
RGR__330,RGR,WEST SUFFOLK NHS FOUNDATION TRUST,330,Dermatology,2015-10-01,2026-05-01,128,128,0,0.0,0,False,False,2026-05-01
RGR__340,RGR,WEST SUFFOLK NHS FOUNDATION TRUST,340,Thoracic Medicine,2015-10-01,2026-05-01,128,128,0,0.0,0,False,False,2026-05-01
RGR__400,RGR,WEST SUFFOLK NHS FOUNDATION TRUST,400,Neurology,2015-10-01,2026-05-01,128,128,0,0.0,0,False,False,2026-05-01
RGR__410,RGR,WEST SUFFOLK NHS FOUNDATION TRUST,410,Rheumatology,2015-10-01,2026-05-01,128,128,0,0.0,0,False,False,2026-05-01
RGR__430,RGR,WEST SUFFOLK NHS FOUNDATION TRUST,430,Geriatric Medicine,2015-10-01,2026-05-01,128,128,0,0.0,0,False,False,2026-05-01
RGR__502,RGR,WEST SUFFOLK NHS FOUNDATION TRUST,502,Gynaecology,2015-10-01,2026-05-01,128,128,0,0.0,0,False,False,2026-05-01
RGR__X01,RGR,WEST SUFFOLK NHS FOUNDATION TRUST,X01,Other,2015-10-01,2021-03-01,66,66,0,0.0,0,False,True,2021-03-01
RGT__100,RGT,CAMBRIDGE UNIVERSITY HOSPITALS NHS FOUNDATION TRUST,100,General Surgery,2015-10-01,2026-05-01,128,128,0,0.0,0,False,False,2026-05-01
RGT__101,RGT,CAMBRIDGE UNIVERSITY HOSPITALS NHS FOUNDATION TRUST,101,Urology,2015-10-01,2026-05-01,128,128,0,0.0,0,False,False,2026-05-01
RGT__110,RGT,CAMBRIDGE UNIVERSITY HOSPITALS NHS FOUNDATION TRUST,110,Trauma & Orthopaedics,2015-10-01,2026-05-01,128,128,0,0.0,0,False,False,2026-05-01
RGT__120,RGT,CAMBRIDGE UNIVERSITY HOSPITALS NHS FOUNDATION TRUST,120,ENT,2015-10-01,2026-05-01,128,128,0,0.0,0,False,False,2026-05-01
RGT__130,RGT,CAMBRIDGE UNIVERSITY HOSPITALS NHS FOUNDATION TRUST,130,Ophthalmology,2015-10-01,2026-05-01,128,128,0,0.0,0,False,False,2026-05-01
RGT__140,RGT,CAMBRIDGE UNIVERSITY HOSPITALS NHS FOUNDATION TRUST,140,Oral Surgery,2015-10-01,2026-05-01,128,128,0,0.0,0,False,False,2026-05-01
RGT__150,RGT,CAMBRIDGE UNIVERSITY HOSPITALS NHS FOUNDATION TRUST,150,Neurosurgery,2015-10-01,2026-05-01,128,128,0,0.0,0,False,False,2026-05-01
RGT__160,RGT,CAMBRIDGE UNIVERSITY HOSPITALS NHS FOUNDATION TRUST,160,Plastic Surgery,2015-10-01,2026-05-01,128,128,0,0.0,0,False,False,2026-05-01
RGT__300,RGT,CAMBRIDGE UNIVERSITY HOSPITALS NHS FOUNDATION TRUST,300,General Medicine,2015-10-01,2026-05-01,128,128,0,0.0,0,False,False,2026-05-01
RGT__301,RGT,CAMBRIDGE UNIVERSITY HOSPITALS NHS FOUNDATION TRUST,301,Gastroenterology,2015-10-01,2026-05-01,128,128,0,0.0,0,False,False,2026-05-01
RGT__320,RGT,CAMBRIDGE UNIVERSITY HOSPITALS NHS FOUNDATION TRUST,320,Cardiology,2015-10-01,2026-05-01,128,128,0,0.0,0,False,False,2026-05-01
RGT__330,RGT,CAMBRIDGE UNIVERSITY HOSPITALS NHS FOUNDATION TRUST,330,Dermatology,2015-10-01,2026-05-01,128,128,0,0.0,0,False,False,2026-05-01
RGT__340,RGT,CAMBRIDGE UNIVERSITY HOSPITALS NHS FOUNDATION TRUST,340,Thoracic Medicine,2015-10-01,2026-05-01,128,128,0,0.0,0,False,False,2026-05-01
RGT__400,RGT,CAMBRIDGE UNIVERSITY HOSPITALS NHS FOUNDATION TRUST,400,Neurology,2015-10-01,2026-05-01,128,128,0,0.0,0,False,False,2026-05-01
RGT__410,RGT,CAMBRIDGE UNIVERSITY HOSPITALS NHS FOUNDATION TRUST,410,Rheumatology,2015-10-01,2026-05-01,128,128,0,0.0,0,False,False,2026-05-01
RGT__430,RGT,CAMBRIDGE UNIVERSITY HOSPITALS NHS FOUNDATION TRUST,430,Geriatric Medicine,2015-10-01,2026-05-01,128,128,0,0.0,0,False,False,2026-05-01
RGT__502,RGT,CAMBRIDGE UNIVERSITY HOSPITALS NHS FOUNDATION TRUST,502,Gynaecology,2015-10-01,2026-05-01,128,128,0,0.0,0,False,False,2026-05-01
RGT__X01,RGT,CAMBRIDGE UNIVERSITY HOSPITALS NHS FOUNDATION TRUST,X01,Other,2015-10-01,2021-03-01,66,66,0,0.0,0,False,True,2021-03-01
RH5__101,RH5,SOMERSET PARTNERSHIP NHS FOUNDATION TRUST,101,Urology,2015-10-01,2026-05-01,128,102,26,20.3125,15,False,False,2026-05-01
RH5__110,RH5,SOMERSET PARTNERSHIP NHS FOUNDATION TRUST,110,Trauma & Orthopaedics,2015-10-01,2026-05-01,128,128,0,0.0,0,False,False,2026-05-01
RH5__300,RH5,SOMERSET PARTNERSHIP NHS FOUNDATION TRUST,300,General Medicine,2015-10-01,2026-05-01,128,94,34,26.5625,27,False,False,2026-05-01
RH5__502,RH5,SOMERSET PARTNERSHIP NHS FOUNDATION TRUST,502,Gynaecology,2015-10-01,2026-05-01,128,99,29,22.65625,26,False,False,2026-05-01
RH5__X01,RH5,SOMERSET PARTNERSHIP NHS FOUNDATION TRUST,X01,Other,2015-10-01,2021-03-01,66,66,0,0.0,0,False,True,2021-03-01
RH8__100,RH8,ROYAL DEVON AND EXETER NHS FOUNDATION TRUST,100,General Surgery,2015-10-01,2026-05-01,128,128,0,0.0,0,False,False,2026-05-01
RH8__101,RH8,ROYAL DEVON AND EXETER NHS FOUNDATION TRUST,101,Urology,2015-10-01,2026-05-01,128,128,0,0.0,0,False,False,2026-05-01
RH8__110,RH8,ROYAL DEVON AND EXETER NHS FOUNDATION TRUST,110,Trauma & Orthopaedics,2015-10-01,2026-05-01,128,128,0,0.0,0,False,False,2026-05-01
RH8__120,RH8,ROYAL DEVON AND EXETER NHS FOUNDATION TRUST,120,ENT,2015-10-01,2026-05-01,128,128,0,0.0,0,False,False,2026-05-01
RH8__130,RH8,ROYAL DEVON AND EXETER NHS FOUNDATION TRUST,130,Ophthalmology,2015-10-01,2026-05-01,128,128,0,0.0,0,False,False,2026-05-01
RH8__140,RH8,ROYAL DEVON AND EXETER NHS FOUNDATION TRUST,140,Oral Surgery,2015-10-01,2026-05-01,128,128,0,0.0,0,False,False,2026-05-01
RH8__160,RH8,ROYAL DEVON AND EXETER NHS FOUNDATION TRUST,160,Plastic Surgery,2015-10-01,2026-05-01,128,128,0,0.0,0,False,False,2026-05-01
RH8__170,RH8,ROYAL DEVON AND EXETER NHS FOUNDATION TRUST,170,Cardiothoracic Surgery,2015-10-01,2026-05-01,128,95,33,25.78125,8,False,False,2026-05-01
RH8__300,RH8,ROYAL DEVON AND EXETER NHS FOUNDATION TRUST,300,General Medicine,2015-10-01,2026-05-01,128,128,0,0.0,0,False,False,2026-05-01
RH8__301,RH8,ROYAL DEVON AND EXETER NHS FOUNDATION TRUST,301,Gastroenterology,2015-10-01,2026-05-01,128,128,0,0.0,0,False,False,2026-05-01
RH8__320,RH8,ROYAL DEVON AND EXETER NHS FOUNDATION TRUST,320,Cardiology,2015-10-01,2026-05-01,128,128,0,0.0,0,False,False,2026-05-01
RH8__330,RH8,ROYAL DEVON AND EXETER NHS FOUNDATION TRUST,330,Dermatology,2015-10-01,2026-05-01,128,128,0,0.0,0,False,False,2026-05-01
RH8__340,RH8,ROYAL DEVON AND EXETER NHS FOUNDATION TRUST,340,Thoracic Medicine,2015-10-01,2026-05-01,128,128,0,0.0,0,False,False,2026-05-01
RH8__400,RH8,ROYAL DEVON AND EXETER NHS FOUNDATION TRUST,400,Neurology,2015-10-01,2026-05-01,128,128,0,0.0,0,False,False,2026-05-01
RH8__410,RH8,ROYAL DEVON AND EXETER NHS FOUNDATION TRUST,410,Rheumatology,2015-10-01,2026-05-01,128,128,0,0.0,0,False,False,2026-05-01
RH8__430,RH8,ROYAL DEVON AND EXETER NHS FOUNDATION TRUST,430,Geriatric Medicine,2015-10-01,2026-05-01,128,128,0,0.0,0,False,False,2026-05-01
RH8__502,RH8,ROYAL DEVON AND EXETER NHS FOUNDATION TRUST,502,Gynaecology,2015-10-01,2026-05-01,128,128,0,0.0,0,False,False,2026-05-01
RH8__X01,RH8,ROYAL DEVON AND EXETER NHS FOUNDATION TRUST,X01,Other,2015-10-01,2021-03-01,66,66,0,0.0,0,False,True,2021-03-01
RHM__100,RHM,UNIVERSITY HOSPITAL SOUTHAMPTON NHS FOUNDATION TRUST,100,General Surgery,2015-10-01,2026-05-01,128,128,0,0.0,0,False,False,2026-05-01
RHM__101,RHM,UNIVERSITY HOSPITAL SOUTHAMPTON NHS FOUNDATION TRUST,101,Urology,2015-10-01,2026-05-01,128,128,0,0.0,0,False,False,2026-05-01
RHM__110,RHM,UNIVERSITY HOSPITAL SOUTHAMPTON NHS FOUNDATION TRUST,110,Trauma & Orthopaedics,2015-10-01,2026-05-01,128,128,0,0.0,0,False,False,2026-05-01
RHM__120,RHM,UNIVERSITY HOSPITAL SOUTHAMPTON NHS FOUNDATION TRUST,120,ENT,2015-10-01,2026-05-01,128,128,0,0.0,0,False,False,2026-05-01
RHM__130,RHM,UNIVERSITY HOSPITAL SOUTHAMPTON NHS FOUNDATION TRUST,130,Ophthalmology,2015-10-01,2026-05-01,128,128,0,0.0,0,False,False,2026-05-01
RHM__140,RHM,UNIVERSITY HOSPITAL SOUTHAMPTON NHS FOUNDATION TRUST,140,Oral Surgery,2015-10-01,2026-05-01,128,128,0,0.0,0,False,False,2026-05-01
RHM__150,RHM,UNIVERSITY HOSPITAL SOUTHAMPTON NHS FOUNDATION TRUST,150,Neurosurgery,2015-10-01,2026-05-01,128,128,0,0.0,0,False,False,2026-05-01
RHM__300,RHM,UNIVERSITY HOSPITAL SOUTHAMPTON NHS FOUNDATION TRUST,300,General Medicine,2015-10-01,2026-05-01,128,128,0,0.0,0,False,False,2026-05-01
RHM__301,RHM,UNIVERSITY HOSPITAL SOUTHAMPTON NHS FOUNDATION TRUST,301,Gastroenterology,2015-10-01,2026-05-01,128,128,0,0.0,0,False,False,2026-05-01
RHM__320,RHM,UNIVERSITY HOSPITAL SOUTHAMPTON NHS FOUNDATION TRUST,320,Cardiology,2015-10-01,2026-05-01,128,128,0,0.0,0,False,False,2026-05-01
RHM__330,RHM,UNIVERSITY HOSPITAL SOUTHAMPTON NHS FOUNDATION TRUST,330,Dermatology,2015-10-01,2026-05-01,128,128,0,0.0,0,False,False,2026-05-01
RHM__340,RHM,UNIVERSITY HOSPITAL SOUTHAMPTON NHS FOUNDATION TRUST,340,Thoracic Medicine,2015-10-01,2026-05-01,128,128,0,0.0,0,False,False,2026-05-01
RHM__400,RHM,UNIVERSITY HOSPITAL SOUTHAMPTON NHS FOUNDATION TRUST,400,Neurology,2015-10-01,2026-05-01,128,128,0,0.0,0,False,False,2026-05-01
RHM__410,RHM,UNIVERSITY HOSPITAL SOUTHAMPTON NHS FOUNDATION TRUST,410,Rheumatology,2015-10-01,2026-05-01,128,128,0,0.0,0,False,False,2026-05-01
RHM__430,RHM,UNIVERSITY HOSPITAL SOUTHAMPTON NHS FOUNDATION TRUST,430,Geriatric Medicine,2015-10-01,2026-05-01,128,128,0,0.0,0,False,False,2026-05-01
RHM__502,RHM,UNIVERSITY HOSPITAL SOUTHAMPTON NHS FOUNDATION TRUST,502,Gynaecology,2015-10-01,2026-05-01,128,128,0,0.0,0,False,False,2026-05-01
RHM__X01,RHM,UNIVERSITY HOSPITAL SOUTHAMPTON NHS FOUNDATION TRUST,X01,Other,2015-10-01,2021-03-01,66,66,0,0.0,0,False,True,2021-03-01
RHQ__100,RHQ,SHEFFIELD TEACHING HOSPITALS NHS FOUNDATION TRUST,100,General Surgery,2015-10-01,2025-06-01,117,117,0,0.0,0,False,True,2025-06-01
RHQ__101,RHQ,SHEFFIELD TEACHING HOSPITALS NHS FOUNDATION TRUST,101,Urology,2015-10-01,2025-06-01,117,117,0,0.0,0,False,True,2025-06-01
RHQ__110,RHQ,SHEFFIELD TEACHING HOSPITALS NHS FOUNDATION TRUST,110,Trauma & Orthopaedics,2015-10-01,2025-06-01,117,117,0,0.0,0,False,True,2025-06-01
RHQ__120,RHQ,SHEFFIELD TEACHING HOSPITALS NHS FOUNDATION TRUST,120,ENT,2015-10-01,2025-06-01,117,117,0,0.0,0,False,True,2025-06-01
RHQ__130,RHQ,SHEFFIELD TEACHING HOSPITALS NHS FOUNDATION TRUST,130,Ophthalmology,2015-10-01,2025-06-01,117,117,0,0.0,0,False,True,2025-06-01
RHQ__140,RHQ,SHEFFIELD TEACHING HOSPITALS NHS FOUNDATION TRUST,140,Oral Surgery,2015-10-01,2025-06-01,117,117,0,0.0,0,False,True,2025-06-01
RHQ__150,RHQ,SHEFFIELD TEACHING HOSPITALS NHS FOUNDATION TRUST,150,Neurosurgery,2015-10-01,2025-06-01,117,117,0,0.0,0,False,True,2025-06-01
RHQ__160,RHQ,SHEFFIELD TEACHING HOSPITALS NHS FOUNDATION TRUST,160,Plastic Surgery,2015-10-01,2025-06-01,117,117,0,0.0,0,False,True,2025-06-01
RHQ__170,RHQ,SHEFFIELD TEACHING HOSPITALS NHS FOUNDATION TRUST,170,Cardiothoracic Surgery,2015-10-01,2025-06-01,117,117,0,0.0,0,False,True,2025-06-01
RHQ__300,RHQ,SHEFFIELD TEACHING HOSPITALS NHS FOUNDATION TRUST,300,General Medicine,2015-10-01,2025-06-01,117,117,0,0.0,0,False,True,2025-06-01
RHQ__301,RHQ,SHEFFIELD TEACHING HOSPITALS NHS FOUNDATION TRUST,301,Gastroenterology,2015-10-01,2025-06-01,117,117,0,0.0,0,False,True,2025-06-01
RHQ__320,RHQ,SHEFFIELD TEACHING HOSPITALS NHS FOUNDATION TRUST,320,Cardiology,2015-10-01,2025-06-01,117,117,0,0.0,0,False,True,2025-06-01
RHQ__330,RHQ,SHEFFIELD TEACHING HOSPITALS NHS FOUNDATION TRUST,330,Dermatology,2015-10-01,2025-06-01,117,117,0,0.0,0,False,True,2025-06-01
RHQ__340,RHQ,SHEFFIELD TEACHING HOSPITALS NHS FOUNDATION TRUST,340,Thoracic Medicine,2015-10-01,2025-06-01,117,117,0,0.0,0,False,True,2025-06-01
RHQ__400,RHQ,SHEFFIELD TEACHING HOSPITALS NHS FOUNDATION TRUST,400,Neurology,2015-10-01,2025-06-01,117,117,0,0.0,0,False,True,2025-06-01
RHQ__410,RHQ,SHEFFIELD TEACHING HOSPITALS NHS FOUNDATION TRUST,410,Rheumatology,2015-10-01,2025-06-01,117,117,0,0.0,0,False,True,2025-06-01
RHQ__430,RHQ,SHEFFIELD TEACHING HOSPITALS NHS FOUNDATION TRUST,430,Geriatric Medicine,2015-10-01,2025-06-01,117,117,0,0.0,0,False,True,2025-06-01
RHQ__502,RHQ,SHEFFIELD TEACHING HOSPITALS NHS FOUNDATION TRUST,502,Gynaecology,2015-10-01,2025-06-01,117,117,0,0.0,0,False,True,2025-06-01
RHQ__X01,RHQ,SHEFFIELD TEACHING HOSPITALS NHS FOUNDATION TRUST,X01,Other,2015-10-01,2021-03-01,66,66,0,0.0,0,False,True,2021-03-01
RHU__100,RHU,PORTSMOUTH HOSPITALS NHS TRUST,100,General Surgery,2015-10-01,2026-05-01,128,128,0,0.0,0,False,False,2026-05-01
RHU__101,RHU,PORTSMOUTH HOSPITALS NHS TRUST,101,Urology,2015-10-01,2026-05-01,128,128,0,0.0,0,False,False,2026-05-01
RHU__110,RHU,PORTSMOUTH HOSPITALS NHS TRUST,110,Trauma & Orthopaedics,2015-10-01,2026-05-01,128,128,0,0.0,0,False,False,2026-05-01
RHU__120,RHU,PORTSMOUTH HOSPITALS NHS TRUST,120,ENT,2015-10-01,2026-05-01,128,128,0,0.0,0,False,False,2026-05-01
RHU__130,RHU,PORTSMOUTH HOSPITALS NHS TRUST,130,Ophthalmology,2015-10-01,2026-05-01,128,128,0,0.0,0,False,False,2026-05-01
RHU__140,RHU,PORTSMOUTH HOSPITALS NHS TRUST,140,Oral Surgery,2015-10-01,2026-05-01,128,128,0,0.0,0,False,False,2026-05-01
RHU__160,RHU,PORTSMOUTH HOSPITALS NHS TRUST,160,Plastic Surgery,2015-10-01,2026-05-01,128,128,0,0.0,0,False,False,2026-05-01
RHU__301,RHU,PORTSMOUTH HOSPITALS NHS TRUST,301,Gastroenterology,2015-10-01,2026-05-01,128,128,0,0.0,0,False,False,2026-05-01
RHU__320,RHU,PORTSMOUTH HOSPITALS NHS TRUST,320,Cardiology,2015-10-01,2026-05-01,128,128,0,0.0,0,False,False,2026-05-01
RHU__330,RHU,PORTSMOUTH HOSPITALS NHS TRUST,330,Dermatology,2015-10-01,2026-05-01,128,128,0,0.0,0,False,False,2026-05-01
RHU__340,RHU,PORTSMOUTH HOSPITALS NHS TRUST,340,Thoracic Medicine,2015-10-01,2026-05-01,128,128,0,0.0,0,False,False,2026-05-01
RHU__410,RHU,PORTSMOUTH HOSPITALS NHS TRUST,410,Rheumatology,2015-10-01,2026-05-01,128,128,0,0.0,0,False,False,2026-05-01
RHU__430,RHU,PORTSMOUTH HOSPITALS NHS TRUST,430,Geriatric Medicine,2015-10-01,2026-05-01,128,128,0,0.0,0,False,False,2026-05-01
RHU__502,RHU,PORTSMOUTH HOSPITALS NHS TRUST,502,Gynaecology,2015-10-01,2026-05-01,128,128,0,0.0,0,False,False,2026-05-01
RHU__X01,RHU,PORTSMOUTH HOSPITALS NHS TRUST,X01,Other,2015-10-01,2021-03-01,66,66,0,0.0,0,False,True,2021-03-01
RHW__100,RHW,ROYAL BERKSHIRE NHS FOUNDATION TRUST,100,General Surgery,2015-10-01,2026-05-01,128,128,0,0.0,0,False,False,2026-05-01
RHW__101,RHW,ROYAL BERKSHIRE NHS FOUNDATION TRUST,101,Urology,2015-10-01,2026-05-01,128,128,0,0.0,0,False,False,2026-05-01
RHW__110,RHW,ROYAL BERKSHIRE NHS FOUNDATION TRUST,110,Trauma & Orthopaedics,2015-10-01,2026-05-01,128,128,0,0.0,0,False,False,2026-05-01
RHW__120,RHW,ROYAL BERKSHIRE NHS FOUNDATION TRUST,120,ENT,2015-10-01,2026-05-01,128,128,0,0.0,0,False,False,2026-05-01
RHW__130,RHW,ROYAL BERKSHIRE NHS FOUNDATION TRUST,130,Ophthalmology,2015-10-01,2026-05-01,128,128,0,0.0,0,False,False,2026-05-01
RHW__140,RHW,ROYAL BERKSHIRE NHS FOUNDATION TRUST,140,Oral Surgery,2015-10-01,2026-05-01,128,126,2,1.5625,2,False,False,2026-05-01
RHW__160,RHW,ROYAL BERKSHIRE NHS FOUNDATION TRUST,160,Plastic Surgery,2015-10-01,2026-05-01,128,128,0,0.0,0,False,False,2026-05-01
RHW__300,RHW,ROYAL BERKSHIRE NHS FOUNDATION TRUST,300,General Medicine,2015-10-01,2024-08-01,107,85,22,20.560747663551403,22,False,True,2024-08-01
RHW__301,RHW,ROYAL BERKSHIRE NHS FOUNDATION TRUST,301,Gastroenterology,2015-10-01,2026-05-01,128,128,0,0.0,0,False,False,2026-05-01
RHW__320,RHW,ROYAL BERKSHIRE NHS FOUNDATION TRUST,320,Cardiology,2015-10-01,2026-05-01,128,128,0,0.0,0,False,False,2026-05-01
RHW__330,RHW,ROYAL BERKSHIRE NHS FOUNDATION TRUST,330,Dermatology,2015-10-01,2026-05-01,128,128,0,0.0,0,False,False,2026-05-01
RHW__340,RHW,ROYAL BERKSHIRE NHS FOUNDATION TRUST,340,Thoracic Medicine,2015-10-01,2026-05-01,128,128,0,0.0,0,False,False,2026-05-01
RHW__400,RHW,ROYAL BERKSHIRE NHS FOUNDATION TRUST,400,Neurology,2015-10-01,2026-05-01,128,128,0,0.0,0,False,False,2026-05-01
RHW__410,RHW,ROYAL BERKSHIRE NHS FOUNDATION TRUST,410,Rheumatology,2015-10-01,2026-05-01,128,128,0,0.0,0,False,False,2026-05-01
RHW__430,RHW,ROYAL BERKSHIRE NHS FOUNDATION TRUST,430,Geriatric Medicine,2015-10-01,2022-06-01,81,81,0,0.0,0,False,True,2022-06-01
RHW__502,RHW,ROYAL BERKSHIRE NHS FOUNDATION TRUST,502,Gynaecology,2015-10-01,2026-05-01,128,128,0,0.0,0,False,False,2026-05-01
RHW__X01,RHW,ROYAL BERKSHIRE NHS FOUNDATION TRUST,X01,Other,2015-10-01,2021-03-01,66,66,0,0.0,0,False,True,2021-03-01
RJ1__100,RJ1,GUY'S AND ST THOMAS' NHS FOUNDATION TRUST,100,General Surgery,2015-10-01,2026-05-01,128,128,0,0.0,0,False,False,2026-05-01
RJ1__101,RJ1,GUY'S AND ST THOMAS' NHS FOUNDATION TRUST,101,Urology,2015-10-01,2026-05-01,128,128,0,0.0,0,False,False,2026-05-01
RJ1__110,RJ1,GUY'S AND ST THOMAS' NHS FOUNDATION TRUST,110,Trauma & Orthopaedics,2015-10-01,2026-05-01,128,128,0,0.0,0,False,False,2026-05-01
RJ1__120,RJ1,GUY'S AND ST THOMAS' NHS FOUNDATION TRUST,120,ENT,2015-10-01,2026-05-01,128,128,0,0.0,0,False,False,2026-05-01
RJ1__130,RJ1,GUY'S AND ST THOMAS' NHS FOUNDATION TRUST,130,Ophthalmology,2015-10-01,2026-05-01,128,128,0,0.0,0,False,False,2026-05-01
RJ1__140,RJ1,GUY'S AND ST THOMAS' NHS FOUNDATION TRUST,140,Oral Surgery,2015-10-01,2026-05-01,128,128,0,0.0,0,False,False,2026-05-01
RJ1__160,RJ1,GUY'S AND ST THOMAS' NHS FOUNDATION TRUST,160,Plastic Surgery,2015-10-01,2026-05-01,128,128,0,0.0,0,False,False,2026-05-01
RJ1__300,RJ1,GUY'S AND ST THOMAS' NHS FOUNDATION TRUST,300,General Medicine,2015-10-01,2026-05-01,128,128,0,0.0,0,False,False,2026-05-01
RJ1__301,RJ1,GUY'S AND ST THOMAS' NHS FOUNDATION TRUST,301,Gastroenterology,2015-10-01,2026-05-01,128,128,0,0.0,0,False,False,2026-05-01
RJ1__320,RJ1,GUY'S AND ST THOMAS' NHS FOUNDATION TRUST,320,Cardiology,2015-10-01,2026-05-01,128,128,0,0.0,0,False,False,2026-05-01
RJ1__330,RJ1,GUY'S AND ST THOMAS' NHS FOUNDATION TRUST,330,Dermatology,2015-10-01,2026-05-01,128,128,0,0.0,0,False,False,2026-05-01
RJ1__340,RJ1,GUY'S AND ST THOMAS' NHS FOUNDATION TRUST,340,Thoracic Medicine,2015-10-01,2026-05-01,128,128,0,0.0,0,False,False,2026-05-01
RJ1__400,RJ1,GUY'S AND ST THOMAS' NHS FOUNDATION TRUST,400,Neurology,2015-10-01,2026-05-01,128,128,0,0.0,0,False,False,2026-05-01
RJ1__410,RJ1,GUY'S AND ST THOMAS' NHS FOUNDATION TRUST,410,Rheumatology,2015-10-01,2026-05-01,128,128,0,0.0,0,False,False,2026-05-01
RJ1__430,RJ1,GUY'S AND ST THOMAS' NHS FOUNDATION TRUST,430,Geriatric Medicine,2015-10-01,2026-05-01,128,128,0,0.0,0,False,False,2026-05-01
RJ1__502,RJ1,GUY'S AND ST THOMAS' NHS FOUNDATION TRUST,502,Gynaecology,2015-10-01,2026-05-01,128,128,0,0.0,0,False,False,2026-05-01
RJ1__X01,RJ1,GUY'S AND ST THOMAS' NHS FOUNDATION TRUST,X01,Other,2015-10-01,2021-03-01,66,66,0,0.0,0,False,True,2021-03-01
RJ2__100,RJ2,LEWISHAM AND GREENWICH NHS TRUST,100,General Surgery,2015-10-01,2026-05-01,128,128,0,0.0,0,False,False,2026-05-01
RJ2__101,RJ2,LEWISHAM AND GREENWICH NHS TRUST,101,Urology,2015-10-01,2026-05-01,128,128,0,0.0,0,False,False,2026-05-01
RJ2__110,RJ2,LEWISHAM AND GREENWICH NHS TRUST,110,Trauma & Orthopaedics,2015-10-01,2026-05-01,128,128,0,0.0,0,False,False,2026-05-01
RJ2__120,RJ2,LEWISHAM AND GREENWICH NHS TRUST,120,ENT,2015-10-01,2026-05-01,128,128,0,0.0,0,False,False,2026-05-01
RJ2__130,RJ2,LEWISHAM AND GREENWICH NHS TRUST,130,Ophthalmology,2015-10-01,2021-04-01,67,56,11,16.417910447761194,11,False,True,2021-04-01
RJ2__160,RJ2,LEWISHAM AND GREENWICH NHS TRUST,160,Plastic Surgery,2015-10-01,2026-05-01,128,128,0,0.0,0,False,False,2026-05-01
RJ2__300,RJ2,LEWISHAM AND GREENWICH NHS TRUST,300,General Medicine,2015-10-01,2026-05-01,128,128,0,0.0,0,False,False,2026-05-01
RJ2__301,RJ2,LEWISHAM AND GREENWICH NHS TRUST,301,Gastroenterology,2015-10-01,2026-05-01,128,128,0,0.0,0,False,False,2026-05-01
RJ2__320,RJ2,LEWISHAM AND GREENWICH NHS TRUST,320,Cardiology,2015-10-01,2026-05-01,128,128,0,0.0,0,False,False,2026-05-01
RJ2__330,RJ2,LEWISHAM AND GREENWICH NHS TRUST,330,Dermatology,2015-10-01,2026-05-01,128,128,0,0.0,0,False,False,2026-05-01
RJ2__340,RJ2,LEWISHAM AND GREENWICH NHS TRUST,340,Thoracic Medicine,2015-10-01,2026-05-01,128,128,0,0.0,0,False,False,2026-05-01
RJ2__400,RJ2,LEWISHAM AND GREENWICH NHS TRUST,400,Neurology,2015-10-01,2026-05-01,128,128,0,0.0,0,False,False,2026-05-01
RJ2__410,RJ2,LEWISHAM AND GREENWICH NHS TRUST,410,Rheumatology,2015-10-01,2026-05-01,128,128,0,0.0,0,False,False,2026-05-01
RJ2__430,RJ2,LEWISHAM AND GREENWICH NHS TRUST,430,Geriatric Medicine,2015-10-01,2026-05-01,128,128,0,0.0,0,False,False,2026-05-01
RJ2__502,RJ2,LEWISHAM AND GREENWICH NHS TRUST,502,Gynaecology,2015-10-01,2026-05-01,128,128,0,0.0,0,False,False,2026-05-01
RJ2__X01,RJ2,LEWISHAM AND GREENWICH NHS TRUST,X01,Other,2015-10-01,2021-03-01,66,66,0,0.0,0,False,True,2021-03-01
RJ6__100,RJ6,CROYDON HEALTH SERVICES NHS TRUST,100,General Surgery,2015-10-01,2026-05-01,128,128,0,0.0,0,False,False,2026-05-01
RJ6__101,RJ6,CROYDON HEALTH SERVICES NHS TRUST,101,Urology,2015-10-01,2026-05-01,128,128,0,0.0,0,False,False,2026-05-01
RJ6__110,RJ6,CROYDON HEALTH SERVICES NHS TRUST,110,Trauma & Orthopaedics,2015-10-01,2026-05-01,128,128,0,0.0,0,False,False,2026-05-01
RJ6__120,RJ6,CROYDON HEALTH SERVICES NHS TRUST,120,ENT,2015-10-01,2026-05-01,128,128,0,0.0,0,False,False,2026-05-01
RJ6__140,RJ6,CROYDON HEALTH SERVICES NHS TRUST,140,Oral Surgery,2015-10-01,2026-05-01,128,128,0,0.0,0,False,False,2026-05-01
RJ6__160,RJ6,CROYDON HEALTH SERVICES NHS TRUST,160,Plastic Surgery,2015-10-01,2026-05-01,128,128,0,0.0,0,False,False,2026-05-01
RJ6__300,RJ6,CROYDON HEALTH SERVICES NHS TRUST,300,General Medicine,2015-10-01,2026-05-01,128,128,0,0.0,0,False,False,2026-05-01
RJ6__301,RJ6,CROYDON HEALTH SERVICES NHS TRUST,301,Gastroenterology,2015-10-01,2026-05-01,128,128,0,0.0,0,False,False,2026-05-01
RJ6__320,RJ6,CROYDON HEALTH SERVICES NHS TRUST,320,Cardiology,2015-10-01,2026-05-01,128,128,0,0.0,0,False,False,2026-05-01
RJ6__330,RJ6,CROYDON HEALTH SERVICES NHS TRUST,330,Dermatology,2015-10-01,2026-05-01,128,128,0,0.0,0,False,False,2026-05-01
RJ6__340,RJ6,CROYDON HEALTH SERVICES NHS TRUST,340,Thoracic Medicine,2015-10-01,2026-05-01,128,128,0,0.0,0,False,False,2026-05-01
RJ6__400,RJ6,CROYDON HEALTH SERVICES NHS TRUST,400,Neurology,2015-10-01,2026-05-01,128,128,0,0.0,0,False,False,2026-05-01
RJ6__410,RJ6,CROYDON HEALTH SERVICES NHS TRUST,410,Rheumatology,2015-10-01,2026-05-01,128,128,0,0.0,0,False,False,2026-05-01
RJ6__430,RJ6,CROYDON HEALTH SERVICES NHS TRUST,430,Geriatric Medicine,2015-10-01,2026-05-01,128,128,0,0.0,0,False,False,2026-05-01
RJ6__502,RJ6,CROYDON HEALTH SERVICES NHS TRUST,502,Gynaecology,2015-10-01,2026-05-01,128,128,0,0.0,0,False,False,2026-05-01
RJ6__X01,RJ6,CROYDON HEALTH SERVICES NHS TRUST,X01,Other,2015-10-01,2021-03-01,66,66,0,0.0,0,False,True,2021-03-01
RJ7__100,RJ7,ST GEORGE'S UNIVERSITY HOSPITALS NHS FOUNDATION TRUST,100,General Surgery,2015-10-01,2026-05-01,128,97,31,24.21875,31,False,False,2026-05-01
RJ7__101,RJ7,ST GEORGE'S UNIVERSITY HOSPITALS NHS FOUNDATION TRUST,101,Urology,2015-10-01,2026-05-01,128,97,31,24.21875,31,False,False,2026-05-01
RJ7__110,RJ7,ST GEORGE'S UNIVERSITY HOSPITALS NHS FOUNDATION TRUST,110,Trauma & Orthopaedics,2015-10-01,2026-05-01,128,97,31,24.21875,31,False,False,2026-05-01
RJ7__120,RJ7,ST GEORGE'S UNIVERSITY HOSPITALS NHS FOUNDATION TRUST,120,ENT,2015-10-01,2026-05-01,128,97,31,24.21875,31,False,False,2026-05-01
RJ7__130,RJ7,ST GEORGE'S UNIVERSITY HOSPITALS NHS FOUNDATION TRUST,130,Ophthalmology,2015-10-01,2026-05-01,128,89,39,30.46875,39,False,False,2026-05-01
RJ7__140,RJ7,ST GEORGE'S UNIVERSITY HOSPITALS NHS FOUNDATION TRUST,140,Oral Surgery,2015-10-01,2026-05-01,128,97,31,24.21875,31,False,False,2026-05-01
RJ7__150,RJ7,ST GEORGE'S UNIVERSITY HOSPITALS NHS FOUNDATION TRUST,150,Neurosurgery,2015-10-01,2026-05-01,128,97,31,24.21875,31,False,False,2026-05-01
RJ7__160,RJ7,ST GEORGE'S UNIVERSITY HOSPITALS NHS FOUNDATION TRUST,160,Plastic Surgery,2015-10-01,2026-05-01,128,97,31,24.21875,31,False,False,2026-05-01
RJ7__170,RJ7,ST GEORGE'S UNIVERSITY HOSPITALS NHS FOUNDATION TRUST,170,Cardiothoracic Surgery,2015-10-01,2026-05-01,128,91,37,28.90625,31,False,False,2026-05-01
RJ7__300,RJ7,ST GEORGE'S UNIVERSITY HOSPITALS NHS FOUNDATION TRUST,300,General Medicine,2015-10-01,2026-05-01,128,97,31,24.21875,31,False,False,2026-05-01
RJ7__301,RJ7,ST GEORGE'S UNIVERSITY HOSPITALS NHS FOUNDATION TRUST,301,Gastroenterology,2015-10-01,2026-05-01,128,97,31,24.21875,31,False,False,2026-05-01
RJ7__320,RJ7,ST GEORGE'S UNIVERSITY HOSPITALS NHS FOUNDATION TRUST,320,Cardiology,2015-10-01,2026-05-01,128,97,31,24.21875,31,False,False,2026-05-01
RJ7__330,RJ7,ST GEORGE'S UNIVERSITY HOSPITALS NHS FOUNDATION TRUST,330,Dermatology,2015-10-01,2026-05-01,128,97,31,24.21875,31,False,False,2026-05-01
RJ7__340,RJ7,ST GEORGE'S UNIVERSITY HOSPITALS NHS FOUNDATION TRUST,340,Thoracic Medicine,2015-10-01,2026-05-01,128,97,31,24.21875,31,False,False,2026-05-01
RJ7__400,RJ7,ST GEORGE'S UNIVERSITY HOSPITALS NHS FOUNDATION TRUST,400,Neurology,2015-10-01,2026-05-01,128,97,31,24.21875,31,False,False,2026-05-01
RJ7__410,RJ7,ST GEORGE'S UNIVERSITY HOSPITALS NHS FOUNDATION TRUST,410,Rheumatology,2015-10-01,2026-05-01,128,97,31,24.21875,31,False,False,2026-05-01
RJ7__430,RJ7,ST GEORGE'S UNIVERSITY HOSPITALS NHS FOUNDATION TRUST,430,Geriatric Medicine,2015-10-01,2026-05-01,128,97,31,24.21875,31,False,False,2026-05-01
RJ7__502,RJ7,ST GEORGE'S UNIVERSITY HOSPITALS NHS FOUNDATION TRUST,502,Gynaecology,2015-10-01,2026-05-01,128,97,31,24.21875,31,False,False,2026-05-01
RJ7__X01,RJ7,ST GEORGE'S UNIVERSITY HOSPITALS NHS FOUNDATION TRUST,X01,Other,2015-10-01,2021-03-01,66,35,31,46.96969696969697,31,False,True,2021-03-01
RJC__100,RJC,SOUTH WARWICKSHIRE NHS FOUNDATION TRUST,100,General Surgery,2015-10-01,2026-05-01,128,128,0,0.0,0,False,False,2026-05-01
RJC__101,RJC,SOUTH WARWICKSHIRE NHS FOUNDATION TRUST,101,Urology,2015-10-01,2026-05-01,128,128,0,0.0,0,False,False,2026-05-01
RJC__110,RJC,SOUTH WARWICKSHIRE NHS FOUNDATION TRUST,110,Trauma & Orthopaedics,2015-10-01,2026-05-01,128,128,0,0.0,0,False,False,2026-05-01
RJC__120,RJC,SOUTH WARWICKSHIRE NHS FOUNDATION TRUST,120,ENT,2015-10-01,2026-05-01,128,128,0,0.0,0,False,False,2026-05-01
RJC__130,RJC,SOUTH WARWICKSHIRE NHS FOUNDATION TRUST,130,Ophthalmology,2015-10-01,2026-05-01,128,128,0,0.0,0,False,False,2026-05-01
RJC__140,RJC,SOUTH WARWICKSHIRE NHS FOUNDATION TRUST,140,Oral Surgery,2015-10-01,2026-05-01,128,128,0,0.0,0,False,False,2026-05-01
RJC__160,RJC,SOUTH WARWICKSHIRE NHS FOUNDATION TRUST,160,Plastic Surgery,2015-10-01,2026-05-01,128,128,0,0.0,0,False,False,2026-05-01
RJC__300,RJC,SOUTH WARWICKSHIRE NHS FOUNDATION TRUST,300,General Medicine,2015-10-01,2026-05-01,128,128,0,0.0,0,False,False,2026-05-01
RJC__301,RJC,SOUTH WARWICKSHIRE NHS FOUNDATION TRUST,301,Gastroenterology,2015-10-01,2026-05-01,128,128,0,0.0,0,False,False,2026-05-01
RJC__320,RJC,SOUTH WARWICKSHIRE NHS FOUNDATION TRUST,320,Cardiology,2015-10-01,2026-05-01,128,128,0,0.0,0,False,False,2026-05-01
RJC__330,RJC,SOUTH WARWICKSHIRE NHS FOUNDATION TRUST,330,Dermatology,2015-10-01,2026-05-01,128,128,0,0.0,0,False,False,2026-05-01
RJC__340,RJC,SOUTH WARWICKSHIRE NHS FOUNDATION TRUST,340,Thoracic Medicine,2015-10-01,2026-05-01,128,128,0,0.0,0,False,False,2026-05-01
RJC__410,RJC,SOUTH WARWICKSHIRE NHS FOUNDATION TRUST,410,Rheumatology,2015-10-01,2026-05-01,128,128,0,0.0,0,False,False,2026-05-01
RJC__430,RJC,SOUTH WARWICKSHIRE NHS FOUNDATION TRUST,430,Geriatric Medicine,2015-10-01,2026-05-01,128,128,0,0.0,0,False,False,2026-05-01
RJC__502,RJC,SOUTH WARWICKSHIRE NHS FOUNDATION TRUST,502,Gynaecology,2015-10-01,2026-05-01,128,128,0,0.0,0,False,False,2026-05-01
RJC__X01,RJC,SOUTH WARWICKSHIRE NHS FOUNDATION TRUST,X01,Other,2015-10-01,2021-03-01,66,66,0,0.0,0,False,True,2021-03-01
RJE__100,RJE,UNIVERSITY HOSPITALS OF NORTH MIDLANDS NHS TRUST,100,General Surgery,2015-10-01,2026-05-01,128,128,0,0.0,0,False,False,2026-05-01
RJE__101,RJE,UNIVERSITY HOSPITALS OF NORTH MIDLANDS NHS TRUST,101,Urology,2015-10-01,2026-05-01,128,128,0,0.0,0,False,False,2026-05-01
RJE__110,RJE,UNIVERSITY HOSPITALS OF NORTH MIDLANDS NHS TRUST,110,Trauma & Orthopaedics,2015-10-01,2026-05-01,128,128,0,0.0,0,False,False,2026-05-01
RJE__120,RJE,UNIVERSITY HOSPITALS OF NORTH MIDLANDS NHS TRUST,120,ENT,2015-10-01,2026-05-01,128,128,0,0.0,0,False,False,2026-05-01
RJE__130,RJE,UNIVERSITY HOSPITALS OF NORTH MIDLANDS NHS TRUST,130,Ophthalmology,2015-10-01,2026-05-01,128,128,0,0.0,0,False,False,2026-05-01
RJE__140,RJE,UNIVERSITY HOSPITALS OF NORTH MIDLANDS NHS TRUST,140,Oral Surgery,2015-10-01,2026-05-01,128,128,0,0.0,0,False,False,2026-05-01
RJE__150,RJE,UNIVERSITY HOSPITALS OF NORTH MIDLANDS NHS TRUST,150,Neurosurgery,2015-10-01,2026-05-01,128,128,0,0.0,0,False,False,2026-05-01
RJE__160,RJE,UNIVERSITY HOSPITALS OF NORTH MIDLANDS NHS TRUST,160,Plastic Surgery,2015-10-01,2026-05-01,128,128,0,0.0,0,False,False,2026-05-01
RJE__170,RJE,UNIVERSITY HOSPITALS OF NORTH MIDLANDS NHS TRUST,170,Cardiothoracic Surgery,2015-10-01,2026-05-01,128,128,0,0.0,0,False,False,2026-05-01
RJE__300,RJE,UNIVERSITY HOSPITALS OF NORTH MIDLANDS NHS TRUST,300,General Medicine,2015-10-01,2021-07-01,70,55,15,21.428571428571427,5,False,True,2021-07-01
RJE__301,RJE,UNIVERSITY HOSPITALS OF NORTH MIDLANDS NHS TRUST,301,Gastroenterology,2015-10-01,2026-05-01,128,128,0,0.0,0,False,False,2026-05-01
RJE__320,RJE,UNIVERSITY HOSPITALS OF NORTH MIDLANDS NHS TRUST,320,Cardiology,2015-10-01,2026-05-01,128,128,0,0.0,0,False,False,2026-05-01
RJE__330,RJE,UNIVERSITY HOSPITALS OF NORTH MIDLANDS NHS TRUST,330,Dermatology,2015-10-01,2026-05-01,128,128,0,0.0,0,False,False,2026-05-01
RJE__340,RJE,UNIVERSITY HOSPITALS OF NORTH MIDLANDS NHS TRUST,340,Thoracic Medicine,2015-10-01,2026-05-01,128,128,0,0.0,0,False,False,2026-05-01
RJE__400,RJE,UNIVERSITY HOSPITALS OF NORTH MIDLANDS NHS TRUST,400,Neurology,2015-10-01,2026-05-01,128,128,0,0.0,0,False,False,2026-05-01
RJE__410,RJE,UNIVERSITY HOSPITALS OF NORTH MIDLANDS NHS TRUST,410,Rheumatology,2015-10-01,2026-05-01,128,121,7,5.46875,1,False,False,2026-05-01
RJE__430,RJE,UNIVERSITY HOSPITALS OF NORTH MIDLANDS NHS TRUST,430,Geriatric Medicine,2015-10-01,2026-05-01,128,128,0,0.0,0,False,False,2026-05-01
RJE__502,RJE,UNIVERSITY HOSPITALS OF NORTH MIDLANDS NHS TRUST,502,Gynaecology,2015-10-01,2026-05-01,128,128,0,0.0,0,False,False,2026-05-01
RJE__X01,RJE,UNIVERSITY HOSPITALS OF NORTH MIDLANDS NHS TRUST,X01,Other,2015-10-01,2021-03-01,66,66,0,0.0,0,False,True,2021-03-01
RJF__100,RJF,BURTON HOSPITALS NHS FOUNDATION TRUST,100,General Surgery,2015-10-01,2018-06-01,33,26,7,21.21212121212121,7,True,True,2018-06-01
RJF__101,RJF,BURTON HOSPITALS NHS FOUNDATION TRUST,101,Urology,2015-10-01,2018-06-01,33,26,7,21.21212121212121,7,True,True,2018-06-01
RJF__110,RJF,BURTON HOSPITALS NHS FOUNDATION TRUST,110,Trauma & Orthopaedics,2015-10-01,2018-06-01,33,26,7,21.21212121212121,7,True,True,2018-06-01
RJF__120,RJF,BURTON HOSPITALS NHS FOUNDATION TRUST,120,ENT,2015-10-01,2018-06-01,33,26,7,21.21212121212121,7,True,True,2018-06-01
RJF__130,RJF,BURTON HOSPITALS NHS FOUNDATION TRUST,130,Ophthalmology,2015-10-01,2018-06-01,33,26,7,21.21212121212121,7,True,True,2018-06-01
RJF__140,RJF,BURTON HOSPITALS NHS FOUNDATION TRUST,140,Oral Surgery,2015-10-01,2018-06-01,33,26,7,21.21212121212121,7,True,True,2018-06-01
RJF__160,RJF,BURTON HOSPITALS NHS FOUNDATION TRUST,160,Plastic Surgery,2015-10-01,2018-06-01,33,26,7,21.21212121212121,7,True,True,2018-06-01
RJF__170,RJF,BURTON HOSPITALS NHS FOUNDATION TRUST,170,Cardiothoracic Surgery,2015-10-01,2018-06-01,33,26,7,21.21212121212121,7,True,True,2018-06-01
RJF__300,RJF,BURTON HOSPITALS NHS FOUNDATION TRUST,300,General Medicine,2015-10-01,2018-06-01,33,26,7,21.21212121212121,7,True,True,2018-06-01
RJF__301,RJF,BURTON HOSPITALS NHS FOUNDATION TRUST,301,Gastroenterology,2015-10-01,2018-06-01,33,26,7,21.21212121212121,7,True,True,2018-06-01
RJF__320,RJF,BURTON HOSPITALS NHS FOUNDATION TRUST,320,Cardiology,2015-10-01,2018-06-01,33,26,7,21.21212121212121,7,True,True,2018-06-01
RJF__330,RJF,BURTON HOSPITALS NHS FOUNDATION TRUST,330,Dermatology,2015-10-01,2018-06-01,33,26,7,21.21212121212121,7,True,True,2018-06-01
RJF__340,RJF,BURTON HOSPITALS NHS FOUNDATION TRUST,340,Thoracic Medicine,2015-10-01,2018-06-01,33,16,17,51.515151515151516,7,True,True,2018-06-01
RJF__400,RJF,BURTON HOSPITALS NHS FOUNDATION TRUST,400,Neurology,2015-10-01,2018-06-01,33,26,7,21.21212121212121,7,True,True,2018-06-01
RJF__410,RJF,BURTON HOSPITALS NHS FOUNDATION TRUST,410,Rheumatology,2015-10-01,2018-06-01,33,26,7,21.21212121212121,7,True,True,2018-06-01
RJF__430,RJF,BURTON HOSPITALS NHS FOUNDATION TRUST,430,Geriatric Medicine,2015-10-01,2018-06-01,33,26,7,21.21212121212121,7,True,True,2018-06-01
RJF__502,RJF,BURTON HOSPITALS NHS FOUNDATION TRUST,502,Gynaecology,2015-10-01,2018-06-01,33,26,7,21.21212121212121,7,True,True,2018-06-01
RJF__X01,RJF,BURTON HOSPITALS NHS FOUNDATION TRUST,X01,Other,2015-10-01,2018-06-01,33,26,7,21.21212121212121,7,True,True,2018-06-01
RJL__100,RJL,NORTHERN LINCOLNSHIRE AND GOOLE NHS FOUNDATION TRUST,100,General Surgery,2015-10-01,2026-05-01,128,128,0,0.0,0,False,False,2026-05-01
RJL__101,RJL,NORTHERN LINCOLNSHIRE AND GOOLE NHS FOUNDATION TRUST,101,Urology,2015-10-01,2026-05-01,128,128,0,0.0,0,False,False,2026-05-01
RJL__110,RJL,NORTHERN LINCOLNSHIRE AND GOOLE NHS FOUNDATION TRUST,110,Trauma & Orthopaedics,2015-10-01,2026-05-01,128,128,0,0.0,0,False,False,2026-05-01
RJL__120,RJL,NORTHERN LINCOLNSHIRE AND GOOLE NHS FOUNDATION TRUST,120,ENT,2015-10-01,2026-05-01,128,128,0,0.0,0,False,False,2026-05-01
RJL__130,RJL,NORTHERN LINCOLNSHIRE AND GOOLE NHS FOUNDATION TRUST,130,Ophthalmology,2015-10-01,2026-05-01,128,128,0,0.0,0,False,False,2026-05-01
RJL__140,RJL,NORTHERN LINCOLNSHIRE AND GOOLE NHS FOUNDATION TRUST,140,Oral Surgery,2015-10-01,2026-05-01,128,128,0,0.0,0,False,False,2026-05-01
RJL__300,RJL,NORTHERN LINCOLNSHIRE AND GOOLE NHS FOUNDATION TRUST,300,General Medicine,2015-10-01,2026-05-01,128,128,0,0.0,0,False,False,2026-05-01
RJL__301,RJL,NORTHERN LINCOLNSHIRE AND GOOLE NHS FOUNDATION TRUST,301,Gastroenterology,2015-10-01,2026-05-01,128,104,24,18.75,24,False,False,2026-05-01
RJL__320,RJL,NORTHERN LINCOLNSHIRE AND GOOLE NHS FOUNDATION TRUST,320,Cardiology,2015-10-01,2026-05-01,128,128,0,0.0,0,False,False,2026-05-01
RJL__330,RJL,NORTHERN LINCOLNSHIRE AND GOOLE NHS FOUNDATION TRUST,330,Dermatology,2015-10-01,2026-05-01,128,113,15,11.71875,4,False,False,2026-05-01
RJL__340,RJL,NORTHERN LINCOLNSHIRE AND GOOLE NHS FOUNDATION TRUST,340,Thoracic Medicine,2015-10-01,2026-05-01,128,128,0,0.0,0,False,False,2026-05-01
RJL__400,RJL,NORTHERN LINCOLNSHIRE AND GOOLE NHS FOUNDATION TRUST,400,Neurology,2015-10-01,2026-05-01,128,94,34,26.5625,27,False,False,2026-05-01
RJL__410,RJL,NORTHERN LINCOLNSHIRE AND GOOLE NHS FOUNDATION TRUST,410,Rheumatology,2015-10-01,2026-05-01,128,128,0,0.0,0,False,False,2026-05-01
RJL__430,RJL,NORTHERN LINCOLNSHIRE AND GOOLE NHS FOUNDATION TRUST,430,Geriatric Medicine,2015-10-01,2026-05-01,128,128,0,0.0,0,False,False,2026-05-01
RJL__502,RJL,NORTHERN LINCOLNSHIRE AND GOOLE NHS FOUNDATION TRUST,502,Gynaecology,2015-10-01,2026-05-01,128,128,0,0.0,0,False,False,2026-05-01
RJL__X01,RJL,NORTHERN LINCOLNSHIRE AND GOOLE NHS FOUNDATION TRUST,X01,Other,2015-10-01,2021-03-01,66,66,0,0.0,0,False,True,2021-03-01
RJN__100,RJN,EAST CHESHIRE NHS TRUST,100,General Surgery,2015-10-01,2026-05-01,128,128,0,0.0,0,False,False,2026-05-01
RJN__101,RJN,EAST CHESHIRE NHS TRUST,101,Urology,2015-10-01,2026-05-01,128,128,0,0.0,0,False,False,2026-05-01
RJN__110,RJN,EAST CHESHIRE NHS TRUST,110,Trauma & Orthopaedics,2015-10-01,2026-05-01,128,128,0,0.0,0,False,False,2026-05-01
RJN__120,RJN,EAST CHESHIRE NHS TRUST,120,ENT,2015-10-01,2026-05-01,128,128,0,0.0,0,False,False,2026-05-01
RJN__130,RJN,EAST CHESHIRE NHS TRUST,130,Ophthalmology,2015-10-01,2026-05-01,128,128,0,0.0,0,False,False,2026-05-01
RJN__140,RJN,EAST CHESHIRE NHS TRUST,140,Oral Surgery,2015-10-01,2020-10-01,61,61,0,0.0,0,False,True,2020-10-01
RJN__160,RJN,EAST CHESHIRE NHS TRUST,160,Plastic Surgery,2015-10-01,2026-05-01,128,128,0,0.0,0,False,False,2026-05-01
RJN__300,RJN,EAST CHESHIRE NHS TRUST,300,General Medicine,2015-10-01,2026-05-01,128,126,2,1.5625,2,False,False,2026-05-01
RJN__301,RJN,EAST CHESHIRE NHS TRUST,301,Gastroenterology,2015-10-01,2026-05-01,128,128,0,0.0,0,False,False,2026-05-01
RJN__320,RJN,EAST CHESHIRE NHS TRUST,320,Cardiology,2015-10-01,2026-05-01,128,128,0,0.0,0,False,False,2026-05-01
RJN__330,RJN,EAST CHESHIRE NHS TRUST,330,Dermatology,2015-10-01,2019-01-01,40,6,34,85.0,34,False,True,2019-01-01
RJN__340,RJN,EAST CHESHIRE NHS TRUST,340,Thoracic Medicine,2015-10-01,2026-05-01,128,128,0,0.0,0,False,False,2026-05-01
RJN__410,RJN,EAST CHESHIRE NHS TRUST,410,Rheumatology,2015-10-01,2025-06-01,117,55,62,52.99145299145299,61,False,True,2025-06-01
RJN__430,RJN,EAST CHESHIRE NHS TRUST,430,Geriatric Medicine,2015-10-01,2026-05-01,128,128,0,0.0,0,False,False,2026-05-01
RJN__502,RJN,EAST CHESHIRE NHS TRUST,502,Gynaecology,2015-10-01,2026-05-01,128,128,0,0.0,0,False,False,2026-05-01
RJN__X01,RJN,EAST CHESHIRE NHS TRUST,X01,Other,2015-10-01,2021-03-01,66,66,0,0.0,0,False,True,2021-03-01
RJR__100,RJR,COUNTESS OF CHESTER HOSPITAL NHS FOUNDATION TRUST,100,General Surgery,2015-10-01,2026-05-01,128,126,2,1.5625,2,False,False,2026-05-01
RJR__101,RJR,COUNTESS OF CHESTER HOSPITAL NHS FOUNDATION TRUST,101,Urology,2015-10-01,2026-05-01,128,126,2,1.5625,2,False,False,2026-05-01
RJR__110,RJR,COUNTESS OF CHESTER HOSPITAL NHS FOUNDATION TRUST,110,Trauma & Orthopaedics,2015-10-01,2026-05-01,128,126,2,1.5625,2,False,False,2026-05-01
RJR__120,RJR,COUNTESS OF CHESTER HOSPITAL NHS FOUNDATION TRUST,120,ENT,2015-10-01,2026-05-01,128,126,2,1.5625,2,False,False,2026-05-01
RJR__130,RJR,COUNTESS OF CHESTER HOSPITAL NHS FOUNDATION TRUST,130,Ophthalmology,2015-10-01,2026-05-01,128,126,2,1.5625,2,False,False,2026-05-01
RJR__140,RJR,COUNTESS OF CHESTER HOSPITAL NHS FOUNDATION TRUST,140,Oral Surgery,2015-10-01,2026-05-01,128,126,2,1.5625,2,False,False,2026-05-01
RJR__160,RJR,COUNTESS OF CHESTER HOSPITAL NHS FOUNDATION TRUST,160,Plastic Surgery,2015-10-01,2026-05-01,128,126,2,1.5625,2,False,False,2026-05-01
RJR__300,RJR,COUNTESS OF CHESTER HOSPITAL NHS FOUNDATION TRUST,300,General Medicine,2015-10-01,2026-05-01,128,126,2,1.5625,2,False,False,2026-05-01
RJR__301,RJR,COUNTESS OF CHESTER HOSPITAL NHS FOUNDATION TRUST,301,Gastroenterology,2015-10-01,2026-05-01,128,126,2,1.5625,2,False,False,2026-05-01
RJR__320,RJR,COUNTESS OF CHESTER HOSPITAL NHS FOUNDATION TRUST,320,Cardiology,2015-10-01,2026-05-01,128,126,2,1.5625,2,False,False,2026-05-01
RJR__330,RJR,COUNTESS OF CHESTER HOSPITAL NHS FOUNDATION TRUST,330,Dermatology,2015-10-01,2026-05-01,128,126,2,1.5625,2,False,False,2026-05-01
RJR__340,RJR,COUNTESS OF CHESTER HOSPITAL NHS FOUNDATION TRUST,340,Thoracic Medicine,2015-10-01,2026-05-01,128,126,2,1.5625,2,False,False,2026-05-01
RJR__410,RJR,COUNTESS OF CHESTER HOSPITAL NHS FOUNDATION TRUST,410,Rheumatology,2015-10-01,2026-05-01,128,126,2,1.5625,2,False,False,2026-05-01
RJR__430,RJR,COUNTESS OF CHESTER HOSPITAL NHS FOUNDATION TRUST,430,Geriatric Medicine,2015-10-01,2026-05-01,128,126,2,1.5625,2,False,False,2026-05-01
RJR__502,RJR,COUNTESS OF CHESTER HOSPITAL NHS FOUNDATION TRUST,502,Gynaecology,2015-10-01,2026-05-01,128,126,2,1.5625,2,False,False,2026-05-01
RJR__X01,RJR,COUNTESS OF CHESTER HOSPITAL NHS FOUNDATION TRUST,X01,Other,2015-10-01,2021-03-01,66,66,0,0.0,0,False,True,2021-03-01
RK5__100,RK5,SHERWOOD FOREST HOSPITALS NHS FOUNDATION TRUST,100,General Surgery,2015-10-01,2026-05-01,128,128,0,0.0,0,False,False,2026-05-01
RK5__101,RK5,SHERWOOD FOREST HOSPITALS NHS FOUNDATION TRUST,101,Urology,2015-10-01,2026-05-01,128,128,0,0.0,0,False,False,2026-05-01
RK5__110,RK5,SHERWOOD FOREST HOSPITALS NHS FOUNDATION TRUST,110,Trauma & Orthopaedics,2015-10-01,2026-05-01,128,128,0,0.0,0,False,False,2026-05-01
RK5__120,RK5,SHERWOOD FOREST HOSPITALS NHS FOUNDATION TRUST,120,ENT,2015-10-01,2026-05-01,128,128,0,0.0,0,False,False,2026-05-01
RK5__130,RK5,SHERWOOD FOREST HOSPITALS NHS FOUNDATION TRUST,130,Ophthalmology,2015-10-01,2026-05-01,128,128,0,0.0,0,False,False,2026-05-01
RK5__140,RK5,SHERWOOD FOREST HOSPITALS NHS FOUNDATION TRUST,140,Oral Surgery,2015-10-01,2026-05-01,128,128,0,0.0,0,False,False,2026-05-01
RK5__160,RK5,SHERWOOD FOREST HOSPITALS NHS FOUNDATION TRUST,160,Plastic Surgery,2015-10-01,2026-05-01,128,128,0,0.0,0,False,False,2026-05-01
RK5__301,RK5,SHERWOOD FOREST HOSPITALS NHS FOUNDATION TRUST,301,Gastroenterology,2015-10-01,2026-05-01,128,128,0,0.0,0,False,False,2026-05-01
RK5__320,RK5,SHERWOOD FOREST HOSPITALS NHS FOUNDATION TRUST,320,Cardiology,2015-10-01,2026-05-01,128,128,0,0.0,0,False,False,2026-05-01
RK5__330,RK5,SHERWOOD FOREST HOSPITALS NHS FOUNDATION TRUST,330,Dermatology,2015-10-01,2026-05-01,128,128,0,0.0,0,False,False,2026-05-01
RK5__340,RK5,SHERWOOD FOREST HOSPITALS NHS FOUNDATION TRUST,340,Thoracic Medicine,2015-10-01,2026-05-01,128,128,0,0.0,0,False,False,2026-05-01
RK5__400,RK5,SHERWOOD FOREST HOSPITALS NHS FOUNDATION TRUST,400,Neurology,2015-10-01,2018-07-01,34,34,0,0.0,0,True,True,2018-07-01
RK5__410,RK5,SHERWOOD FOREST HOSPITALS NHS FOUNDATION TRUST,410,Rheumatology,2015-10-01,2026-05-01,128,128,0,0.0,0,False,False,2026-05-01
RK5__430,RK5,SHERWOOD FOREST HOSPITALS NHS FOUNDATION TRUST,430,Geriatric Medicine,2015-10-01,2026-05-01,128,128,0,0.0,0,False,False,2026-05-01
RK5__502,RK5,SHERWOOD FOREST HOSPITALS NHS FOUNDATION TRUST,502,Gynaecology,2015-10-01,2026-05-01,128,128,0,0.0,0,False,False,2026-05-01
RK5__X01,RK5,SHERWOOD FOREST HOSPITALS NHS FOUNDATION TRUST,X01,Other,2015-10-01,2021-03-01,66,66,0,0.0,0,False,True,2021-03-01
RK9__100,RK9,PLYMOUTH HOSPITALS NHS TRUST,100,General Surgery,2015-10-01,2026-05-01,128,128,0,0.0,0,False,False,2026-05-01
RK9__101,RK9,PLYMOUTH HOSPITALS NHS TRUST,101,Urology,2015-10-01,2026-05-01,128,128,0,0.0,0,False,False,2026-05-01
RK9__110,RK9,PLYMOUTH HOSPITALS NHS TRUST,110,Trauma & Orthopaedics,2015-10-01,2026-05-01,128,128,0,0.0,0,False,False,2026-05-01
RK9__120,RK9,PLYMOUTH HOSPITALS NHS TRUST,120,ENT,2015-10-01,2026-05-01,128,128,0,0.0,0,False,False,2026-05-01
RK9__130,RK9,PLYMOUTH HOSPITALS NHS TRUST,130,Ophthalmology,2015-10-01,2026-05-01,128,128,0,0.0,0,False,False,2026-05-01
RK9__140,RK9,PLYMOUTH HOSPITALS NHS TRUST,140,Oral Surgery,2015-10-01,2021-03-01,66,63,3,4.545454545454546,3,False,True,2021-03-01
RK9__150,RK9,PLYMOUTH HOSPITALS NHS TRUST,150,Neurosurgery,2015-10-01,2026-05-01,128,128,0,0.0,0,False,False,2026-05-01
RK9__160,RK9,PLYMOUTH HOSPITALS NHS TRUST,160,Plastic Surgery,2015-10-01,2026-05-01,128,128,0,0.0,0,False,False,2026-05-01
RK9__170,RK9,PLYMOUTH HOSPITALS NHS TRUST,170,Cardiothoracic Surgery,2015-10-01,2026-05-01,128,128,0,0.0,0,False,False,2026-05-01
RK9__300,RK9,PLYMOUTH HOSPITALS NHS TRUST,300,General Medicine,2015-10-01,2026-05-01,128,128,0,0.0,0,False,False,2026-05-01
RK9__301,RK9,PLYMOUTH HOSPITALS NHS TRUST,301,Gastroenterology,2015-10-01,2026-05-01,128,128,0,0.0,0,False,False,2026-05-01
RK9__320,RK9,PLYMOUTH HOSPITALS NHS TRUST,320,Cardiology,2015-10-01,2026-05-01,128,128,0,0.0,0,False,False,2026-05-01
RK9__330,RK9,PLYMOUTH HOSPITALS NHS TRUST,330,Dermatology,2015-10-01,2026-05-01,128,128,0,0.0,0,False,False,2026-05-01
RK9__340,RK9,PLYMOUTH HOSPITALS NHS TRUST,340,Thoracic Medicine,2015-10-01,2026-05-01,128,128,0,0.0,0,False,False,2026-05-01
RK9__400,RK9,PLYMOUTH HOSPITALS NHS TRUST,400,Neurology,2015-10-01,2026-05-01,128,128,0,0.0,0,False,False,2026-05-01
RK9__410,RK9,PLYMOUTH HOSPITALS NHS TRUST,410,Rheumatology,2015-10-01,2026-05-01,128,128,0,0.0,0,False,False,2026-05-01
RK9__430,RK9,PLYMOUTH HOSPITALS NHS TRUST,430,Geriatric Medicine,2015-10-01,2026-05-01,128,127,1,0.78125,1,False,False,2026-05-01
RK9__502,RK9,PLYMOUTH HOSPITALS NHS TRUST,502,Gynaecology,2015-10-01,2026-05-01,128,128,0,0.0,0,False,False,2026-05-01
RK9__X01,RK9,PLYMOUTH HOSPITALS NHS TRUST,X01,Other,2015-10-01,2021-03-01,66,66,0,0.0,0,False,True,2021-03-01
RKB__100,RKB,UNIVERSITY HOSPITALS COVENTRY AND WARWICKSHIRE NHS TRUST,100,General Surgery,2015-10-01,2026-05-01,128,128,0,0.0,0,False,False,2026-05-01
RKB__101,RKB,UNIVERSITY HOSPITALS COVENTRY AND WARWICKSHIRE NHS TRUST,101,Urology,2015-10-01,2026-05-01,128,128,0,0.0,0,False,False,2026-05-01
RKB__110,RKB,UNIVERSITY HOSPITALS COVENTRY AND WARWICKSHIRE NHS TRUST,110,Trauma & Orthopaedics,2015-10-01,2026-05-01,128,128,0,0.0,0,False,False,2026-05-01
RKB__120,RKB,UNIVERSITY HOSPITALS COVENTRY AND WARWICKSHIRE NHS TRUST,120,ENT,2015-10-01,2026-05-01,128,128,0,0.0,0,False,False,2026-05-01
RKB__130,RKB,UNIVERSITY HOSPITALS COVENTRY AND WARWICKSHIRE NHS TRUST,130,Ophthalmology,2015-10-01,2026-05-01,128,128,0,0.0,0,False,False,2026-05-01
RKB__140,RKB,UNIVERSITY HOSPITALS COVENTRY AND WARWICKSHIRE NHS TRUST,140,Oral Surgery,2015-10-01,2026-05-01,128,128,0,0.0,0,False,False,2026-05-01
RKB__150,RKB,UNIVERSITY HOSPITALS COVENTRY AND WARWICKSHIRE NHS TRUST,150,Neurosurgery,2015-10-01,2026-05-01,128,128,0,0.0,0,False,False,2026-05-01
RKB__160,RKB,UNIVERSITY HOSPITALS COVENTRY AND WARWICKSHIRE NHS TRUST,160,Plastic Surgery,2015-10-01,2026-05-01,128,128,0,0.0,0,False,False,2026-05-01
RKB__170,RKB,UNIVERSITY HOSPITALS COVENTRY AND WARWICKSHIRE NHS TRUST,170,Cardiothoracic Surgery,2015-10-01,2026-05-01,128,128,0,0.0,0,False,False,2026-05-01
RKB__300,RKB,UNIVERSITY HOSPITALS COVENTRY AND WARWICKSHIRE NHS TRUST,300,General Medicine,2015-10-01,2026-05-01,128,128,0,0.0,0,False,False,2026-05-01
RKB__301,RKB,UNIVERSITY HOSPITALS COVENTRY AND WARWICKSHIRE NHS TRUST,301,Gastroenterology,2015-10-01,2026-05-01,128,128,0,0.0,0,False,False,2026-05-01
RKB__320,RKB,UNIVERSITY HOSPITALS COVENTRY AND WARWICKSHIRE NHS TRUST,320,Cardiology,2015-10-01,2026-05-01,128,128,0,0.0,0,False,False,2026-05-01
RKB__330,RKB,UNIVERSITY HOSPITALS COVENTRY AND WARWICKSHIRE NHS TRUST,330,Dermatology,2015-10-01,2026-05-01,128,128,0,0.0,0,False,False,2026-05-01
RKB__340,RKB,UNIVERSITY HOSPITALS COVENTRY AND WARWICKSHIRE NHS TRUST,340,Thoracic Medicine,2015-10-01,2026-05-01,128,128,0,0.0,0,False,False,2026-05-01
RKB__400,RKB,UNIVERSITY HOSPITALS COVENTRY AND WARWICKSHIRE NHS TRUST,400,Neurology,2015-10-01,2026-05-01,128,128,0,0.0,0,False,False,2026-05-01
RKB__410,RKB,UNIVERSITY HOSPITALS COVENTRY AND WARWICKSHIRE NHS TRUST,410,Rheumatology,2015-10-01,2026-05-01,128,128,0,0.0,0,False,False,2026-05-01
RKB__430,RKB,UNIVERSITY HOSPITALS COVENTRY AND WARWICKSHIRE NHS TRUST,430,Geriatric Medicine,2015-10-01,2026-05-01,128,128,0,0.0,0,False,False,2026-05-01
RKB__502,RKB,UNIVERSITY HOSPITALS COVENTRY AND WARWICKSHIRE NHS TRUST,502,Gynaecology,2015-10-01,2026-05-01,128,128,0,0.0,0,False,False,2026-05-01
RKB__X01,RKB,UNIVERSITY HOSPITALS COVENTRY AND WARWICKSHIRE NHS TRUST,X01,Other,2015-10-01,2021-03-01,66,66,0,0.0,0,False,True,2021-03-01
RKE__100,RKE,THE WHITTINGTON HOSPITAL NHS TRUST,100,General Surgery,2015-10-01,2026-05-01,128,128,0,0.0,0,False,False,2026-05-01
RKE__101,RKE,THE WHITTINGTON HOSPITAL NHS TRUST,101,Urology,2015-10-01,2026-05-01,128,128,0,0.0,0,False,False,2026-05-01
RKE__110,RKE,THE WHITTINGTON HOSPITAL NHS TRUST,110,Trauma & Orthopaedics,2015-10-01,2026-05-01,128,128,0,0.0,0,False,False,2026-05-01
RKE__120,RKE,THE WHITTINGTON HOSPITAL NHS TRUST,120,ENT,2015-10-01,2026-05-01,128,128,0,0.0,0,False,False,2026-05-01
RKE__130,RKE,THE WHITTINGTON HOSPITAL NHS TRUST,130,Ophthalmology,2015-10-01,2026-05-01,128,128,0,0.0,0,False,False,2026-05-01
RKE__160,RKE,THE WHITTINGTON HOSPITAL NHS TRUST,160,Plastic Surgery,2015-10-01,2026-05-01,128,128,0,0.0,0,False,False,2026-05-01
RKE__300,RKE,THE WHITTINGTON HOSPITAL NHS TRUST,300,General Medicine,2015-10-01,2026-05-01,128,128,0,0.0,0,False,False,2026-05-01
RKE__301,RKE,THE WHITTINGTON HOSPITAL NHS TRUST,301,Gastroenterology,2015-10-01,2026-05-01,128,128,0,0.0,0,False,False,2026-05-01
RKE__320,RKE,THE WHITTINGTON HOSPITAL NHS TRUST,320,Cardiology,2015-10-01,2026-05-01,128,128,0,0.0,0,False,False,2026-05-01
RKE__330,RKE,THE WHITTINGTON HOSPITAL NHS TRUST,330,Dermatology,2015-10-01,2026-05-01,128,128,0,0.0,0,False,False,2026-05-01
RKE__340,RKE,THE WHITTINGTON HOSPITAL NHS TRUST,340,Thoracic Medicine,2015-10-01,2026-05-01,128,128,0,0.0,0,False,False,2026-05-01
RKE__400,RKE,THE WHITTINGTON HOSPITAL NHS TRUST,400,Neurology,2015-10-01,2026-05-01,128,128,0,0.0,0,False,False,2026-05-01
RKE__410,RKE,THE WHITTINGTON HOSPITAL NHS TRUST,410,Rheumatology,2015-10-01,2026-05-01,128,128,0,0.0,0,False,False,2026-05-01
RKE__430,RKE,THE WHITTINGTON HOSPITAL NHS TRUST,430,Geriatric Medicine,2015-10-01,2026-05-01,128,128,0,0.0,0,False,False,2026-05-01
RKE__502,RKE,THE WHITTINGTON HOSPITAL NHS TRUST,502,Gynaecology,2015-10-01,2026-05-01,128,128,0,0.0,0,False,False,2026-05-01
RKE__X01,RKE,THE WHITTINGTON HOSPITAL NHS TRUST,X01,Other,2015-10-01,2021-03-01,66,66,0,0.0,0,False,True,2021-03-01
RL1__100,RL1,THE ROBERT JONES AND AGNES HUNT ORTHOPAEDIC HOSPITAL NHS FOUNDATION TRUST,100,General Surgery,2015-10-01,2025-02-01,113,33,80,70.79646017699115,25,False,True,2025-02-01
RL1__110,RL1,THE ROBERT JONES AND AGNES HUNT ORTHOPAEDIC HOSPITAL NHS FOUNDATION TRUST,110,Trauma & Orthopaedics,2015-10-01,2026-05-01,128,128,0,0.0,0,False,False,2026-05-01
RL1__300,RL1,THE ROBERT JONES AND AGNES HUNT ORTHOPAEDIC HOSPITAL NHS FOUNDATION TRUST,300,General Medicine,2015-10-01,2026-05-01,128,128,0,0.0,0,False,False,2026-05-01
RL1__400,RL1,THE ROBERT JONES AND AGNES HUNT ORTHOPAEDIC HOSPITAL NHS FOUNDATION TRUST,400,Neurology,2015-10-01,2026-05-01,128,128,0,0.0,0,False,False,2026-05-01
RL1__410,RL1,THE ROBERT JONES AND AGNES HUNT ORTHOPAEDIC HOSPITAL NHS FOUNDATION TRUST,410,Rheumatology,2015-10-01,2026-05-01,128,128,0,0.0,0,False,False,2026-05-01
RL1__430,RL1,THE ROBERT JONES AND AGNES HUNT ORTHOPAEDIC HOSPITAL NHS FOUNDATION TRUST,430,Geriatric Medicine,2015-10-01,2026-05-01,128,128,0,0.0,0,False,False,2026-05-01
RL1__502,RL1,THE ROBERT JONES AND AGNES HUNT ORTHOPAEDIC HOSPITAL NHS FOUNDATION TRUST,502,Gynaecology,2015-10-01,2022-08-01,83,22,61,73.49397590361446,24,False,True,2022-08-01
RL1__X01,RL1,THE ROBERT JONES AND AGNES HUNT ORTHOPAEDIC HOSPITAL NHS FOUNDATION TRUST,X01,Other,2015-10-01,2021-03-01,66,66,0,0.0,0,False,True,2021-03-01
RL4__100,RL4,THE ROYAL WOLVERHAMPTON NHS TRUST,100,General Surgery,2015-10-01,2026-05-01,128,128,0,0.0,0,False,False,2026-05-01
RL4__101,RL4,THE ROYAL WOLVERHAMPTON NHS TRUST,101,Urology,2015-10-01,2026-05-01,128,128,0,0.0,0,False,False,2026-05-01
RL4__110,RL4,THE ROYAL WOLVERHAMPTON NHS TRUST,110,Trauma & Orthopaedics,2015-10-01,2026-05-01,128,128,0,0.0,0,False,False,2026-05-01
RL4__120,RL4,THE ROYAL WOLVERHAMPTON NHS TRUST,120,ENT,2015-10-01,2026-05-01,128,128,0,0.0,0,False,False,2026-05-01
RL4__130,RL4,THE ROYAL WOLVERHAMPTON NHS TRUST,130,Ophthalmology,2015-10-01,2026-05-01,128,128,0,0.0,0,False,False,2026-05-01
RL4__140,RL4,THE ROYAL WOLVERHAMPTON NHS TRUST,140,Oral Surgery,2015-10-01,2026-05-01,128,128,0,0.0,0,False,False,2026-05-01
RL4__160,RL4,THE ROYAL WOLVERHAMPTON NHS TRUST,160,Plastic Surgery,2015-10-01,2026-05-01,128,128,0,0.0,0,False,False,2026-05-01
RL4__170,RL4,THE ROYAL WOLVERHAMPTON NHS TRUST,170,Cardiothoracic Surgery,2015-10-01,2026-05-01,128,91,37,28.90625,29,False,False,2026-05-01
RL4__300,RL4,THE ROYAL WOLVERHAMPTON NHS TRUST,300,General Medicine,2015-10-01,2026-05-01,128,128,0,0.0,0,False,False,2026-05-01
RL4__301,RL4,THE ROYAL WOLVERHAMPTON NHS TRUST,301,Gastroenterology,2015-10-01,2026-05-01,128,128,0,0.0,0,False,False,2026-05-01
RL4__320,RL4,THE ROYAL WOLVERHAMPTON NHS TRUST,320,Cardiology,2015-10-01,2026-05-01,128,128,0,0.0,0,False,False,2026-05-01
RL4__330,RL4,THE ROYAL WOLVERHAMPTON NHS TRUST,330,Dermatology,2015-10-01,2026-05-01,128,128,0,0.0,0,False,False,2026-05-01
RL4__340,RL4,THE ROYAL WOLVERHAMPTON NHS TRUST,340,Thoracic Medicine,2015-10-01,2026-05-01,128,128,0,0.0,0,False,False,2026-05-01
RL4__400,RL4,THE ROYAL WOLVERHAMPTON NHS TRUST,400,Neurology,2015-10-01,2026-05-01,128,128,0,0.0,0,False,False,2026-05-01
RL4__410,RL4,THE ROYAL WOLVERHAMPTON NHS TRUST,410,Rheumatology,2015-10-01,2026-05-01,128,128,0,0.0,0,False,False,2026-05-01
RL4__430,RL4,THE ROYAL WOLVERHAMPTON NHS TRUST,430,Geriatric Medicine,2015-10-01,2026-05-01,128,128,0,0.0,0,False,False,2026-05-01
RL4__502,RL4,THE ROYAL WOLVERHAMPTON NHS TRUST,502,Gynaecology,2015-10-01,2026-05-01,128,128,0,0.0,0,False,False,2026-05-01
RL4__X01,RL4,THE ROYAL WOLVERHAMPTON NHS TRUST,X01,Other,2015-10-01,2021-03-01,66,66,0,0.0,0,False,True,2021-03-01
RLN__100,RLN,CITY HOSPITALS SUNDERLAND NHS FOUNDATION TRUST,100,General Surgery,2015-10-01,2019-03-01,42,42,0,0.0,0,False,True,2019-03-01
RLN__101,RLN,CITY HOSPITALS SUNDERLAND NHS FOUNDATION TRUST,101,Urology,2015-10-01,2019-03-01,42,42,0,0.0,0,False,True,2019-03-01
RLN__110,RLN,CITY HOSPITALS SUNDERLAND NHS FOUNDATION TRUST,110,Trauma & Orthopaedics,2015-10-01,2019-03-01,42,42,0,0.0,0,False,True,2019-03-01
RLN__120,RLN,CITY HOSPITALS SUNDERLAND NHS FOUNDATION TRUST,120,ENT,2015-10-01,2019-03-01,42,42,0,0.0,0,False,True,2019-03-01
RLN__130,RLN,CITY HOSPITALS SUNDERLAND NHS FOUNDATION TRUST,130,Ophthalmology,2015-10-01,2019-03-01,42,42,0,0.0,0,False,True,2019-03-01
RLN__140,RLN,CITY HOSPITALS SUNDERLAND NHS FOUNDATION TRUST,140,Oral Surgery,2015-10-01,2019-03-01,42,42,0,0.0,0,False,True,2019-03-01
RLN__150,RLN,CITY HOSPITALS SUNDERLAND NHS FOUNDATION TRUST,150,Neurosurgery,2015-10-01,2018-03-01,30,18,12,40.0,5,True,True,2018-03-01
RLN__170,RLN,CITY HOSPITALS SUNDERLAND NHS FOUNDATION TRUST,170,Cardiothoracic Surgery,2015-10-01,2017-11-01,26,8,18,69.23076923076923,10,True,True,2017-11-01
RLN__301,RLN,CITY HOSPITALS SUNDERLAND NHS FOUNDATION TRUST,301,Gastroenterology,2015-10-01,2019-03-01,42,42,0,0.0,0,False,True,2019-03-01
RLN__320,RLN,CITY HOSPITALS SUNDERLAND NHS FOUNDATION TRUST,320,Cardiology,2015-10-01,2019-03-01,42,42,0,0.0,0,False,True,2019-03-01
RLN__340,RLN,CITY HOSPITALS SUNDERLAND NHS FOUNDATION TRUST,340,Thoracic Medicine,2015-10-01,2019-03-01,42,42,0,0.0,0,False,True,2019-03-01
RLN__400,RLN,CITY HOSPITALS SUNDERLAND NHS FOUNDATION TRUST,400,Neurology,2015-10-01,2019-03-01,42,42,0,0.0,0,False,True,2019-03-01
RLN__410,RLN,CITY HOSPITALS SUNDERLAND NHS FOUNDATION TRUST,410,Rheumatology,2015-10-01,2019-03-01,42,42,0,0.0,0,False,True,2019-03-01
RLN__430,RLN,CITY HOSPITALS SUNDERLAND NHS FOUNDATION TRUST,430,Geriatric Medicine,2015-10-01,2019-03-01,42,42,0,0.0,0,False,True,2019-03-01
RLN__502,RLN,CITY HOSPITALS SUNDERLAND NHS FOUNDATION TRUST,502,Gynaecology,2015-10-01,2019-03-01,42,42,0,0.0,0,False,True,2019-03-01
RLN__X01,RLN,CITY HOSPITALS SUNDERLAND NHS FOUNDATION TRUST,X01,Other,2015-10-01,2019-03-01,42,42,0,0.0,0,False,True,2019-03-01
RLQ__100,RLQ,WYE VALLEY NHS TRUST,100,General Surgery,2015-10-01,2026-05-01,128,128,0,0.0,0,False,False,2026-05-01
RLQ__101,RLQ,WYE VALLEY NHS TRUST,101,Urology,2015-10-01,2026-05-01,128,128,0,0.0,0,False,False,2026-05-01
RLQ__110,RLQ,WYE VALLEY NHS TRUST,110,Trauma & Orthopaedics,2015-10-01,2026-05-01,128,128,0,0.0,0,False,False,2026-05-01
RLQ__120,RLQ,WYE VALLEY NHS TRUST,120,ENT,2015-10-01,2026-05-01,128,128,0,0.0,0,False,False,2026-05-01
RLQ__130,RLQ,WYE VALLEY NHS TRUST,130,Ophthalmology,2015-10-01,2026-05-01,128,128,0,0.0,0,False,False,2026-05-01
RLQ__140,RLQ,WYE VALLEY NHS TRUST,140,Oral Surgery,2015-10-01,2026-05-01,128,128,0,0.0,0,False,False,2026-05-01
RLQ__160,RLQ,WYE VALLEY NHS TRUST,160,Plastic Surgery,2015-10-01,2026-05-01,128,128,0,0.0,0,False,False,2026-05-01
RLQ__300,RLQ,WYE VALLEY NHS TRUST,300,General Medicine,2015-10-01,2026-05-01,128,120,8,6.25,5,False,False,2026-05-01
RLQ__301,RLQ,WYE VALLEY NHS TRUST,301,Gastroenterology,2015-10-01,2026-05-01,128,126,2,1.5625,2,False,False,2026-05-01
RLQ__320,RLQ,WYE VALLEY NHS TRUST,320,Cardiology,2015-10-01,2026-05-01,128,127,1,0.78125,1,False,False,2026-05-01
RLQ__330,RLQ,WYE VALLEY NHS TRUST,330,Dermatology,2015-10-01,2026-05-01,128,128,0,0.0,0,False,False,2026-05-01
RLQ__340,RLQ,WYE VALLEY NHS TRUST,340,Thoracic Medicine,2015-10-01,2026-05-01,128,127,1,0.78125,1,False,False,2026-05-01
RLQ__430,RLQ,WYE VALLEY NHS TRUST,430,Geriatric Medicine,2015-10-01,2026-05-01,128,124,4,3.125,2,False,False,2026-05-01
RLQ__502,RLQ,WYE VALLEY NHS TRUST,502,Gynaecology,2015-10-01,2026-05-01,128,128,0,0.0,0,False,False,2026-05-01
RLQ__X01,RLQ,WYE VALLEY NHS TRUST,X01,Other,2015-10-01,2021-03-01,66,66,0,0.0,0,False,True,2021-03-01
RLT__100,RLT,GEORGE ELIOT HOSPITAL NHS TRUST,100,General Surgery,2015-10-01,2026-05-01,128,128,0,0.0,0,False,False,2026-05-01
RLT__101,RLT,GEORGE ELIOT HOSPITAL NHS TRUST,101,Urology,2015-10-01,2026-05-01,128,128,0,0.0,0,False,False,2026-05-01
RLT__110,RLT,GEORGE ELIOT HOSPITAL NHS TRUST,110,Trauma & Orthopaedics,2015-10-01,2026-05-01,128,128,0,0.0,0,False,False,2026-05-01
RLT__120,RLT,GEORGE ELIOT HOSPITAL NHS TRUST,120,ENT,2015-10-01,2026-05-01,128,128,0,0.0,0,False,False,2026-05-01
RLT__130,RLT,GEORGE ELIOT HOSPITAL NHS TRUST,130,Ophthalmology,2015-10-01,2026-05-01,128,128,0,0.0,0,False,False,2026-05-01
RLT__140,RLT,GEORGE ELIOT HOSPITAL NHS TRUST,140,Oral Surgery,2015-10-01,2026-05-01,128,128,0,0.0,0,False,False,2026-05-01
RLT__150,RLT,GEORGE ELIOT HOSPITAL NHS TRUST,150,Neurosurgery,2015-10-01,2017-09-01,24,24,0,0.0,0,True,True,2017-09-01
RLT__160,RLT,GEORGE ELIOT HOSPITAL NHS TRUST,160,Plastic Surgery,2015-10-01,2026-05-01,128,128,0,0.0,0,False,False,2026-05-01
RLT__300,RLT,GEORGE ELIOT HOSPITAL NHS TRUST,300,General Medicine,2015-10-01,2026-05-01,128,128,0,0.0,0,False,False,2026-05-01
RLT__301,RLT,GEORGE ELIOT HOSPITAL NHS TRUST,301,Gastroenterology,2015-10-01,2026-05-01,128,128,0,0.0,0,False,False,2026-05-01
RLT__320,RLT,GEORGE ELIOT HOSPITAL NHS TRUST,320,Cardiology,2015-10-01,2026-05-01,128,128,0,0.0,0,False,False,2026-05-01
RLT__330,RLT,GEORGE ELIOT HOSPITAL NHS TRUST,330,Dermatology,2015-10-01,2022-01-01,76,18,58,76.3157894736842,22,False,True,2022-01-01
RLT__340,RLT,GEORGE ELIOT HOSPITAL NHS TRUST,340,Thoracic Medicine,2015-10-01,2026-05-01,128,128,0,0.0,0,False,False,2026-05-01
RLT__400,RLT,GEORGE ELIOT HOSPITAL NHS TRUST,400,Neurology,2015-10-01,2023-11-01,98,51,47,47.95918367346939,21,False,True,2023-11-01
RLT__410,RLT,GEORGE ELIOT HOSPITAL NHS TRUST,410,Rheumatology,2015-10-01,2026-05-01,128,128,0,0.0,0,False,False,2026-05-01
RLT__502,RLT,GEORGE ELIOT HOSPITAL NHS TRUST,502,Gynaecology,2015-10-01,2026-05-01,128,128,0,0.0,0,False,False,2026-05-01
RLT__X01,RLT,GEORGE ELIOT HOSPITAL NHS TRUST,X01,Other,2015-10-01,2021-03-01,66,66,0,0.0,0,False,True,2021-03-01
RLU__502,RLU,BIRMINGHAM WOMEN'S NHS FOUNDATION TRUST,502,Gynaecology,2015-10-01,2017-01-01,16,16,0,0.0,0,True,True,2017-01-01
RLU__X01,RLU,BIRMINGHAM WOMEN'S NHS FOUNDATION TRUST,X01,Other,2015-10-01,2017-01-01,16,16,0,0.0,0,True,True,2017-01-01
RM1__100,RM1,NORFOLK AND NORWICH UNIVERSITY HOSPITALS NHS FOUNDATION TRUST,100,General Surgery,2015-10-01,2026-05-01,128,128,0,0.0,0,False,False,2026-05-01
RM1__101,RM1,NORFOLK AND NORWICH UNIVERSITY HOSPITALS NHS FOUNDATION TRUST,101,Urology,2015-10-01,2026-05-01,128,128,0,0.0,0,False,False,2026-05-01
RM1__110,RM1,NORFOLK AND NORWICH UNIVERSITY HOSPITALS NHS FOUNDATION TRUST,110,Trauma & Orthopaedics,2015-10-01,2026-05-01,128,128,0,0.0,0,False,False,2026-05-01
RM1__120,RM1,NORFOLK AND NORWICH UNIVERSITY HOSPITALS NHS FOUNDATION TRUST,120,ENT,2015-10-01,2026-05-01,128,128,0,0.0,0,False,False,2026-05-01
RM1__130,RM1,NORFOLK AND NORWICH UNIVERSITY HOSPITALS NHS FOUNDATION TRUST,130,Ophthalmology,2015-10-01,2026-05-01,128,128,0,0.0,0,False,False,2026-05-01
RM1__140,RM1,NORFOLK AND NORWICH UNIVERSITY HOSPITALS NHS FOUNDATION TRUST,140,Oral Surgery,2015-10-01,2026-05-01,128,128,0,0.0,0,False,False,2026-05-01
RM1__150,RM1,NORFOLK AND NORWICH UNIVERSITY HOSPITALS NHS FOUNDATION TRUST,150,Neurosurgery,2015-10-01,2026-02-01,125,26,99,79.2,67,False,True,2026-02-01
RM1__160,RM1,NORFOLK AND NORWICH UNIVERSITY HOSPITALS NHS FOUNDATION TRUST,160,Plastic Surgery,2015-10-01,2026-05-01,128,128,0,0.0,0,False,False,2026-05-01
RM1__300,RM1,NORFOLK AND NORWICH UNIVERSITY HOSPITALS NHS FOUNDATION TRUST,300,General Medicine,2015-10-01,2023-07-01,94,93,1,1.0638297872340425,1,False,True,2023-07-01
RM1__301,RM1,NORFOLK AND NORWICH UNIVERSITY HOSPITALS NHS FOUNDATION TRUST,301,Gastroenterology,2015-10-01,2026-05-01,128,128,0,0.0,0,False,False,2026-05-01
RM1__320,RM1,NORFOLK AND NORWICH UNIVERSITY HOSPITALS NHS FOUNDATION TRUST,320,Cardiology,2015-10-01,2026-05-01,128,128,0,0.0,0,False,False,2026-05-01
RM1__330,RM1,NORFOLK AND NORWICH UNIVERSITY HOSPITALS NHS FOUNDATION TRUST,330,Dermatology,2015-10-01,2026-05-01,128,128,0,0.0,0,False,False,2026-05-01
RM1__340,RM1,NORFOLK AND NORWICH UNIVERSITY HOSPITALS NHS FOUNDATION TRUST,340,Thoracic Medicine,2015-10-01,2026-05-01,128,128,0,0.0,0,False,False,2026-05-01
RM1__400,RM1,NORFOLK AND NORWICH UNIVERSITY HOSPITALS NHS FOUNDATION TRUST,400,Neurology,2015-10-01,2026-05-01,128,128,0,0.0,0,False,False,2026-05-01
RM1__410,RM1,NORFOLK AND NORWICH UNIVERSITY HOSPITALS NHS FOUNDATION TRUST,410,Rheumatology,2015-10-01,2026-05-01,128,128,0,0.0,0,False,False,2026-05-01
RM1__430,RM1,NORFOLK AND NORWICH UNIVERSITY HOSPITALS NHS FOUNDATION TRUST,430,Geriatric Medicine,2015-10-01,2026-05-01,128,128,0,0.0,0,False,False,2026-05-01
RM1__502,RM1,NORFOLK AND NORWICH UNIVERSITY HOSPITALS NHS FOUNDATION TRUST,502,Gynaecology,2015-10-01,2026-05-01,128,128,0,0.0,0,False,False,2026-05-01
RM1__X01,RM1,NORFOLK AND NORWICH UNIVERSITY HOSPITALS NHS FOUNDATION TRUST,X01,Other,2015-10-01,2021-03-01,66,66,0,0.0,0,False,True,2021-03-01
RM2__100,RM2,UNIVERSITY HOSPITAL OF SOUTH MANCHESTER NHS FOUNDATION TRUST,100,General Surgery,2015-10-01,2017-09-01,24,24,0,0.0,0,True,True,2017-09-01
RM2__101,RM2,UNIVERSITY HOSPITAL OF SOUTH MANCHESTER NHS FOUNDATION TRUST,101,Urology,2015-10-01,2017-09-01,24,24,0,0.0,0,True,True,2017-09-01
RM2__110,RM2,UNIVERSITY HOSPITAL OF SOUTH MANCHESTER NHS FOUNDATION TRUST,110,Trauma & Orthopaedics,2015-10-01,2017-09-01,24,24,0,0.0,0,True,True,2017-09-01
RM2__120,RM2,UNIVERSITY HOSPITAL OF SOUTH MANCHESTER NHS FOUNDATION TRUST,120,ENT,2015-10-01,2017-09-01,24,24,0,0.0,0,True,True,2017-09-01
RM2__140,RM2,UNIVERSITY HOSPITAL OF SOUTH MANCHESTER NHS FOUNDATION TRUST,140,Oral Surgery,2015-10-01,2017-09-01,24,24,0,0.0,0,True,True,2017-09-01
RM2__160,RM2,UNIVERSITY HOSPITAL OF SOUTH MANCHESTER NHS FOUNDATION TRUST,160,Plastic Surgery,2015-10-01,2017-09-01,24,24,0,0.0,0,True,True,2017-09-01
RM2__170,RM2,UNIVERSITY HOSPITAL OF SOUTH MANCHESTER NHS FOUNDATION TRUST,170,Cardiothoracic Surgery,2015-10-01,2017-09-01,24,24,0,0.0,0,True,True,2017-09-01
RM2__300,RM2,UNIVERSITY HOSPITAL OF SOUTH MANCHESTER NHS FOUNDATION TRUST,300,General Medicine,2015-10-01,2017-09-01,24,24,0,0.0,0,True,True,2017-09-01
RM2__301,RM2,UNIVERSITY HOSPITAL OF SOUTH MANCHESTER NHS FOUNDATION TRUST,301,Gastroenterology,2015-10-01,2017-09-01,24,24,0,0.0,0,True,True,2017-09-01
RM2__320,RM2,UNIVERSITY HOSPITAL OF SOUTH MANCHESTER NHS FOUNDATION TRUST,320,Cardiology,2015-10-01,2017-09-01,24,24,0,0.0,0,True,True,2017-09-01
RM2__330,RM2,UNIVERSITY HOSPITAL OF SOUTH MANCHESTER NHS FOUNDATION TRUST,330,Dermatology,2015-10-01,2017-09-01,24,24,0,0.0,0,True,True,2017-09-01
RM2__340,RM2,UNIVERSITY HOSPITAL OF SOUTH MANCHESTER NHS FOUNDATION TRUST,340,Thoracic Medicine,2015-10-01,2017-09-01,24,24,0,0.0,0,True,True,2017-09-01
RM2__410,RM2,UNIVERSITY HOSPITAL OF SOUTH MANCHESTER NHS FOUNDATION TRUST,410,Rheumatology,2015-10-01,2017-09-01,24,24,0,0.0,0,True,True,2017-09-01
RM2__430,RM2,UNIVERSITY HOSPITAL OF SOUTH MANCHESTER NHS FOUNDATION TRUST,430,Geriatric Medicine,2015-10-01,2017-09-01,24,24,0,0.0,0,True,True,2017-09-01
RM2__502,RM2,UNIVERSITY HOSPITAL OF SOUTH MANCHESTER NHS FOUNDATION TRUST,502,Gynaecology,2015-10-01,2017-09-01,24,24,0,0.0,0,True,True,2017-09-01
RM2__X01,RM2,UNIVERSITY HOSPITAL OF SOUTH MANCHESTER NHS FOUNDATION TRUST,X01,Other,2015-10-01,2017-09-01,24,24,0,0.0,0,True,True,2017-09-01
RM3__100,RM3,SALFORD ROYAL NHS FOUNDATION TRUST,100,General Surgery,2015-10-01,2026-05-01,128,128,0,0.0,0,False,False,2026-05-01
RM3__101,RM3,SALFORD ROYAL NHS FOUNDATION TRUST,101,Urology,2015-10-01,2026-05-01,128,128,0,0.0,0,False,False,2026-05-01
RM3__110,RM3,SALFORD ROYAL NHS FOUNDATION TRUST,110,Trauma & Orthopaedics,2015-10-01,2026-05-01,128,128,0,0.0,0,False,False,2026-05-01
RM3__120,RM3,SALFORD ROYAL NHS FOUNDATION TRUST,120,ENT,2015-10-01,2026-05-01,128,128,0,0.0,0,False,False,2026-05-01
RM3__140,RM3,SALFORD ROYAL NHS FOUNDATION TRUST,140,Oral Surgery,2015-10-01,2026-05-01,128,128,0,0.0,0,False,False,2026-05-01
RM3__150,RM3,SALFORD ROYAL NHS FOUNDATION TRUST,150,Neurosurgery,2015-10-01,2026-05-01,128,128,0,0.0,0,False,False,2026-05-01
RM3__300,RM3,SALFORD ROYAL NHS FOUNDATION TRUST,300,General Medicine,2015-10-01,2026-05-01,128,100,28,21.875,4,False,False,2026-05-01
RM3__301,RM3,SALFORD ROYAL NHS FOUNDATION TRUST,301,Gastroenterology,2015-10-01,2026-05-01,128,128,0,0.0,0,False,False,2026-05-01
RM3__320,RM3,SALFORD ROYAL NHS FOUNDATION TRUST,320,Cardiology,2015-10-01,2026-05-01,128,128,0,0.0,0,False,False,2026-05-01
RM3__330,RM3,SALFORD ROYAL NHS FOUNDATION TRUST,330,Dermatology,2015-10-01,2026-05-01,128,128,0,0.0,0,False,False,2026-05-01
RM3__340,RM3,SALFORD ROYAL NHS FOUNDATION TRUST,340,Thoracic Medicine,2015-10-01,2026-05-01,128,128,0,0.0,0,False,False,2026-05-01
RM3__400,RM3,SALFORD ROYAL NHS FOUNDATION TRUST,400,Neurology,2015-10-01,2026-05-01,128,128,0,0.0,0,False,False,2026-05-01
RM3__410,RM3,SALFORD ROYAL NHS FOUNDATION TRUST,410,Rheumatology,2015-10-01,2026-05-01,128,128,0,0.0,0,False,False,2026-05-01
RM3__430,RM3,SALFORD ROYAL NHS FOUNDATION TRUST,430,Geriatric Medicine,2015-10-01,2026-05-01,128,128,0,0.0,0,False,False,2026-05-01
RM3__502,RM3,SALFORD ROYAL NHS FOUNDATION TRUST,502,Gynaecology,2015-10-01,2026-05-01,128,128,0,0.0,0,False,False,2026-05-01
RM3__X01,RM3,SALFORD ROYAL NHS FOUNDATION TRUST,X01,Other,2015-10-01,2021-03-01,66,66,0,0.0,0,False,True,2021-03-01
RMC__100,RMC,BOLTON NHS FOUNDATION TRUST,100,General Surgery,2015-10-01,2026-05-01,128,128,0,0.0,0,False,False,2026-05-01
RMC__101,RMC,BOLTON NHS FOUNDATION TRUST,101,Urology,2015-10-01,2026-05-01,128,128,0,0.0,0,False,False,2026-05-01
RMC__110,RMC,BOLTON NHS FOUNDATION TRUST,110,Trauma & Orthopaedics,2015-10-01,2026-05-01,128,128,0,0.0,0,False,False,2026-05-01
RMC__120,RMC,BOLTON NHS FOUNDATION TRUST,120,ENT,2015-10-01,2026-05-01,128,128,0,0.0,0,False,False,2026-05-01
RMC__130,RMC,BOLTON NHS FOUNDATION TRUST,130,Ophthalmology,2015-10-01,2026-05-01,128,128,0,0.0,0,False,False,2026-05-01
RMC__140,RMC,BOLTON NHS FOUNDATION TRUST,140,Oral Surgery,2015-10-01,2026-05-01,128,128,0,0.0,0,False,False,2026-05-01
RMC__160,RMC,BOLTON NHS FOUNDATION TRUST,160,Plastic Surgery,2015-10-01,2026-05-01,128,128,0,0.0,0,False,False,2026-05-01
RMC__170,RMC,BOLTON NHS FOUNDATION TRUST,170,Cardiothoracic Surgery,2015-10-01,2026-05-01,128,128,0,0.0,0,False,False,2026-05-01
RMC__300,RMC,BOLTON NHS FOUNDATION TRUST,300,General Medicine,2015-10-01,2026-05-01,128,123,5,3.90625,3,False,False,2026-05-01
RMC__330,RMC,BOLTON NHS FOUNDATION TRUST,330,Dermatology,2015-10-01,2026-05-01,128,128,0,0.0,0,False,False,2026-05-01
RMC__340,RMC,BOLTON NHS FOUNDATION TRUST,340,Thoracic Medicine,2015-10-01,2026-05-01,128,128,0,0.0,0,False,False,2026-05-01
RMC__400,RMC,BOLTON NHS FOUNDATION TRUST,400,Neurology,2015-10-01,2026-05-01,128,128,0,0.0,0,False,False,2026-05-01
RMC__410,RMC,BOLTON NHS FOUNDATION TRUST,410,Rheumatology,2015-10-01,2026-05-01,128,128,0,0.0,0,False,False,2026-05-01
RMC__430,RMC,BOLTON NHS FOUNDATION TRUST,430,Geriatric Medicine,2015-10-01,2026-05-01,128,128,0,0.0,0,False,False,2026-05-01
RMC__502,RMC,BOLTON NHS FOUNDATION TRUST,502,Gynaecology,2015-10-01,2026-05-01,128,128,0,0.0,0,False,False,2026-05-01
RMC__X01,RMC,BOLTON NHS FOUNDATION TRUST,X01,Other,2015-10-01,2021-03-01,66,66,0,0.0,0,False,True,2021-03-01
RMP__100,RMP,TAMESIDE HOSPITAL NHS FOUNDATION TRUST,100,General Surgery,2015-10-01,2026-05-01,128,128,0,0.0,0,False,False,2026-05-01
RMP__101,RMP,TAMESIDE HOSPITAL NHS FOUNDATION TRUST,101,Urology,2015-10-01,2026-05-01,128,128,0,0.0,0,False,False,2026-05-01
RMP__110,RMP,TAMESIDE HOSPITAL NHS FOUNDATION TRUST,110,Trauma & Orthopaedics,2015-10-01,2026-05-01,128,128,0,0.0,0,False,False,2026-05-01
RMP__120,RMP,TAMESIDE HOSPITAL NHS FOUNDATION TRUST,120,ENT,2015-10-01,2026-05-01,128,128,0,0.0,0,False,False,2026-05-01
RMP__130,RMP,TAMESIDE HOSPITAL NHS FOUNDATION TRUST,130,Ophthalmology,2015-10-01,2025-12-01,123,123,0,0.0,0,False,True,2025-12-01
RMP__140,RMP,TAMESIDE HOSPITAL NHS FOUNDATION TRUST,140,Oral Surgery,2015-10-01,2026-05-01,128,128,0,0.0,0,False,False,2026-05-01
RMP__160,RMP,TAMESIDE HOSPITAL NHS FOUNDATION TRUST,160,Plastic Surgery,2015-10-01,2022-01-01,76,73,3,3.9473684210526314,3,False,True,2022-01-01
RMP__170,RMP,TAMESIDE HOSPITAL NHS FOUNDATION TRUST,170,Cardiothoracic Surgery,2015-10-01,2026-02-01,125,124,1,0.8,1,False,True,2026-02-01
RMP__300,RMP,TAMESIDE HOSPITAL NHS FOUNDATION TRUST,300,General Medicine,2015-10-01,2026-05-01,128,128,0,0.0,0,False,False,2026-05-01
RMP__301,RMP,TAMESIDE HOSPITAL NHS FOUNDATION TRUST,301,Gastroenterology,2015-10-01,2026-05-01,128,128,0,0.0,0,False,False,2026-05-01
RMP__320,RMP,TAMESIDE HOSPITAL NHS FOUNDATION TRUST,320,Cardiology,2015-10-01,2026-05-01,128,128,0,0.0,0,False,False,2026-05-01
RMP__330,RMP,TAMESIDE HOSPITAL NHS FOUNDATION TRUST,330,Dermatology,2015-10-01,2026-05-01,128,128,0,0.0,0,False,False,2026-05-01
RMP__410,RMP,TAMESIDE HOSPITAL NHS FOUNDATION TRUST,410,Rheumatology,2015-10-01,2026-05-01,128,128,0,0.0,0,False,False,2026-05-01
RMP__502,RMP,TAMESIDE HOSPITAL NHS FOUNDATION TRUST,502,Gynaecology,2015-10-01,2026-05-01,128,128,0,0.0,0,False,False,2026-05-01
RMP__X01,RMP,TAMESIDE HOSPITAL NHS FOUNDATION TRUST,X01,Other,2015-10-01,2021-03-01,66,66,0,0.0,0,False,True,2021-03-01
RN3__100,RN3,GREAT WESTERN HOSPITALS NHS FOUNDATION TRUST,100,General Surgery,2015-10-01,2026-05-01,128,128,0,0.0,0,False,False,2026-05-01
RN3__101,RN3,GREAT WESTERN HOSPITALS NHS FOUNDATION TRUST,101,Urology,2015-10-01,2026-05-01,128,128,0,0.0,0,False,False,2026-05-01
RN3__110,RN3,GREAT WESTERN HOSPITALS NHS FOUNDATION TRUST,110,Trauma & Orthopaedics,2015-10-01,2026-05-01,128,128,0,0.0,0,False,False,2026-05-01
RN3__120,RN3,GREAT WESTERN HOSPITALS NHS FOUNDATION TRUST,120,ENT,2015-10-01,2026-05-01,128,128,0,0.0,0,False,False,2026-05-01
RN3__130,RN3,GREAT WESTERN HOSPITALS NHS FOUNDATION TRUST,130,Ophthalmology,2015-10-01,2026-05-01,128,128,0,0.0,0,False,False,2026-05-01
RN3__140,RN3,GREAT WESTERN HOSPITALS NHS FOUNDATION TRUST,140,Oral Surgery,2015-10-01,2026-05-01,128,128,0,0.0,0,False,False,2026-05-01
RN3__160,RN3,GREAT WESTERN HOSPITALS NHS FOUNDATION TRUST,160,Plastic Surgery,2015-10-01,2026-05-01,128,128,0,0.0,0,False,False,2026-05-01
RN3__300,RN3,GREAT WESTERN HOSPITALS NHS FOUNDATION TRUST,300,General Medicine,2015-10-01,2025-09-01,120,108,12,10.0,3,False,True,2025-09-01
RN3__301,RN3,GREAT WESTERN HOSPITALS NHS FOUNDATION TRUST,301,Gastroenterology,2015-10-01,2026-05-01,128,128,0,0.0,0,False,False,2026-05-01
RN3__320,RN3,GREAT WESTERN HOSPITALS NHS FOUNDATION TRUST,320,Cardiology,2015-10-01,2026-05-01,128,128,0,0.0,0,False,False,2026-05-01
RN3__330,RN3,GREAT WESTERN HOSPITALS NHS FOUNDATION TRUST,330,Dermatology,2015-10-01,2026-05-01,128,128,0,0.0,0,False,False,2026-05-01
RN3__340,RN3,GREAT WESTERN HOSPITALS NHS FOUNDATION TRUST,340,Thoracic Medicine,2015-10-01,2026-05-01,128,128,0,0.0,0,False,False,2026-05-01
RN3__400,RN3,GREAT WESTERN HOSPITALS NHS FOUNDATION TRUST,400,Neurology,2015-10-01,2026-05-01,128,128,0,0.0,0,False,False,2026-05-01
RN3__410,RN3,GREAT WESTERN HOSPITALS NHS FOUNDATION TRUST,410,Rheumatology,2015-10-01,2026-05-01,128,128,0,0.0,0,False,False,2026-05-01
RN3__430,RN3,GREAT WESTERN HOSPITALS NHS FOUNDATION TRUST,430,Geriatric Medicine,2015-10-01,2026-05-01,128,128,0,0.0,0,False,False,2026-05-01
RN3__502,RN3,GREAT WESTERN HOSPITALS NHS FOUNDATION TRUST,502,Gynaecology,2015-10-01,2026-05-01,128,128,0,0.0,0,False,False,2026-05-01
RN3__X01,RN3,GREAT WESTERN HOSPITALS NHS FOUNDATION TRUST,X01,Other,2015-10-01,2021-03-01,66,66,0,0.0,0,False,True,2021-03-01
RN5__100,RN5,HAMPSHIRE HOSPITALS NHS FOUNDATION TRUST,100,General Surgery,2015-10-01,2026-05-01,128,128,0,0.0,0,False,False,2026-05-01
RN5__101,RN5,HAMPSHIRE HOSPITALS NHS FOUNDATION TRUST,101,Urology,2015-10-01,2026-05-01,128,128,0,0.0,0,False,False,2026-05-01
RN5__110,RN5,HAMPSHIRE HOSPITALS NHS FOUNDATION TRUST,110,Trauma & Orthopaedics,2015-10-01,2026-05-01,128,128,0,0.0,0,False,False,2026-05-01
RN5__120,RN5,HAMPSHIRE HOSPITALS NHS FOUNDATION TRUST,120,ENT,2015-10-01,2026-05-01,128,128,0,0.0,0,False,False,2026-05-01
RN5__130,RN5,HAMPSHIRE HOSPITALS NHS FOUNDATION TRUST,130,Ophthalmology,2015-10-01,2026-05-01,128,128,0,0.0,0,False,False,2026-05-01
RN5__300,RN5,HAMPSHIRE HOSPITALS NHS FOUNDATION TRUST,300,General Medicine,2015-10-01,2026-05-01,128,128,0,0.0,0,False,False,2026-05-01
RN5__301,RN5,HAMPSHIRE HOSPITALS NHS FOUNDATION TRUST,301,Gastroenterology,2015-10-01,2026-05-01,128,128,0,0.0,0,False,False,2026-05-01
RN5__320,RN5,HAMPSHIRE HOSPITALS NHS FOUNDATION TRUST,320,Cardiology,2015-10-01,2026-05-01,128,128,0,0.0,0,False,False,2026-05-01
RN5__330,RN5,HAMPSHIRE HOSPITALS NHS FOUNDATION TRUST,330,Dermatology,2015-10-01,2026-05-01,128,128,0,0.0,0,False,False,2026-05-01
RN5__340,RN5,HAMPSHIRE HOSPITALS NHS FOUNDATION TRUST,340,Thoracic Medicine,2015-10-01,2026-05-01,128,128,0,0.0,0,False,False,2026-05-01
RN5__400,RN5,HAMPSHIRE HOSPITALS NHS FOUNDATION TRUST,400,Neurology,2015-10-01,2026-05-01,128,128,0,0.0,0,False,False,2026-05-01
RN5__410,RN5,HAMPSHIRE HOSPITALS NHS FOUNDATION TRUST,410,Rheumatology,2015-10-01,2026-05-01,128,128,0,0.0,0,False,False,2026-05-01
RN5__430,RN5,HAMPSHIRE HOSPITALS NHS FOUNDATION TRUST,430,Geriatric Medicine,2015-10-01,2026-05-01,128,128,0,0.0,0,False,False,2026-05-01
RN5__502,RN5,HAMPSHIRE HOSPITALS NHS FOUNDATION TRUST,502,Gynaecology,2015-10-01,2026-05-01,128,128,0,0.0,0,False,False,2026-05-01
RN5__X01,RN5,HAMPSHIRE HOSPITALS NHS FOUNDATION TRUST,X01,Other,2015-10-01,2021-03-01,66,66,0,0.0,0,False,True,2021-03-01
RN7__100,RN7,DARTFORD AND GRAVESHAM NHS TRUST,100,General Surgery,2015-10-01,2026-05-01,128,128,0,0.0,0,False,False,2026-05-01
RN7__101,RN7,DARTFORD AND GRAVESHAM NHS TRUST,101,Urology,2015-10-01,2026-05-01,128,128,0,0.0,0,False,False,2026-05-01
RN7__110,RN7,DARTFORD AND GRAVESHAM NHS TRUST,110,Trauma & Orthopaedics,2015-10-01,2026-05-01,128,128,0,0.0,0,False,False,2026-05-01
RN7__300,RN7,DARTFORD AND GRAVESHAM NHS TRUST,300,General Medicine,2015-10-01,2026-05-01,128,128,0,0.0,0,False,False,2026-05-01
RN7__301,RN7,DARTFORD AND GRAVESHAM NHS TRUST,301,Gastroenterology,2015-10-01,2026-05-01,128,128,0,0.0,0,False,False,2026-05-01
RN7__320,RN7,DARTFORD AND GRAVESHAM NHS TRUST,320,Cardiology,2015-10-01,2026-05-01,128,128,0,0.0,0,False,False,2026-05-01
RN7__340,RN7,DARTFORD AND GRAVESHAM NHS TRUST,340,Thoracic Medicine,2015-10-01,2026-05-01,128,128,0,0.0,0,False,False,2026-05-01
RN7__400,RN7,DARTFORD AND GRAVESHAM NHS TRUST,400,Neurology,2015-10-01,2026-05-01,128,128,0,0.0,0,False,False,2026-05-01
RN7__410,RN7,DARTFORD AND GRAVESHAM NHS TRUST,410,Rheumatology,2015-10-01,2019-04-01,43,26,17,39.53488372093023,5,False,True,2019-04-01
RN7__430,RN7,DARTFORD AND GRAVESHAM NHS TRUST,430,Geriatric Medicine,2015-10-01,2026-05-01,128,128,0,0.0,0,False,False,2026-05-01
RN7__502,RN7,DARTFORD AND GRAVESHAM NHS TRUST,502,Gynaecology,2015-10-01,2026-05-01,128,128,0,0.0,0,False,False,2026-05-01
RN7__X01,RN7,DARTFORD AND GRAVESHAM NHS TRUST,X01,Other,2015-10-01,2021-03-01,66,66,0,0.0,0,False,True,2021-03-01
RNA__100,RNA,THE DUDLEY GROUP NHS FOUNDATION TRUST,100,General Surgery,2015-10-01,2026-05-01,128,128,0,0.0,0,False,False,2026-05-01
RNA__101,RNA,THE DUDLEY GROUP NHS FOUNDATION TRUST,101,Urology,2015-10-01,2026-05-01,128,128,0,0.0,0,False,False,2026-05-01
RNA__110,RNA,THE DUDLEY GROUP NHS FOUNDATION TRUST,110,Trauma & Orthopaedics,2015-10-01,2026-05-01,128,128,0,0.0,0,False,False,2026-05-01
RNA__120,RNA,THE DUDLEY GROUP NHS FOUNDATION TRUST,120,ENT,2015-10-01,2026-05-01,128,128,0,0.0,0,False,False,2026-05-01
RNA__130,RNA,THE DUDLEY GROUP NHS FOUNDATION TRUST,130,Ophthalmology,2015-10-01,2026-05-01,128,128,0,0.0,0,False,False,2026-05-01
RNA__140,RNA,THE DUDLEY GROUP NHS FOUNDATION TRUST,140,Oral Surgery,2015-10-01,2026-05-01,128,128,0,0.0,0,False,False,2026-05-01
RNA__160,RNA,THE DUDLEY GROUP NHS FOUNDATION TRUST,160,Plastic Surgery,2015-10-01,2026-05-01,128,128,0,0.0,0,False,False,2026-05-01
RNA__301,RNA,THE DUDLEY GROUP NHS FOUNDATION TRUST,301,Gastroenterology,2015-10-01,2026-05-01,128,128,0,0.0,0,False,False,2026-05-01
RNA__320,RNA,THE DUDLEY GROUP NHS FOUNDATION TRUST,320,Cardiology,2015-10-01,2026-05-01,128,128,0,0.0,0,False,False,2026-05-01
RNA__330,RNA,THE DUDLEY GROUP NHS FOUNDATION TRUST,330,Dermatology,2015-10-01,2026-05-01,128,128,0,0.0,0,False,False,2026-05-01
RNA__340,RNA,THE DUDLEY GROUP NHS FOUNDATION TRUST,340,Thoracic Medicine,2015-10-01,2026-05-01,128,128,0,0.0,0,False,False,2026-05-01
RNA__400,RNA,THE DUDLEY GROUP NHS FOUNDATION TRUST,400,Neurology,2015-10-01,2026-05-01,128,128,0,0.0,0,False,False,2026-05-01
RNA__410,RNA,THE DUDLEY GROUP NHS FOUNDATION TRUST,410,Rheumatology,2015-10-01,2026-05-01,128,128,0,0.0,0,False,False,2026-05-01
RNA__430,RNA,THE DUDLEY GROUP NHS FOUNDATION TRUST,430,Geriatric Medicine,2015-10-01,2026-05-01,128,128,0,0.0,0,False,False,2026-05-01
RNA__502,RNA,THE DUDLEY GROUP NHS FOUNDATION TRUST,502,Gynaecology,2015-10-01,2026-05-01,128,128,0,0.0,0,False,False,2026-05-01
RNA__X01,RNA,THE DUDLEY GROUP NHS FOUNDATION TRUST,X01,Other,2015-10-01,2021-03-01,66,66,0,0.0,0,False,True,2021-03-01
RNL__100,RNL,NORTH CUMBRIA UNIVERSITY HOSPITALS NHS TRUST,100,General Surgery,2015-10-01,2019-09-01,48,48,0,0.0,0,False,True,2019-09-01
RNL__101,RNL,NORTH CUMBRIA UNIVERSITY HOSPITALS NHS TRUST,101,Urology,2015-10-01,2019-09-01,48,48,0,0.0,0,False,True,2019-09-01
RNL__110,RNL,NORTH CUMBRIA UNIVERSITY HOSPITALS NHS TRUST,110,Trauma & Orthopaedics,2015-10-01,2019-09-01,48,48,0,0.0,0,False,True,2019-09-01
RNL__120,RNL,NORTH CUMBRIA UNIVERSITY HOSPITALS NHS TRUST,120,ENT,2015-10-01,2019-09-01,48,48,0,0.0,0,False,True,2019-09-01
RNL__130,RNL,NORTH CUMBRIA UNIVERSITY HOSPITALS NHS TRUST,130,Ophthalmology,2015-10-01,2019-09-01,48,48,0,0.0,0,False,True,2019-09-01
RNL__140,RNL,NORTH CUMBRIA UNIVERSITY HOSPITALS NHS TRUST,140,Oral Surgery,2015-10-01,2019-09-01,48,48,0,0.0,0,False,True,2019-09-01
RNL__300,RNL,NORTH CUMBRIA UNIVERSITY HOSPITALS NHS TRUST,300,General Medicine,2015-10-01,2019-09-01,48,48,0,0.0,0,False,True,2019-09-01
RNL__301,RNL,NORTH CUMBRIA UNIVERSITY HOSPITALS NHS TRUST,301,Gastroenterology,2015-10-01,2019-09-01,48,48,0,0.0,0,False,True,2019-09-01
RNL__320,RNL,NORTH CUMBRIA UNIVERSITY HOSPITALS NHS TRUST,320,Cardiology,2015-10-01,2019-09-01,48,48,0,0.0,0,False,True,2019-09-01
RNL__330,RNL,NORTH CUMBRIA UNIVERSITY HOSPITALS NHS TRUST,330,Dermatology,2015-10-01,2019-09-01,48,48,0,0.0,0,False,True,2019-09-01
RNL__340,RNL,NORTH CUMBRIA UNIVERSITY HOSPITALS NHS TRUST,340,Thoracic Medicine,2015-10-01,2019-09-01,48,48,0,0.0,0,False,True,2019-09-01
RNL__410,RNL,NORTH CUMBRIA UNIVERSITY HOSPITALS NHS TRUST,410,Rheumatology,2015-10-01,2019-09-01,48,48,0,0.0,0,False,True,2019-09-01
RNL__430,RNL,NORTH CUMBRIA UNIVERSITY HOSPITALS NHS TRUST,430,Geriatric Medicine,2015-10-01,2019-09-01,48,48,0,0.0,0,False,True,2019-09-01
RNL__502,RNL,NORTH CUMBRIA UNIVERSITY HOSPITALS NHS TRUST,502,Gynaecology,2015-10-01,2019-09-01,48,48,0,0.0,0,False,True,2019-09-01
RNL__X01,RNL,NORTH CUMBRIA UNIVERSITY HOSPITALS NHS TRUST,X01,Other,2015-10-01,2019-09-01,48,48,0,0.0,0,False,True,2019-09-01
RNN__400,RNN,CUMBRIA PARTNERSHIP NHS FOUNDATION TRUST,400,Neurology,2015-10-01,2026-05-01,128,126,2,1.5625,1,False,False,2026-05-01
RNN__X01,RNN,CUMBRIA PARTNERSHIP NHS FOUNDATION TRUST,X01,Other,2015-10-01,2021-03-01,66,66,0,0.0,0,False,True,2021-03-01
RNQ__100,RNQ,KETTERING GENERAL HOSPITAL NHS FOUNDATION TRUST,100,General Surgery,2015-10-01,2026-05-01,128,114,14,10.9375,14,False,False,2026-05-01
RNQ__101,RNQ,KETTERING GENERAL HOSPITAL NHS FOUNDATION TRUST,101,Urology,2015-10-01,2026-05-01,128,114,14,10.9375,14,False,False,2026-05-01
RNQ__110,RNQ,KETTERING GENERAL HOSPITAL NHS FOUNDATION TRUST,110,Trauma & Orthopaedics,2015-10-01,2026-05-01,128,114,14,10.9375,14,False,False,2026-05-01
RNQ__120,RNQ,KETTERING GENERAL HOSPITAL NHS FOUNDATION TRUST,120,ENT,2015-10-01,2026-05-01,128,114,14,10.9375,14,False,False,2026-05-01
RNQ__130,RNQ,KETTERING GENERAL HOSPITAL NHS FOUNDATION TRUST,130,Ophthalmology,2015-10-01,2026-05-01,128,114,14,10.9375,14,False,False,2026-05-01
RNQ__140,RNQ,KETTERING GENERAL HOSPITAL NHS FOUNDATION TRUST,140,Oral Surgery,2015-10-01,2026-05-01,128,114,14,10.9375,14,False,False,2026-05-01
RNQ__160,RNQ,KETTERING GENERAL HOSPITAL NHS FOUNDATION TRUST,160,Plastic Surgery,2015-10-01,2026-05-01,128,114,14,10.9375,14,False,False,2026-05-01
RNQ__300,RNQ,KETTERING GENERAL HOSPITAL NHS FOUNDATION TRUST,300,General Medicine,2015-10-01,2026-05-01,128,96,32,25.0,14,False,False,2026-05-01
RNQ__301,RNQ,KETTERING GENERAL HOSPITAL NHS FOUNDATION TRUST,301,Gastroenterology,2015-10-01,2026-05-01,128,114,14,10.9375,14,False,False,2026-05-01
RNQ__320,RNQ,KETTERING GENERAL HOSPITAL NHS FOUNDATION TRUST,320,Cardiology,2015-10-01,2026-05-01,128,114,14,10.9375,14,False,False,2026-05-01
RNQ__330,RNQ,KETTERING GENERAL HOSPITAL NHS FOUNDATION TRUST,330,Dermatology,2015-10-01,2026-05-01,128,114,14,10.9375,14,False,False,2026-05-01
RNQ__340,RNQ,KETTERING GENERAL HOSPITAL NHS FOUNDATION TRUST,340,Thoracic Medicine,2015-10-01,2026-05-01,128,114,14,10.9375,14,False,False,2026-05-01
RNQ__400,RNQ,KETTERING GENERAL HOSPITAL NHS FOUNDATION TRUST,400,Neurology,2015-10-01,2026-05-01,128,114,14,10.9375,14,False,False,2026-05-01
RNQ__410,RNQ,KETTERING GENERAL HOSPITAL NHS FOUNDATION TRUST,410,Rheumatology,2015-10-01,2026-05-01,128,114,14,10.9375,14,False,False,2026-05-01
RNQ__502,RNQ,KETTERING GENERAL HOSPITAL NHS FOUNDATION TRUST,502,Gynaecology,2015-10-01,2026-05-01,128,114,14,10.9375,14,False,False,2026-05-01
RNQ__X01,RNQ,KETTERING GENERAL HOSPITAL NHS FOUNDATION TRUST,X01,Other,2015-10-01,2021-03-01,66,52,14,21.21212121212121,14,False,True,2021-03-01
RNS__100,RNS,NORTHAMPTON GENERAL HOSPITAL NHS TRUST,100,General Surgery,2015-10-01,2026-05-01,128,128,0,0.0,0,False,False,2026-05-01
RNS__101,RNS,NORTHAMPTON GENERAL HOSPITAL NHS TRUST,101,Urology,2015-10-01,2026-05-01,128,128,0,0.0,0,False,False,2026-05-01
RNS__110,RNS,NORTHAMPTON GENERAL HOSPITAL NHS TRUST,110,Trauma & Orthopaedics,2015-10-01,2026-05-01,128,128,0,0.0,0,False,False,2026-05-01
RNS__120,RNS,NORTHAMPTON GENERAL HOSPITAL NHS TRUST,120,ENT,2015-10-01,2026-05-01,128,128,0,0.0,0,False,False,2026-05-01
RNS__130,RNS,NORTHAMPTON GENERAL HOSPITAL NHS TRUST,130,Ophthalmology,2015-10-01,2026-05-01,128,128,0,0.0,0,False,False,2026-05-01
RNS__140,RNS,NORTHAMPTON GENERAL HOSPITAL NHS TRUST,140,Oral Surgery,2015-10-01,2026-05-01,128,128,0,0.0,0,False,False,2026-05-01
RNS__150,RNS,NORTHAMPTON GENERAL HOSPITAL NHS TRUST,150,Neurosurgery,2015-10-01,2025-02-01,113,113,0,0.0,0,False,True,2025-02-01
RNS__160,RNS,NORTHAMPTON GENERAL HOSPITAL NHS TRUST,160,Plastic Surgery,2015-10-01,2026-05-01,128,128,0,0.0,0,False,False,2026-05-01
RNS__170,RNS,NORTHAMPTON GENERAL HOSPITAL NHS TRUST,170,Cardiothoracic Surgery,2015-10-01,2026-05-01,128,128,0,0.0,0,False,False,2026-05-01
RNS__300,RNS,NORTHAMPTON GENERAL HOSPITAL NHS TRUST,300,General Medicine,2015-10-01,2026-05-01,128,128,0,0.0,0,False,False,2026-05-01
RNS__301,RNS,NORTHAMPTON GENERAL HOSPITAL NHS TRUST,301,Gastroenterology,2015-10-01,2026-05-01,128,128,0,0.0,0,False,False,2026-05-01
RNS__320,RNS,NORTHAMPTON GENERAL HOSPITAL NHS TRUST,320,Cardiology,2015-10-01,2026-05-01,128,128,0,0.0,0,False,False,2026-05-01
RNS__330,RNS,NORTHAMPTON GENERAL HOSPITAL NHS TRUST,330,Dermatology,2015-10-01,2026-05-01,128,128,0,0.0,0,False,False,2026-05-01
RNS__340,RNS,NORTHAMPTON GENERAL HOSPITAL NHS TRUST,340,Thoracic Medicine,2015-10-01,2026-05-01,128,128,0,0.0,0,False,False,2026-05-01
RNS__400,RNS,NORTHAMPTON GENERAL HOSPITAL NHS TRUST,400,Neurology,2015-10-01,2026-05-01,128,128,0,0.0,0,False,False,2026-05-01
RNS__410,RNS,NORTHAMPTON GENERAL HOSPITAL NHS TRUST,410,Rheumatology,2015-10-01,2026-05-01,128,128,0,0.0,0,False,False,2026-05-01
RNS__430,RNS,NORTHAMPTON GENERAL HOSPITAL NHS TRUST,430,Geriatric Medicine,2015-10-01,2026-05-01,128,128,0,0.0,0,False,False,2026-05-01
RNS__502,RNS,NORTHAMPTON GENERAL HOSPITAL NHS TRUST,502,Gynaecology,2015-10-01,2026-05-01,128,128,0,0.0,0,False,False,2026-05-01
RNS__X01,RNS,NORTHAMPTON GENERAL HOSPITAL NHS TRUST,X01,Other,2015-10-01,2021-03-01,66,66,0,0.0,0,False,True,2021-03-01
RNZ__100,RNZ,SALISBURY NHS FOUNDATION TRUST,100,General Surgery,2015-10-01,2026-05-01,128,128,0,0.0,0,False,False,2026-05-01
RNZ__101,RNZ,SALISBURY NHS FOUNDATION TRUST,101,Urology,2015-10-01,2026-05-01,128,128,0,0.0,0,False,False,2026-05-01
RNZ__110,RNZ,SALISBURY NHS FOUNDATION TRUST,110,Trauma & Orthopaedics,2015-10-01,2026-05-01,128,128,0,0.0,0,False,False,2026-05-01
RNZ__120,RNZ,SALISBURY NHS FOUNDATION TRUST,120,ENT,2015-10-01,2026-05-01,128,128,0,0.0,0,False,False,2026-05-01
RNZ__130,RNZ,SALISBURY NHS FOUNDATION TRUST,130,Ophthalmology,2015-10-01,2026-05-01,128,128,0,0.0,0,False,False,2026-05-01
RNZ__140,RNZ,SALISBURY NHS FOUNDATION TRUST,140,Oral Surgery,2015-10-01,2026-05-01,128,128,0,0.0,0,False,False,2026-05-01
RNZ__160,RNZ,SALISBURY NHS FOUNDATION TRUST,160,Plastic Surgery,2015-10-01,2026-05-01,128,128,0,0.0,0,False,False,2026-05-01
RNZ__300,RNZ,SALISBURY NHS FOUNDATION TRUST,300,General Medicine,2015-10-01,2026-05-01,128,128,0,0.0,0,False,False,2026-05-01
RNZ__301,RNZ,SALISBURY NHS FOUNDATION TRUST,301,Gastroenterology,2015-10-01,2026-05-01,128,128,0,0.0,0,False,False,2026-05-01
RNZ__320,RNZ,SALISBURY NHS FOUNDATION TRUST,320,Cardiology,2015-10-01,2026-05-01,128,128,0,0.0,0,False,False,2026-05-01
RNZ__330,RNZ,SALISBURY NHS FOUNDATION TRUST,330,Dermatology,2015-10-01,2026-05-01,128,128,0,0.0,0,False,False,2026-05-01
RNZ__340,RNZ,SALISBURY NHS FOUNDATION TRUST,340,Thoracic Medicine,2015-10-01,2026-05-01,128,128,0,0.0,0,False,False,2026-05-01
RNZ__410,RNZ,SALISBURY NHS FOUNDATION TRUST,410,Rheumatology,2015-10-01,2026-05-01,128,128,0,0.0,0,False,False,2026-05-01
RNZ__430,RNZ,SALISBURY NHS FOUNDATION TRUST,430,Geriatric Medicine,2015-10-01,2026-05-01,128,128,0,0.0,0,False,False,2026-05-01
RNZ__502,RNZ,SALISBURY NHS FOUNDATION TRUST,502,Gynaecology,2015-10-01,2026-05-01,128,128,0,0.0,0,False,False,2026-05-01
RNZ__X01,RNZ,SALISBURY NHS FOUNDATION TRUST,X01,Other,2015-10-01,2021-03-01,66,66,0,0.0,0,False,True,2021-03-01
RP1__X01,RP1,NORTHAMPTONSHIRE HEALTHCARE NHS FOUNDATION TRUST,X01,Other,2015-10-01,2021-03-01,66,66,0,0.0,0,False,True,2021-03-01
RP5__100,RP5,DONCASTER AND BASSETLAW HOSPITALS NHS FOUNDATION TRUST,100,General Surgery,2015-10-01,2026-05-01,128,128,0,0.0,0,False,False,2026-05-01
RP5__101,RP5,DONCASTER AND BASSETLAW HOSPITALS NHS FOUNDATION TRUST,101,Urology,2015-10-01,2026-05-01,128,128,0,0.0,0,False,False,2026-05-01
RP5__110,RP5,DONCASTER AND BASSETLAW HOSPITALS NHS FOUNDATION TRUST,110,Trauma & Orthopaedics,2015-10-01,2026-05-01,128,128,0,0.0,0,False,False,2026-05-01
RP5__120,RP5,DONCASTER AND BASSETLAW HOSPITALS NHS FOUNDATION TRUST,120,ENT,2015-10-01,2026-05-01,128,128,0,0.0,0,False,False,2026-05-01
RP5__130,RP5,DONCASTER AND BASSETLAW HOSPITALS NHS FOUNDATION TRUST,130,Ophthalmology,2015-10-01,2026-05-01,128,128,0,0.0,0,False,False,2026-05-01
RP5__140,RP5,DONCASTER AND BASSETLAW HOSPITALS NHS FOUNDATION TRUST,140,Oral Surgery,2015-10-01,2026-05-01,128,128,0,0.0,0,False,False,2026-05-01
RP5__300,RP5,DONCASTER AND BASSETLAW HOSPITALS NHS FOUNDATION TRUST,300,General Medicine,2015-10-01,2026-05-01,128,128,0,0.0,0,False,False,2026-05-01
RP5__320,RP5,DONCASTER AND BASSETLAW HOSPITALS NHS FOUNDATION TRUST,320,Cardiology,2015-10-01,2026-05-01,128,128,0,0.0,0,False,False,2026-05-01
RP5__330,RP5,DONCASTER AND BASSETLAW HOSPITALS NHS FOUNDATION TRUST,330,Dermatology,2015-10-01,2026-05-01,128,128,0,0.0,0,False,False,2026-05-01
RP5__340,RP5,DONCASTER AND BASSETLAW HOSPITALS NHS FOUNDATION TRUST,340,Thoracic Medicine,2015-10-01,2026-05-01,128,128,0,0.0,0,False,False,2026-05-01
RP5__410,RP5,DONCASTER AND BASSETLAW HOSPITALS NHS FOUNDATION TRUST,410,Rheumatology,2015-10-01,2026-05-01,128,128,0,0.0,0,False,False,2026-05-01
RP5__430,RP5,DONCASTER AND BASSETLAW HOSPITALS NHS FOUNDATION TRUST,430,Geriatric Medicine,2015-10-01,2026-05-01,128,128,0,0.0,0,False,False,2026-05-01
RP5__502,RP5,DONCASTER AND BASSETLAW HOSPITALS NHS FOUNDATION TRUST,502,Gynaecology,2015-10-01,2026-05-01,128,128,0,0.0,0,False,False,2026-05-01
RP5__X01,RP5,DONCASTER AND BASSETLAW HOSPITALS NHS FOUNDATION TRUST,X01,Other,2015-10-01,2021-03-01,66,66,0,0.0,0,False,True,2021-03-01
RP6__130,RP6,MOORFIELDS EYE HOSPITAL NHS FOUNDATION TRUST,130,Ophthalmology,2015-10-01,2026-05-01,128,128,0,0.0,0,False,False,2026-05-01
RP7__X01,RP7,LINCOLNSHIRE PARTNERSHIP NHS FOUNDATION TRUST,X01,Other,2015-10-01,2021-03-01,66,59,7,10.606060606060606,7,False,True,2021-03-01
RPC__130,RPC,QUEEN VICTORIA HOSPITAL NHS FOUNDATION TRUST,130,Ophthalmology,2015-10-01,2026-05-01,128,128,0,0.0,0,False,False,2026-05-01
RPC__140,RPC,QUEEN VICTORIA HOSPITAL NHS FOUNDATION TRUST,140,Oral Surgery,2015-10-01,2026-05-01,128,128,0,0.0,0,False,False,2026-05-01
RPC__160,RPC,QUEEN VICTORIA HOSPITAL NHS FOUNDATION TRUST,160,Plastic Surgery,2015-10-01,2026-05-01,128,128,0,0.0,0,False,False,2026-05-01
RPC__320,RPC,QUEEN VICTORIA HOSPITAL NHS FOUNDATION TRUST,320,Cardiology,2015-10-01,2026-05-01,128,128,0,0.0,0,False,False,2026-05-01
RPC__410,RPC,QUEEN VICTORIA HOSPITAL NHS FOUNDATION TRUST,410,Rheumatology,2015-10-01,2026-05-01,128,120,8,6.25,5,False,False,2026-05-01
RPC__X01,RPC,QUEEN VICTORIA HOSPITAL NHS FOUNDATION TRUST,X01,Other,2015-10-01,2021-03-01,66,66,0,0.0,0,False,True,2021-03-01
RPG__X01,RPG,OXLEAS NHS FOUNDATION TRUST,X01,Other,2015-10-01,2021-03-01,66,66,0,0.0,0,False,True,2021-03-01
RPY__100,RPY,THE ROYAL MARSDEN NHS FOUNDATION TRUST,100,General Surgery,2015-10-01,2026-05-01,128,128,0,0.0,0,False,False,2026-05-01
RPY__101,RPY,THE ROYAL MARSDEN NHS FOUNDATION TRUST,101,Urology,2015-10-01,2026-05-01,128,128,0,0.0,0,False,False,2026-05-01
RPY__110,RPY,THE ROYAL MARSDEN NHS FOUNDATION TRUST,110,Trauma & Orthopaedics,2015-10-01,2019-03-01,42,42,0,0.0,0,False,True,2019-03-01
RPY__120,RPY,THE ROYAL MARSDEN NHS FOUNDATION TRUST,120,ENT,2015-10-01,2023-02-01,89,89,0,0.0,0,False,True,2023-02-01
RPY__140,RPY,THE ROYAL MARSDEN NHS FOUNDATION TRUST,140,Oral Surgery,2015-10-01,2026-05-01,128,128,0,0.0,0,False,False,2026-05-01
RPY__160,RPY,THE ROYAL MARSDEN NHS FOUNDATION TRUST,160,Plastic Surgery,2015-10-01,2026-05-01,128,128,0,0.0,0,False,False,2026-05-01
RPY__301,RPY,THE ROYAL MARSDEN NHS FOUNDATION TRUST,301,Gastroenterology,2015-10-01,2026-05-01,128,128,0,0.0,0,False,False,2026-05-01
RPY__330,RPY,THE ROYAL MARSDEN NHS FOUNDATION TRUST,330,Dermatology,2015-10-01,2026-05-01,128,128,0,0.0,0,False,False,2026-05-01
RPY__502,RPY,THE ROYAL MARSDEN NHS FOUNDATION TRUST,502,Gynaecology,2015-10-01,2023-02-01,89,30,59,66.29213483146067,47,False,True,2023-02-01
RPY__X01,RPY,THE ROYAL MARSDEN NHS FOUNDATION TRUST,X01,Other,2015-10-01,2021-03-01,66,66,0,0.0,0,False,True,2021-03-01
RQ3__X01,RQ3,BIRMINGHAM CHILDREN'S HOSPITAL NHS FOUNDATION TRUST,X01,Other,2015-10-01,2021-03-01,66,66,0,0.0,0,False,True,2021-03-01
RQ6__100,RQ6,ROYAL LIVERPOOL AND BROADGREEN UNIVERSITY HOSPITALS NHS TRUST,100,General Surgery,2015-10-01,2019-09-01,48,48,0,0.0,0,False,True,2019-09-01
RQ6__101,RQ6,ROYAL LIVERPOOL AND BROADGREEN UNIVERSITY HOSPITALS NHS TRUST,101,Urology,2015-10-01,2019-09-01,48,48,0,0.0,0,False,True,2019-09-01
RQ6__110,RQ6,ROYAL LIVERPOOL AND BROADGREEN UNIVERSITY HOSPITALS NHS TRUST,110,Trauma & Orthopaedics,2015-10-01,2019-09-01,48,48,0,0.0,0,False,True,2019-09-01
RQ6__120,RQ6,ROYAL LIVERPOOL AND BROADGREEN UNIVERSITY HOSPITALS NHS TRUST,120,ENT,2015-10-01,2019-09-01,48,48,0,0.0,0,False,True,2019-09-01
RQ6__130,RQ6,ROYAL LIVERPOOL AND BROADGREEN UNIVERSITY HOSPITALS NHS TRUST,130,Ophthalmology,2015-10-01,2019-09-01,48,48,0,0.0,0,False,True,2019-09-01
RQ6__140,RQ6,ROYAL LIVERPOOL AND BROADGREEN UNIVERSITY HOSPITALS NHS TRUST,140,Oral Surgery,2015-10-01,2019-09-01,48,48,0,0.0,0,False,True,2019-09-01
RQ6__160,RQ6,ROYAL LIVERPOOL AND BROADGREEN UNIVERSITY HOSPITALS NHS TRUST,160,Plastic Surgery,2015-10-01,2019-09-01,48,48,0,0.0,0,False,True,2019-09-01
RQ6__301,RQ6,ROYAL LIVERPOOL AND BROADGREEN UNIVERSITY HOSPITALS NHS TRUST,301,Gastroenterology,2015-10-01,2019-09-01,48,48,0,0.0,0,False,True,2019-09-01
RQ6__320,RQ6,ROYAL LIVERPOOL AND BROADGREEN UNIVERSITY HOSPITALS NHS TRUST,320,Cardiology,2015-10-01,2019-09-01,48,48,0,0.0,0,False,True,2019-09-01
RQ6__330,RQ6,ROYAL LIVERPOOL AND BROADGREEN UNIVERSITY HOSPITALS NHS TRUST,330,Dermatology,2015-10-01,2019-09-01,48,48,0,0.0,0,False,True,2019-09-01
RQ6__410,RQ6,ROYAL LIVERPOOL AND BROADGREEN UNIVERSITY HOSPITALS NHS TRUST,410,Rheumatology,2015-10-01,2019-09-01,48,48,0,0.0,0,False,True,2019-09-01
RQ6__430,RQ6,ROYAL LIVERPOOL AND BROADGREEN UNIVERSITY HOSPITALS NHS TRUST,430,Geriatric Medicine,2015-10-01,2019-09-01,48,48,0,0.0,0,False,True,2019-09-01
RQ6__X01,RQ6,ROYAL LIVERPOOL AND BROADGREEN UNIVERSITY HOSPITALS NHS TRUST,X01,Other,2015-10-01,2019-09-01,48,48,0,0.0,0,False,True,2019-09-01
RQ8__100,RQ8,MID ESSEX HOSPITAL SERVICES NHS TRUST,100,General Surgery,2015-10-01,2017-12-01,27,26,1,3.7037037037037037,1,True,True,2017-12-01
RQ8__101,RQ8,MID ESSEX HOSPITAL SERVICES NHS TRUST,101,Urology,2015-10-01,2017-12-01,27,26,1,3.7037037037037037,1,True,True,2017-12-01
RQ8__110,RQ8,MID ESSEX HOSPITAL SERVICES NHS TRUST,110,Trauma & Orthopaedics,2015-10-01,2017-12-01,27,26,1,3.7037037037037037,1,True,True,2017-12-01
RQ8__120,RQ8,MID ESSEX HOSPITAL SERVICES NHS TRUST,120,ENT,2015-10-01,2017-12-01,27,26,1,3.7037037037037037,1,True,True,2017-12-01
RQ8__130,RQ8,MID ESSEX HOSPITAL SERVICES NHS TRUST,130,Ophthalmology,2015-10-01,2017-12-01,27,26,1,3.7037037037037037,1,True,True,2017-12-01
RQ8__140,RQ8,MID ESSEX HOSPITAL SERVICES NHS TRUST,140,Oral Surgery,2015-10-01,2017-12-01,27,26,1,3.7037037037037037,1,True,True,2017-12-01
RQ8__150,RQ8,MID ESSEX HOSPITAL SERVICES NHS TRUST,150,Neurosurgery,2015-10-01,2017-12-01,27,26,1,3.7037037037037037,1,True,True,2017-12-01
RQ8__160,RQ8,MID ESSEX HOSPITAL SERVICES NHS TRUST,160,Plastic Surgery,2015-10-01,2017-12-01,27,26,1,3.7037037037037037,1,True,True,2017-12-01
RQ8__300,RQ8,MID ESSEX HOSPITAL SERVICES NHS TRUST,300,General Medicine,2015-10-01,2017-12-01,27,26,1,3.7037037037037037,1,True,True,2017-12-01
RQ8__301,RQ8,MID ESSEX HOSPITAL SERVICES NHS TRUST,301,Gastroenterology,2015-10-01,2017-12-01,27,26,1,3.7037037037037037,1,True,True,2017-12-01
RQ8__320,RQ8,MID ESSEX HOSPITAL SERVICES NHS TRUST,320,Cardiology,2015-10-01,2017-12-01,27,26,1,3.7037037037037037,1,True,True,2017-12-01
RQ8__330,RQ8,MID ESSEX HOSPITAL SERVICES NHS TRUST,330,Dermatology,2015-10-01,2017-12-01,27,26,1,3.7037037037037037,1,True,True,2017-12-01
RQ8__340,RQ8,MID ESSEX HOSPITAL SERVICES NHS TRUST,340,Thoracic Medicine,2015-10-01,2017-12-01,27,26,1,3.7037037037037037,1,True,True,2017-12-01
RQ8__400,RQ8,MID ESSEX HOSPITAL SERVICES NHS TRUST,400,Neurology,2015-10-01,2017-12-01,27,26,1,3.7037037037037037,1,True,True,2017-12-01
RQ8__410,RQ8,MID ESSEX HOSPITAL SERVICES NHS TRUST,410,Rheumatology,2015-10-01,2017-12-01,27,26,1,3.7037037037037037,1,True,True,2017-12-01
RQ8__430,RQ8,MID ESSEX HOSPITAL SERVICES NHS TRUST,430,Geriatric Medicine,2015-10-01,2017-12-01,27,26,1,3.7037037037037037,1,True,True,2017-12-01
RQ8__502,RQ8,MID ESSEX HOSPITAL SERVICES NHS TRUST,502,Gynaecology,2015-10-01,2017-12-01,27,26,1,3.7037037037037037,1,True,True,2017-12-01
RQ8__X01,RQ8,MID ESSEX HOSPITAL SERVICES NHS TRUST,X01,Other,2015-10-01,2017-12-01,27,26,1,3.7037037037037037,1,True,True,2017-12-01
RQM__100,RQM,CHELSEA AND WESTMINSTER HOSPITAL NHS FOUNDATION TRUST,100,General Surgery,2015-10-01,2026-05-01,128,128,0,0.0,0,False,False,2026-05-01
RQM__101,RQM,CHELSEA AND WESTMINSTER HOSPITAL NHS FOUNDATION TRUST,101,Urology,2015-10-01,2026-05-01,128,128,0,0.0,0,False,False,2026-05-01
RQM__110,RQM,CHELSEA AND WESTMINSTER HOSPITAL NHS FOUNDATION TRUST,110,Trauma & Orthopaedics,2015-10-01,2026-05-01,128,128,0,0.0,0,False,False,2026-05-01
RQM__120,RQM,CHELSEA AND WESTMINSTER HOSPITAL NHS FOUNDATION TRUST,120,ENT,2015-10-01,2026-05-01,128,128,0,0.0,0,False,False,2026-05-01
RQM__130,RQM,CHELSEA AND WESTMINSTER HOSPITAL NHS FOUNDATION TRUST,130,Ophthalmology,2015-10-01,2026-05-01,128,127,1,0.78125,1,False,False,2026-05-01
RQM__140,RQM,CHELSEA AND WESTMINSTER HOSPITAL NHS FOUNDATION TRUST,140,Oral Surgery,2015-10-01,2026-05-01,128,128,0,0.0,0,False,False,2026-05-01
RQM__160,RQM,CHELSEA AND WESTMINSTER HOSPITAL NHS FOUNDATION TRUST,160,Plastic Surgery,2015-10-01,2026-05-01,128,128,0,0.0,0,False,False,2026-05-01
RQM__170,RQM,CHELSEA AND WESTMINSTER HOSPITAL NHS FOUNDATION TRUST,170,Cardiothoracic Surgery,2015-10-01,2026-01-01,124,86,38,30.64516129032258,15,False,True,2026-01-01
RQM__300,RQM,CHELSEA AND WESTMINSTER HOSPITAL NHS FOUNDATION TRUST,300,General Medicine,2015-10-01,2026-05-01,128,128,0,0.0,0,False,False,2026-05-01
RQM__301,RQM,CHELSEA AND WESTMINSTER HOSPITAL NHS FOUNDATION TRUST,301,Gastroenterology,2015-10-01,2026-05-01,128,128,0,0.0,0,False,False,2026-05-01
RQM__320,RQM,CHELSEA AND WESTMINSTER HOSPITAL NHS FOUNDATION TRUST,320,Cardiology,2015-10-01,2026-05-01,128,128,0,0.0,0,False,False,2026-05-01
RQM__330,RQM,CHELSEA AND WESTMINSTER HOSPITAL NHS FOUNDATION TRUST,330,Dermatology,2015-10-01,2026-05-01,128,128,0,0.0,0,False,False,2026-05-01
RQM__340,RQM,CHELSEA AND WESTMINSTER HOSPITAL NHS FOUNDATION TRUST,340,Thoracic Medicine,2015-10-01,2026-05-01,128,128,0,0.0,0,False,False,2026-05-01
RQM__400,RQM,CHELSEA AND WESTMINSTER HOSPITAL NHS FOUNDATION TRUST,400,Neurology,2015-10-01,2026-05-01,128,128,0,0.0,0,False,False,2026-05-01
RQM__410,RQM,CHELSEA AND WESTMINSTER HOSPITAL NHS FOUNDATION TRUST,410,Rheumatology,2015-10-01,2026-05-01,128,128,0,0.0,0,False,False,2026-05-01
RQM__430,RQM,CHELSEA AND WESTMINSTER HOSPITAL NHS FOUNDATION TRUST,430,Geriatric Medicine,2015-10-01,2026-05-01,128,128,0,0.0,0,False,False,2026-05-01
RQM__502,RQM,CHELSEA AND WESTMINSTER HOSPITAL NHS FOUNDATION TRUST,502,Gynaecology,2015-10-01,2026-05-01,128,128,0,0.0,0,False,False,2026-05-01
RQM__X01,RQM,CHELSEA AND WESTMINSTER HOSPITAL NHS FOUNDATION TRUST,X01,Other,2015-10-01,2021-03-01,66,66,0,0.0,0,False,True,2021-03-01
RQQ__100,RQQ,HINCHINGBROOKE HEALTH CARE NHS TRUST,100,General Surgery,2015-10-01,2017-03-01,18,18,0,0.0,0,True,True,2017-03-01
RQQ__101,RQQ,HINCHINGBROOKE HEALTH CARE NHS TRUST,101,Urology,2015-10-01,2017-03-01,18,18,0,0.0,0,True,True,2017-03-01
RQQ__110,RQQ,HINCHINGBROOKE HEALTH CARE NHS TRUST,110,Trauma & Orthopaedics,2015-10-01,2017-03-01,18,18,0,0.0,0,True,True,2017-03-01
RQQ__120,RQQ,HINCHINGBROOKE HEALTH CARE NHS TRUST,120,ENT,2015-10-01,2017-03-01,18,18,0,0.0,0,True,True,2017-03-01
RQQ__130,RQQ,HINCHINGBROOKE HEALTH CARE NHS TRUST,130,Ophthalmology,2015-10-01,2017-03-01,18,18,0,0.0,0,True,True,2017-03-01
RQQ__160,RQQ,HINCHINGBROOKE HEALTH CARE NHS TRUST,160,Plastic Surgery,2015-10-01,2017-03-01,18,18,0,0.0,0,True,True,2017-03-01
RQQ__300,RQQ,HINCHINGBROOKE HEALTH CARE NHS TRUST,300,General Medicine,2015-10-01,2017-03-01,18,18,0,0.0,0,True,True,2017-03-01
RQQ__301,RQQ,HINCHINGBROOKE HEALTH CARE NHS TRUST,301,Gastroenterology,2015-10-01,2017-03-01,18,18,0,0.0,0,True,True,2017-03-01
RQQ__320,RQQ,HINCHINGBROOKE HEALTH CARE NHS TRUST,320,Cardiology,2015-10-01,2017-03-01,18,18,0,0.0,0,True,True,2017-03-01
RQQ__340,RQQ,HINCHINGBROOKE HEALTH CARE NHS TRUST,340,Thoracic Medicine,2015-10-01,2017-03-01,18,18,0,0.0,0,True,True,2017-03-01
RQQ__400,RQQ,HINCHINGBROOKE HEALTH CARE NHS TRUST,400,Neurology,2015-10-01,2017-03-01,18,18,0,0.0,0,True,True,2017-03-01
RQQ__410,RQQ,HINCHINGBROOKE HEALTH CARE NHS TRUST,410,Rheumatology,2015-10-01,2017-03-01,18,18,0,0.0,0,True,True,2017-03-01
RQQ__430,RQQ,HINCHINGBROOKE HEALTH CARE NHS TRUST,430,Geriatric Medicine,2015-10-01,2015-10-01,1,1,0,0.0,0,True,True,2015-10-01
RQQ__502,RQQ,HINCHINGBROOKE HEALTH CARE NHS TRUST,502,Gynaecology,2015-10-01,2017-03-01,18,18,0,0.0,0,True,True,2017-03-01
RQQ__X01,RQQ,HINCHINGBROOKE HEALTH CARE NHS TRUST,X01,Other,2015-10-01,2017-03-01,18,18,0,0.0,0,True,True,2017-03-01
RQW__100,RQW,THE PRINCESS ALEXANDRA HOSPITAL NHS TRUST,100,General Surgery,2015-10-01,2026-05-01,128,128,0,0.0,0,False,False,2026-05-01
RQW__101,RQW,THE PRINCESS ALEXANDRA HOSPITAL NHS TRUST,101,Urology,2015-10-01,2026-05-01,128,128,0,0.0,0,False,False,2026-05-01
RQW__110,RQW,THE PRINCESS ALEXANDRA HOSPITAL NHS TRUST,110,Trauma & Orthopaedics,2015-10-01,2026-05-01,128,128,0,0.0,0,False,False,2026-05-01
RQW__120,RQW,THE PRINCESS ALEXANDRA HOSPITAL NHS TRUST,120,ENT,2015-10-01,2026-05-01,128,128,0,0.0,0,False,False,2026-05-01
RQW__130,RQW,THE PRINCESS ALEXANDRA HOSPITAL NHS TRUST,130,Ophthalmology,2015-10-01,2026-05-01,128,128,0,0.0,0,False,False,2026-05-01
RQW__140,RQW,THE PRINCESS ALEXANDRA HOSPITAL NHS TRUST,140,Oral Surgery,2015-10-01,2026-05-01,128,128,0,0.0,0,False,False,2026-05-01
RQW__300,RQW,THE PRINCESS ALEXANDRA HOSPITAL NHS TRUST,300,General Medicine,2015-10-01,2026-05-01,128,123,5,3.90625,5,False,False,2026-05-01
RQW__301,RQW,THE PRINCESS ALEXANDRA HOSPITAL NHS TRUST,301,Gastroenterology,2015-10-01,2026-05-01,128,128,0,0.0,0,False,False,2026-05-01
RQW__320,RQW,THE PRINCESS ALEXANDRA HOSPITAL NHS TRUST,320,Cardiology,2015-10-01,2026-05-01,128,128,0,0.0,0,False,False,2026-05-01
RQW__330,RQW,THE PRINCESS ALEXANDRA HOSPITAL NHS TRUST,330,Dermatology,2015-10-01,2026-05-01,128,128,0,0.0,0,False,False,2026-05-01
RQW__340,RQW,THE PRINCESS ALEXANDRA HOSPITAL NHS TRUST,340,Thoracic Medicine,2015-10-01,2026-05-01,128,128,0,0.0,0,False,False,2026-05-01
RQW__400,RQW,THE PRINCESS ALEXANDRA HOSPITAL NHS TRUST,400,Neurology,2015-10-01,2026-05-01,128,128,0,0.0,0,False,False,2026-05-01
RQW__410,RQW,THE PRINCESS ALEXANDRA HOSPITAL NHS TRUST,410,Rheumatology,2015-10-01,2026-05-01,128,128,0,0.0,0,False,False,2026-05-01
RQW__430,RQW,THE PRINCESS ALEXANDRA HOSPITAL NHS TRUST,430,Geriatric Medicine,2015-10-01,2026-05-01,128,127,1,0.78125,1,False,False,2026-05-01
RQW__502,RQW,THE PRINCESS ALEXANDRA HOSPITAL NHS TRUST,502,Gynaecology,2015-10-01,2026-05-01,128,128,0,0.0,0,False,False,2026-05-01
RQW__X01,RQW,THE PRINCESS ALEXANDRA HOSPITAL NHS TRUST,X01,Other,2015-10-01,2021-03-01,66,66,0,0.0,0,False,True,2021-03-01
RQY__X01,RQY,SOUTH WEST LONDON AND ST GEORGE'S MENTAL HEALTH NHS TRUST,X01,Other,2015-10-01,2021-03-01,66,66,0,0.0,0,False,True,2021-03-01
RR1__100,RR1,HEART OF ENGLAND NHS FOUNDATION TRUST,100,General Surgery,2015-10-01,2018-05-01,32,32,0,0.0,0,True,True,2018-05-01
RR1__101,RR1,HEART OF ENGLAND NHS FOUNDATION TRUST,101,Urology,2015-10-01,2018-05-01,32,32,0,0.0,0,True,True,2018-05-01
RR1__110,RR1,HEART OF ENGLAND NHS FOUNDATION TRUST,110,Trauma & Orthopaedics,2015-10-01,2018-05-01,32,32,0,0.0,0,True,True,2018-05-01
RR1__120,RR1,HEART OF ENGLAND NHS FOUNDATION TRUST,120,ENT,2015-10-01,2018-05-01,32,32,0,0.0,0,True,True,2018-05-01
RR1__130,RR1,HEART OF ENGLAND NHS FOUNDATION TRUST,130,Ophthalmology,2015-10-01,2018-05-01,32,32,0,0.0,0,True,True,2018-05-01
RR1__140,RR1,HEART OF ENGLAND NHS FOUNDATION TRUST,140,Oral Surgery,2015-10-01,2018-03-01,30,21,9,30.0,7,True,True,2018-03-01
RR1__160,RR1,HEART OF ENGLAND NHS FOUNDATION TRUST,160,Plastic Surgery,2015-10-01,2018-05-01,32,32,0,0.0,0,True,True,2018-05-01
RR1__170,RR1,HEART OF ENGLAND NHS FOUNDATION TRUST,170,Cardiothoracic Surgery,2015-10-01,2018-05-01,32,32,0,0.0,0,True,True,2018-05-01
RR1__300,RR1,HEART OF ENGLAND NHS FOUNDATION TRUST,300,General Medicine,2015-10-01,2018-05-01,32,32,0,0.0,0,True,True,2018-05-01
RR1__301,RR1,HEART OF ENGLAND NHS FOUNDATION TRUST,301,Gastroenterology,2015-10-01,2018-05-01,32,32,0,0.0,0,True,True,2018-05-01
RR1__320,RR1,HEART OF ENGLAND NHS FOUNDATION TRUST,320,Cardiology,2015-10-01,2018-05-01,32,32,0,0.0,0,True,True,2018-05-01
RR1__330,RR1,HEART OF ENGLAND NHS FOUNDATION TRUST,330,Dermatology,2015-10-01,2018-05-01,32,32,0,0.0,0,True,True,2018-05-01
RR1__340,RR1,HEART OF ENGLAND NHS FOUNDATION TRUST,340,Thoracic Medicine,2015-10-01,2018-05-01,32,32,0,0.0,0,True,True,2018-05-01
RR1__400,RR1,HEART OF ENGLAND NHS FOUNDATION TRUST,400,Neurology,2015-10-01,2018-05-01,32,32,0,0.0,0,True,True,2018-05-01
RR1__410,RR1,HEART OF ENGLAND NHS FOUNDATION TRUST,410,Rheumatology,2015-10-01,2018-05-01,32,32,0,0.0,0,True,True,2018-05-01
RR1__430,RR1,HEART OF ENGLAND NHS FOUNDATION TRUST,430,Geriatric Medicine,2015-10-01,2018-05-01,32,32,0,0.0,0,True,True,2018-05-01
RR1__502,RR1,HEART OF ENGLAND NHS FOUNDATION TRUST,502,Gynaecology,2015-10-01,2018-05-01,32,32,0,0.0,0,True,True,2018-05-01
RR1__X01,RR1,HEART OF ENGLAND NHS FOUNDATION TRUST,X01,Other,2015-10-01,2018-05-01,32,32,0,0.0,0,True,True,2018-05-01
RR7__100,RR7,GATESHEAD HEALTH NHS FOUNDATION TRUST,100,General Surgery,2015-10-01,2026-05-01,128,128,0,0.0,0,False,False,2026-05-01
RR7__101,RR7,GATESHEAD HEALTH NHS FOUNDATION TRUST,101,Urology,2015-10-01,2026-05-01,128,128,0,0.0,0,False,False,2026-05-01
RR7__110,RR7,GATESHEAD HEALTH NHS FOUNDATION TRUST,110,Trauma & Orthopaedics,2015-10-01,2026-05-01,128,128,0,0.0,0,False,False,2026-05-01
RR7__120,RR7,GATESHEAD HEALTH NHS FOUNDATION TRUST,120,ENT,2015-10-01,2026-01-01,124,80,44,35.483870967741936,4,False,True,2026-01-01
RR7__160,RR7,GATESHEAD HEALTH NHS FOUNDATION TRUST,160,Plastic Surgery,2015-10-01,2016-05-01,8,8,0,0.0,0,True,True,2016-05-01
RR7__300,RR7,GATESHEAD HEALTH NHS FOUNDATION TRUST,300,General Medicine,2015-10-01,2026-05-01,128,128,0,0.0,0,False,False,2026-05-01
RR7__301,RR7,GATESHEAD HEALTH NHS FOUNDATION TRUST,301,Gastroenterology,2015-10-01,2026-05-01,128,128,0,0.0,0,False,False,2026-05-01
RR7__320,RR7,GATESHEAD HEALTH NHS FOUNDATION TRUST,320,Cardiology,2015-10-01,2026-05-01,128,128,0,0.0,0,False,False,2026-05-01
RR7__340,RR7,GATESHEAD HEALTH NHS FOUNDATION TRUST,340,Thoracic Medicine,2015-10-01,2026-05-01,128,128,0,0.0,0,False,False,2026-05-01
RR7__410,RR7,GATESHEAD HEALTH NHS FOUNDATION TRUST,410,Rheumatology,2015-10-01,2026-05-01,128,128,0,0.0,0,False,False,2026-05-01
RR7__430,RR7,GATESHEAD HEALTH NHS FOUNDATION TRUST,430,Geriatric Medicine,2015-10-01,2026-05-01,128,128,0,0.0,0,False,False,2026-05-01
RR7__502,RR7,GATESHEAD HEALTH NHS FOUNDATION TRUST,502,Gynaecology,2015-10-01,2026-05-01,128,128,0,0.0,0,False,False,2026-05-01
RR7__X01,RR7,GATESHEAD HEALTH NHS FOUNDATION TRUST,X01,Other,2015-10-01,2021-03-01,66,66,0,0.0,0,False,True,2021-03-01
RR8__100,RR8,LEEDS TEACHING HOSPITALS NHS TRUST,100,General Surgery,2015-10-01,2026-05-01,128,128,0,0.0,0,False,False,2026-05-01
RR8__101,RR8,LEEDS TEACHING HOSPITALS NHS TRUST,101,Urology,2015-10-01,2026-05-01,128,128,0,0.0,0,False,False,2026-05-01
RR8__110,RR8,LEEDS TEACHING HOSPITALS NHS TRUST,110,Trauma & Orthopaedics,2015-10-01,2026-05-01,128,128,0,0.0,0,False,False,2026-05-01
RR8__120,RR8,LEEDS TEACHING HOSPITALS NHS TRUST,120,ENT,2015-10-01,2026-05-01,128,128,0,0.0,0,False,False,2026-05-01
RR8__130,RR8,LEEDS TEACHING HOSPITALS NHS TRUST,130,Ophthalmology,2015-10-01,2026-05-01,128,128,0,0.0,0,False,False,2026-05-01
RR8__140,RR8,LEEDS TEACHING HOSPITALS NHS TRUST,140,Oral Surgery,2015-10-01,2026-05-01,128,128,0,0.0,0,False,False,2026-05-01
RR8__150,RR8,LEEDS TEACHING HOSPITALS NHS TRUST,150,Neurosurgery,2015-10-01,2026-05-01,128,128,0,0.0,0,False,False,2026-05-01
RR8__160,RR8,LEEDS TEACHING HOSPITALS NHS TRUST,160,Plastic Surgery,2015-10-01,2026-05-01,128,128,0,0.0,0,False,False,2026-05-01
RR8__170,RR8,LEEDS TEACHING HOSPITALS NHS TRUST,170,Cardiothoracic Surgery,2015-10-01,2026-05-01,128,128,0,0.0,0,False,False,2026-05-01
RR8__300,RR8,LEEDS TEACHING HOSPITALS NHS TRUST,300,General Medicine,2015-10-01,2026-05-01,128,119,9,7.03125,2,False,False,2026-05-01
RR8__301,RR8,LEEDS TEACHING HOSPITALS NHS TRUST,301,Gastroenterology,2015-10-01,2026-05-01,128,128,0,0.0,0,False,False,2026-05-01
RR8__320,RR8,LEEDS TEACHING HOSPITALS NHS TRUST,320,Cardiology,2015-10-01,2026-05-01,128,128,0,0.0,0,False,False,2026-05-01
RR8__330,RR8,LEEDS TEACHING HOSPITALS NHS TRUST,330,Dermatology,2015-10-01,2026-05-01,128,128,0,0.0,0,False,False,2026-05-01
RR8__340,RR8,LEEDS TEACHING HOSPITALS NHS TRUST,340,Thoracic Medicine,2015-10-01,2026-05-01,128,128,0,0.0,0,False,False,2026-05-01
RR8__400,RR8,LEEDS TEACHING HOSPITALS NHS TRUST,400,Neurology,2015-10-01,2026-05-01,128,128,0,0.0,0,False,False,2026-05-01
RR8__410,RR8,LEEDS TEACHING HOSPITALS NHS TRUST,410,Rheumatology,2015-10-01,2026-05-01,128,128,0,0.0,0,False,False,2026-05-01
RR8__430,RR8,LEEDS TEACHING HOSPITALS NHS TRUST,430,Geriatric Medicine,2015-10-01,2026-05-01,128,128,0,0.0,0,False,False,2026-05-01
RR8__502,RR8,LEEDS TEACHING HOSPITALS NHS TRUST,502,Gynaecology,2015-10-01,2026-05-01,128,128,0,0.0,0,False,False,2026-05-01
RR8__X01,RR8,LEEDS TEACHING HOSPITALS NHS TRUST,X01,Other,2015-10-01,2021-03-01,66,66,0,0.0,0,False,True,2021-03-01
RRF__100,RRF,"WRIGHTINGTON, WIGAN AND LEIGH NHS FOUNDATION TRUST",100,General Surgery,2015-10-01,2026-05-01,128,128,0,0.0,0,False,False,2026-05-01
RRF__101,RRF,"WRIGHTINGTON, WIGAN AND LEIGH NHS FOUNDATION TRUST",101,Urology,2015-10-01,2026-05-01,128,128,0,0.0,0,False,False,2026-05-01
RRF__110,RRF,"WRIGHTINGTON, WIGAN AND LEIGH NHS FOUNDATION TRUST",110,Trauma & Orthopaedics,2015-10-01,2026-05-01,128,128,0,0.0,0,False,False,2026-05-01
RRF__120,RRF,"WRIGHTINGTON, WIGAN AND LEIGH NHS FOUNDATION TRUST",120,ENT,2015-10-01,2026-05-01,128,128,0,0.0,0,False,False,2026-05-01
RRF__130,RRF,"WRIGHTINGTON, WIGAN AND LEIGH NHS FOUNDATION TRUST",130,Ophthalmology,2015-10-01,2026-05-01,128,128,0,0.0,0,False,False,2026-05-01
RRF__140,RRF,"WRIGHTINGTON, WIGAN AND LEIGH NHS FOUNDATION TRUST",140,Oral Surgery,2015-10-01,2026-05-01,128,128,0,0.0,0,False,False,2026-05-01
RRF__150,RRF,"WRIGHTINGTON, WIGAN AND LEIGH NHS FOUNDATION TRUST",150,Neurosurgery,2015-10-01,2026-05-01,128,128,0,0.0,0,False,False,2026-05-01
RRF__160,RRF,"WRIGHTINGTON, WIGAN AND LEIGH NHS FOUNDATION TRUST",160,Plastic Surgery,2015-10-01,2026-05-01,128,127,1,0.78125,1,False,False,2026-05-01
RRF__170,RRF,"WRIGHTINGTON, WIGAN AND LEIGH NHS FOUNDATION TRUST",170,Cardiothoracic Surgery,2015-10-01,2026-05-01,128,128,0,0.0,0,False,False,2026-05-01
RRF__300,RRF,"WRIGHTINGTON, WIGAN AND LEIGH NHS FOUNDATION TRUST",300,General Medicine,2015-10-01,2026-05-01,128,128,0,0.0,0,False,False,2026-05-01
RRF__301,RRF,"WRIGHTINGTON, WIGAN AND LEIGH NHS FOUNDATION TRUST",301,Gastroenterology,2015-10-01,2026-05-01,128,128,0,0.0,0,False,False,2026-05-01
RRF__320,RRF,"WRIGHTINGTON, WIGAN AND LEIGH NHS FOUNDATION TRUST",320,Cardiology,2015-10-01,2026-05-01,128,128,0,0.0,0,False,False,2026-05-01
RRF__330,RRF,"WRIGHTINGTON, WIGAN AND LEIGH NHS FOUNDATION TRUST",330,Dermatology,2015-10-01,2026-05-01,128,128,0,0.0,0,False,False,2026-05-01
RRF__340,RRF,"WRIGHTINGTON, WIGAN AND LEIGH NHS FOUNDATION TRUST",340,Thoracic Medicine,2015-10-01,2026-05-01,128,128,0,0.0,0,False,False,2026-05-01
RRF__410,RRF,"WRIGHTINGTON, WIGAN AND LEIGH NHS FOUNDATION TRUST",410,Rheumatology,2015-10-01,2026-05-01,128,128,0,0.0,0,False,False,2026-05-01
RRF__430,RRF,"WRIGHTINGTON, WIGAN AND LEIGH NHS FOUNDATION TRUST",430,Geriatric Medicine,2015-10-01,2026-05-01,128,128,0,0.0,0,False,False,2026-05-01
RRF__502,RRF,"WRIGHTINGTON, WIGAN AND LEIGH NHS FOUNDATION TRUST",502,Gynaecology,2015-10-01,2026-05-01,128,128,0,0.0,0,False,False,2026-05-01
RRF__X01,RRF,"WRIGHTINGTON, WIGAN AND LEIGH NHS FOUNDATION TRUST",X01,Other,2015-10-01,2021-03-01,66,66,0,0.0,0,False,True,2021-03-01
RRJ__110,RRJ,THE ROYAL ORTHOPAEDIC HOSPITAL NHS FOUNDATION TRUST,110,Trauma & Orthopaedics,2015-10-01,2026-05-01,128,123,5,3.90625,5,False,False,2026-05-01
RRJ__300,RRJ,THE ROYAL ORTHOPAEDIC HOSPITAL NHS FOUNDATION TRUST,300,General Medicine,2015-10-01,2026-05-01,128,123,5,3.90625,5,False,False,2026-05-01
RRJ__410,RRJ,THE ROYAL ORTHOPAEDIC HOSPITAL NHS FOUNDATION TRUST,410,Rheumatology,2015-10-01,2017-12-01,27,22,5,18.51851851851852,5,True,True,2017-12-01
RRJ__X01,RRJ,THE ROYAL ORTHOPAEDIC HOSPITAL NHS FOUNDATION TRUST,X01,Other,2015-10-01,2021-03-01,66,43,23,34.84848484848485,15,False,True,2021-03-01
RRK__100,RRK,UNIVERSITY HOSPITALS BIRMINGHAM NHS FOUNDATION TRUST,100,General Surgery,2015-10-01,2026-05-01,128,128,0,0.0,0,False,False,2026-05-01
RRK__101,RRK,UNIVERSITY HOSPITALS BIRMINGHAM NHS FOUNDATION TRUST,101,Urology,2015-10-01,2026-05-01,128,128,0,0.0,0,False,False,2026-05-01
RRK__110,RRK,UNIVERSITY HOSPITALS BIRMINGHAM NHS FOUNDATION TRUST,110,Trauma & Orthopaedics,2015-10-01,2026-05-01,128,128,0,0.0,0,False,False,2026-05-01
RRK__120,RRK,UNIVERSITY HOSPITALS BIRMINGHAM NHS FOUNDATION TRUST,120,ENT,2015-10-01,2026-05-01,128,128,0,0.0,0,False,False,2026-05-01
RRK__130,RRK,UNIVERSITY HOSPITALS BIRMINGHAM NHS FOUNDATION TRUST,130,Ophthalmology,2015-10-01,2026-05-01,128,128,0,0.0,0,False,False,2026-05-01
RRK__140,RRK,UNIVERSITY HOSPITALS BIRMINGHAM NHS FOUNDATION TRUST,140,Oral Surgery,2015-10-01,2026-05-01,128,128,0,0.0,0,False,False,2026-05-01
RRK__150,RRK,UNIVERSITY HOSPITALS BIRMINGHAM NHS FOUNDATION TRUST,150,Neurosurgery,2015-10-01,2026-05-01,128,128,0,0.0,0,False,False,2026-05-01
RRK__160,RRK,UNIVERSITY HOSPITALS BIRMINGHAM NHS FOUNDATION TRUST,160,Plastic Surgery,2015-10-01,2026-05-01,128,128,0,0.0,0,False,False,2026-05-01
RRK__170,RRK,UNIVERSITY HOSPITALS BIRMINGHAM NHS FOUNDATION TRUST,170,Cardiothoracic Surgery,2015-10-01,2026-05-01,128,128,0,0.0,0,False,False,2026-05-01
RRK__300,RRK,UNIVERSITY HOSPITALS BIRMINGHAM NHS FOUNDATION TRUST,300,General Medicine,2015-10-01,2026-05-01,128,128,0,0.0,0,False,False,2026-05-01
RRK__301,RRK,UNIVERSITY HOSPITALS BIRMINGHAM NHS FOUNDATION TRUST,301,Gastroenterology,2015-10-01,2026-05-01,128,128,0,0.0,0,False,False,2026-05-01
RRK__320,RRK,UNIVERSITY HOSPITALS BIRMINGHAM NHS FOUNDATION TRUST,320,Cardiology,2015-10-01,2026-05-01,128,128,0,0.0,0,False,False,2026-05-01
RRK__330,RRK,UNIVERSITY HOSPITALS BIRMINGHAM NHS FOUNDATION TRUST,330,Dermatology,2015-10-01,2026-05-01,128,128,0,0.0,0,False,False,2026-05-01
RRK__340,RRK,UNIVERSITY HOSPITALS BIRMINGHAM NHS FOUNDATION TRUST,340,Thoracic Medicine,2015-10-01,2026-05-01,128,128,0,0.0,0,False,False,2026-05-01
RRK__400,RRK,UNIVERSITY HOSPITALS BIRMINGHAM NHS FOUNDATION TRUST,400,Neurology,2015-10-01,2026-05-01,128,128,0,0.0,0,False,False,2026-05-01
RRK__410,RRK,UNIVERSITY HOSPITALS BIRMINGHAM NHS FOUNDATION TRUST,410,Rheumatology,2015-10-01,2026-05-01,128,128,0,0.0,0,False,False,2026-05-01
RRK__430,RRK,UNIVERSITY HOSPITALS BIRMINGHAM NHS FOUNDATION TRUST,430,Geriatric Medicine,2015-10-01,2026-05-01,128,128,0,0.0,0,False,False,2026-05-01
RRK__X01,RRK,UNIVERSITY HOSPITALS BIRMINGHAM NHS FOUNDATION TRUST,X01,Other,2015-10-01,2021-03-01,66,66,0,0.0,0,False,True,2021-03-01
RRV__100,RRV,UNIVERSITY COLLEGE LONDON HOSPITALS NHS FOUNDATION TRUST,100,General Surgery,2015-10-01,2026-05-01,128,128,0,0.0,0,False,False,2026-05-01
RRV__101,RRV,UNIVERSITY COLLEGE LONDON HOSPITALS NHS FOUNDATION TRUST,101,Urology,2015-10-01,2026-05-01,128,128,0,0.0,0,False,False,2026-05-01
RRV__110,RRV,UNIVERSITY COLLEGE LONDON HOSPITALS NHS FOUNDATION TRUST,110,Trauma & Orthopaedics,2015-10-01,2026-05-01,128,128,0,0.0,0,False,False,2026-05-01
RRV__120,RRV,UNIVERSITY COLLEGE LONDON HOSPITALS NHS FOUNDATION TRUST,120,ENT,2015-10-01,2026-05-01,128,128,0,0.0,0,False,False,2026-05-01
RRV__130,RRV,UNIVERSITY COLLEGE LONDON HOSPITALS NHS FOUNDATION TRUST,130,Ophthalmology,2015-10-01,2019-03-01,42,42,0,0.0,0,False,True,2019-03-01
RRV__140,RRV,UNIVERSITY COLLEGE LONDON HOSPITALS NHS FOUNDATION TRUST,140,Oral Surgery,2015-10-01,2026-05-01,128,128,0,0.0,0,False,False,2026-05-01
RRV__150,RRV,UNIVERSITY COLLEGE LONDON HOSPITALS NHS FOUNDATION TRUST,150,Neurosurgery,2015-10-01,2026-05-01,128,128,0,0.0,0,False,False,2026-05-01
RRV__170,RRV,UNIVERSITY COLLEGE LONDON HOSPITALS NHS FOUNDATION TRUST,170,Cardiothoracic Surgery,2015-10-01,2025-11-01,122,122,0,0.0,0,False,True,2025-11-01
RRV__300,RRV,UNIVERSITY COLLEGE LONDON HOSPITALS NHS FOUNDATION TRUST,300,General Medicine,2015-10-01,2026-05-01,128,128,0,0.0,0,False,False,2026-05-01
RRV__301,RRV,UNIVERSITY COLLEGE LONDON HOSPITALS NHS FOUNDATION TRUST,301,Gastroenterology,2015-10-01,2026-05-01,128,128,0,0.0,0,False,False,2026-05-01
RRV__320,RRV,UNIVERSITY COLLEGE LONDON HOSPITALS NHS FOUNDATION TRUST,320,Cardiology,2015-10-01,2026-05-01,128,128,0,0.0,0,False,False,2026-05-01
RRV__330,RRV,UNIVERSITY COLLEGE LONDON HOSPITALS NHS FOUNDATION TRUST,330,Dermatology,2015-10-01,2026-05-01,128,128,0,0.0,0,False,False,2026-05-01
RRV__340,RRV,UNIVERSITY COLLEGE LONDON HOSPITALS NHS FOUNDATION TRUST,340,Thoracic Medicine,2015-10-01,2026-05-01,128,128,0,0.0,0,False,False,2026-05-01
RRV__400,RRV,UNIVERSITY COLLEGE LONDON HOSPITALS NHS FOUNDATION TRUST,400,Neurology,2015-10-01,2026-05-01,128,128,0,0.0,0,False,False,2026-05-01
RRV__410,RRV,UNIVERSITY COLLEGE LONDON HOSPITALS NHS FOUNDATION TRUST,410,Rheumatology,2015-10-01,2026-05-01,128,128,0,0.0,0,False,False,2026-05-01
RRV__430,RRV,UNIVERSITY COLLEGE LONDON HOSPITALS NHS FOUNDATION TRUST,430,Geriatric Medicine,2015-10-01,2026-05-01,128,128,0,0.0,0,False,False,2026-05-01
RRV__502,RRV,UNIVERSITY COLLEGE LONDON HOSPITALS NHS FOUNDATION TRUST,502,Gynaecology,2015-10-01,2026-05-01,128,128,0,0.0,0,False,False,2026-05-01
RRV__X01,RRV,UNIVERSITY COLLEGE LONDON HOSPITALS NHS FOUNDATION TRUST,X01,Other,2015-10-01,2021-03-01,66,66,0,0.0,0,False,True,2021-03-01
RT1__X01,RT1,CAMBRIDGESHIRE AND PETERBOROUGH NHS FOUNDATION TRUST,X01,Other,2015-10-01,2021-03-01,66,66,0,0.0,0,False,True,2021-03-01
RT3__120,RT3,ROYAL BROMPTON & HAREFIELD NHS FOUNDATION TRUST,120,ENT,2015-10-01,2018-09-01,36,36,0,0.0,0,False,True,2018-09-01
RT3__170,RT3,ROYAL BROMPTON & HAREFIELD NHS FOUNDATION TRUST,170,Cardiothoracic Surgery,2015-10-01,2021-01-01,64,64,0,0.0,0,False,True,2021-01-01
RT3__320,RT3,ROYAL BROMPTON & HAREFIELD NHS FOUNDATION TRUST,320,Cardiology,2015-10-01,2021-01-01,64,64,0,0.0,0,False,True,2021-01-01
RT3__340,RT3,ROYAL BROMPTON & HAREFIELD NHS FOUNDATION TRUST,340,Thoracic Medicine,2015-10-01,2021-01-01,64,64,0,0.0,0,False,True,2021-01-01
RT3__X01,RT3,ROYAL BROMPTON & HAREFIELD NHS FOUNDATION TRUST,X01,Other,2015-10-01,2021-01-01,64,64,0,0.0,0,False,True,2021-01-01
RTD__100,RTD,THE NEWCASTLE UPON TYNE HOSPITALS NHS FOUNDATION TRUST,100,General Surgery,2015-10-01,2026-05-01,128,128,0,0.0,0,False,False,2026-05-01
RTD__101,RTD,THE NEWCASTLE UPON TYNE HOSPITALS NHS FOUNDATION TRUST,101,Urology,2015-10-01,2026-05-01,128,128,0,0.0,0,False,False,2026-05-01
RTD__110,RTD,THE NEWCASTLE UPON TYNE HOSPITALS NHS FOUNDATION TRUST,110,Trauma & Orthopaedics,2015-10-01,2026-05-01,128,128,0,0.0,0,False,False,2026-05-01
RTD__120,RTD,THE NEWCASTLE UPON TYNE HOSPITALS NHS FOUNDATION TRUST,120,ENT,2015-10-01,2026-05-01,128,128,0,0.0,0,False,False,2026-05-01
RTD__130,RTD,THE NEWCASTLE UPON TYNE HOSPITALS NHS FOUNDATION TRUST,130,Ophthalmology,2015-10-01,2026-05-01,128,128,0,0.0,0,False,False,2026-05-01
RTD__140,RTD,THE NEWCASTLE UPON TYNE HOSPITALS NHS FOUNDATION TRUST,140,Oral Surgery,2015-10-01,2026-05-01,128,128,0,0.0,0,False,False,2026-05-01
RTD__150,RTD,THE NEWCASTLE UPON TYNE HOSPITALS NHS FOUNDATION TRUST,150,Neurosurgery,2015-10-01,2026-05-01,128,128,0,0.0,0,False,False,2026-05-01
RTD__160,RTD,THE NEWCASTLE UPON TYNE HOSPITALS NHS FOUNDATION TRUST,160,Plastic Surgery,2015-10-01,2026-05-01,128,128,0,0.0,0,False,False,2026-05-01
RTD__170,RTD,THE NEWCASTLE UPON TYNE HOSPITALS NHS FOUNDATION TRUST,170,Cardiothoracic Surgery,2015-10-01,2026-05-01,128,128,0,0.0,0,False,False,2026-05-01
RTD__300,RTD,THE NEWCASTLE UPON TYNE HOSPITALS NHS FOUNDATION TRUST,300,General Medicine,2015-10-01,2026-05-01,128,128,0,0.0,0,False,False,2026-05-01
RTD__301,RTD,THE NEWCASTLE UPON TYNE HOSPITALS NHS FOUNDATION TRUST,301,Gastroenterology,2015-10-01,2026-05-01,128,128,0,0.0,0,False,False,2026-05-01
RTD__320,RTD,THE NEWCASTLE UPON TYNE HOSPITALS NHS FOUNDATION TRUST,320,Cardiology,2015-10-01,2026-05-01,128,128,0,0.0,0,False,False,2026-05-01
RTD__330,RTD,THE NEWCASTLE UPON TYNE HOSPITALS NHS FOUNDATION TRUST,330,Dermatology,2015-10-01,2026-05-01,128,128,0,0.0,0,False,False,2026-05-01
RTD__340,RTD,THE NEWCASTLE UPON TYNE HOSPITALS NHS FOUNDATION TRUST,340,Thoracic Medicine,2015-10-01,2026-05-01,128,128,0,0.0,0,False,False,2026-05-01
RTD__400,RTD,THE NEWCASTLE UPON TYNE HOSPITALS NHS FOUNDATION TRUST,400,Neurology,2015-10-01,2026-05-01,128,128,0,0.0,0,False,False,2026-05-01
RTD__410,RTD,THE NEWCASTLE UPON TYNE HOSPITALS NHS FOUNDATION TRUST,410,Rheumatology,2015-10-01,2026-05-01,128,128,0,0.0,0,False,False,2026-05-01
RTD__430,RTD,THE NEWCASTLE UPON TYNE HOSPITALS NHS FOUNDATION TRUST,430,Geriatric Medicine,2015-10-01,2026-05-01,128,128,0,0.0,0,False,False,2026-05-01
RTD__502,RTD,THE NEWCASTLE UPON TYNE HOSPITALS NHS FOUNDATION TRUST,502,Gynaecology,2015-10-01,2026-05-01,128,128,0,0.0,0,False,False,2026-05-01
RTD__X01,RTD,THE NEWCASTLE UPON TYNE HOSPITALS NHS FOUNDATION TRUST,X01,Other,2015-10-01,2021-03-01,66,66,0,0.0,0,False,True,2021-03-01
RTE__100,RTE,GLOUCESTERSHIRE HOSPITALS NHS FOUNDATION TRUST,100,General Surgery,2015-10-01,2026-05-01,128,101,27,21.09375,27,False,False,2026-05-01
RTE__101,RTE,GLOUCESTERSHIRE HOSPITALS NHS FOUNDATION TRUST,101,Urology,2015-10-01,2026-05-01,128,101,27,21.09375,27,False,False,2026-05-01
RTE__110,RTE,GLOUCESTERSHIRE HOSPITALS NHS FOUNDATION TRUST,110,Trauma & Orthopaedics,2015-10-01,2026-05-01,128,101,27,21.09375,27,False,False,2026-05-01
RTE__120,RTE,GLOUCESTERSHIRE HOSPITALS NHS FOUNDATION TRUST,120,ENT,2015-10-01,2026-05-01,128,101,27,21.09375,27,False,False,2026-05-01
RTE__130,RTE,GLOUCESTERSHIRE HOSPITALS NHS FOUNDATION TRUST,130,Ophthalmology,2015-10-01,2026-05-01,128,101,27,21.09375,27,False,False,2026-05-01
RTE__140,RTE,GLOUCESTERSHIRE HOSPITALS NHS FOUNDATION TRUST,140,Oral Surgery,2015-10-01,2026-05-01,128,101,27,21.09375,27,False,False,2026-05-01
RTE__170,RTE,GLOUCESTERSHIRE HOSPITALS NHS FOUNDATION TRUST,170,Cardiothoracic Surgery,2015-10-01,2026-05-01,128,101,27,21.09375,27,False,False,2026-05-01
RTE__300,RTE,GLOUCESTERSHIRE HOSPITALS NHS FOUNDATION TRUST,300,General Medicine,2015-10-01,2026-05-01,128,101,27,21.09375,27,False,False,2026-05-01
RTE__301,RTE,GLOUCESTERSHIRE HOSPITALS NHS FOUNDATION TRUST,301,Gastroenterology,2015-10-01,2026-05-01,128,101,27,21.09375,27,False,False,2026-05-01
RTE__320,RTE,GLOUCESTERSHIRE HOSPITALS NHS FOUNDATION TRUST,320,Cardiology,2015-10-01,2026-05-01,128,101,27,21.09375,27,False,False,2026-05-01
RTE__330,RTE,GLOUCESTERSHIRE HOSPITALS NHS FOUNDATION TRUST,330,Dermatology,2015-10-01,2026-05-01,128,101,27,21.09375,27,False,False,2026-05-01
RTE__340,RTE,GLOUCESTERSHIRE HOSPITALS NHS FOUNDATION TRUST,340,Thoracic Medicine,2015-10-01,2026-05-01,128,101,27,21.09375,27,False,False,2026-05-01
RTE__400,RTE,GLOUCESTERSHIRE HOSPITALS NHS FOUNDATION TRUST,400,Neurology,2015-10-01,2026-05-01,128,101,27,21.09375,27,False,False,2026-05-01
RTE__410,RTE,GLOUCESTERSHIRE HOSPITALS NHS FOUNDATION TRUST,410,Rheumatology,2015-10-01,2026-05-01,128,101,27,21.09375,27,False,False,2026-05-01
RTE__430,RTE,GLOUCESTERSHIRE HOSPITALS NHS FOUNDATION TRUST,430,Geriatric Medicine,2015-10-01,2026-05-01,128,87,41,32.03125,36,False,False,2026-05-01
RTE__502,RTE,GLOUCESTERSHIRE HOSPITALS NHS FOUNDATION TRUST,502,Gynaecology,2015-10-01,2026-05-01,128,101,27,21.09375,27,False,False,2026-05-01
RTE__X01,RTE,GLOUCESTERSHIRE HOSPITALS NHS FOUNDATION TRUST,X01,Other,2015-10-01,2021-03-01,66,39,27,40.90909090909091,27,False,True,2021-03-01
RTF__100,RTF,NORTHUMBRIA HEALTHCARE NHS FOUNDATION TRUST,100,General Surgery,2015-10-01,2026-05-01,128,128,0,0.0,0,False,False,2026-05-01
RTF__101,RTF,NORTHUMBRIA HEALTHCARE NHS FOUNDATION TRUST,101,Urology,2015-10-01,2026-05-01,128,128,0,0.0,0,False,False,2026-05-01
RTF__110,RTF,NORTHUMBRIA HEALTHCARE NHS FOUNDATION TRUST,110,Trauma & Orthopaedics,2015-10-01,2026-05-01,128,128,0,0.0,0,False,False,2026-05-01
RTF__140,RTF,NORTHUMBRIA HEALTHCARE NHS FOUNDATION TRUST,140,Oral Surgery,2015-10-01,2026-05-01,128,128,0,0.0,0,False,False,2026-05-01
RTF__160,RTF,NORTHUMBRIA HEALTHCARE NHS FOUNDATION TRUST,160,Plastic Surgery,2015-10-01,2026-05-01,128,128,0,0.0,0,False,False,2026-05-01
RTF__300,RTF,NORTHUMBRIA HEALTHCARE NHS FOUNDATION TRUST,300,General Medicine,2015-10-01,2026-05-01,128,128,0,0.0,0,False,False,2026-05-01
RTF__301,RTF,NORTHUMBRIA HEALTHCARE NHS FOUNDATION TRUST,301,Gastroenterology,2015-10-01,2026-05-01,128,128,0,0.0,0,False,False,2026-05-01
RTF__320,RTF,NORTHUMBRIA HEALTHCARE NHS FOUNDATION TRUST,320,Cardiology,2015-10-01,2026-05-01,128,128,0,0.0,0,False,False,2026-05-01
RTF__340,RTF,NORTHUMBRIA HEALTHCARE NHS FOUNDATION TRUST,340,Thoracic Medicine,2015-10-01,2026-05-01,128,128,0,0.0,0,False,False,2026-05-01
RTF__400,RTF,NORTHUMBRIA HEALTHCARE NHS FOUNDATION TRUST,400,Neurology,2015-10-01,2026-05-01,128,74,54,42.1875,51,False,False,2026-05-01
RTF__410,RTF,NORTHUMBRIA HEALTHCARE NHS FOUNDATION TRUST,410,Rheumatology,2015-10-01,2026-05-01,128,128,0,0.0,0,False,False,2026-05-01
RTF__430,RTF,NORTHUMBRIA HEALTHCARE NHS FOUNDATION TRUST,430,Geriatric Medicine,2015-10-01,2026-05-01,128,128,0,0.0,0,False,False,2026-05-01
RTF__502,RTF,NORTHUMBRIA HEALTHCARE NHS FOUNDATION TRUST,502,Gynaecology,2015-10-01,2026-05-01,128,128,0,0.0,0,False,False,2026-05-01
RTF__X01,RTF,NORTHUMBRIA HEALTHCARE NHS FOUNDATION TRUST,X01,Other,2015-10-01,2021-03-01,66,66,0,0.0,0,False,True,2021-03-01
RTG__100,RTG,DERBY TEACHING HOSPITALS NHS FOUNDATION TRUST,100,General Surgery,2015-10-01,2026-05-01,128,128,0,0.0,0,False,False,2026-05-01
RTG__101,RTG,DERBY TEACHING HOSPITALS NHS FOUNDATION TRUST,101,Urology,2015-10-01,2026-05-01,128,128,0,0.0,0,False,False,2026-05-01
RTG__110,RTG,DERBY TEACHING HOSPITALS NHS FOUNDATION TRUST,110,Trauma & Orthopaedics,2015-10-01,2026-05-01,128,128,0,0.0,0,False,False,2026-05-01
RTG__120,RTG,DERBY TEACHING HOSPITALS NHS FOUNDATION TRUST,120,ENT,2015-10-01,2026-05-01,128,128,0,0.0,0,False,False,2026-05-01
RTG__130,RTG,DERBY TEACHING HOSPITALS NHS FOUNDATION TRUST,130,Ophthalmology,2015-10-01,2026-05-01,128,128,0,0.0,0,False,False,2026-05-01
RTG__140,RTG,DERBY TEACHING HOSPITALS NHS FOUNDATION TRUST,140,Oral Surgery,2015-10-01,2026-05-01,128,128,0,0.0,0,False,False,2026-05-01
RTG__150,RTG,DERBY TEACHING HOSPITALS NHS FOUNDATION TRUST,150,Neurosurgery,2015-10-01,2026-05-01,128,128,0,0.0,0,False,False,2026-05-01
RTG__160,RTG,DERBY TEACHING HOSPITALS NHS FOUNDATION TRUST,160,Plastic Surgery,2015-10-01,2026-05-01,128,128,0,0.0,0,False,False,2026-05-01
RTG__300,RTG,DERBY TEACHING HOSPITALS NHS FOUNDATION TRUST,300,General Medicine,2015-10-01,2026-05-01,128,128,0,0.0,0,False,False,2026-05-01
RTG__301,RTG,DERBY TEACHING HOSPITALS NHS FOUNDATION TRUST,301,Gastroenterology,2015-10-01,2026-05-01,128,128,0,0.0,0,False,False,2026-05-01
RTG__320,RTG,DERBY TEACHING HOSPITALS NHS FOUNDATION TRUST,320,Cardiology,2015-10-01,2026-05-01,128,128,0,0.0,0,False,False,2026-05-01
RTG__330,RTG,DERBY TEACHING HOSPITALS NHS FOUNDATION TRUST,330,Dermatology,2015-10-01,2026-05-01,128,128,0,0.0,0,False,False,2026-05-01
RTG__340,RTG,DERBY TEACHING HOSPITALS NHS FOUNDATION TRUST,340,Thoracic Medicine,2015-10-01,2026-05-01,128,128,0,0.0,0,False,False,2026-05-01
RTG__400,RTG,DERBY TEACHING HOSPITALS NHS FOUNDATION TRUST,400,Neurology,2015-10-01,2026-05-01,128,128,0,0.0,0,False,False,2026-05-01
RTG__410,RTG,DERBY TEACHING HOSPITALS NHS FOUNDATION TRUST,410,Rheumatology,2015-10-01,2026-05-01,128,128,0,0.0,0,False,False,2026-05-01
RTG__430,RTG,DERBY TEACHING HOSPITALS NHS FOUNDATION TRUST,430,Geriatric Medicine,2015-10-01,2026-05-01,128,128,0,0.0,0,False,False,2026-05-01
RTG__502,RTG,DERBY TEACHING HOSPITALS NHS FOUNDATION TRUST,502,Gynaecology,2015-10-01,2026-05-01,128,128,0,0.0,0,False,False,2026-05-01
RTG__X01,RTG,DERBY TEACHING HOSPITALS NHS FOUNDATION TRUST,X01,Other,2015-10-01,2021-03-01,66,66,0,0.0,0,False,True,2021-03-01
RTH__100,RTH,OXFORD UNIVERSITY HOSPITALS NHS FOUNDATION TRUST,100,General Surgery,2015-10-01,2026-05-01,128,128,0,0.0,0,False,False,2026-05-01
RTH__101,RTH,OXFORD UNIVERSITY HOSPITALS NHS FOUNDATION TRUST,101,Urology,2015-10-01,2026-05-01,128,128,0,0.0,0,False,False,2026-05-01
RTH__110,RTH,OXFORD UNIVERSITY HOSPITALS NHS FOUNDATION TRUST,110,Trauma & Orthopaedics,2015-10-01,2026-05-01,128,128,0,0.0,0,False,False,2026-05-01
RTH__120,RTH,OXFORD UNIVERSITY HOSPITALS NHS FOUNDATION TRUST,120,ENT,2015-10-01,2026-05-01,128,128,0,0.0,0,False,False,2026-05-01
RTH__130,RTH,OXFORD UNIVERSITY HOSPITALS NHS FOUNDATION TRUST,130,Ophthalmology,2015-10-01,2026-05-01,128,128,0,0.0,0,False,False,2026-05-01
RTH__150,RTH,OXFORD UNIVERSITY HOSPITALS NHS FOUNDATION TRUST,150,Neurosurgery,2015-10-01,2026-05-01,128,128,0,0.0,0,False,False,2026-05-01
RTH__160,RTH,OXFORD UNIVERSITY HOSPITALS NHS FOUNDATION TRUST,160,Plastic Surgery,2015-10-01,2026-05-01,128,128,0,0.0,0,False,False,2026-05-01
RTH__170,RTH,OXFORD UNIVERSITY HOSPITALS NHS FOUNDATION TRUST,170,Cardiothoracic Surgery,2015-10-01,2026-03-01,126,123,3,2.380952380952381,2,False,True,2026-03-01
RTH__300,RTH,OXFORD UNIVERSITY HOSPITALS NHS FOUNDATION TRUST,300,General Medicine,2015-10-01,2026-05-01,128,128,0,0.0,0,False,False,2026-05-01
RTH__301,RTH,OXFORD UNIVERSITY HOSPITALS NHS FOUNDATION TRUST,301,Gastroenterology,2015-10-01,2026-05-01,128,128,0,0.0,0,False,False,2026-05-01
RTH__320,RTH,OXFORD UNIVERSITY HOSPITALS NHS FOUNDATION TRUST,320,Cardiology,2015-10-01,2026-05-01,128,128,0,0.0,0,False,False,2026-05-01
RTH__330,RTH,OXFORD UNIVERSITY HOSPITALS NHS FOUNDATION TRUST,330,Dermatology,2015-10-01,2026-05-01,128,128,0,0.0,0,False,False,2026-05-01
RTH__340,RTH,OXFORD UNIVERSITY HOSPITALS NHS FOUNDATION TRUST,340,Thoracic Medicine,2015-10-01,2026-05-01,128,128,0,0.0,0,False,False,2026-05-01
RTH__400,RTH,OXFORD UNIVERSITY HOSPITALS NHS FOUNDATION TRUST,400,Neurology,2015-10-01,2026-05-01,128,128,0,0.0,0,False,False,2026-05-01
RTH__410,RTH,OXFORD UNIVERSITY HOSPITALS NHS FOUNDATION TRUST,410,Rheumatology,2015-10-01,2026-05-01,128,128,0,0.0,0,False,False,2026-05-01
RTH__430,RTH,OXFORD UNIVERSITY HOSPITALS NHS FOUNDATION TRUST,430,Geriatric Medicine,2015-10-01,2026-05-01,128,128,0,0.0,0,False,False,2026-05-01
RTH__502,RTH,OXFORD UNIVERSITY HOSPITALS NHS FOUNDATION TRUST,502,Gynaecology,2015-10-01,2026-05-01,128,128,0,0.0,0,False,False,2026-05-01
RTH__X01,RTH,OXFORD UNIVERSITY HOSPITALS NHS FOUNDATION TRUST,X01,Other,2015-10-01,2021-03-01,66,66,0,0.0,0,False,True,2021-03-01
RTK__100,RTK,ASHFORD AND ST PETER'S HOSPITALS NHS FOUNDATION TRUST,100,General Surgery,2015-10-01,2026-05-01,128,125,3,2.34375,3,False,False,2026-05-01
RTK__101,RTK,ASHFORD AND ST PETER'S HOSPITALS NHS FOUNDATION TRUST,101,Urology,2015-10-01,2026-05-01,128,125,3,2.34375,3,False,False,2026-05-01
RTK__110,RTK,ASHFORD AND ST PETER'S HOSPITALS NHS FOUNDATION TRUST,110,Trauma & Orthopaedics,2015-10-01,2026-05-01,128,125,3,2.34375,3,False,False,2026-05-01
RTK__120,RTK,ASHFORD AND ST PETER'S HOSPITALS NHS FOUNDATION TRUST,120,ENT,2015-10-01,2026-05-01,128,125,3,2.34375,3,False,False,2026-05-01
RTK__130,RTK,ASHFORD AND ST PETER'S HOSPITALS NHS FOUNDATION TRUST,130,Ophthalmology,2015-10-01,2026-05-01,128,125,3,2.34375,3,False,False,2026-05-01
RTK__140,RTK,ASHFORD AND ST PETER'S HOSPITALS NHS FOUNDATION TRUST,140,Oral Surgery,2015-10-01,2026-05-01,128,125,3,2.34375,3,False,False,2026-05-01
RTK__300,RTK,ASHFORD AND ST PETER'S HOSPITALS NHS FOUNDATION TRUST,300,General Medicine,2015-10-01,2026-05-01,128,125,3,2.34375,3,False,False,2026-05-01
RTK__301,RTK,ASHFORD AND ST PETER'S HOSPITALS NHS FOUNDATION TRUST,301,Gastroenterology,2015-10-01,2026-05-01,128,125,3,2.34375,3,False,False,2026-05-01
RTK__320,RTK,ASHFORD AND ST PETER'S HOSPITALS NHS FOUNDATION TRUST,320,Cardiology,2015-10-01,2026-05-01,128,125,3,2.34375,3,False,False,2026-05-01
RTK__330,RTK,ASHFORD AND ST PETER'S HOSPITALS NHS FOUNDATION TRUST,330,Dermatology,2015-10-01,2026-05-01,128,125,3,2.34375,3,False,False,2026-05-01
RTK__400,RTK,ASHFORD AND ST PETER'S HOSPITALS NHS FOUNDATION TRUST,400,Neurology,2015-10-01,2026-05-01,128,125,3,2.34375,3,False,False,2026-05-01
RTK__410,RTK,ASHFORD AND ST PETER'S HOSPITALS NHS FOUNDATION TRUST,410,Rheumatology,2015-10-01,2026-05-01,128,125,3,2.34375,3,False,False,2026-05-01
RTK__430,RTK,ASHFORD AND ST PETER'S HOSPITALS NHS FOUNDATION TRUST,430,Geriatric Medicine,2015-10-01,2026-05-01,128,125,3,2.34375,3,False,False,2026-05-01
RTK__502,RTK,ASHFORD AND ST PETER'S HOSPITALS NHS FOUNDATION TRUST,502,Gynaecology,2015-10-01,2026-05-01,128,125,3,2.34375,3,False,False,2026-05-01
RTK__X01,RTK,ASHFORD AND ST PETER'S HOSPITALS NHS FOUNDATION TRUST,X01,Other,2015-10-01,2021-03-01,66,66,0,0.0,0,False,True,2021-03-01
RTP__100,RTP,SURREY AND SUSSEX HEALTHCARE NHS TRUST,100,General Surgery,2015-10-01,2026-05-01,128,128,0,0.0,0,False,False,2026-05-01
RTP__101,RTP,SURREY AND SUSSEX HEALTHCARE NHS TRUST,101,Urology,2015-10-01,2026-05-01,128,128,0,0.0,0,False,False,2026-05-01
RTP__110,RTP,SURREY AND SUSSEX HEALTHCARE NHS TRUST,110,Trauma & Orthopaedics,2015-10-01,2026-05-01,128,128,0,0.0,0,False,False,2026-05-01
RTP__120,RTP,SURREY AND SUSSEX HEALTHCARE NHS TRUST,120,ENT,2015-10-01,2026-05-01,128,128,0,0.0,0,False,False,2026-05-01
RTP__130,RTP,SURREY AND SUSSEX HEALTHCARE NHS TRUST,130,Ophthalmology,2015-10-01,2026-05-01,128,128,0,0.0,0,False,False,2026-05-01
RTP__140,RTP,SURREY AND SUSSEX HEALTHCARE NHS TRUST,140,Oral Surgery,2015-10-01,2026-05-01,128,128,0,0.0,0,False,False,2026-05-01
RTP__160,RTP,SURREY AND SUSSEX HEALTHCARE NHS TRUST,160,Plastic Surgery,2015-10-01,2023-03-01,90,34,56,62.22222222222222,39,False,True,2023-03-01
RTP__170,RTP,SURREY AND SUSSEX HEALTHCARE NHS TRUST,170,Cardiothoracic Surgery,2015-10-01,2026-04-01,127,93,34,26.771653543307085,6,False,True,2026-04-01
RTP__300,RTP,SURREY AND SUSSEX HEALTHCARE NHS TRUST,300,General Medicine,2015-10-01,2026-05-01,128,128,0,0.0,0,False,False,2026-05-01
RTP__301,RTP,SURREY AND SUSSEX HEALTHCARE NHS TRUST,301,Gastroenterology,2015-10-01,2026-05-01,128,128,0,0.0,0,False,False,2026-05-01
RTP__320,RTP,SURREY AND SUSSEX HEALTHCARE NHS TRUST,320,Cardiology,2015-10-01,2026-05-01,128,128,0,0.0,0,False,False,2026-05-01
RTP__330,RTP,SURREY AND SUSSEX HEALTHCARE NHS TRUST,330,Dermatology,2015-10-01,2026-05-01,128,128,0,0.0,0,False,False,2026-05-01
RTP__340,RTP,SURREY AND SUSSEX HEALTHCARE NHS TRUST,340,Thoracic Medicine,2015-10-01,2026-05-01,128,128,0,0.0,0,False,False,2026-05-01
RTP__400,RTP,SURREY AND SUSSEX HEALTHCARE NHS TRUST,400,Neurology,2015-10-01,2026-05-01,128,128,0,0.0,0,False,False,2026-05-01
RTP__410,RTP,SURREY AND SUSSEX HEALTHCARE NHS TRUST,410,Rheumatology,2015-10-01,2026-05-01,128,128,0,0.0,0,False,False,2026-05-01
RTP__430,RTP,SURREY AND SUSSEX HEALTHCARE NHS TRUST,430,Geriatric Medicine,2015-10-01,2026-05-01,128,128,0,0.0,0,False,False,2026-05-01
RTP__502,RTP,SURREY AND SUSSEX HEALTHCARE NHS TRUST,502,Gynaecology,2015-10-01,2026-05-01,128,128,0,0.0,0,False,False,2026-05-01
RTP__X01,RTP,SURREY AND SUSSEX HEALTHCARE NHS TRUST,X01,Other,2015-10-01,2021-03-01,66,66,0,0.0,0,False,True,2021-03-01
RTR__100,RTR,SOUTH TEES HOSPITALS NHS FOUNDATION TRUST,100,General Surgery,2015-10-01,2026-05-01,128,127,1,0.78125,1,False,False,2026-05-01
RTR__101,RTR,SOUTH TEES HOSPITALS NHS FOUNDATION TRUST,101,Urology,2015-10-01,2026-05-01,128,127,1,0.78125,1,False,False,2026-05-01
RTR__110,RTR,SOUTH TEES HOSPITALS NHS FOUNDATION TRUST,110,Trauma & Orthopaedics,2015-10-01,2026-05-01,128,127,1,0.78125,1,False,False,2026-05-01
RTR__120,RTR,SOUTH TEES HOSPITALS NHS FOUNDATION TRUST,120,ENT,2015-10-01,2026-05-01,128,127,1,0.78125,1,False,False,2026-05-01
RTR__130,RTR,SOUTH TEES HOSPITALS NHS FOUNDATION TRUST,130,Ophthalmology,2015-10-01,2026-05-01,128,127,1,0.78125,1,False,False,2026-05-01
RTR__140,RTR,SOUTH TEES HOSPITALS NHS FOUNDATION TRUST,140,Oral Surgery,2015-10-01,2026-03-01,126,125,1,0.7936507936507936,1,False,True,2026-03-01
RTR__150,RTR,SOUTH TEES HOSPITALS NHS FOUNDATION TRUST,150,Neurosurgery,2015-10-01,2026-05-01,128,127,1,0.78125,1,False,False,2026-05-01
RTR__160,RTR,SOUTH TEES HOSPITALS NHS FOUNDATION TRUST,160,Plastic Surgery,2015-10-01,2026-05-01,128,127,1,0.78125,1,False,False,2026-05-01
RTR__170,RTR,SOUTH TEES HOSPITALS NHS FOUNDATION TRUST,170,Cardiothoracic Surgery,2015-10-01,2026-05-01,128,127,1,0.78125,1,False,False,2026-05-01
RTR__300,RTR,SOUTH TEES HOSPITALS NHS FOUNDATION TRUST,300,General Medicine,2015-10-01,2026-05-01,128,127,1,0.78125,1,False,False,2026-05-01
RTR__301,RTR,SOUTH TEES HOSPITALS NHS FOUNDATION TRUST,301,Gastroenterology,2015-10-01,2026-05-01,128,127,1,0.78125,1,False,False,2026-05-01
RTR__320,RTR,SOUTH TEES HOSPITALS NHS FOUNDATION TRUST,320,Cardiology,2015-10-01,2026-05-01,128,127,1,0.78125,1,False,False,2026-05-01
RTR__330,RTR,SOUTH TEES HOSPITALS NHS FOUNDATION TRUST,330,Dermatology,2015-10-01,2026-05-01,128,127,1,0.78125,1,False,False,2026-05-01
RTR__340,RTR,SOUTH TEES HOSPITALS NHS FOUNDATION TRUST,340,Thoracic Medicine,2015-10-01,2026-05-01,128,127,1,0.78125,1,False,False,2026-05-01
RTR__400,RTR,SOUTH TEES HOSPITALS NHS FOUNDATION TRUST,400,Neurology,2015-10-01,2026-05-01,128,127,1,0.78125,1,False,False,2026-05-01
RTR__410,RTR,SOUTH TEES HOSPITALS NHS FOUNDATION TRUST,410,Rheumatology,2015-10-01,2026-05-01,128,127,1,0.78125,1,False,False,2026-05-01
RTR__430,RTR,SOUTH TEES HOSPITALS NHS FOUNDATION TRUST,430,Geriatric Medicine,2015-10-01,2026-05-01,128,127,1,0.78125,1,False,False,2026-05-01
RTR__502,RTR,SOUTH TEES HOSPITALS NHS FOUNDATION TRUST,502,Gynaecology,2015-10-01,2026-05-01,128,127,1,0.78125,1,False,False,2026-05-01
RTR__X01,RTR,SOUTH TEES HOSPITALS NHS FOUNDATION TRUST,X01,Other,2015-10-01,2021-03-01,66,66,0,0.0,0,False,True,2021-03-01
RTX__100,RTX,UNIVERSITY HOSPITALS OF MORECAMBE BAY NHS FOUNDATION TRUST,100,General Surgery,2015-10-01,2026-05-01,128,128,0,0.0,0,False,False,2026-05-01
RTX__101,RTX,UNIVERSITY HOSPITALS OF MORECAMBE BAY NHS FOUNDATION TRUST,101,Urology,2015-10-01,2026-05-01,128,128,0,0.0,0,False,False,2026-05-01
RTX__110,RTX,UNIVERSITY HOSPITALS OF MORECAMBE BAY NHS FOUNDATION TRUST,110,Trauma & Orthopaedics,2015-10-01,2026-05-01,128,128,0,0.0,0,False,False,2026-05-01
RTX__120,RTX,UNIVERSITY HOSPITALS OF MORECAMBE BAY NHS FOUNDATION TRUST,120,ENT,2015-10-01,2026-05-01,128,128,0,0.0,0,False,False,2026-05-01
RTX__130,RTX,UNIVERSITY HOSPITALS OF MORECAMBE BAY NHS FOUNDATION TRUST,130,Ophthalmology,2015-10-01,2026-05-01,128,128,0,0.0,0,False,False,2026-05-01
RTX__140,RTX,UNIVERSITY HOSPITALS OF MORECAMBE BAY NHS FOUNDATION TRUST,140,Oral Surgery,2015-10-01,2026-05-01,128,128,0,0.0,0,False,False,2026-05-01
RTX__160,RTX,UNIVERSITY HOSPITALS OF MORECAMBE BAY NHS FOUNDATION TRUST,160,Plastic Surgery,2015-10-01,2026-05-01,128,128,0,0.0,0,False,False,2026-05-01
RTX__170,RTX,UNIVERSITY HOSPITALS OF MORECAMBE BAY NHS FOUNDATION TRUST,170,Cardiothoracic Surgery,2015-10-01,2026-05-01,128,128,0,0.0,0,False,False,2026-05-01
RTX__300,RTX,UNIVERSITY HOSPITALS OF MORECAMBE BAY NHS FOUNDATION TRUST,300,General Medicine,2015-10-01,2026-05-01,128,89,39,30.46875,21,False,False,2026-05-01
RTX__301,RTX,UNIVERSITY HOSPITALS OF MORECAMBE BAY NHS FOUNDATION TRUST,301,Gastroenterology,2015-10-01,2026-05-01,128,128,0,0.0,0,False,False,2026-05-01
RTX__320,RTX,UNIVERSITY HOSPITALS OF MORECAMBE BAY NHS FOUNDATION TRUST,320,Cardiology,2015-10-01,2026-05-01,128,128,0,0.0,0,False,False,2026-05-01
RTX__330,RTX,UNIVERSITY HOSPITALS OF MORECAMBE BAY NHS FOUNDATION TRUST,330,Dermatology,2015-10-01,2026-05-01,128,128,0,0.0,0,False,False,2026-05-01
RTX__340,RTX,UNIVERSITY HOSPITALS OF MORECAMBE BAY NHS FOUNDATION TRUST,340,Thoracic Medicine,2015-10-01,2026-05-01,128,128,0,0.0,0,False,False,2026-05-01
RTX__410,RTX,UNIVERSITY HOSPITALS OF MORECAMBE BAY NHS FOUNDATION TRUST,410,Rheumatology,2015-10-01,2026-05-01,128,128,0,0.0,0,False,False,2026-05-01
RTX__430,RTX,UNIVERSITY HOSPITALS OF MORECAMBE BAY NHS FOUNDATION TRUST,430,Geriatric Medicine,2015-10-01,2026-05-01,128,128,0,0.0,0,False,False,2026-05-01
RTX__502,RTX,UNIVERSITY HOSPITALS OF MORECAMBE BAY NHS FOUNDATION TRUST,502,Gynaecology,2015-10-01,2026-05-01,128,128,0,0.0,0,False,False,2026-05-01
RTX__X01,RTX,UNIVERSITY HOSPITALS OF MORECAMBE BAY NHS FOUNDATION TRUST,X01,Other,2015-10-01,2021-03-01,66,66,0,0.0,0,False,True,2021-03-01
RV3__X01,RV3,CENTRAL AND NORTH WEST LONDON NHS FOUNDATION TRUST,X01,Other,2015-10-01,2021-03-01,66,66,0,0.0,0,False,True,2021-03-01
RVJ__100,RVJ,NORTH BRISTOL NHS TRUST,100,General Surgery,2015-10-01,2026-05-01,128,128,0,0.0,0,False,False,2026-05-01
RVJ__101,RVJ,NORTH BRISTOL NHS TRUST,101,Urology,2015-10-01,2026-05-01,128,128,0,0.0,0,False,False,2026-05-01
RVJ__110,RVJ,NORTH BRISTOL NHS TRUST,110,Trauma & Orthopaedics,2015-10-01,2026-05-01,128,128,0,0.0,0,False,False,2026-05-01
RVJ__120,RVJ,NORTH BRISTOL NHS TRUST,120,ENT,2015-10-01,2017-11-01,26,14,12,46.15384615384615,9,True,True,2017-11-01
RVJ__150,RVJ,NORTH BRISTOL NHS TRUST,150,Neurosurgery,2015-10-01,2026-05-01,128,128,0,0.0,0,False,False,2026-05-01
RVJ__160,RVJ,NORTH BRISTOL NHS TRUST,160,Plastic Surgery,2015-10-01,2026-05-01,128,128,0,0.0,0,False,False,2026-05-01
RVJ__170,RVJ,NORTH BRISTOL NHS TRUST,170,Cardiothoracic Surgery,2015-10-01,2026-05-01,128,128,0,0.0,0,False,False,2026-05-01
RVJ__300,RVJ,NORTH BRISTOL NHS TRUST,300,General Medicine,2015-10-01,2025-10-01,121,97,24,19.834710743801654,6,False,True,2025-10-01
RVJ__301,RVJ,NORTH BRISTOL NHS TRUST,301,Gastroenterology,2015-10-01,2026-05-01,128,128,0,0.0,0,False,False,2026-05-01
RVJ__320,RVJ,NORTH BRISTOL NHS TRUST,320,Cardiology,2015-10-01,2026-05-01,128,128,0,0.0,0,False,False,2026-05-01
RVJ__330,RVJ,NORTH BRISTOL NHS TRUST,330,Dermatology,2015-10-01,2026-05-01,128,128,0,0.0,0,False,False,2026-05-01
RVJ__340,RVJ,NORTH BRISTOL NHS TRUST,340,Thoracic Medicine,2015-10-01,2026-05-01,128,128,0,0.0,0,False,False,2026-05-01
RVJ__400,RVJ,NORTH BRISTOL NHS TRUST,400,Neurology,2015-10-01,2026-05-01,128,128,0,0.0,0,False,False,2026-05-01
RVJ__410,RVJ,NORTH BRISTOL NHS TRUST,410,Rheumatology,2015-10-01,2026-05-01,128,128,0,0.0,0,False,False,2026-05-01
RVJ__430,RVJ,NORTH BRISTOL NHS TRUST,430,Geriatric Medicine,2015-10-01,2026-05-01,128,128,0,0.0,0,False,False,2026-05-01
RVJ__502,RVJ,NORTH BRISTOL NHS TRUST,502,Gynaecology,2015-10-01,2026-05-01,128,128,0,0.0,0,False,False,2026-05-01
RVJ__X01,RVJ,NORTH BRISTOL NHS TRUST,X01,Other,2015-10-01,2021-03-01,66,66,0,0.0,0,False,True,2021-03-01
RVR__100,RVR,EPSOM AND ST HELIER UNIVERSITY HOSPITALS NHS TRUST,100,General Surgery,2015-10-01,2026-05-01,128,128,0,0.0,0,False,False,2026-05-01
RVR__101,RVR,EPSOM AND ST HELIER UNIVERSITY HOSPITALS NHS TRUST,101,Urology,2015-10-01,2026-05-01,128,128,0,0.0,0,False,False,2026-05-01
RVR__110,RVR,EPSOM AND ST HELIER UNIVERSITY HOSPITALS NHS TRUST,110,Trauma & Orthopaedics,2015-10-01,2026-05-01,128,128,0,0.0,0,False,False,2026-05-01
RVR__120,RVR,EPSOM AND ST HELIER UNIVERSITY HOSPITALS NHS TRUST,120,ENT,2015-10-01,2026-05-01,128,128,0,0.0,0,False,False,2026-05-01
RVR__130,RVR,EPSOM AND ST HELIER UNIVERSITY HOSPITALS NHS TRUST,130,Ophthalmology,2015-10-01,2026-05-01,128,128,0,0.0,0,False,False,2026-05-01
RVR__140,RVR,EPSOM AND ST HELIER UNIVERSITY HOSPITALS NHS TRUST,140,Oral Surgery,2015-10-01,2026-05-01,128,128,0,0.0,0,False,False,2026-05-01
RVR__160,RVR,EPSOM AND ST HELIER UNIVERSITY HOSPITALS NHS TRUST,160,Plastic Surgery,2015-10-01,2026-03-01,126,126,0,0.0,0,False,True,2026-03-01
RVR__300,RVR,EPSOM AND ST HELIER UNIVERSITY HOSPITALS NHS TRUST,300,General Medicine,2015-10-01,2026-05-01,128,128,0,0.0,0,False,False,2026-05-01
RVR__301,RVR,EPSOM AND ST HELIER UNIVERSITY HOSPITALS NHS TRUST,301,Gastroenterology,2015-10-01,2026-05-01,128,128,0,0.0,0,False,False,2026-05-01
RVR__320,RVR,EPSOM AND ST HELIER UNIVERSITY HOSPITALS NHS TRUST,320,Cardiology,2015-10-01,2026-05-01,128,128,0,0.0,0,False,False,2026-05-01
RVR__330,RVR,EPSOM AND ST HELIER UNIVERSITY HOSPITALS NHS TRUST,330,Dermatology,2015-10-01,2026-05-01,128,128,0,0.0,0,False,False,2026-05-01
RVR__340,RVR,EPSOM AND ST HELIER UNIVERSITY HOSPITALS NHS TRUST,340,Thoracic Medicine,2015-10-01,2026-05-01,128,128,0,0.0,0,False,False,2026-05-01
RVR__400,RVR,EPSOM AND ST HELIER UNIVERSITY HOSPITALS NHS TRUST,400,Neurology,2015-10-01,2026-05-01,128,128,0,0.0,0,False,False,2026-05-01
RVR__410,RVR,EPSOM AND ST HELIER UNIVERSITY HOSPITALS NHS TRUST,410,Rheumatology,2015-10-01,2026-05-01,128,128,0,0.0,0,False,False,2026-05-01
RVR__430,RVR,EPSOM AND ST HELIER UNIVERSITY HOSPITALS NHS TRUST,430,Geriatric Medicine,2015-10-01,2026-05-01,128,128,0,0.0,0,False,False,2026-05-01
RVR__502,RVR,EPSOM AND ST HELIER UNIVERSITY HOSPITALS NHS TRUST,502,Gynaecology,2015-10-01,2026-05-01,128,128,0,0.0,0,False,False,2026-05-01
RVR__X01,RVR,EPSOM AND ST HELIER UNIVERSITY HOSPITALS NHS TRUST,X01,Other,2015-10-01,2021-03-01,66,66,0,0.0,0,False,True,2021-03-01
RVV__100,RVV,EAST KENT HOSPITALS UNIVERSITY NHS FOUNDATION TRUST,100,General Surgery,2015-10-01,2026-05-01,128,128,0,0.0,0,False,False,2026-05-01
RVV__101,RVV,EAST KENT HOSPITALS UNIVERSITY NHS FOUNDATION TRUST,101,Urology,2015-10-01,2026-05-01,128,128,0,0.0,0,False,False,2026-05-01
RVV__110,RVV,EAST KENT HOSPITALS UNIVERSITY NHS FOUNDATION TRUST,110,Trauma & Orthopaedics,2015-10-01,2026-05-01,128,128,0,0.0,0,False,False,2026-05-01
RVV__120,RVV,EAST KENT HOSPITALS UNIVERSITY NHS FOUNDATION TRUST,120,ENT,2015-10-01,2026-05-01,128,128,0,0.0,0,False,False,2026-05-01
RVV__130,RVV,EAST KENT HOSPITALS UNIVERSITY NHS FOUNDATION TRUST,130,Ophthalmology,2015-10-01,2026-05-01,128,128,0,0.0,0,False,False,2026-05-01
RVV__140,RVV,EAST KENT HOSPITALS UNIVERSITY NHS FOUNDATION TRUST,140,Oral Surgery,2015-10-01,2026-05-01,128,128,0,0.0,0,False,False,2026-05-01
RVV__300,RVV,EAST KENT HOSPITALS UNIVERSITY NHS FOUNDATION TRUST,300,General Medicine,2015-10-01,2026-05-01,128,128,0,0.0,0,False,False,2026-05-01
RVV__301,RVV,EAST KENT HOSPITALS UNIVERSITY NHS FOUNDATION TRUST,301,Gastroenterology,2015-10-01,2026-05-01,128,128,0,0.0,0,False,False,2026-05-01
RVV__320,RVV,EAST KENT HOSPITALS UNIVERSITY NHS FOUNDATION TRUST,320,Cardiology,2015-10-01,2026-05-01,128,128,0,0.0,0,False,False,2026-05-01
RVV__330,RVV,EAST KENT HOSPITALS UNIVERSITY NHS FOUNDATION TRUST,330,Dermatology,2015-10-01,2026-05-01,128,128,0,0.0,0,False,False,2026-05-01
RVV__340,RVV,EAST KENT HOSPITALS UNIVERSITY NHS FOUNDATION TRUST,340,Thoracic Medicine,2015-10-01,2026-05-01,128,128,0,0.0,0,False,False,2026-05-01
RVV__400,RVV,EAST KENT HOSPITALS UNIVERSITY NHS FOUNDATION TRUST,400,Neurology,2015-10-01,2026-05-01,128,128,0,0.0,0,False,False,2026-05-01
RVV__410,RVV,EAST KENT HOSPITALS UNIVERSITY NHS FOUNDATION TRUST,410,Rheumatology,2015-10-01,2026-05-01,128,128,0,0.0,0,False,False,2026-05-01
RVV__430,RVV,EAST KENT HOSPITALS UNIVERSITY NHS FOUNDATION TRUST,430,Geriatric Medicine,2015-10-01,2026-05-01,128,128,0,0.0,0,False,False,2026-05-01
RVV__502,RVV,EAST KENT HOSPITALS UNIVERSITY NHS FOUNDATION TRUST,502,Gynaecology,2015-10-01,2026-05-01,128,128,0,0.0,0,False,False,2026-05-01
RVV__X01,RVV,EAST KENT HOSPITALS UNIVERSITY NHS FOUNDATION TRUST,X01,Other,2015-10-01,2021-03-01,66,66,0,0.0,0,False,True,2021-03-01
RVW__100,RVW,NORTH TEES AND HARTLEPOOL NHS FOUNDATION TRUST,100,General Surgery,2015-10-01,2026-05-01,128,128,0,0.0,0,False,False,2026-05-01
RVW__101,RVW,NORTH TEES AND HARTLEPOOL NHS FOUNDATION TRUST,101,Urology,2015-10-01,2026-05-01,128,128,0,0.0,0,False,False,2026-05-01
RVW__110,RVW,NORTH TEES AND HARTLEPOOL NHS FOUNDATION TRUST,110,Trauma & Orthopaedics,2015-10-01,2026-05-01,128,128,0,0.0,0,False,False,2026-05-01
RVW__140,RVW,NORTH TEES AND HARTLEPOOL NHS FOUNDATION TRUST,140,Oral Surgery,2015-10-01,2024-01-01,100,97,3,3.0,3,False,True,2024-01-01
RVW__300,RVW,NORTH TEES AND HARTLEPOOL NHS FOUNDATION TRUST,300,General Medicine,2015-10-01,2026-05-01,128,128,0,0.0,0,False,False,2026-05-01
RVW__301,RVW,NORTH TEES AND HARTLEPOOL NHS FOUNDATION TRUST,301,Gastroenterology,2015-10-01,2026-05-01,128,128,0,0.0,0,False,False,2026-05-01
RVW__320,RVW,NORTH TEES AND HARTLEPOOL NHS FOUNDATION TRUST,320,Cardiology,2015-10-01,2026-05-01,128,128,0,0.0,0,False,False,2026-05-01
RVW__340,RVW,NORTH TEES AND HARTLEPOOL NHS FOUNDATION TRUST,340,Thoracic Medicine,2015-10-01,2026-05-01,128,128,0,0.0,0,False,False,2026-05-01
RVW__410,RVW,NORTH TEES AND HARTLEPOOL NHS FOUNDATION TRUST,410,Rheumatology,2015-10-01,2026-05-01,128,128,0,0.0,0,False,False,2026-05-01
RVW__430,RVW,NORTH TEES AND HARTLEPOOL NHS FOUNDATION TRUST,430,Geriatric Medicine,2015-10-01,2026-05-01,128,128,0,0.0,0,False,False,2026-05-01
RVW__502,RVW,NORTH TEES AND HARTLEPOOL NHS FOUNDATION TRUST,502,Gynaecology,2015-10-01,2026-05-01,128,128,0,0.0,0,False,False,2026-05-01
RVW__X01,RVW,NORTH TEES AND HARTLEPOOL NHS FOUNDATION TRUST,X01,Other,2015-10-01,2021-03-01,66,66,0,0.0,0,False,True,2021-03-01
RVY__100,RVY,SOUTHPORT AND ORMSKIRK HOSPITAL NHS TRUST,100,General Surgery,2015-10-01,2023-06-01,93,93,0,0.0,0,False,True,2023-06-01
RVY__101,RVY,SOUTHPORT AND ORMSKIRK HOSPITAL NHS TRUST,101,Urology,2015-10-01,2023-06-01,93,93,0,0.0,0,False,True,2023-06-01
RVY__110,RVY,SOUTHPORT AND ORMSKIRK HOSPITAL NHS TRUST,110,Trauma & Orthopaedics,2015-10-01,2023-06-01,93,93,0,0.0,0,False,True,2023-06-01
RVY__120,RVY,SOUTHPORT AND ORMSKIRK HOSPITAL NHS TRUST,120,ENT,2015-10-01,2023-06-01,93,93,0,0.0,0,False,True,2023-06-01
RVY__130,RVY,SOUTHPORT AND ORMSKIRK HOSPITAL NHS TRUST,130,Ophthalmology,2015-10-01,2023-06-01,93,93,0,0.0,0,False,True,2023-06-01
RVY__140,RVY,SOUTHPORT AND ORMSKIRK HOSPITAL NHS TRUST,140,Oral Surgery,2015-10-01,2023-06-01,93,93,0,0.0,0,False,True,2023-06-01
RVY__170,RVY,SOUTHPORT AND ORMSKIRK HOSPITAL NHS TRUST,170,Cardiothoracic Surgery,2015-10-01,2018-08-01,35,32,3,8.571428571428571,3,True,True,2018-08-01
RVY__300,RVY,SOUTHPORT AND ORMSKIRK HOSPITAL NHS TRUST,300,General Medicine,2015-10-01,2023-06-01,93,93,0,0.0,0,False,True,2023-06-01
RVY__301,RVY,SOUTHPORT AND ORMSKIRK HOSPITAL NHS TRUST,301,Gastroenterology,2015-10-01,2023-06-01,93,93,0,0.0,0,False,True,2023-06-01
RVY__320,RVY,SOUTHPORT AND ORMSKIRK HOSPITAL NHS TRUST,320,Cardiology,2015-10-01,2023-06-01,93,93,0,0.0,0,False,True,2023-06-01
RVY__330,RVY,SOUTHPORT AND ORMSKIRK HOSPITAL NHS TRUST,330,Dermatology,2015-10-01,2023-06-01,93,93,0,0.0,0,False,True,2023-06-01
RVY__410,RVY,SOUTHPORT AND ORMSKIRK HOSPITAL NHS TRUST,410,Rheumatology,2015-10-01,2023-06-01,93,93,0,0.0,0,False,True,2023-06-01
RVY__430,RVY,SOUTHPORT AND ORMSKIRK HOSPITAL NHS TRUST,430,Geriatric Medicine,2015-10-01,2023-06-01,93,93,0,0.0,0,False,True,2023-06-01
RVY__502,RVY,SOUTHPORT AND ORMSKIRK HOSPITAL NHS TRUST,502,Gynaecology,2015-10-01,2023-06-01,93,93,0,0.0,0,False,True,2023-06-01
RVY__X01,RVY,SOUTHPORT AND ORMSKIRK HOSPITAL NHS TRUST,X01,Other,2015-10-01,2021-03-01,66,66,0,0.0,0,False,True,2021-03-01
RW1__100,RW1,SOUTHERN HEALTH NHS FOUNDATION TRUST,100,General Surgery,2015-10-01,2026-05-01,128,83,45,35.15625,16,False,False,2026-05-01
RW1__101,RW1,SOUTHERN HEALTH NHS FOUNDATION TRUST,101,Urology,2015-10-01,2024-07-01,106,55,51,48.113207547169814,22,False,True,2024-07-01
RW1__110,RW1,SOUTHERN HEALTH NHS FOUNDATION TRUST,110,Trauma & Orthopaedics,2015-10-01,2026-05-01,128,128,0,0.0,0,False,False,2026-05-01
RW1__120,RW1,SOUTHERN HEALTH NHS FOUNDATION TRUST,120,ENT,2015-10-01,2026-05-01,128,128,0,0.0,0,False,False,2026-05-01
RW1__130,RW1,SOUTHERN HEALTH NHS FOUNDATION TRUST,130,Ophthalmology,2015-10-01,2022-06-01,81,26,55,67.90123456790124,41,False,True,2022-06-01
RW1__140,RW1,SOUTHERN HEALTH NHS FOUNDATION TRUST,140,Oral Surgery,2015-10-01,2025-12-01,123,5,118,95.9349593495935,90,False,True,2025-12-01
RW1__300,RW1,SOUTHERN HEALTH NHS FOUNDATION TRUST,300,General Medicine,2015-10-01,2026-05-01,128,128,0,0.0,0,False,False,2026-05-01
RW1__301,RW1,SOUTHERN HEALTH NHS FOUNDATION TRUST,301,Gastroenterology,2015-10-01,2026-05-01,128,128,0,0.0,0,False,False,2026-05-01
RW1__320,RW1,SOUTHERN HEALTH NHS FOUNDATION TRUST,320,Cardiology,2015-10-01,2026-05-01,128,128,0,0.0,0,False,False,2026-05-01
RW1__340,RW1,SOUTHERN HEALTH NHS FOUNDATION TRUST,340,Thoracic Medicine,2015-10-01,2026-05-01,128,128,0,0.0,0,False,False,2026-05-01
RW1__410,RW1,SOUTHERN HEALTH NHS FOUNDATION TRUST,410,Rheumatology,2015-10-01,2026-05-01,128,128,0,0.0,0,False,False,2026-05-01
RW1__430,RW1,SOUTHERN HEALTH NHS FOUNDATION TRUST,430,Geriatric Medicine,2015-10-01,2026-05-01,128,99,29,22.65625,9,False,False,2026-05-01
RW1__502,RW1,SOUTHERN HEALTH NHS FOUNDATION TRUST,502,Gynaecology,2015-10-01,2025-10-01,121,29,92,76.03305785123968,56,False,True,2025-10-01
RW1__X01,RW1,SOUTHERN HEALTH NHS FOUNDATION TRUST,X01,Other,2015-10-01,2021-03-01,66,66,0,0.0,0,False,True,2021-03-01
RW3__100,RW3,CENTRAL MANCHESTER UNIVERSITY HOSPITALS NHS FOUNDATION TRUST,100,General Surgery,2015-10-01,2017-09-01,24,24,0,0.0,0,True,True,2017-09-01
RW3__101,RW3,CENTRAL MANCHESTER UNIVERSITY HOSPITALS NHS FOUNDATION TRUST,101,Urology,2015-10-01,2017-09-01,24,24,0,0.0,0,True,True,2017-09-01
RW3__110,RW3,CENTRAL MANCHESTER UNIVERSITY HOSPITALS NHS FOUNDATION TRUST,110,Trauma & Orthopaedics,2015-10-01,2017-09-01,24,24,0,0.0,0,True,True,2017-09-01
RW3__120,RW3,CENTRAL MANCHESTER UNIVERSITY HOSPITALS NHS FOUNDATION TRUST,120,ENT,2015-10-01,2017-09-01,24,24,0,0.0,0,True,True,2017-09-01
RW3__130,RW3,CENTRAL MANCHESTER UNIVERSITY HOSPITALS NHS FOUNDATION TRUST,130,Ophthalmology,2015-10-01,2017-09-01,24,24,0,0.0,0,True,True,2017-09-01
RW3__140,RW3,CENTRAL MANCHESTER UNIVERSITY HOSPITALS NHS FOUNDATION TRUST,140,Oral Surgery,2015-10-01,2017-09-01,24,24,0,0.0,0,True,True,2017-09-01
RW3__150,RW3,CENTRAL MANCHESTER UNIVERSITY HOSPITALS NHS FOUNDATION TRUST,150,Neurosurgery,2015-10-01,2015-11-01,2,2,0,0.0,0,True,True,2015-11-01
RW3__160,RW3,CENTRAL MANCHESTER UNIVERSITY HOSPITALS NHS FOUNDATION TRUST,160,Plastic Surgery,2015-10-01,2017-09-01,24,24,0,0.0,0,True,True,2017-09-01
RW3__170,RW3,CENTRAL MANCHESTER UNIVERSITY HOSPITALS NHS FOUNDATION TRUST,170,Cardiothoracic Surgery,2015-10-01,2017-01-01,16,16,0,0.0,0,True,True,2017-01-01
RW3__300,RW3,CENTRAL MANCHESTER UNIVERSITY HOSPITALS NHS FOUNDATION TRUST,300,General Medicine,2015-10-01,2017-09-01,24,24,0,0.0,0,True,True,2017-09-01
RW3__301,RW3,CENTRAL MANCHESTER UNIVERSITY HOSPITALS NHS FOUNDATION TRUST,301,Gastroenterology,2015-10-01,2017-09-01,24,24,0,0.0,0,True,True,2017-09-01
RW3__320,RW3,CENTRAL MANCHESTER UNIVERSITY HOSPITALS NHS FOUNDATION TRUST,320,Cardiology,2015-10-01,2017-09-01,24,24,0,0.0,0,True,True,2017-09-01
RW3__330,RW3,CENTRAL MANCHESTER UNIVERSITY HOSPITALS NHS FOUNDATION TRUST,330,Dermatology,2015-10-01,2017-09-01,24,24,0,0.0,0,True,True,2017-09-01
RW3__340,RW3,CENTRAL MANCHESTER UNIVERSITY HOSPITALS NHS FOUNDATION TRUST,340,Thoracic Medicine,2015-10-01,2017-09-01,24,24,0,0.0,0,True,True,2017-09-01
RW3__400,RW3,CENTRAL MANCHESTER UNIVERSITY HOSPITALS NHS FOUNDATION TRUST,400,Neurology,2015-10-01,2017-09-01,24,24,0,0.0,0,True,True,2017-09-01
RW3__410,RW3,CENTRAL MANCHESTER UNIVERSITY HOSPITALS NHS FOUNDATION TRUST,410,Rheumatology,2015-10-01,2017-09-01,24,24,0,0.0,0,True,True,2017-09-01
RW3__430,RW3,CENTRAL MANCHESTER UNIVERSITY HOSPITALS NHS FOUNDATION TRUST,430,Geriatric Medicine,2015-10-01,2017-09-01,24,24,0,0.0,0,True,True,2017-09-01
RW3__502,RW3,CENTRAL MANCHESTER UNIVERSITY HOSPITALS NHS FOUNDATION TRUST,502,Gynaecology,2015-10-01,2017-09-01,24,24,0,0.0,0,True,True,2017-09-01
RW3__X01,RW3,CENTRAL MANCHESTER UNIVERSITY HOSPITALS NHS FOUNDATION TRUST,X01,Other,2015-10-01,2017-09-01,24,24,0,0.0,0,True,True,2017-09-01
RW5__410,RW5,LANCASHIRE CARE NHS FOUNDATION TRUST,410,Rheumatology,2015-10-01,2026-05-01,128,128,0,0.0,0,False,False,2026-05-01
RW6__100,RW6,PENNINE ACUTE HOSPITALS NHS TRUST,100,General Surgery,2015-10-01,2021-09-01,72,72,0,0.0,0,False,True,2021-09-01
RW6__101,RW6,PENNINE ACUTE HOSPITALS NHS TRUST,101,Urology,2015-10-01,2021-09-01,72,72,0,0.0,0,False,True,2021-09-01
RW6__110,RW6,PENNINE ACUTE HOSPITALS NHS TRUST,110,Trauma & Orthopaedics,2015-10-01,2021-09-01,72,72,0,0.0,0,False,True,2021-09-01
RW6__120,RW6,PENNINE ACUTE HOSPITALS NHS TRUST,120,ENT,2015-10-01,2021-09-01,72,72,0,0.0,0,False,True,2021-09-01
RW6__130,RW6,PENNINE ACUTE HOSPITALS NHS TRUST,130,Ophthalmology,2015-10-01,2021-09-01,72,72,0,0.0,0,False,True,2021-09-01
RW6__140,RW6,PENNINE ACUTE HOSPITALS NHS TRUST,140,Oral Surgery,2015-10-01,2021-03-01,66,62,4,6.0606060606060606,4,False,True,2021-03-01
RW6__160,RW6,PENNINE ACUTE HOSPITALS NHS TRUST,160,Plastic Surgery,2015-10-01,2021-09-01,72,72,0,0.0,0,False,True,2021-09-01
RW6__170,RW6,PENNINE ACUTE HOSPITALS NHS TRUST,170,Cardiothoracic Surgery,2015-10-01,2021-09-01,72,72,0,0.0,0,False,True,2021-09-01
RW6__300,RW6,PENNINE ACUTE HOSPITALS NHS TRUST,300,General Medicine,2015-10-01,2021-09-01,72,72,0,0.0,0,False,True,2021-09-01
RW6__301,RW6,PENNINE ACUTE HOSPITALS NHS TRUST,301,Gastroenterology,2015-10-01,2021-09-01,72,72,0,0.0,0,False,True,2021-09-01
RW6__320,RW6,PENNINE ACUTE HOSPITALS NHS TRUST,320,Cardiology,2015-10-01,2021-09-01,72,72,0,0.0,0,False,True,2021-09-01
RW6__340,RW6,PENNINE ACUTE HOSPITALS NHS TRUST,340,Thoracic Medicine,2015-10-01,2021-09-01,72,72,0,0.0,0,False,True,2021-09-01
RW6__410,RW6,PENNINE ACUTE HOSPITALS NHS TRUST,410,Rheumatology,2015-10-01,2021-09-01,72,72,0,0.0,0,False,True,2021-09-01
RW6__430,RW6,PENNINE ACUTE HOSPITALS NHS TRUST,430,Geriatric Medicine,2015-10-01,2021-09-01,72,72,0,0.0,0,False,True,2021-09-01
RW6__502,RW6,PENNINE ACUTE HOSPITALS NHS TRUST,502,Gynaecology,2015-10-01,2021-09-01,72,72,0,0.0,0,False,True,2021-09-01
RW6__X01,RW6,PENNINE ACUTE HOSPITALS NHS TRUST,X01,Other,2015-10-01,2021-03-01,66,66,0,0.0,0,False,True,2021-03-01
RWA__100,RWA,HULL AND EAST YORKSHIRE HOSPITALS NHS TRUST,100,General Surgery,2015-10-01,2026-05-01,128,128,0,0.0,0,False,False,2026-05-01
RWA__101,RWA,HULL AND EAST YORKSHIRE HOSPITALS NHS TRUST,101,Urology,2015-10-01,2026-05-01,128,128,0,0.0,0,False,False,2026-05-01
RWA__110,RWA,HULL AND EAST YORKSHIRE HOSPITALS NHS TRUST,110,Trauma & Orthopaedics,2015-10-01,2026-05-01,128,128,0,0.0,0,False,False,2026-05-01
RWA__120,RWA,HULL AND EAST YORKSHIRE HOSPITALS NHS TRUST,120,ENT,2015-10-01,2026-05-01,128,128,0,0.0,0,False,False,2026-05-01
RWA__130,RWA,HULL AND EAST YORKSHIRE HOSPITALS NHS TRUST,130,Ophthalmology,2015-10-01,2026-05-01,128,128,0,0.0,0,False,False,2026-05-01
RWA__140,RWA,HULL AND EAST YORKSHIRE HOSPITALS NHS TRUST,140,Oral Surgery,2015-10-01,2026-05-01,128,128,0,0.0,0,False,False,2026-05-01
RWA__150,RWA,HULL AND EAST YORKSHIRE HOSPITALS NHS TRUST,150,Neurosurgery,2015-10-01,2026-05-01,128,128,0,0.0,0,False,False,2026-05-01
RWA__160,RWA,HULL AND EAST YORKSHIRE HOSPITALS NHS TRUST,160,Plastic Surgery,2015-10-01,2026-05-01,128,128,0,0.0,0,False,False,2026-05-01
RWA__170,RWA,HULL AND EAST YORKSHIRE HOSPITALS NHS TRUST,170,Cardiothoracic Surgery,2015-10-01,2026-05-01,128,128,0,0.0,0,False,False,2026-05-01
RWA__300,RWA,HULL AND EAST YORKSHIRE HOSPITALS NHS TRUST,300,General Medicine,2015-10-01,2026-05-01,128,128,0,0.0,0,False,False,2026-05-01
RWA__301,RWA,HULL AND EAST YORKSHIRE HOSPITALS NHS TRUST,301,Gastroenterology,2015-10-01,2026-05-01,128,128,0,0.0,0,False,False,2026-05-01
RWA__320,RWA,HULL AND EAST YORKSHIRE HOSPITALS NHS TRUST,320,Cardiology,2015-10-01,2026-05-01,128,128,0,0.0,0,False,False,2026-05-01
RWA__330,RWA,HULL AND EAST YORKSHIRE HOSPITALS NHS TRUST,330,Dermatology,2015-10-01,2026-05-01,128,128,0,0.0,0,False,False,2026-05-01
RWA__340,RWA,HULL AND EAST YORKSHIRE HOSPITALS NHS TRUST,340,Thoracic Medicine,2015-10-01,2026-05-01,128,128,0,0.0,0,False,False,2026-05-01
RWA__400,RWA,HULL AND EAST YORKSHIRE HOSPITALS NHS TRUST,400,Neurology,2015-10-01,2026-05-01,128,128,0,0.0,0,False,False,2026-05-01
RWA__410,RWA,HULL AND EAST YORKSHIRE HOSPITALS NHS TRUST,410,Rheumatology,2015-10-01,2026-05-01,128,128,0,0.0,0,False,False,2026-05-01
RWA__430,RWA,HULL AND EAST YORKSHIRE HOSPITALS NHS TRUST,430,Geriatric Medicine,2015-10-01,2026-05-01,128,128,0,0.0,0,False,False,2026-05-01
RWA__502,RWA,HULL AND EAST YORKSHIRE HOSPITALS NHS TRUST,502,Gynaecology,2015-10-01,2026-05-01,128,128,0,0.0,0,False,False,2026-05-01
RWA__X01,RWA,HULL AND EAST YORKSHIRE HOSPITALS NHS TRUST,X01,Other,2015-10-01,2021-03-01,66,66,0,0.0,0,False,True,2021-03-01
RWD__100,RWD,UNITED LINCOLNSHIRE HOSPITALS NHS TRUST,100,General Surgery,2015-10-01,2026-05-01,128,126,2,1.5625,2,False,False,2026-05-01
RWD__101,RWD,UNITED LINCOLNSHIRE HOSPITALS NHS TRUST,101,Urology,2015-10-01,2026-05-01,128,126,2,1.5625,2,False,False,2026-05-01
RWD__110,RWD,UNITED LINCOLNSHIRE HOSPITALS NHS TRUST,110,Trauma & Orthopaedics,2015-10-01,2026-05-01,128,126,2,1.5625,2,False,False,2026-05-01
RWD__120,RWD,UNITED LINCOLNSHIRE HOSPITALS NHS TRUST,120,ENT,2015-10-01,2026-05-01,128,126,2,1.5625,2,False,False,2026-05-01
RWD__130,RWD,UNITED LINCOLNSHIRE HOSPITALS NHS TRUST,130,Ophthalmology,2015-10-01,2026-05-01,128,126,2,1.5625,2,False,False,2026-05-01
RWD__170,RWD,UNITED LINCOLNSHIRE HOSPITALS NHS TRUST,170,Cardiothoracic Surgery,2015-10-01,2025-03-01,114,112,2,1.7543859649122806,2,False,True,2025-03-01
RWD__300,RWD,UNITED LINCOLNSHIRE HOSPITALS NHS TRUST,300,General Medicine,2015-10-01,2026-05-01,128,126,2,1.5625,2,False,False,2026-05-01
RWD__301,RWD,UNITED LINCOLNSHIRE HOSPITALS NHS TRUST,301,Gastroenterology,2015-10-01,2026-05-01,128,126,2,1.5625,2,False,False,2026-05-01
RWD__320,RWD,UNITED LINCOLNSHIRE HOSPITALS NHS TRUST,320,Cardiology,2015-10-01,2026-05-01,128,126,2,1.5625,2,False,False,2026-05-01
RWD__330,RWD,UNITED LINCOLNSHIRE HOSPITALS NHS TRUST,330,Dermatology,2015-10-01,2026-05-01,128,126,2,1.5625,2,False,False,2026-05-01
RWD__340,RWD,UNITED LINCOLNSHIRE HOSPITALS NHS TRUST,340,Thoracic Medicine,2015-10-01,2026-05-01,128,126,2,1.5625,2,False,False,2026-05-01
RWD__400,RWD,UNITED LINCOLNSHIRE HOSPITALS NHS TRUST,400,Neurology,2015-10-01,2026-05-01,128,126,2,1.5625,2,False,False,2026-05-01
RWD__410,RWD,UNITED LINCOLNSHIRE HOSPITALS NHS TRUST,410,Rheumatology,2015-10-01,2026-05-01,128,126,2,1.5625,2,False,False,2026-05-01
RWD__430,RWD,UNITED LINCOLNSHIRE HOSPITALS NHS TRUST,430,Geriatric Medicine,2015-10-01,2026-05-01,128,126,2,1.5625,2,False,False,2026-05-01
RWD__502,RWD,UNITED LINCOLNSHIRE HOSPITALS NHS TRUST,502,Gynaecology,2015-10-01,2026-05-01,128,126,2,1.5625,2,False,False,2026-05-01
RWD__X01,RWD,UNITED LINCOLNSHIRE HOSPITALS NHS TRUST,X01,Other,2015-10-01,2021-03-01,66,64,2,3.0303030303030303,2,False,True,2021-03-01
RWE__100,RWE,UNIVERSITY HOSPITALS OF LEICESTER NHS TRUST,100,General Surgery,2015-10-01,2026-05-01,128,128,0,0.0,0,False,False,2026-05-01
RWE__101,RWE,UNIVERSITY HOSPITALS OF LEICESTER NHS TRUST,101,Urology,2015-10-01,2026-05-01,128,128,0,0.0,0,False,False,2026-05-01
RWE__110,RWE,UNIVERSITY HOSPITALS OF LEICESTER NHS TRUST,110,Trauma & Orthopaedics,2015-10-01,2026-05-01,128,128,0,0.0,0,False,False,2026-05-01
RWE__120,RWE,UNIVERSITY HOSPITALS OF LEICESTER NHS TRUST,120,ENT,2015-10-01,2026-05-01,128,128,0,0.0,0,False,False,2026-05-01
RWE__130,RWE,UNIVERSITY HOSPITALS OF LEICESTER NHS TRUST,130,Ophthalmology,2015-10-01,2026-05-01,128,128,0,0.0,0,False,False,2026-05-01
RWE__140,RWE,UNIVERSITY HOSPITALS OF LEICESTER NHS TRUST,140,Oral Surgery,2015-10-01,2026-05-01,128,94,34,26.5625,34,False,False,2026-05-01
RWE__150,RWE,UNIVERSITY HOSPITALS OF LEICESTER NHS TRUST,150,Neurosurgery,2015-10-01,2026-05-01,128,128,0,0.0,0,False,False,2026-05-01
RWE__160,RWE,UNIVERSITY HOSPITALS OF LEICESTER NHS TRUST,160,Plastic Surgery,2015-10-01,2026-05-01,128,128,0,0.0,0,False,False,2026-05-01
RWE__170,RWE,UNIVERSITY HOSPITALS OF LEICESTER NHS TRUST,170,Cardiothoracic Surgery,2015-10-01,2026-05-01,128,128,0,0.0,0,False,False,2026-05-01
RWE__300,RWE,UNIVERSITY HOSPITALS OF LEICESTER NHS TRUST,300,General Medicine,2015-10-01,2026-05-01,128,128,0,0.0,0,False,False,2026-05-01
RWE__301,RWE,UNIVERSITY HOSPITALS OF LEICESTER NHS TRUST,301,Gastroenterology,2015-10-01,2026-05-01,128,128,0,0.0,0,False,False,2026-05-01
RWE__320,RWE,UNIVERSITY HOSPITALS OF LEICESTER NHS TRUST,320,Cardiology,2015-10-01,2026-05-01,128,128,0,0.0,0,False,False,2026-05-01
RWE__330,RWE,UNIVERSITY HOSPITALS OF LEICESTER NHS TRUST,330,Dermatology,2015-10-01,2026-05-01,128,128,0,0.0,0,False,False,2026-05-01
RWE__340,RWE,UNIVERSITY HOSPITALS OF LEICESTER NHS TRUST,340,Thoracic Medicine,2015-10-01,2026-05-01,128,128,0,0.0,0,False,False,2026-05-01
RWE__400,RWE,UNIVERSITY HOSPITALS OF LEICESTER NHS TRUST,400,Neurology,2015-10-01,2026-05-01,128,128,0,0.0,0,False,False,2026-05-01
RWE__410,RWE,UNIVERSITY HOSPITALS OF LEICESTER NHS TRUST,410,Rheumatology,2015-10-01,2026-05-01,128,128,0,0.0,0,False,False,2026-05-01
RWE__502,RWE,UNIVERSITY HOSPITALS OF LEICESTER NHS TRUST,502,Gynaecology,2015-10-01,2026-05-01,128,128,0,0.0,0,False,False,2026-05-01
RWE__X01,RWE,UNIVERSITY HOSPITALS OF LEICESTER NHS TRUST,X01,Other,2015-10-01,2021-03-01,66,66,0,0.0,0,False,True,2021-03-01
RWF__100,RWF,MAIDSTONE AND TUNBRIDGE WELLS NHS TRUST,100,General Surgery,2015-10-01,2026-05-01,128,128,0,0.0,0,False,False,2026-05-01
RWF__101,RWF,MAIDSTONE AND TUNBRIDGE WELLS NHS TRUST,101,Urology,2015-10-01,2026-05-01,128,128,0,0.0,0,False,False,2026-05-01
RWF__110,RWF,MAIDSTONE AND TUNBRIDGE WELLS NHS TRUST,110,Trauma & Orthopaedics,2015-10-01,2026-05-01,128,128,0,0.0,0,False,False,2026-05-01
RWF__120,RWF,MAIDSTONE AND TUNBRIDGE WELLS NHS TRUST,120,ENT,2015-10-01,2026-05-01,128,128,0,0.0,0,False,False,2026-05-01
RWF__130,RWF,MAIDSTONE AND TUNBRIDGE WELLS NHS TRUST,130,Ophthalmology,2015-10-01,2026-05-01,128,128,0,0.0,0,False,False,2026-05-01
RWF__300,RWF,MAIDSTONE AND TUNBRIDGE WELLS NHS TRUST,300,General Medicine,2015-10-01,2026-05-01,128,119,9,7.03125,3,False,False,2026-05-01
RWF__301,RWF,MAIDSTONE AND TUNBRIDGE WELLS NHS TRUST,301,Gastroenterology,2015-10-01,2026-05-01,128,128,0,0.0,0,False,False,2026-05-01
RWF__320,RWF,MAIDSTONE AND TUNBRIDGE WELLS NHS TRUST,320,Cardiology,2015-10-01,2026-05-01,128,128,0,0.0,0,False,False,2026-05-01
RWF__340,RWF,MAIDSTONE AND TUNBRIDGE WELLS NHS TRUST,340,Thoracic Medicine,2015-10-01,2026-05-01,128,128,0,0.0,0,False,False,2026-05-01
RWF__400,RWF,MAIDSTONE AND TUNBRIDGE WELLS NHS TRUST,400,Neurology,2015-10-01,2026-05-01,128,128,0,0.0,0,False,False,2026-05-01
RWF__410,RWF,MAIDSTONE AND TUNBRIDGE WELLS NHS TRUST,410,Rheumatology,2015-10-01,2026-05-01,128,128,0,0.0,0,False,False,2026-05-01
RWF__430,RWF,MAIDSTONE AND TUNBRIDGE WELLS NHS TRUST,430,Geriatric Medicine,2015-10-01,2026-05-01,128,128,0,0.0,0,False,False,2026-05-01
RWF__502,RWF,MAIDSTONE AND TUNBRIDGE WELLS NHS TRUST,502,Gynaecology,2015-10-01,2026-05-01,128,128,0,0.0,0,False,False,2026-05-01
RWF__X01,RWF,MAIDSTONE AND TUNBRIDGE WELLS NHS TRUST,X01,Other,2015-10-01,2021-03-01,66,66,0,0.0,0,False,True,2021-03-01
RWG__100,RWG,WEST HERTFORDSHIRE HOSPITALS NHS TRUST,100,General Surgery,2015-10-01,2026-05-01,128,128,0,0.0,0,False,False,2026-05-01
RWG__101,RWG,WEST HERTFORDSHIRE HOSPITALS NHS TRUST,101,Urology,2015-10-01,2026-05-01,128,128,0,0.0,0,False,False,2026-05-01
RWG__110,RWG,WEST HERTFORDSHIRE HOSPITALS NHS TRUST,110,Trauma & Orthopaedics,2015-10-01,2026-05-01,128,128,0,0.0,0,False,False,2026-05-01
RWG__120,RWG,WEST HERTFORDSHIRE HOSPITALS NHS TRUST,120,ENT,2015-10-01,2026-05-01,128,128,0,0.0,0,False,False,2026-05-01
RWG__130,RWG,WEST HERTFORDSHIRE HOSPITALS NHS TRUST,130,Ophthalmology,2015-10-01,2026-05-01,128,128,0,0.0,0,False,False,2026-05-01
RWG__140,RWG,WEST HERTFORDSHIRE HOSPITALS NHS TRUST,140,Oral Surgery,2015-10-01,2026-05-01,128,128,0,0.0,0,False,False,2026-05-01
RWG__300,RWG,WEST HERTFORDSHIRE HOSPITALS NHS TRUST,300,General Medicine,2015-10-01,2026-05-01,128,128,0,0.0,0,False,False,2026-05-01
RWG__301,RWG,WEST HERTFORDSHIRE HOSPITALS NHS TRUST,301,Gastroenterology,2015-10-01,2026-05-01,128,128,0,0.0,0,False,False,2026-05-01
RWG__320,RWG,WEST HERTFORDSHIRE HOSPITALS NHS TRUST,320,Cardiology,2015-10-01,2026-05-01,128,128,0,0.0,0,False,False,2026-05-01
RWG__330,RWG,WEST HERTFORDSHIRE HOSPITALS NHS TRUST,330,Dermatology,2015-10-01,2026-05-01,128,128,0,0.0,0,False,False,2026-05-01
RWG__340,RWG,WEST HERTFORDSHIRE HOSPITALS NHS TRUST,340,Thoracic Medicine,2015-10-01,2026-05-01,128,128,0,0.0,0,False,False,2026-05-01
RWG__400,RWG,WEST HERTFORDSHIRE HOSPITALS NHS TRUST,400,Neurology,2015-10-01,2026-05-01,128,128,0,0.0,0,False,False,2026-05-01
RWG__410,RWG,WEST HERTFORDSHIRE HOSPITALS NHS TRUST,410,Rheumatology,2015-10-01,2026-05-01,128,128,0,0.0,0,False,False,2026-05-01
RWG__430,RWG,WEST HERTFORDSHIRE HOSPITALS NHS TRUST,430,Geriatric Medicine,2015-10-01,2026-05-01,128,128,0,0.0,0,False,False,2026-05-01
RWG__502,RWG,WEST HERTFORDSHIRE HOSPITALS NHS TRUST,502,Gynaecology,2015-10-01,2026-05-01,128,128,0,0.0,0,False,False,2026-05-01
RWG__X01,RWG,WEST HERTFORDSHIRE HOSPITALS NHS TRUST,X01,Other,2015-10-01,2021-03-01,66,66,0,0.0,0,False,True,2021-03-01
RWH__100,RWH,EAST AND NORTH HERTFORDSHIRE NHS TRUST,100,General Surgery,2015-10-01,2026-05-01,128,115,13,10.15625,13,False,False,2026-05-01
RWH__101,RWH,EAST AND NORTH HERTFORDSHIRE NHS TRUST,101,Urology,2015-10-01,2026-05-01,128,115,13,10.15625,13,False,False,2026-05-01
RWH__110,RWH,EAST AND NORTH HERTFORDSHIRE NHS TRUST,110,Trauma & Orthopaedics,2015-10-01,2026-05-01,128,115,13,10.15625,13,False,False,2026-05-01
RWH__120,RWH,EAST AND NORTH HERTFORDSHIRE NHS TRUST,120,ENT,2015-10-01,2026-05-01,128,115,13,10.15625,13,False,False,2026-05-01
RWH__130,RWH,EAST AND NORTH HERTFORDSHIRE NHS TRUST,130,Ophthalmology,2015-10-01,2026-05-01,128,115,13,10.15625,13,False,False,2026-05-01
RWH__140,RWH,EAST AND NORTH HERTFORDSHIRE NHS TRUST,140,Oral Surgery,2015-10-01,2026-05-01,128,115,13,10.15625,13,False,False,2026-05-01
RWH__160,RWH,EAST AND NORTH HERTFORDSHIRE NHS TRUST,160,Plastic Surgery,2015-10-01,2026-05-01,128,115,13,10.15625,13,False,False,2026-05-01
RWH__300,RWH,EAST AND NORTH HERTFORDSHIRE NHS TRUST,300,General Medicine,2015-10-01,2026-05-01,128,115,13,10.15625,13,False,False,2026-05-01
RWH__301,RWH,EAST AND NORTH HERTFORDSHIRE NHS TRUST,301,Gastroenterology,2015-10-01,2026-05-01,128,115,13,10.15625,13,False,False,2026-05-01
RWH__320,RWH,EAST AND NORTH HERTFORDSHIRE NHS TRUST,320,Cardiology,2015-10-01,2026-05-01,128,115,13,10.15625,13,False,False,2026-05-01
RWH__330,RWH,EAST AND NORTH HERTFORDSHIRE NHS TRUST,330,Dermatology,2015-10-01,2026-05-01,128,115,13,10.15625,13,False,False,2026-05-01
RWH__340,RWH,EAST AND NORTH HERTFORDSHIRE NHS TRUST,340,Thoracic Medicine,2015-10-01,2026-05-01,128,115,13,10.15625,13,False,False,2026-05-01
RWH__400,RWH,EAST AND NORTH HERTFORDSHIRE NHS TRUST,400,Neurology,2015-10-01,2026-05-01,128,115,13,10.15625,13,False,False,2026-05-01
RWH__410,RWH,EAST AND NORTH HERTFORDSHIRE NHS TRUST,410,Rheumatology,2015-10-01,2026-05-01,128,115,13,10.15625,13,False,False,2026-05-01
RWH__430,RWH,EAST AND NORTH HERTFORDSHIRE NHS TRUST,430,Geriatric Medicine,2015-10-01,2026-05-01,128,115,13,10.15625,13,False,False,2026-05-01
RWH__502,RWH,EAST AND NORTH HERTFORDSHIRE NHS TRUST,502,Gynaecology,2015-10-01,2026-05-01,128,115,13,10.15625,13,False,False,2026-05-01
RWH__X01,RWH,EAST AND NORTH HERTFORDSHIRE NHS TRUST,X01,Other,2015-10-01,2021-03-01,66,53,13,19.696969696969695,13,False,True,2021-03-01
RWJ__100,RWJ,STOCKPORT NHS FOUNDATION TRUST,100,General Surgery,2015-10-01,2026-05-01,128,128,0,0.0,0,False,False,2026-05-01
RWJ__101,RWJ,STOCKPORT NHS FOUNDATION TRUST,101,Urology,2015-10-01,2026-05-01,128,128,0,0.0,0,False,False,2026-05-01
RWJ__110,RWJ,STOCKPORT NHS FOUNDATION TRUST,110,Trauma & Orthopaedics,2015-10-01,2026-05-01,128,128,0,0.0,0,False,False,2026-05-01
RWJ__120,RWJ,STOCKPORT NHS FOUNDATION TRUST,120,ENT,2015-10-01,2026-05-01,128,128,0,0.0,0,False,False,2026-05-01
RWJ__130,RWJ,STOCKPORT NHS FOUNDATION TRUST,130,Ophthalmology,2015-10-01,2026-05-01,128,128,0,0.0,0,False,False,2026-05-01
RWJ__140,RWJ,STOCKPORT NHS FOUNDATION TRUST,140,Oral Surgery,2015-10-01,2026-05-01,128,127,1,0.78125,1,False,False,2026-05-01
RWJ__150,RWJ,STOCKPORT NHS FOUNDATION TRUST,150,Neurosurgery,2015-10-01,2021-02-01,65,11,54,83.07692307692308,47,False,True,2021-02-01
RWJ__170,RWJ,STOCKPORT NHS FOUNDATION TRUST,170,Cardiothoracic Surgery,2015-10-01,2026-05-01,128,128,0,0.0,0,False,False,2026-05-01
RWJ__300,RWJ,STOCKPORT NHS FOUNDATION TRUST,300,General Medicine,2015-10-01,2026-05-01,128,126,2,1.5625,1,False,False,2026-05-01
RWJ__410,RWJ,STOCKPORT NHS FOUNDATION TRUST,410,Rheumatology,2015-10-01,2026-05-01,128,128,0,0.0,0,False,False,2026-05-01
RWJ__430,RWJ,STOCKPORT NHS FOUNDATION TRUST,430,Geriatric Medicine,2015-10-01,2026-05-01,128,128,0,0.0,0,False,False,2026-05-01
RWJ__502,RWJ,STOCKPORT NHS FOUNDATION TRUST,502,Gynaecology,2015-10-01,2026-05-01,128,128,0,0.0,0,False,False,2026-05-01
RWJ__X01,RWJ,STOCKPORT NHS FOUNDATION TRUST,X01,Other,2015-10-01,2021-03-01,66,66,0,0.0,0,False,True,2021-03-01
RWK__X01,RWK,EAST LONDON NHS FOUNDATION TRUST,X01,Other,2015-10-01,2016-03-01,6,6,0,0.0,0,True,True,2016-03-01
RWN__X01,RWN,SOUTH ESSEX PARTNERSHIP UNIVERSITY NHS FOUNDATION TRUST,X01,Other,2015-10-01,2017-03-01,18,18,0,0.0,0,True,True,2017-03-01
RWP__100,RWP,WORCESTERSHIRE ACUTE HOSPITALS NHS TRUST,100,General Surgery,2015-10-01,2026-05-01,128,128,0,0.0,0,False,False,2026-05-01
RWP__101,RWP,WORCESTERSHIRE ACUTE HOSPITALS NHS TRUST,101,Urology,2015-10-01,2026-05-01,128,128,0,0.0,0,False,False,2026-05-01
RWP__110,RWP,WORCESTERSHIRE ACUTE HOSPITALS NHS TRUST,110,Trauma & Orthopaedics,2015-10-01,2026-05-01,128,128,0,0.0,0,False,False,2026-05-01
RWP__120,RWP,WORCESTERSHIRE ACUTE HOSPITALS NHS TRUST,120,ENT,2015-10-01,2026-05-01,128,128,0,0.0,0,False,False,2026-05-01
RWP__130,RWP,WORCESTERSHIRE ACUTE HOSPITALS NHS TRUST,130,Ophthalmology,2015-10-01,2026-05-01,128,128,0,0.0,0,False,False,2026-05-01
RWP__140,RWP,WORCESTERSHIRE ACUTE HOSPITALS NHS TRUST,140,Oral Surgery,2015-10-01,2026-05-01,128,128,0,0.0,0,False,False,2026-05-01
RWP__160,RWP,WORCESTERSHIRE ACUTE HOSPITALS NHS TRUST,160,Plastic Surgery,2015-10-01,2026-05-01,128,128,0,0.0,0,False,False,2026-05-01
RWP__300,RWP,WORCESTERSHIRE ACUTE HOSPITALS NHS TRUST,300,General Medicine,2015-10-01,2026-05-01,128,128,0,0.0,0,False,False,2026-05-01
RWP__301,RWP,WORCESTERSHIRE ACUTE HOSPITALS NHS TRUST,301,Gastroenterology,2015-10-01,2026-05-01,128,128,0,0.0,0,False,False,2026-05-01
RWP__320,RWP,WORCESTERSHIRE ACUTE HOSPITALS NHS TRUST,320,Cardiology,2015-10-01,2026-05-01,128,128,0,0.0,0,False,False,2026-05-01
RWP__330,RWP,WORCESTERSHIRE ACUTE HOSPITALS NHS TRUST,330,Dermatology,2015-10-01,2026-05-01,128,128,0,0.0,0,False,False,2026-05-01
RWP__340,RWP,WORCESTERSHIRE ACUTE HOSPITALS NHS TRUST,340,Thoracic Medicine,2015-10-01,2026-05-01,128,128,0,0.0,0,False,False,2026-05-01
RWP__400,RWP,WORCESTERSHIRE ACUTE HOSPITALS NHS TRUST,400,Neurology,2015-10-01,2026-05-01,128,128,0,0.0,0,False,False,2026-05-01
RWP__410,RWP,WORCESTERSHIRE ACUTE HOSPITALS NHS TRUST,410,Rheumatology,2015-10-01,2026-05-01,128,128,0,0.0,0,False,False,2026-05-01
RWP__430,RWP,WORCESTERSHIRE ACUTE HOSPITALS NHS TRUST,430,Geriatric Medicine,2015-10-01,2026-05-01,128,125,3,2.34375,2,False,False,2026-05-01
RWP__502,RWP,WORCESTERSHIRE ACUTE HOSPITALS NHS TRUST,502,Gynaecology,2015-10-01,2026-05-01,128,128,0,0.0,0,False,False,2026-05-01
RWP__X01,RWP,WORCESTERSHIRE ACUTE HOSPITALS NHS TRUST,X01,Other,2015-10-01,2021-03-01,66,66,0,0.0,0,False,True,2021-03-01
RWW__100,RWW,WARRINGTON AND HALTON HOSPITALS NHS FOUNDATION TRUST,100,General Surgery,2015-10-01,2026-05-01,128,128,0,0.0,0,False,False,2026-05-01
RWW__101,RWW,WARRINGTON AND HALTON HOSPITALS NHS FOUNDATION TRUST,101,Urology,2015-10-01,2026-05-01,128,128,0,0.0,0,False,False,2026-05-01
RWW__110,RWW,WARRINGTON AND HALTON HOSPITALS NHS FOUNDATION TRUST,110,Trauma & Orthopaedics,2015-10-01,2026-05-01,128,128,0,0.0,0,False,False,2026-05-01
RWW__120,RWW,WARRINGTON AND HALTON HOSPITALS NHS FOUNDATION TRUST,120,ENT,2015-10-01,2026-05-01,128,128,0,0.0,0,False,False,2026-05-01
RWW__130,RWW,WARRINGTON AND HALTON HOSPITALS NHS FOUNDATION TRUST,130,Ophthalmology,2015-10-01,2026-05-01,128,128,0,0.0,0,False,False,2026-05-01
RWW__170,RWW,WARRINGTON AND HALTON HOSPITALS NHS FOUNDATION TRUST,170,Cardiothoracic Surgery,2015-10-01,2018-08-01,35,25,10,28.571428571428573,8,True,True,2018-08-01
RWW__300,RWW,WARRINGTON AND HALTON HOSPITALS NHS FOUNDATION TRUST,300,General Medicine,2015-10-01,2026-05-01,128,128,0,0.0,0,False,False,2026-05-01
RWW__301,RWW,WARRINGTON AND HALTON HOSPITALS NHS FOUNDATION TRUST,301,Gastroenterology,2015-10-01,2026-05-01,128,128,0,0.0,0,False,False,2026-05-01
RWW__320,RWW,WARRINGTON AND HALTON HOSPITALS NHS FOUNDATION TRUST,320,Cardiology,2015-10-01,2026-05-01,128,128,0,0.0,0,False,False,2026-05-01
RWW__340,RWW,WARRINGTON AND HALTON HOSPITALS NHS FOUNDATION TRUST,340,Thoracic Medicine,2015-10-01,2026-05-01,128,128,0,0.0,0,False,False,2026-05-01
RWW__410,RWW,WARRINGTON AND HALTON HOSPITALS NHS FOUNDATION TRUST,410,Rheumatology,2015-10-01,2026-05-01,128,128,0,0.0,0,False,False,2026-05-01
RWW__430,RWW,WARRINGTON AND HALTON HOSPITALS NHS FOUNDATION TRUST,430,Geriatric Medicine,2015-10-01,2026-05-01,128,128,0,0.0,0,False,False,2026-05-01
RWW__502,RWW,WARRINGTON AND HALTON HOSPITALS NHS FOUNDATION TRUST,502,Gynaecology,2015-10-01,2026-05-01,128,128,0,0.0,0,False,False,2026-05-01
RWW__X01,RWW,WARRINGTON AND HALTON HOSPITALS NHS FOUNDATION TRUST,X01,Other,2015-10-01,2021-03-01,66,66,0,0.0,0,False,True,2021-03-01
RWX__X01,RWX,BERKSHIRE HEALTHCARE NHS FOUNDATION TRUST,X01,Other,2015-10-01,2021-03-01,66,66,0,0.0,0,False,True,2021-03-01
RWY__100,RWY,CALDERDALE AND HUDDERSFIELD NHS FOUNDATION TRUST,100,General Surgery,2015-10-01,2026-05-01,128,128,0,0.0,0,False,False,2026-05-01
RWY__101,RWY,CALDERDALE AND HUDDERSFIELD NHS FOUNDATION TRUST,101,Urology,2015-10-01,2026-05-01,128,128,0,0.0,0,False,False,2026-05-01
RWY__110,RWY,CALDERDALE AND HUDDERSFIELD NHS FOUNDATION TRUST,110,Trauma & Orthopaedics,2015-10-01,2026-05-01,128,128,0,0.0,0,False,False,2026-05-01
RWY__120,RWY,CALDERDALE AND HUDDERSFIELD NHS FOUNDATION TRUST,120,ENT,2015-10-01,2026-05-01,128,128,0,0.0,0,False,False,2026-05-01
RWY__130,RWY,CALDERDALE AND HUDDERSFIELD NHS FOUNDATION TRUST,130,Ophthalmology,2015-10-01,2026-05-01,128,128,0,0.0,0,False,False,2026-05-01
RWY__140,RWY,CALDERDALE AND HUDDERSFIELD NHS FOUNDATION TRUST,140,Oral Surgery,2015-10-01,2026-05-01,128,128,0,0.0,0,False,False,2026-05-01
RWY__160,RWY,CALDERDALE AND HUDDERSFIELD NHS FOUNDATION TRUST,160,Plastic Surgery,2015-10-01,2026-05-01,128,128,0,0.0,0,False,False,2026-05-01
RWY__300,RWY,CALDERDALE AND HUDDERSFIELD NHS FOUNDATION TRUST,300,General Medicine,2015-10-01,2026-05-01,128,128,0,0.0,0,False,False,2026-05-01
RWY__301,RWY,CALDERDALE AND HUDDERSFIELD NHS FOUNDATION TRUST,301,Gastroenterology,2015-10-01,2026-05-01,128,128,0,0.0,0,False,False,2026-05-01
RWY__320,RWY,CALDERDALE AND HUDDERSFIELD NHS FOUNDATION TRUST,320,Cardiology,2015-10-01,2026-05-01,128,128,0,0.0,0,False,False,2026-05-01
RWY__330,RWY,CALDERDALE AND HUDDERSFIELD NHS FOUNDATION TRUST,330,Dermatology,2015-10-01,2026-05-01,128,128,0,0.0,0,False,False,2026-05-01
RWY__340,RWY,CALDERDALE AND HUDDERSFIELD NHS FOUNDATION TRUST,340,Thoracic Medicine,2015-10-01,2026-05-01,128,128,0,0.0,0,False,False,2026-05-01
RWY__400,RWY,CALDERDALE AND HUDDERSFIELD NHS FOUNDATION TRUST,400,Neurology,2015-10-01,2026-05-01,128,128,0,0.0,0,False,False,2026-05-01
RWY__410,RWY,CALDERDALE AND HUDDERSFIELD NHS FOUNDATION TRUST,410,Rheumatology,2015-10-01,2026-05-01,128,128,0,0.0,0,False,False,2026-05-01
RWY__430,RWY,CALDERDALE AND HUDDERSFIELD NHS FOUNDATION TRUST,430,Geriatric Medicine,2015-10-01,2026-05-01,128,128,0,0.0,0,False,False,2026-05-01
RWY__502,RWY,CALDERDALE AND HUDDERSFIELD NHS FOUNDATION TRUST,502,Gynaecology,2015-10-01,2026-05-01,128,128,0,0.0,0,False,False,2026-05-01
RWY__X01,RWY,CALDERDALE AND HUDDERSFIELD NHS FOUNDATION TRUST,X01,Other,2015-10-01,2021-03-01,66,66,0,0.0,0,False,True,2021-03-01
RX1__100,RX1,NOTTINGHAM UNIVERSITY HOSPITALS NHS TRUST,100,General Surgery,2015-10-01,2026-05-01,128,128,0,0.0,0,False,False,2026-05-01
RX1__101,RX1,NOTTINGHAM UNIVERSITY HOSPITALS NHS TRUST,101,Urology,2015-10-01,2026-05-01,128,128,0,0.0,0,False,False,2026-05-01
RX1__110,RX1,NOTTINGHAM UNIVERSITY HOSPITALS NHS TRUST,110,Trauma & Orthopaedics,2015-10-01,2026-05-01,128,128,0,0.0,0,False,False,2026-05-01
RX1__120,RX1,NOTTINGHAM UNIVERSITY HOSPITALS NHS TRUST,120,ENT,2015-10-01,2026-05-01,128,128,0,0.0,0,False,False,2026-05-01
RX1__130,RX1,NOTTINGHAM UNIVERSITY HOSPITALS NHS TRUST,130,Ophthalmology,2015-10-01,2026-05-01,128,128,0,0.0,0,False,False,2026-05-01
RX1__140,RX1,NOTTINGHAM UNIVERSITY HOSPITALS NHS TRUST,140,Oral Surgery,2015-10-01,2026-05-01,128,128,0,0.0,0,False,False,2026-05-01
RX1__150,RX1,NOTTINGHAM UNIVERSITY HOSPITALS NHS TRUST,150,Neurosurgery,2015-10-01,2026-05-01,128,128,0,0.0,0,False,False,2026-05-01
RX1__160,RX1,NOTTINGHAM UNIVERSITY HOSPITALS NHS TRUST,160,Plastic Surgery,2015-10-01,2026-05-01,128,128,0,0.0,0,False,False,2026-05-01
RX1__170,RX1,NOTTINGHAM UNIVERSITY HOSPITALS NHS TRUST,170,Cardiothoracic Surgery,2015-10-01,2026-05-01,128,128,0,0.0,0,False,False,2026-05-01
RX1__300,RX1,NOTTINGHAM UNIVERSITY HOSPITALS NHS TRUST,300,General Medicine,2015-10-01,2026-05-01,128,128,0,0.0,0,False,False,2026-05-01
RX1__301,RX1,NOTTINGHAM UNIVERSITY HOSPITALS NHS TRUST,301,Gastroenterology,2015-10-01,2026-05-01,128,128,0,0.0,0,False,False,2026-05-01
RX1__320,RX1,NOTTINGHAM UNIVERSITY HOSPITALS NHS TRUST,320,Cardiology,2015-10-01,2026-05-01,128,128,0,0.0,0,False,False,2026-05-01
RX1__340,RX1,NOTTINGHAM UNIVERSITY HOSPITALS NHS TRUST,340,Thoracic Medicine,2015-10-01,2026-05-01,128,128,0,0.0,0,False,False,2026-05-01
RX1__400,RX1,NOTTINGHAM UNIVERSITY HOSPITALS NHS TRUST,400,Neurology,2015-10-01,2026-05-01,128,128,0,0.0,0,False,False,2026-05-01
RX1__430,RX1,NOTTINGHAM UNIVERSITY HOSPITALS NHS TRUST,430,Geriatric Medicine,2015-10-01,2026-05-01,128,128,0,0.0,0,False,False,2026-05-01
RX1__502,RX1,NOTTINGHAM UNIVERSITY HOSPITALS NHS TRUST,502,Gynaecology,2015-10-01,2026-05-01,128,128,0,0.0,0,False,False,2026-05-01
RX1__X01,RX1,NOTTINGHAM UNIVERSITY HOSPITALS NHS TRUST,X01,Other,2015-10-01,2021-03-01,66,66,0,0.0,0,False,True,2021-03-01
RX4__X01,RX4,"NORTHUMBERLAND, TYNE AND WEAR NHS FOUNDATION TRUST",X01,Other,2015-10-01,2021-03-01,66,66,0,0.0,0,False,True,2021-03-01
RXC__100,RXC,EAST SUSSEX HEALTHCARE NHS TRUST,100,General Surgery,2015-10-01,2026-05-01,128,128,0,0.0,0,False,False,2026-05-01
RXC__101,RXC,EAST SUSSEX HEALTHCARE NHS TRUST,101,Urology,2015-10-01,2026-05-01,128,128,0,0.0,0,False,False,2026-05-01
RXC__110,RXC,EAST SUSSEX HEALTHCARE NHS TRUST,110,Trauma & Orthopaedics,2015-10-01,2026-05-01,128,128,0,0.0,0,False,False,2026-05-01
RXC__120,RXC,EAST SUSSEX HEALTHCARE NHS TRUST,120,ENT,2015-10-01,2026-05-01,128,128,0,0.0,0,False,False,2026-05-01
RXC__130,RXC,EAST SUSSEX HEALTHCARE NHS TRUST,130,Ophthalmology,2015-10-01,2026-05-01,128,128,0,0.0,0,False,False,2026-05-01
RXC__140,RXC,EAST SUSSEX HEALTHCARE NHS TRUST,140,Oral Surgery,2015-10-01,2026-05-01,128,128,0,0.0,0,False,False,2026-05-01
RXC__300,RXC,EAST SUSSEX HEALTHCARE NHS TRUST,300,General Medicine,2015-10-01,2026-05-01,128,117,11,8.59375,3,False,False,2026-05-01
RXC__301,RXC,EAST SUSSEX HEALTHCARE NHS TRUST,301,Gastroenterology,2015-10-01,2026-05-01,128,128,0,0.0,0,False,False,2026-05-01
RXC__320,RXC,EAST SUSSEX HEALTHCARE NHS TRUST,320,Cardiology,2015-10-01,2026-05-01,128,128,0,0.0,0,False,False,2026-05-01
RXC__330,RXC,EAST SUSSEX HEALTHCARE NHS TRUST,330,Dermatology,2015-10-01,2026-05-01,128,128,0,0.0,0,False,False,2026-05-01
RXC__340,RXC,EAST SUSSEX HEALTHCARE NHS TRUST,340,Thoracic Medicine,2015-10-01,2026-05-01,128,128,0,0.0,0,False,False,2026-05-01
RXC__400,RXC,EAST SUSSEX HEALTHCARE NHS TRUST,400,Neurology,2015-10-01,2026-05-01,128,128,0,0.0,0,False,False,2026-05-01
RXC__410,RXC,EAST SUSSEX HEALTHCARE NHS TRUST,410,Rheumatology,2015-10-01,2026-05-01,128,128,0,0.0,0,False,False,2026-05-01
RXC__430,RXC,EAST SUSSEX HEALTHCARE NHS TRUST,430,Geriatric Medicine,2015-10-01,2026-05-01,128,128,0,0.0,0,False,False,2026-05-01
RXC__502,RXC,EAST SUSSEX HEALTHCARE NHS TRUST,502,Gynaecology,2015-10-01,2026-05-01,128,122,6,4.6875,6,False,False,2026-05-01
RXC__X01,RXC,EAST SUSSEX HEALTHCARE NHS TRUST,X01,Other,2015-10-01,2021-03-01,66,66,0,0.0,0,False,True,2021-03-01
RXF__100,RXF,MID YORKSHIRE HOSPITALS NHS TRUST,100,General Surgery,2015-10-01,2026-05-01,128,128,0,0.0,0,False,False,2026-05-01
RXF__101,RXF,MID YORKSHIRE HOSPITALS NHS TRUST,101,Urology,2015-10-01,2026-05-01,128,128,0,0.0,0,False,False,2026-05-01
RXF__110,RXF,MID YORKSHIRE HOSPITALS NHS TRUST,110,Trauma & Orthopaedics,2015-10-01,2026-05-01,128,128,0,0.0,0,False,False,2026-05-01
RXF__120,RXF,MID YORKSHIRE HOSPITALS NHS TRUST,120,ENT,2015-10-01,2026-05-01,128,128,0,0.0,0,False,False,2026-05-01
RXF__130,RXF,MID YORKSHIRE HOSPITALS NHS TRUST,130,Ophthalmology,2015-10-01,2026-05-01,128,128,0,0.0,0,False,False,2026-05-01
RXF__140,RXF,MID YORKSHIRE HOSPITALS NHS TRUST,140,Oral Surgery,2015-10-01,2026-05-01,128,128,0,0.0,0,False,False,2026-05-01
RXF__160,RXF,MID YORKSHIRE HOSPITALS NHS TRUST,160,Plastic Surgery,2015-10-01,2026-05-01,128,128,0,0.0,0,False,False,2026-05-01
RXF__300,RXF,MID YORKSHIRE HOSPITALS NHS TRUST,300,General Medicine,2015-10-01,2026-05-01,128,127,1,0.78125,1,False,False,2026-05-01
RXF__301,RXF,MID YORKSHIRE HOSPITALS NHS TRUST,301,Gastroenterology,2015-10-01,2026-05-01,128,128,0,0.0,0,False,False,2026-05-01
RXF__320,RXF,MID YORKSHIRE HOSPITALS NHS TRUST,320,Cardiology,2015-10-01,2026-05-01,128,128,0,0.0,0,False,False,2026-05-01
RXF__330,RXF,MID YORKSHIRE HOSPITALS NHS TRUST,330,Dermatology,2015-10-01,2026-05-01,128,128,0,0.0,0,False,False,2026-05-01
RXF__340,RXF,MID YORKSHIRE HOSPITALS NHS TRUST,340,Thoracic Medicine,2015-10-01,2026-05-01,128,128,0,0.0,0,False,False,2026-05-01
RXF__400,RXF,MID YORKSHIRE HOSPITALS NHS TRUST,400,Neurology,2015-10-01,2026-05-01,128,128,0,0.0,0,False,False,2026-05-01
RXF__410,RXF,MID YORKSHIRE HOSPITALS NHS TRUST,410,Rheumatology,2015-10-01,2026-05-01,128,128,0,0.0,0,False,False,2026-05-01
RXF__430,RXF,MID YORKSHIRE HOSPITALS NHS TRUST,430,Geriatric Medicine,2015-10-01,2026-05-01,128,128,0,0.0,0,False,False,2026-05-01
RXF__502,RXF,MID YORKSHIRE HOSPITALS NHS TRUST,502,Gynaecology,2015-10-01,2026-05-01,128,128,0,0.0,0,False,False,2026-05-01
RXF__X01,RXF,MID YORKSHIRE HOSPITALS NHS TRUST,X01,Other,2015-10-01,2021-03-01,66,66,0,0.0,0,False,True,2021-03-01
RXG__X01,RXG,SOUTH WEST YORKSHIRE PARTNERSHIP NHS FOUNDATION TRUST,X01,Other,2015-10-01,2021-03-01,66,66,0,0.0,0,False,True,2021-03-01
RXH__100,RXH,BRIGHTON AND SUSSEX UNIVERSITY HOSPITALS NHS TRUST,100,General Surgery,2015-10-01,2021-03-01,66,66,0,0.0,0,False,True,2021-03-01
RXH__101,RXH,BRIGHTON AND SUSSEX UNIVERSITY HOSPITALS NHS TRUST,101,Urology,2015-10-01,2021-03-01,66,66,0,0.0,0,False,True,2021-03-01
RXH__110,RXH,BRIGHTON AND SUSSEX UNIVERSITY HOSPITALS NHS TRUST,110,Trauma & Orthopaedics,2015-10-01,2021-03-01,66,66,0,0.0,0,False,True,2021-03-01
RXH__120,RXH,BRIGHTON AND SUSSEX UNIVERSITY HOSPITALS NHS TRUST,120,ENT,2015-10-01,2021-03-01,66,66,0,0.0,0,False,True,2021-03-01
RXH__130,RXH,BRIGHTON AND SUSSEX UNIVERSITY HOSPITALS NHS TRUST,130,Ophthalmology,2015-10-01,2021-03-01,66,66,0,0.0,0,False,True,2021-03-01
RXH__140,RXH,BRIGHTON AND SUSSEX UNIVERSITY HOSPITALS NHS TRUST,140,Oral Surgery,2015-10-01,2021-03-01,66,66,0,0.0,0,False,True,2021-03-01
RXH__150,RXH,BRIGHTON AND SUSSEX UNIVERSITY HOSPITALS NHS TRUST,150,Neurosurgery,2015-10-01,2021-03-01,66,66,0,0.0,0,False,True,2021-03-01
RXH__170,RXH,BRIGHTON AND SUSSEX UNIVERSITY HOSPITALS NHS TRUST,170,Cardiothoracic Surgery,2015-10-01,2021-03-01,66,66,0,0.0,0,False,True,2021-03-01
RXH__300,RXH,BRIGHTON AND SUSSEX UNIVERSITY HOSPITALS NHS TRUST,300,General Medicine,2015-10-01,2021-03-01,66,41,25,37.878787878787875,25,False,True,2021-03-01
RXH__301,RXH,BRIGHTON AND SUSSEX UNIVERSITY HOSPITALS NHS TRUST,301,Gastroenterology,2015-10-01,2021-03-01,66,66,0,0.0,0,False,True,2021-03-01
RXH__320,RXH,BRIGHTON AND SUSSEX UNIVERSITY HOSPITALS NHS TRUST,320,Cardiology,2015-10-01,2021-03-01,66,66,0,0.0,0,False,True,2021-03-01
RXH__330,RXH,BRIGHTON AND SUSSEX UNIVERSITY HOSPITALS NHS TRUST,330,Dermatology,2015-10-01,2021-03-01,66,66,0,0.0,0,False,True,2021-03-01
RXH__340,RXH,BRIGHTON AND SUSSEX UNIVERSITY HOSPITALS NHS TRUST,340,Thoracic Medicine,2015-10-01,2021-03-01,66,66,0,0.0,0,False,True,2021-03-01
RXH__400,RXH,BRIGHTON AND SUSSEX UNIVERSITY HOSPITALS NHS TRUST,400,Neurology,2015-10-01,2021-03-01,66,66,0,0.0,0,False,True,2021-03-01
RXH__410,RXH,BRIGHTON AND SUSSEX UNIVERSITY HOSPITALS NHS TRUST,410,Rheumatology,2015-10-01,2021-03-01,66,66,0,0.0,0,False,True,2021-03-01
RXH__430,RXH,BRIGHTON AND SUSSEX UNIVERSITY HOSPITALS NHS TRUST,430,Geriatric Medicine,2015-10-01,2021-03-01,66,66,0,0.0,0,False,True,2021-03-01
RXH__502,RXH,BRIGHTON AND SUSSEX UNIVERSITY HOSPITALS NHS TRUST,502,Gynaecology,2015-10-01,2021-03-01,66,66,0,0.0,0,False,True,2021-03-01
RXH__X01,RXH,BRIGHTON AND SUSSEX UNIVERSITY HOSPITALS NHS TRUST,X01,Other,2015-10-01,2021-03-01,66,66,0,0.0,0,False,True,2021-03-01
RXK__100,RXK,SANDWELL AND WEST BIRMINGHAM HOSPITALS NHS TRUST,100,General Surgery,2015-10-01,2026-05-01,128,128,0,0.0,0,False,False,2026-05-01
RXK__101,RXK,SANDWELL AND WEST BIRMINGHAM HOSPITALS NHS TRUST,101,Urology,2015-10-01,2026-05-01,128,128,0,0.0,0,False,False,2026-05-01
RXK__110,RXK,SANDWELL AND WEST BIRMINGHAM HOSPITALS NHS TRUST,110,Trauma & Orthopaedics,2015-10-01,2026-05-01,128,128,0,0.0,0,False,False,2026-05-01
RXK__120,RXK,SANDWELL AND WEST BIRMINGHAM HOSPITALS NHS TRUST,120,ENT,2015-10-01,2026-05-01,128,128,0,0.0,0,False,False,2026-05-01
RXK__130,RXK,SANDWELL AND WEST BIRMINGHAM HOSPITALS NHS TRUST,130,Ophthalmology,2015-10-01,2026-05-01,128,128,0,0.0,0,False,False,2026-05-01
RXK__140,RXK,SANDWELL AND WEST BIRMINGHAM HOSPITALS NHS TRUST,140,Oral Surgery,2015-10-01,2026-05-01,128,128,0,0.0,0,False,False,2026-05-01
RXK__160,RXK,SANDWELL AND WEST BIRMINGHAM HOSPITALS NHS TRUST,160,Plastic Surgery,2015-10-01,2026-05-01,128,126,2,1.5625,1,False,False,2026-05-01
RXK__170,RXK,SANDWELL AND WEST BIRMINGHAM HOSPITALS NHS TRUST,170,Cardiothoracic Surgery,2015-10-01,2026-05-01,128,128,0,0.0,0,False,False,2026-05-01
RXK__300,RXK,SANDWELL AND WEST BIRMINGHAM HOSPITALS NHS TRUST,300,General Medicine,2015-10-01,2015-10-01,1,1,0,0.0,0,True,True,2015-10-01
RXK__301,RXK,SANDWELL AND WEST BIRMINGHAM HOSPITALS NHS TRUST,301,Gastroenterology,2015-10-01,2026-05-01,128,128,0,0.0,0,False,False,2026-05-01
RXK__320,RXK,SANDWELL AND WEST BIRMINGHAM HOSPITALS NHS TRUST,320,Cardiology,2015-10-01,2026-05-01,128,128,0,0.0,0,False,False,2026-05-01
RXK__330,RXK,SANDWELL AND WEST BIRMINGHAM HOSPITALS NHS TRUST,330,Dermatology,2015-10-01,2026-05-01,128,128,0,0.0,0,False,False,2026-05-01
RXK__340,RXK,SANDWELL AND WEST BIRMINGHAM HOSPITALS NHS TRUST,340,Thoracic Medicine,2015-10-01,2026-05-01,128,128,0,0.0,0,False,False,2026-05-01
RXK__400,RXK,SANDWELL AND WEST BIRMINGHAM HOSPITALS NHS TRUST,400,Neurology,2015-10-01,2026-05-01,128,128,0,0.0,0,False,False,2026-05-01
RXK__410,RXK,SANDWELL AND WEST BIRMINGHAM HOSPITALS NHS TRUST,410,Rheumatology,2015-10-01,2026-05-01,128,128,0,0.0,0,False,False,2026-05-01
RXK__430,RXK,SANDWELL AND WEST BIRMINGHAM HOSPITALS NHS TRUST,430,Geriatric Medicine,2015-10-01,2026-05-01,128,128,0,0.0,0,False,False,2026-05-01
RXK__502,RXK,SANDWELL AND WEST BIRMINGHAM HOSPITALS NHS TRUST,502,Gynaecology,2015-10-01,2026-05-01,128,128,0,0.0,0,False,False,2026-05-01
RXK__X01,RXK,SANDWELL AND WEST BIRMINGHAM HOSPITALS NHS TRUST,X01,Other,2015-10-01,2021-03-01,66,66,0,0.0,0,False,True,2021-03-01
RXL__100,RXL,BLACKPOOL TEACHING HOSPITALS NHS FOUNDATION TRUST,100,General Surgery,2015-10-01,2026-05-01,128,128,0,0.0,0,False,False,2026-05-01
RXL__101,RXL,BLACKPOOL TEACHING HOSPITALS NHS FOUNDATION TRUST,101,Urology,2015-10-01,2026-05-01,128,128,0,0.0,0,False,False,2026-05-01
RXL__110,RXL,BLACKPOOL TEACHING HOSPITALS NHS FOUNDATION TRUST,110,Trauma & Orthopaedics,2015-10-01,2026-05-01,128,128,0,0.0,0,False,False,2026-05-01
RXL__120,RXL,BLACKPOOL TEACHING HOSPITALS NHS FOUNDATION TRUST,120,ENT,2015-10-01,2026-05-01,128,128,0,0.0,0,False,False,2026-05-01
RXL__130,RXL,BLACKPOOL TEACHING HOSPITALS NHS FOUNDATION TRUST,130,Ophthalmology,2015-10-01,2026-05-01,128,128,0,0.0,0,False,False,2026-05-01
RXL__140,RXL,BLACKPOOL TEACHING HOSPITALS NHS FOUNDATION TRUST,140,Oral Surgery,2015-10-01,2026-05-01,128,128,0,0.0,0,False,False,2026-05-01
RXL__160,RXL,BLACKPOOL TEACHING HOSPITALS NHS FOUNDATION TRUST,160,Plastic Surgery,2015-10-01,2026-05-01,128,128,0,0.0,0,False,False,2026-05-01
RXL__170,RXL,BLACKPOOL TEACHING HOSPITALS NHS FOUNDATION TRUST,170,Cardiothoracic Surgery,2015-10-01,2026-05-01,128,128,0,0.0,0,False,False,2026-05-01
RXL__300,RXL,BLACKPOOL TEACHING HOSPITALS NHS FOUNDATION TRUST,300,General Medicine,2015-10-01,2026-05-01,128,105,23,17.96875,10,False,False,2026-05-01
RXL__301,RXL,BLACKPOOL TEACHING HOSPITALS NHS FOUNDATION TRUST,301,Gastroenterology,2015-10-01,2026-05-01,128,128,0,0.0,0,False,False,2026-05-01
RXL__320,RXL,BLACKPOOL TEACHING HOSPITALS NHS FOUNDATION TRUST,320,Cardiology,2015-10-01,2026-05-01,128,128,0,0.0,0,False,False,2026-05-01
RXL__330,RXL,BLACKPOOL TEACHING HOSPITALS NHS FOUNDATION TRUST,330,Dermatology,2015-10-01,2026-05-01,128,128,0,0.0,0,False,False,2026-05-01
RXL__340,RXL,BLACKPOOL TEACHING HOSPITALS NHS FOUNDATION TRUST,340,Thoracic Medicine,2015-10-01,2026-05-01,128,128,0,0.0,0,False,False,2026-05-01
RXL__410,RXL,BLACKPOOL TEACHING HOSPITALS NHS FOUNDATION TRUST,410,Rheumatology,2015-10-01,2026-05-01,128,128,0,0.0,0,False,False,2026-05-01
RXL__430,RXL,BLACKPOOL TEACHING HOSPITALS NHS FOUNDATION TRUST,430,Geriatric Medicine,2015-10-01,2026-05-01,128,128,0,0.0,0,False,False,2026-05-01
RXL__502,RXL,BLACKPOOL TEACHING HOSPITALS NHS FOUNDATION TRUST,502,Gynaecology,2015-10-01,2026-05-01,128,128,0,0.0,0,False,False,2026-05-01
RXL__X01,RXL,BLACKPOOL TEACHING HOSPITALS NHS FOUNDATION TRUST,X01,Other,2015-10-01,2021-03-01,66,66,0,0.0,0,False,True,2021-03-01
RXM__X01,RXM,DERBYSHIRE HEALTHCARE NHS FOUNDATION TRUST,X01,Other,2015-10-01,2021-03-01,66,66,0,0.0,0,False,True,2021-03-01
RXN__100,RXN,LANCASHIRE TEACHING HOSPITALS NHS FOUNDATION TRUST,100,General Surgery,2015-10-01,2026-05-01,128,128,0,0.0,0,False,False,2026-05-01
RXN__101,RXN,LANCASHIRE TEACHING HOSPITALS NHS FOUNDATION TRUST,101,Urology,2015-10-01,2026-05-01,128,128,0,0.0,0,False,False,2026-05-01
RXN__110,RXN,LANCASHIRE TEACHING HOSPITALS NHS FOUNDATION TRUST,110,Trauma & Orthopaedics,2015-10-01,2026-05-01,128,128,0,0.0,0,False,False,2026-05-01
RXN__120,RXN,LANCASHIRE TEACHING HOSPITALS NHS FOUNDATION TRUST,120,ENT,2015-10-01,2026-05-01,128,128,0,0.0,0,False,False,2026-05-01
RXN__130,RXN,LANCASHIRE TEACHING HOSPITALS NHS FOUNDATION TRUST,130,Ophthalmology,2015-10-01,2026-05-01,128,128,0,0.0,0,False,False,2026-05-01
RXN__140,RXN,LANCASHIRE TEACHING HOSPITALS NHS FOUNDATION TRUST,140,Oral Surgery,2015-10-01,2026-05-01,128,128,0,0.0,0,False,False,2026-05-01
RXN__150,RXN,LANCASHIRE TEACHING HOSPITALS NHS FOUNDATION TRUST,150,Neurosurgery,2015-10-01,2026-05-01,128,128,0,0.0,0,False,False,2026-05-01
RXN__160,RXN,LANCASHIRE TEACHING HOSPITALS NHS FOUNDATION TRUST,160,Plastic Surgery,2015-10-01,2026-05-01,128,128,0,0.0,0,False,False,2026-05-01
RXN__300,RXN,LANCASHIRE TEACHING HOSPITALS NHS FOUNDATION TRUST,300,General Medicine,2015-10-01,2026-05-01,128,128,0,0.0,0,False,False,2026-05-01
RXN__301,RXN,LANCASHIRE TEACHING HOSPITALS NHS FOUNDATION TRUST,301,Gastroenterology,2015-10-01,2026-05-01,128,128,0,0.0,0,False,False,2026-05-01
RXN__320,RXN,LANCASHIRE TEACHING HOSPITALS NHS FOUNDATION TRUST,320,Cardiology,2015-10-01,2026-05-01,128,128,0,0.0,0,False,False,2026-05-01
RXN__330,RXN,LANCASHIRE TEACHING HOSPITALS NHS FOUNDATION TRUST,330,Dermatology,2015-10-01,2026-05-01,128,128,0,0.0,0,False,False,2026-05-01
RXN__400,RXN,LANCASHIRE TEACHING HOSPITALS NHS FOUNDATION TRUST,400,Neurology,2015-10-01,2026-05-01,128,128,0,0.0,0,False,False,2026-05-01
RXN__430,RXN,LANCASHIRE TEACHING HOSPITALS NHS FOUNDATION TRUST,430,Geriatric Medicine,2015-10-01,2026-05-01,128,128,0,0.0,0,False,False,2026-05-01
RXN__502,RXN,LANCASHIRE TEACHING HOSPITALS NHS FOUNDATION TRUST,502,Gynaecology,2015-10-01,2026-05-01,128,128,0,0.0,0,False,False,2026-05-01
RXN__X01,RXN,LANCASHIRE TEACHING HOSPITALS NHS FOUNDATION TRUST,X01,Other,2015-10-01,2021-03-01,66,66,0,0.0,0,False,True,2021-03-01
RXP__100,RXP,COUNTY DURHAM AND DARLINGTON NHS FOUNDATION TRUST,100,General Surgery,2015-10-01,2026-05-01,128,128,0,0.0,0,False,False,2026-05-01
RXP__101,RXP,COUNTY DURHAM AND DARLINGTON NHS FOUNDATION TRUST,101,Urology,2015-10-01,2018-07-01,34,34,0,0.0,0,True,True,2018-07-01
RXP__110,RXP,COUNTY DURHAM AND DARLINGTON NHS FOUNDATION TRUST,110,Trauma & Orthopaedics,2015-10-01,2026-05-01,128,128,0,0.0,0,False,False,2026-05-01
RXP__120,RXP,COUNTY DURHAM AND DARLINGTON NHS FOUNDATION TRUST,120,ENT,2015-10-01,2026-05-01,128,128,0,0.0,0,False,False,2026-05-01
RXP__130,RXP,COUNTY DURHAM AND DARLINGTON NHS FOUNDATION TRUST,130,Ophthalmology,2015-10-01,2026-05-01,128,128,0,0.0,0,False,False,2026-05-01
RXP__140,RXP,COUNTY DURHAM AND DARLINGTON NHS FOUNDATION TRUST,140,Oral Surgery,2015-10-01,2026-05-01,128,127,1,0.78125,1,False,False,2026-05-01
RXP__160,RXP,COUNTY DURHAM AND DARLINGTON NHS FOUNDATION TRUST,160,Plastic Surgery,2015-10-01,2026-05-01,128,128,0,0.0,0,False,False,2026-05-01
RXP__170,RXP,COUNTY DURHAM AND DARLINGTON NHS FOUNDATION TRUST,170,Cardiothoracic Surgery,2015-10-01,2026-05-01,128,118,10,7.8125,5,False,False,2026-05-01
RXP__300,RXP,COUNTY DURHAM AND DARLINGTON NHS FOUNDATION TRUST,300,General Medicine,2015-10-01,2026-05-01,128,128,0,0.0,0,False,False,2026-05-01
RXP__301,RXP,COUNTY DURHAM AND DARLINGTON NHS FOUNDATION TRUST,301,Gastroenterology,2015-10-01,2026-05-01,128,128,0,0.0,0,False,False,2026-05-01
RXP__320,RXP,COUNTY DURHAM AND DARLINGTON NHS FOUNDATION TRUST,320,Cardiology,2015-10-01,2026-05-01,128,128,0,0.0,0,False,False,2026-05-01
RXP__330,RXP,COUNTY DURHAM AND DARLINGTON NHS FOUNDATION TRUST,330,Dermatology,2015-10-01,2026-05-01,128,128,0,0.0,0,False,False,2026-05-01
RXP__340,RXP,COUNTY DURHAM AND DARLINGTON NHS FOUNDATION TRUST,340,Thoracic Medicine,2015-10-01,2026-05-01,128,128,0,0.0,0,False,False,2026-05-01
RXP__400,RXP,COUNTY DURHAM AND DARLINGTON NHS FOUNDATION TRUST,400,Neurology,2015-10-01,2026-05-01,128,126,2,1.5625,1,False,False,2026-05-01
RXP__410,RXP,COUNTY DURHAM AND DARLINGTON NHS FOUNDATION TRUST,410,Rheumatology,2015-10-01,2026-05-01,128,128,0,0.0,0,False,False,2026-05-01
RXP__430,RXP,COUNTY DURHAM AND DARLINGTON NHS FOUNDATION TRUST,430,Geriatric Medicine,2015-10-01,2026-05-01,128,128,0,0.0,0,False,False,2026-05-01
RXP__502,RXP,COUNTY DURHAM AND DARLINGTON NHS FOUNDATION TRUST,502,Gynaecology,2015-10-01,2026-05-01,128,128,0,0.0,0,False,False,2026-05-01
RXP__X01,RXP,COUNTY DURHAM AND DARLINGTON NHS FOUNDATION TRUST,X01,Other,2015-10-01,2021-03-01,66,66,0,0.0,0,False,True,2021-03-01
RXQ__100,RXQ,BUCKINGHAMSHIRE HEALTHCARE NHS TRUST,100,General Surgery,2015-10-01,2026-05-01,128,128,0,0.0,0,False,False,2026-05-01
RXQ__101,RXQ,BUCKINGHAMSHIRE HEALTHCARE NHS TRUST,101,Urology,2015-10-01,2026-05-01,128,128,0,0.0,0,False,False,2026-05-01
RXQ__110,RXQ,BUCKINGHAMSHIRE HEALTHCARE NHS TRUST,110,Trauma & Orthopaedics,2015-10-01,2026-05-01,128,128,0,0.0,0,False,False,2026-05-01
RXQ__120,RXQ,BUCKINGHAMSHIRE HEALTHCARE NHS TRUST,120,ENT,2015-10-01,2026-05-01,128,128,0,0.0,0,False,False,2026-05-01
RXQ__130,RXQ,BUCKINGHAMSHIRE HEALTHCARE NHS TRUST,130,Ophthalmology,2015-10-01,2026-05-01,128,128,0,0.0,0,False,False,2026-05-01
RXQ__140,RXQ,BUCKINGHAMSHIRE HEALTHCARE NHS TRUST,140,Oral Surgery,2015-10-01,2026-05-01,128,128,0,0.0,0,False,False,2026-05-01
RXQ__160,RXQ,BUCKINGHAMSHIRE HEALTHCARE NHS TRUST,160,Plastic Surgery,2015-10-01,2026-05-01,128,128,0,0.0,0,False,False,2026-05-01
RXQ__300,RXQ,BUCKINGHAMSHIRE HEALTHCARE NHS TRUST,300,General Medicine,2015-10-01,2026-04-01,127,57,70,55.118110236220474,12,False,True,2026-04-01
RXQ__301,RXQ,BUCKINGHAMSHIRE HEALTHCARE NHS TRUST,301,Gastroenterology,2015-10-01,2026-05-01,128,128,0,0.0,0,False,False,2026-05-01
RXQ__320,RXQ,BUCKINGHAMSHIRE HEALTHCARE NHS TRUST,320,Cardiology,2015-10-01,2026-05-01,128,128,0,0.0,0,False,False,2026-05-01
RXQ__330,RXQ,BUCKINGHAMSHIRE HEALTHCARE NHS TRUST,330,Dermatology,2015-10-01,2026-05-01,128,128,0,0.0,0,False,False,2026-05-01
RXQ__340,RXQ,BUCKINGHAMSHIRE HEALTHCARE NHS TRUST,340,Thoracic Medicine,2015-10-01,2026-05-01,128,128,0,0.0,0,False,False,2026-05-01
RXQ__400,RXQ,BUCKINGHAMSHIRE HEALTHCARE NHS TRUST,400,Neurology,2015-10-01,2026-05-01,128,128,0,0.0,0,False,False,2026-05-01
RXQ__410,RXQ,BUCKINGHAMSHIRE HEALTHCARE NHS TRUST,410,Rheumatology,2015-10-01,2026-05-01,128,128,0,0.0,0,False,False,2026-05-01
RXQ__430,RXQ,BUCKINGHAMSHIRE HEALTHCARE NHS TRUST,430,Geriatric Medicine,2015-10-01,2026-05-01,128,128,0,0.0,0,False,False,2026-05-01
RXQ__502,RXQ,BUCKINGHAMSHIRE HEALTHCARE NHS TRUST,502,Gynaecology,2015-10-01,2026-05-01,128,128,0,0.0,0,False,False,2026-05-01
RXQ__X01,RXQ,BUCKINGHAMSHIRE HEALTHCARE NHS TRUST,X01,Other,2015-10-01,2021-03-01,66,66,0,0.0,0,False,True,2021-03-01
RXR__100,RXR,EAST LANCASHIRE HOSPITALS NHS TRUST,100,General Surgery,2015-10-01,2026-05-01,128,128,0,0.0,0,False,False,2026-05-01
RXR__101,RXR,EAST LANCASHIRE HOSPITALS NHS TRUST,101,Urology,2015-10-01,2026-05-01,128,128,0,0.0,0,False,False,2026-05-01
RXR__110,RXR,EAST LANCASHIRE HOSPITALS NHS TRUST,110,Trauma & Orthopaedics,2015-10-01,2026-05-01,128,128,0,0.0,0,False,False,2026-05-01
RXR__120,RXR,EAST LANCASHIRE HOSPITALS NHS TRUST,120,ENT,2015-10-01,2026-05-01,128,128,0,0.0,0,False,False,2026-05-01
RXR__130,RXR,EAST LANCASHIRE HOSPITALS NHS TRUST,130,Ophthalmology,2015-10-01,2026-05-01,128,128,0,0.0,0,False,False,2026-05-01
RXR__140,RXR,EAST LANCASHIRE HOSPITALS NHS TRUST,140,Oral Surgery,2015-10-01,2026-05-01,128,128,0,0.0,0,False,False,2026-05-01
RXR__170,RXR,EAST LANCASHIRE HOSPITALS NHS TRUST,170,Cardiothoracic Surgery,2015-10-01,2024-02-01,101,101,0,0.0,0,False,True,2024-02-01
RXR__300,RXR,EAST LANCASHIRE HOSPITALS NHS TRUST,300,General Medicine,2015-10-01,2026-05-01,128,125,3,2.34375,1,False,False,2026-05-01
RXR__301,RXR,EAST LANCASHIRE HOSPITALS NHS TRUST,301,Gastroenterology,2015-10-01,2026-05-01,128,128,0,0.0,0,False,False,2026-05-01
RXR__320,RXR,EAST LANCASHIRE HOSPITALS NHS TRUST,320,Cardiology,2015-10-01,2026-05-01,128,128,0,0.0,0,False,False,2026-05-01
RXR__330,RXR,EAST LANCASHIRE HOSPITALS NHS TRUST,330,Dermatology,2015-10-01,2026-05-01,128,128,0,0.0,0,False,False,2026-05-01
RXR__340,RXR,EAST LANCASHIRE HOSPITALS NHS TRUST,340,Thoracic Medicine,2015-10-01,2026-05-01,128,128,0,0.0,0,False,False,2026-05-01
RXR__410,RXR,EAST LANCASHIRE HOSPITALS NHS TRUST,410,Rheumatology,2015-10-01,2026-05-01,128,128,0,0.0,0,False,False,2026-05-01
RXR__430,RXR,EAST LANCASHIRE HOSPITALS NHS TRUST,430,Geriatric Medicine,2015-10-01,2026-05-01,128,128,0,0.0,0,False,False,2026-05-01
RXR__502,RXR,EAST LANCASHIRE HOSPITALS NHS TRUST,502,Gynaecology,2015-10-01,2026-05-01,128,128,0,0.0,0,False,False,2026-05-01
RXR__X01,RXR,EAST LANCASHIRE HOSPITALS NHS TRUST,X01,Other,2015-10-01,2021-03-01,66,66,0,0.0,0,False,True,2021-03-01
RXW__100,RXW,SHREWSBURY AND TELFORD HOSPITAL NHS TRUST,100,General Surgery,2015-10-01,2026-05-01,128,128,0,0.0,0,False,False,2026-05-01
RXW__101,RXW,SHREWSBURY AND TELFORD HOSPITAL NHS TRUST,101,Urology,2015-10-01,2026-05-01,128,128,0,0.0,0,False,False,2026-05-01
RXW__110,RXW,SHREWSBURY AND TELFORD HOSPITAL NHS TRUST,110,Trauma & Orthopaedics,2015-10-01,2026-05-01,128,128,0,0.0,0,False,False,2026-05-01
RXW__120,RXW,SHREWSBURY AND TELFORD HOSPITAL NHS TRUST,120,ENT,2015-10-01,2026-05-01,128,128,0,0.0,0,False,False,2026-05-01
RXW__130,RXW,SHREWSBURY AND TELFORD HOSPITAL NHS TRUST,130,Ophthalmology,2015-10-01,2026-05-01,128,128,0,0.0,0,False,False,2026-05-01
RXW__140,RXW,SHREWSBURY AND TELFORD HOSPITAL NHS TRUST,140,Oral Surgery,2015-10-01,2026-05-01,128,128,0,0.0,0,False,False,2026-05-01
RXW__150,RXW,SHREWSBURY AND TELFORD HOSPITAL NHS TRUST,150,Neurosurgery,2015-10-01,2017-12-01,27,18,9,33.333333333333336,9,True,True,2017-12-01
RXW__170,RXW,SHREWSBURY AND TELFORD HOSPITAL NHS TRUST,170,Cardiothoracic Surgery,2015-10-01,2026-05-01,128,128,0,0.0,0,False,False,2026-05-01
RXW__300,RXW,SHREWSBURY AND TELFORD HOSPITAL NHS TRUST,300,General Medicine,2015-10-01,2026-05-01,128,128,0,0.0,0,False,False,2026-05-01
RXW__301,RXW,SHREWSBURY AND TELFORD HOSPITAL NHS TRUST,301,Gastroenterology,2015-10-01,2026-05-01,128,128,0,0.0,0,False,False,2026-05-01
RXW__320,RXW,SHREWSBURY AND TELFORD HOSPITAL NHS TRUST,320,Cardiology,2015-10-01,2026-05-01,128,128,0,0.0,0,False,False,2026-05-01
RXW__330,RXW,SHREWSBURY AND TELFORD HOSPITAL NHS TRUST,330,Dermatology,2015-10-01,2026-05-01,128,128,0,0.0,0,False,False,2026-05-01
RXW__340,RXW,SHREWSBURY AND TELFORD HOSPITAL NHS TRUST,340,Thoracic Medicine,2015-10-01,2026-05-01,128,128,0,0.0,0,False,False,2026-05-01
RXW__400,RXW,SHREWSBURY AND TELFORD HOSPITAL NHS TRUST,400,Neurology,2015-10-01,2026-05-01,128,89,39,30.46875,11,False,False,2026-05-01
RXW__410,RXW,SHREWSBURY AND TELFORD HOSPITAL NHS TRUST,410,Rheumatology,2015-10-01,2026-05-01,128,5,123,96.09375,123,False,False,2026-05-01
RXW__430,RXW,SHREWSBURY AND TELFORD HOSPITAL NHS TRUST,430,Geriatric Medicine,2015-10-01,2026-05-01,128,128,0,0.0,0,False,False,2026-05-01
RXW__502,RXW,SHREWSBURY AND TELFORD HOSPITAL NHS TRUST,502,Gynaecology,2015-10-01,2026-05-01,128,128,0,0.0,0,False,False,2026-05-01
RXW__X01,RXW,SHREWSBURY AND TELFORD HOSPITAL NHS TRUST,X01,Other,2015-10-01,2021-03-01,66,66,0,0.0,0,False,True,2021-03-01
RY2__320,RY2,BRIDGEWATER COMMUNITY HEALTHCARE NHS FOUNDATION TRUST,320,Cardiology,2015-10-01,2019-03-01,42,42,0,0.0,0,False,True,2019-03-01
RY2__330,RY2,BRIDGEWATER COMMUNITY HEALTHCARE NHS FOUNDATION TRUST,330,Dermatology,2015-10-01,2024-02-01,101,101,0,0.0,0,False,True,2024-02-01
RY2__X01,RY2,BRIDGEWATER COMMUNITY HEALTHCARE NHS FOUNDATION TRUST,X01,Other,2015-10-01,2021-03-01,66,66,0,0.0,0,False,True,2021-03-01
RY3__110,RY3,NORFOLK COMMUNITY HEALTH AND CARE NHS TRUST,110,Trauma & Orthopaedics,2015-10-01,2024-02-01,101,101,0,0.0,0,False,True,2024-02-01
RY3__X01,RY3,NORFOLK COMMUNITY HEALTH AND CARE NHS TRUST,X01,Other,2015-10-01,2021-03-01,66,66,0,0.0,0,False,True,2021-03-01
RY4__X01,RY4,HERTFORDSHIRE COMMUNITY NHS TRUST,X01,Other,2015-10-01,2021-03-01,66,66,0,0.0,0,False,True,2021-03-01
RY6__110,RY6,LEEDS COMMUNITY HEALTHCARE NHS TRUST,110,Trauma & Orthopaedics,2015-10-01,2021-03-01,66,62,4,6.0606060606060606,3,False,True,2021-03-01
RY6__502,RY6,LEEDS COMMUNITY HEALTHCARE NHS TRUST,502,Gynaecology,2015-10-01,2025-05-01,116,116,0,0.0,0,False,True,2025-05-01
RY6__X01,RY6,LEEDS COMMUNITY HEALTHCARE NHS TRUST,X01,Other,2015-10-01,2021-03-01,66,66,0,0.0,0,False,True,2021-03-01
RY8__100,RY8,DERBYSHIRE COMMUNITY HEALTH SERVICES NHS FOUNDATION TRUST,100,General Surgery,2015-10-01,2019-10-01,49,36,13,26.53061224489796,13,False,True,2019-10-01
RY8__101,RY8,DERBYSHIRE COMMUNITY HEALTH SERVICES NHS FOUNDATION TRUST,101,Urology,2015-10-01,2019-10-01,49,49,0,0.0,0,False,True,2019-10-01
RY8__110,RY8,DERBYSHIRE COMMUNITY HEALTH SERVICES NHS FOUNDATION TRUST,110,Trauma & Orthopaedics,2015-10-01,2019-10-01,49,49,0,0.0,0,False,True,2019-10-01
RY8__120,RY8,DERBYSHIRE COMMUNITY HEALTH SERVICES NHS FOUNDATION TRUST,120,ENT,2015-10-01,2019-10-01,49,49,0,0.0,0,False,True,2019-10-01
RY8__130,RY8,DERBYSHIRE COMMUNITY HEALTH SERVICES NHS FOUNDATION TRUST,130,Ophthalmology,2015-10-01,2019-10-01,49,36,13,26.53061224489796,13,False,True,2019-10-01
RY8__301,RY8,DERBYSHIRE COMMUNITY HEALTH SERVICES NHS FOUNDATION TRUST,301,Gastroenterology,2015-10-01,2019-10-01,49,49,0,0.0,0,False,True,2019-10-01
RY8__320,RY8,DERBYSHIRE COMMUNITY HEALTH SERVICES NHS FOUNDATION TRUST,320,Cardiology,2015-10-01,2019-10-01,49,36,13,26.53061224489796,13,False,True,2019-10-01
RY8__330,RY8,DERBYSHIRE COMMUNITY HEALTH SERVICES NHS FOUNDATION TRUST,330,Dermatology,2015-10-01,2019-10-01,49,49,0,0.0,0,False,True,2019-10-01
RY8__410,RY8,DERBYSHIRE COMMUNITY HEALTH SERVICES NHS FOUNDATION TRUST,410,Rheumatology,2015-10-01,2019-10-01,49,46,3,6.122448979591836,3,False,True,2019-10-01
RY8__430,RY8,DERBYSHIRE COMMUNITY HEALTH SERVICES NHS FOUNDATION TRUST,430,Geriatric Medicine,2015-10-01,2019-10-01,49,49,0,0.0,0,False,True,2019-10-01
RY8__502,RY8,DERBYSHIRE COMMUNITY HEALTH SERVICES NHS FOUNDATION TRUST,502,Gynaecology,2015-10-01,2019-10-01,49,49,0,0.0,0,False,True,2019-10-01
RY8__X01,RY8,DERBYSHIRE COMMUNITY HEALTH SERVICES NHS FOUNDATION TRUST,X01,Other,2015-10-01,2019-10-01,49,49,0,0.0,0,False,True,2019-10-01
RY9__X01,RY9,HOUNSLOW AND RICHMOND COMMUNITY HEALTHCARE NHS TRUST,X01,Other,2015-10-01,2021-03-01,66,66,0,0.0,0,False,True,2021-03-01
RYG__100,RYG,COVENTRY AND WARWICKSHIRE PARTNERSHIP NHS TRUST,100,General Surgery,2015-10-01,2020-08-01,59,59,0,0.0,0,False,True,2020-08-01
RYG__120,RYG,COVENTRY AND WARWICKSHIRE PARTNERSHIP NHS TRUST,120,ENT,2015-10-01,2020-08-01,59,59,0,0.0,0,False,True,2020-08-01
RYG__130,RYG,COVENTRY AND WARWICKSHIRE PARTNERSHIP NHS TRUST,130,Ophthalmology,2015-10-01,2018-10-01,37,37,0,0.0,0,False,True,2018-10-01
RYG__330,RYG,COVENTRY AND WARWICKSHIRE PARTNERSHIP NHS TRUST,330,Dermatology,2015-10-01,2018-10-01,37,37,0,0.0,0,False,True,2018-10-01
RYG__502,RYG,COVENTRY AND WARWICKSHIRE PARTNERSHIP NHS TRUST,502,Gynaecology,2015-10-01,2020-08-01,59,59,0,0.0,0,False,True,2020-08-01
RYG__X01,RYG,COVENTRY AND WARWICKSHIRE PARTNERSHIP NHS TRUST,X01,Other,2015-10-01,2021-03-01,66,66,0,0.0,0,False,True,2021-03-01
RYJ__100,RYJ,IMPERIAL COLLEGE HEALTHCARE NHS TRUST,100,General Surgery,2015-10-01,2026-05-01,128,128,0,0.0,0,False,False,2026-05-01
RYJ__101,RYJ,IMPERIAL COLLEGE HEALTHCARE NHS TRUST,101,Urology,2015-10-01,2026-05-01,128,128,0,0.0,0,False,False,2026-05-01
RYJ__110,RYJ,IMPERIAL COLLEGE HEALTHCARE NHS TRUST,110,Trauma & Orthopaedics,2015-10-01,2026-05-01,128,128,0,0.0,0,False,False,2026-05-01
RYJ__120,RYJ,IMPERIAL COLLEGE HEALTHCARE NHS TRUST,120,ENT,2015-10-01,2026-05-01,128,128,0,0.0,0,False,False,2026-05-01
RYJ__130,RYJ,IMPERIAL COLLEGE HEALTHCARE NHS TRUST,130,Ophthalmology,2015-10-01,2026-05-01,128,128,0,0.0,0,False,False,2026-05-01
RYJ__140,RYJ,IMPERIAL COLLEGE HEALTHCARE NHS TRUST,140,Oral Surgery,2015-10-01,2026-05-01,128,128,0,0.0,0,False,False,2026-05-01
RYJ__150,RYJ,IMPERIAL COLLEGE HEALTHCARE NHS TRUST,150,Neurosurgery,2015-10-01,2026-05-01,128,128,0,0.0,0,False,False,2026-05-01
RYJ__160,RYJ,IMPERIAL COLLEGE HEALTHCARE NHS TRUST,160,Plastic Surgery,2015-10-01,2026-05-01,128,128,0,0.0,0,False,False,2026-05-01
RYJ__170,RYJ,IMPERIAL COLLEGE HEALTHCARE NHS TRUST,170,Cardiothoracic Surgery,2015-10-01,2026-05-01,128,128,0,0.0,0,False,False,2026-05-01
RYJ__300,RYJ,IMPERIAL COLLEGE HEALTHCARE NHS TRUST,300,General Medicine,2015-10-01,2026-05-01,128,128,0,0.0,0,False,False,2026-05-01
RYJ__301,RYJ,IMPERIAL COLLEGE HEALTHCARE NHS TRUST,301,Gastroenterology,2015-10-01,2026-05-01,128,128,0,0.0,0,False,False,2026-05-01
RYJ__320,RYJ,IMPERIAL COLLEGE HEALTHCARE NHS TRUST,320,Cardiology,2015-10-01,2026-05-01,128,128,0,0.0,0,False,False,2026-05-01
RYJ__330,RYJ,IMPERIAL COLLEGE HEALTHCARE NHS TRUST,330,Dermatology,2015-10-01,2026-05-01,128,128,0,0.0,0,False,False,2026-05-01
RYJ__340,RYJ,IMPERIAL COLLEGE HEALTHCARE NHS TRUST,340,Thoracic Medicine,2015-10-01,2026-05-01,128,128,0,0.0,0,False,False,2026-05-01
RYJ__400,RYJ,IMPERIAL COLLEGE HEALTHCARE NHS TRUST,400,Neurology,2015-10-01,2026-05-01,128,128,0,0.0,0,False,False,2026-05-01
RYJ__410,RYJ,IMPERIAL COLLEGE HEALTHCARE NHS TRUST,410,Rheumatology,2015-10-01,2026-05-01,128,128,0,0.0,0,False,False,2026-05-01
RYJ__430,RYJ,IMPERIAL COLLEGE HEALTHCARE NHS TRUST,430,Geriatric Medicine,2015-10-01,2026-05-01,128,128,0,0.0,0,False,False,2026-05-01
RYJ__502,RYJ,IMPERIAL COLLEGE HEALTHCARE NHS TRUST,502,Gynaecology,2015-10-01,2026-05-01,128,128,0,0.0,0,False,False,2026-05-01
RYJ__X01,RYJ,IMPERIAL COLLEGE HEALTHCARE NHS TRUST,X01,Other,2015-10-01,2021-03-01,66,66,0,0.0,0,False,True,2021-03-01
RYK__X01,RYK,DUDLEY AND WALSALL MENTAL HEALTH PARTNERSHIP NHS TRUST,X01,Other,2015-10-01,2019-03-01,42,42,0,0.0,0,False,True,2019-03-01
RYR__100,RYR,WESTERN SUSSEX HOSPITALS NHS FOUNDATION TRUST,100,General Surgery,2015-10-01,2026-05-01,128,128,0,0.0,0,False,False,2026-05-01
RYR__101,RYR,WESTERN SUSSEX HOSPITALS NHS FOUNDATION TRUST,101,Urology,2015-10-01,2026-05-01,128,128,0,0.0,0,False,False,2026-05-01
RYR__110,RYR,WESTERN SUSSEX HOSPITALS NHS FOUNDATION TRUST,110,Trauma & Orthopaedics,2015-10-01,2026-05-01,128,128,0,0.0,0,False,False,2026-05-01
RYR__120,RYR,WESTERN SUSSEX HOSPITALS NHS FOUNDATION TRUST,120,ENT,2015-10-01,2026-05-01,128,128,0,0.0,0,False,False,2026-05-01
RYR__130,RYR,WESTERN SUSSEX HOSPITALS NHS FOUNDATION TRUST,130,Ophthalmology,2015-10-01,2026-05-01,128,128,0,0.0,0,False,False,2026-05-01
RYR__140,RYR,WESTERN SUSSEX HOSPITALS NHS FOUNDATION TRUST,140,Oral Surgery,2015-10-01,2026-05-01,128,128,0,0.0,0,False,False,2026-05-01
RYR__170,RYR,WESTERN SUSSEX HOSPITALS NHS FOUNDATION TRUST,170,Cardiothoracic Surgery,2015-10-01,2026-05-01,128,74,54,42.1875,48,False,False,2026-05-01
RYR__300,RYR,WESTERN SUSSEX HOSPITALS NHS FOUNDATION TRUST,300,General Medicine,2015-10-01,2026-05-01,128,128,0,0.0,0,False,False,2026-05-01
RYR__301,RYR,WESTERN SUSSEX HOSPITALS NHS FOUNDATION TRUST,301,Gastroenterology,2015-10-01,2026-05-01,128,128,0,0.0,0,False,False,2026-05-01
RYR__320,RYR,WESTERN SUSSEX HOSPITALS NHS FOUNDATION TRUST,320,Cardiology,2015-10-01,2026-05-01,128,128,0,0.0,0,False,False,2026-05-01
RYR__330,RYR,WESTERN SUSSEX HOSPITALS NHS FOUNDATION TRUST,330,Dermatology,2015-10-01,2026-05-01,128,128,0,0.0,0,False,False,2026-05-01
RYR__340,RYR,WESTERN SUSSEX HOSPITALS NHS FOUNDATION TRUST,340,Thoracic Medicine,2015-10-01,2026-05-01,128,128,0,0.0,0,False,False,2026-05-01
RYR__400,RYR,WESTERN SUSSEX HOSPITALS NHS FOUNDATION TRUST,400,Neurology,2015-10-01,2026-05-01,128,128,0,0.0,0,False,False,2026-05-01
RYR__410,RYR,WESTERN SUSSEX HOSPITALS NHS FOUNDATION TRUST,410,Rheumatology,2015-10-01,2026-05-01,128,128,0,0.0,0,False,False,2026-05-01
RYR__430,RYR,WESTERN SUSSEX HOSPITALS NHS FOUNDATION TRUST,430,Geriatric Medicine,2015-10-01,2026-05-01,128,128,0,0.0,0,False,False,2026-05-01
RYR__502,RYR,WESTERN SUSSEX HOSPITALS NHS FOUNDATION TRUST,502,Gynaecology,2015-10-01,2026-05-01,128,128,0,0.0,0,False,False,2026-05-01
RYR__X01,RYR,WESTERN SUSSEX HOSPITALS NHS FOUNDATION TRUST,X01,Other,2015-10-01,2021-03-01,66,66,0,0.0,0,False,True,2021-03-01
RYV__100,RYV,CAMBRIDGESHIRE COMMUNITY SERVICES NHS TRUST,100,General Surgery,2015-10-01,2017-08-01,23,23,0,0.0,0,True,True,2017-08-01
RYV__101,RYV,CAMBRIDGESHIRE COMMUNITY SERVICES NHS TRUST,101,Urology,2015-10-01,2017-08-01,23,23,0,0.0,0,True,True,2017-08-01
RYV__110,RYV,CAMBRIDGESHIRE COMMUNITY SERVICES NHS TRUST,110,Trauma & Orthopaedics,2015-10-01,2017-08-01,23,23,0,0.0,0,True,True,2017-08-01
RYV__120,RYV,CAMBRIDGESHIRE COMMUNITY SERVICES NHS TRUST,120,ENT,2015-10-01,2017-08-01,23,23,0,0.0,0,True,True,2017-08-01
RYV__130,RYV,CAMBRIDGESHIRE COMMUNITY SERVICES NHS TRUST,130,Ophthalmology,2015-10-01,2020-05-01,56,24,32,57.142857142857146,32,False,True,2020-05-01
RYV__140,RYV,CAMBRIDGESHIRE COMMUNITY SERVICES NHS TRUST,140,Oral Surgery,2015-10-01,2023-01-01,88,79,9,10.227272727272727,4,False,True,2023-01-01
RYV__301,RYV,CAMBRIDGESHIRE COMMUNITY SERVICES NHS TRUST,301,Gastroenterology,2015-10-01,2017-08-01,23,23,0,0.0,0,True,True,2017-08-01
RYV__320,RYV,CAMBRIDGESHIRE COMMUNITY SERVICES NHS TRUST,320,Cardiology,2015-10-01,2017-08-01,23,23,0,0.0,0,True,True,2017-08-01
RYV__330,RYV,CAMBRIDGESHIRE COMMUNITY SERVICES NHS TRUST,330,Dermatology,2015-10-01,2017-08-01,23,23,0,0.0,0,True,True,2017-08-01
RYV__340,RYV,CAMBRIDGESHIRE COMMUNITY SERVICES NHS TRUST,340,Thoracic Medicine,2015-10-01,2017-08-01,23,23,0,0.0,0,True,True,2017-08-01
RYV__410,RYV,CAMBRIDGESHIRE COMMUNITY SERVICES NHS TRUST,410,Rheumatology,2015-10-01,2017-08-01,23,23,0,0.0,0,True,True,2017-08-01
RYV__430,RYV,CAMBRIDGESHIRE COMMUNITY SERVICES NHS TRUST,430,Geriatric Medicine,2015-10-01,2017-08-01,23,23,0,0.0,0,True,True,2017-08-01
RYV__502,RYV,CAMBRIDGESHIRE COMMUNITY SERVICES NHS TRUST,502,Gynaecology,2015-10-01,2017-08-01,23,23,0,0.0,0,True,True,2017-08-01
RYV__X01,RYV,CAMBRIDGESHIRE COMMUNITY SERVICES NHS TRUST,X01,Other,2015-10-01,2021-03-01,66,66,0,0.0,0,False,True,2021-03-01
RYW__110,RYW,BIRMINGHAM COMMUNITY HEALTHCARE NHS FOUNDATION TRUST,110,Trauma & Orthopaedics,2015-10-01,2026-05-01,128,127,1,0.78125,1,False,False,2026-05-01
RYW__140,RYW,BIRMINGHAM COMMUNITY HEALTHCARE NHS FOUNDATION TRUST,140,Oral Surgery,2015-10-01,2026-05-01,128,128,0,0.0,0,False,False,2026-05-01
RYW__X01,RYW,BIRMINGHAM COMMUNITY HEALTHCARE NHS FOUNDATION TRUST,X01,Other,2015-10-01,2021-03-01,66,66,0,0.0,0,False,True,2021-03-01
RYX__300,RYX,CENTRAL LONDON COMMUNITY HEALTHCARE NHS TRUST,300,General Medicine,2015-10-01,2024-03-01,102,49,53,51.96078431372549,53,False,True,2024-03-01
RYX__X01,RYX,CENTRAL LONDON COMMUNITY HEALTHCARE NHS TRUST,X01,Other,2015-10-01,2021-03-01,66,66,0,0.0,0,False,True,2021-03-01
RYY__110,RYY,KENT COMMUNITY HEALTH NHS FOUNDATION TRUST,110,Trauma & Orthopaedics,2015-10-01,2026-05-01,128,127,1,0.78125,1,False,False,2026-05-01
RYY__X01,RYY,KENT COMMUNITY HEALTH NHS FOUNDATION TRUST,X01,Other,2015-10-01,2021-03-01,66,65,1,1.5151515151515151,1,False,True,2021-03-01
TAD__140,TAD,BRADFORD DISTRICT CARE NHS FOUNDATION TRUST,140,Oral Surgery,2015-10-01,2020-10-01,61,61,0,0.0,0,False,True,2020-10-01
TAJ__X01,TAJ,BLACK COUNTRY PARTNERSHIP NHS FOUNDATION TRUST,X01,Other,2015-10-01,2020-03-01,54,54,0,0.0,0,False,True,2020-03-01
8JC09__X01,8JC09,SURREY COMMUNITY PAIN SERVICE,X01,Other,2015-11-01,2015-12-01,2,2,0,0.0,0,True,True,2015-12-01
ADP02__101,ADP02,KIMS HOSPITAL LTD,101,Urology,2015-11-01,2026-05-01,127,126,1,0.7874015748031497,1,False,False,2026-05-01
ADP02__160,ADP02,KIMS HOSPITAL LTD,160,Plastic Surgery,2015-11-01,2016-02-01,4,4,0,0.0,0,True,True,2016-02-01
ADP02__301,ADP02,KIMS HOSPITAL LTD,301,Gastroenterology,2015-11-01,2026-05-01,127,11,116,91.33858267716535,115,False,False,2026-05-01
ADP02__320,ADP02,KIMS HOSPITAL LTD,320,Cardiology,2015-11-01,2019-07-01,45,25,20,44.44444444444444,10,False,True,2019-07-01
ADP02__410,ADP02,KIMS HOSPITAL LTD,410,Rheumatology,2015-11-01,2018-03-01,29,14,15,51.724137931034484,10,True,True,2018-03-01
NEY__110,NEY,PIONEER HEALTHCARE LIMITED,110,Trauma & Orthopaedics,2015-11-01,2026-05-01,127,60,67,52.75590551181102,31,False,False,2026-05-01
NFH__100,NFH,SOMERSET SURGICAL SERVICES HQ,100,General Surgery,2015-11-01,2021-12-01,74,12,62,83.78378378378379,42,False,True,2021-12-01
NHM__140,NHM,SUFFOLK COMMUNITY HEALTHCARE,140,Oral Surgery,2015-11-01,2017-09-01,23,23,0,0.0,0,True,True,2017-09-01
NHM__X01,NHM,SUFFOLK COMMUNITY HEALTHCARE,X01,Other,2015-11-01,2017-09-01,23,23,0,0.0,0,True,True,2017-09-01
NN5__130,NN5,MANCHESTER SURGICAL SERVICES LTD,130,Ophthalmology,2015-11-01,2016-03-01,5,5,0,0.0,0,True,True,2016-03-01
NNE__340,NNE,DORKING HEALTHCARE LIMITED,340,Thoracic Medicine,2015-11-01,2026-05-01,127,127,0,0.0,0,False,False,2026-05-01
NT209__101,NT209,"NUFFIELD HEALTH, CAMBRIDGE HOSPITAL",101,Urology,2015-11-01,2022-09-01,83,22,61,73.49397590361446,56,False,True,2022-09-01
NT229__120,NT229,"NUFFIELD HEALTH, NEWCASTLE UPON TYNE HOSPITAL",120,ENT,2015-11-01,2021-08-01,70,9,61,87.14285714285714,23,False,True,2021-08-01
NT313__150,NT313,SPIRE WELLESLEY HOSPITAL,150,Neurosurgery,2015-11-01,2015-11-01,1,1,0,0.0,0,True,True,2015-11-01
NT314__400,NT314,SPIRE RODING HOSPITAL,400,Neurology,2015-11-01,2025-04-01,114,14,100,87.71929824561404,36,False,True,2025-04-01
NT320__150,NT320,SPIRE PARKWAY HOSPITAL,150,Neurosurgery,2015-11-01,2026-05-01,127,109,18,14.173228346456693,4,False,False,2026-05-01
NT333__X01,NT333,SPIRE WASHINGTON HOSPITAL,X01,Other,2015-11-01,2021-03-01,65,41,24,36.92307692307692,6,False,True,2021-03-01
NT339__150,NT339,SPIRE REGENCY HOSPITAL,150,Neurosurgery,2015-11-01,2026-05-01,127,56,71,55.90551181102362,36,False,False,2026-05-01
NT345__502,NT345,SPIRE CLARE PARK HOSPITAL,502,Gynaecology,2015-11-01,2026-02-01,124,10,114,91.93548387096774,62,False,True,2026-02-01
NT431__140,NT431,BMI - THE RUNNYMEDE HOSPITAL,140,Oral Surgery,2015-11-01,2015-11-01,1,1,0,0.0,0,True,True,2015-11-01
NT441__150,NT441,BMI - THREE SHIRES HOSPITAL,150,Neurosurgery,2015-11-01,2026-05-01,127,111,16,12.598425196850394,7,False,False,2026-05-01
NVC01__300,NVC01,ASHTEAD HOSPITAL,300,General Medicine,2015-11-01,2021-12-01,74,17,57,77.02702702702703,35,False,True,2021-12-01
NVC01__330,NVC01,ASHTEAD HOSPITAL,330,Dermatology,2015-11-01,2025-12-01,122,17,105,86.06557377049181,97,False,True,2025-12-01
NVC02__160,NVC02,THE BERKSHIRE INDEPENDENT HOSPITAL,160,Plastic Surgery,2015-11-01,2026-05-01,127,35,92,72.44094488188976,25,False,False,2026-05-01
NVC04__130,NVC04,DUCHY HOSPITAL,130,Ophthalmology,2015-11-01,2021-04-01,66,17,49,74.24242424242425,18,False,True,2021-04-01
NVC16__400,NVC16,RENACRES HOSPITAL,400,Neurology,2015-11-01,2025-02-01,112,77,35,31.25,6,False,True,2025-02-01
NVC16__410,NVC16,RENACRES HOSPITAL,410,Rheumatology,2015-11-01,2024-09-01,107,9,98,91.58878504672897,82,False,True,2024-09-01
NVC17__300,NVC17,ROWLEY HALL HOSPITAL,300,General Medicine,2015-11-01,2024-03-01,101,27,74,73.26732673267327,41,False,True,2024-03-01
NVC17__X01,NVC17,ROWLEY HALL HOSPITAL,X01,Other,2015-11-01,2021-03-01,65,64,1,1.5384615384615385,1,False,True,2021-03-01
NVC19__300,NVC19,RIVERS HOSPITAL,300,General Medicine,2015-11-01,2022-02-01,76,21,55,72.36842105263158,20,False,True,2022-02-01
NVC22__300,NVC22,WINFIELD HOSPITAL,300,General Medicine,2015-11-01,2024-01-01,99,20,79,79.79797979797979,18,False,True,2024-01-01
NX5__130,NX5,ANGLIA COMMUNITY EYE SERVICE LTD,130,Ophthalmology,2015-11-01,2025-10-01,120,70,50,41.666666666666664,46,False,True,2025-10-01
NYW04__320,NYW04,ASPEN - CLAREMONT HOSPITAL,320,Cardiology,2015-11-01,2015-11-01,1,1,0,0.0,0,True,True,2015-11-01
NYW04__330,NYW04,ASPEN - CLAREMONT HOSPITAL,330,Dermatology,2015-11-01,2021-01-01,63,7,56,88.88888888888889,36,False,True,2021-01-01
RAN__301,RAN,ROYAL NATIONAL ORTHOPAEDIC HOSPITAL NHS TRUST,301,Gastroenterology,2015-11-01,2026-05-01,127,114,13,10.236220472440944,4,False,False,2026-05-01
RC1__150,RC1,BEDFORD HOSPITAL NHS TRUST,150,Neurosurgery,2015-11-01,2019-08-01,46,11,35,76.08695652173913,23,False,True,2019-08-01
RCF__330,RCF,AIREDALE NHS FOUNDATION TRUST,330,Dermatology,2015-11-01,2026-05-01,127,115,12,9.448818897637794,6,False,False,2026-05-01
RD3__340,RD3,POOLE HOSPITAL NHS FOUNDATION TRUST,340,Thoracic Medicine,2015-11-01,2017-01-01,15,3,12,80.0,12,True,True,2017-01-01
RNA__300,RNA,THE DUDLEY GROUP NHS FOUNDATION TRUST,300,General Medicine,2015-11-01,2026-05-01,127,127,0,0.0,0,False,False,2026-05-01
RPY__170,RPY,THE ROYAL MARSDEN NHS FOUNDATION TRUST,170,Cardiothoracic Surgery,2015-11-01,2025-07-01,117,54,63,53.84615384615385,15,False,True,2025-07-01
RRF__400,RRF,"WRIGHTINGTON, WIGAN AND LEIGH NHS FOUNDATION TRUST",400,Neurology,2015-11-01,2025-01-01,111,54,57,51.351351351351354,12,False,True,2025-01-01
RVV__170,RVV,EAST KENT HOSPITALS UNIVERSITY NHS FOUNDATION TRUST,170,Cardiothoracic Surgery,2015-11-01,2026-05-01,127,124,3,2.3622047244094486,2,False,False,2026-05-01
RWP__150,RWP,WORCESTERSHIRE ACUTE HOSPITALS NHS TRUST,150,Neurosurgery,2015-11-01,2020-07-01,57,53,4,7.017543859649122,3,False,True,2020-07-01
RWW__140,RWW,WARRINGTON AND HALTON HOSPITALS NHS FOUNDATION TRUST,140,Oral Surgery,2015-11-01,2016-12-01,14,14,0,0.0,0,True,True,2016-12-01
RXL__400,RXL,BLACKPOOL TEACHING HOSPITALS NHS FOUNDATION TRUST,400,Neurology,2015-11-01,2022-03-01,77,6,71,92.20779220779221,65,False,True,2022-03-01
NN4__101,NN4,TYNESIDE SURGICAL SERVICES LTD,101,Urology,2015-12-01,2026-05-01,126,126,0,0.0,0,False,False,2026-05-01
NNE__320,NNE,DORKING HEALTHCARE LIMITED,320,Cardiology,2015-12-01,2026-05-01,126,126,0,0.0,0,False,False,2026-05-01
NQH__X01,NQH,NOVUS HEALTH LTD,X01,Other,2015-12-01,2019-04-01,41,41,0,0.0,0,False,True,2019-04-01
NT245__100,NT245,"NUFFIELD HEALTH, YORK HOSPITAL",100,General Surgery,2015-12-01,2018-10-01,35,4,31,88.57142857142857,17,True,True,2018-10-01
NT302__X01,NT302,SPIRE BRISTOL HOSPITAL,X01,Other,2015-12-01,2021-03-01,64,22,42,65.625,16,False,True,2021-03-01
NT364__140,NT364,SPIRE MONTEFIORE HOSPITAL,140,Oral Surgery,2015-12-01,2025-04-01,113,8,105,92.92035398230088,105,False,True,2025-04-01
NT431__160,NT431,BMI - THE RUNNYMEDE HOSPITAL,160,Plastic Surgery,2015-12-01,2016-10-01,11,5,6,54.54545454545455,6,True,True,2016-10-01
NT457__320,NT457,BMI WOODLANDS HOSPITAL,320,Cardiology,2015-12-01,2016-06-01,7,3,4,57.142857142857146,3,True,True,2016-06-01
NV302__X01,NV302,CIRCLE BATH HOSPITAL,X01,Other,2015-12-01,2021-03-01,64,18,46,71.875,25,False,True,2021-03-01
NVC05__160,NVC05,EUXTON HALL HOSPITAL,160,Plastic Surgery,2015-12-01,2026-05-01,126,80,46,36.507936507936506,19,False,False,2026-05-01
NVC12__400,NVC12,OAKLANDS HOSPITAL,400,Neurology,2015-12-01,2023-09-01,94,57,37,39.361702127659576,16,False,True,2023-09-01
NVC19__320,NVC19,RIVERS HOSPITAL,320,Cardiology,2015-12-01,2025-11-01,120,8,112,93.33333333333333,38,False,True,2025-11-01
NVC22__130,NVC22,WINFIELD HOSPITAL,130,Ophthalmology,2015-12-01,2021-06-01,67,9,58,86.56716417910448,25,False,True,2021-06-01
RA7__150,RA7,UNIVERSITY HOSPITALS BRISTOL NHS FOUNDATION TRUST,150,Neurosurgery,2015-12-01,2024-03-01,100,6,94,94.0,60,False,True,2024-03-01
RBV__330,RBV,THE CHRISTIE NHS FOUNDATION TRUST,330,Dermatology,2015-12-01,2015-12-01,1,1,0,0.0,0,True,True,2015-12-01
RD8__430,RD8,MILTON KEYNES UNIVERSITY HOSPITAL NHS FOUNDATION TRUST,430,Geriatric Medicine,2015-12-01,2026-05-01,126,96,30,23.80952380952381,6,False,False,2026-05-01
RHU__300,RHU,PORTSMOUTH HOSPITALS NHS TRUST,300,General Medicine,2015-12-01,2026-03-01,124,97,27,21.774193548387096,3,False,True,2026-03-01
RLQ__410,RLQ,WYE VALLEY NHS TRUST,410,Rheumatology,2015-12-01,2026-05-01,126,118,8,6.349206349206349,8,False,False,2026-05-01
RQ6__300,RQ6,ROYAL LIVERPOOL AND BROADGREEN UNIVERSITY HOSPITALS NHS TRUST,300,General Medicine,2015-12-01,2019-09-01,46,12,34,73.91304347826087,13,False,True,2019-09-01
RRK__502,RRK,UNIVERSITY HOSPITALS BIRMINGHAM NHS FOUNDATION TRUST,502,Gynaecology,2015-12-01,2026-05-01,126,98,28,22.22222222222222,28,False,False,2026-05-01
RT5__X01,RT5,LEICESTERSHIRE PARTNERSHIP NHS TRUST,X01,Other,2015-12-01,2020-03-01,52,52,0,0.0,0,False,True,2020-03-01
RVW__330,RVW,NORTH TEES AND HARTLEPOOL NHS FOUNDATION TRUST,330,Dermatology,2015-12-01,2015-12-01,1,1,0,0.0,0,True,True,2015-12-01
RY8__400,RY8,DERBYSHIRE COMMUNITY HEALTH SERVICES NHS FOUNDATION TRUST,400,Neurology,2015-12-01,2016-04-01,5,3,2,40.0,2,True,True,2016-04-01
NT205__101,NT205,"NUFFIELD HEALTH, BRIGHTON HOSPITAL",101,Urology,2016-01-01,2026-05-01,125,120,5,4.0,5,False,False,2026-05-01
NT214__301,NT214,"NUFFIELD HEALTH, WESSEX HOSPITAL",301,Gastroenterology,2016-01-01,2018-12-01,36,36,0,0.0,0,False,True,2018-12-01
NT214__X01,NT214,"NUFFIELD HEALTH, WESSEX HOSPITAL",X01,Other,2016-01-01,2016-01-01,1,1,0,0.0,0,True,True,2016-01-01
NT301__301,NT301,SPIRE SOUTH BANK HOSPITAL,301,Gastroenterology,2016-01-01,2026-05-01,125,125,0,0.0,0,False,False,2026-05-01
NT312__101,NT312,SPIRE ALEXANDRA HOSPITAL,101,Urology,2016-01-01,2025-03-01,111,84,27,24.324324324324323,17,False,True,2025-03-01
NT313__X01,NT313,SPIRE WELLESLEY HOSPITAL,X01,Other,2016-01-01,2021-03-01,63,26,37,58.73015873015873,23,False,True,2021-03-01
NT317__150,NT317,SPIRE CAMBRIDGE LEA HOSPITAL,150,Neurosurgery,2016-01-01,2026-05-01,125,105,20,16.0,15,False,False,2026-05-01
NT332__170,NT332,SPIRE LEEDS HOSPITAL,170,Cardiothoracic Surgery,2016-01-01,2021-03-01,63,3,60,95.23809523809524,60,False,True,2021-03-01
NT418__400,NT418,BMI - THE HAMPSHIRE CLINIC,400,Neurology,2016-01-01,2016-01-01,1,1,0,0.0,0,True,True,2016-01-01
NT435__120,NT435,BMI - THE SHELBURNE HOSPITAL,120,ENT,2016-01-01,2016-01-01,1,1,0,0.0,0,True,True,2016-01-01
NT447__400,NT447,BMI THE DUCHY HOSPITAL,400,Neurology,2016-01-01,2026-05-01,125,118,7,5.6,2,False,False,2026-05-01
NT448__X01,NT448,BMI THE HUDDERSFIELD HOSPITAL,X01,Other,2016-01-01,2021-03-01,63,53,10,15.873015873015873,3,False,True,2021-03-01
NV323__320,NV323,CIRCLE READING HOSPITAL,320,Cardiology,2016-01-01,2023-03-01,87,7,80,91.95402298850574,75,False,True,2023-03-01
NVC08__330,NVC08,MOUNT STUART HOSPITAL,330,Dermatology,2016-01-01,2022-05-01,77,15,62,80.51948051948052,23,False,True,2022-05-01
NVC09__301,NVC09,NEW HALL HOSPITAL,301,Gastroenterology,2016-01-01,2026-05-01,125,121,4,3.2,4,False,False,2026-05-01
NVC13__300,NVC13,OAKS HOSPITAL,300,General Medicine,2016-01-01,2021-12-01,72,8,64,88.88888888888889,64,False,True,2021-12-01
NVC16__301,NVC16,RENACRES HOSPITAL,301,Gastroenterology,2016-01-01,2026-05-01,125,124,1,0.8,1,False,False,2026-05-01
NVC16__330,NVC16,RENACRES HOSPITAL,330,Dermatology,2016-01-01,2024-03-01,99,22,77,77.77777777777777,29,False,True,2024-03-01
NVC17__160,NVC17,ROWLEY HALL HOSPITAL,160,Plastic Surgery,2016-01-01,2021-02-01,62,10,52,83.87096774193549,16,False,True,2021-02-01
NVC18__410,NVC18,SPRINGFIELD HOSPITAL,410,Rheumatology,2016-01-01,2020-03-01,51,6,45,88.23529411764706,18,False,True,2020-03-01
NVC40__300,NVC40,WOODTHORPE HOSPITAL,300,General Medicine,2016-01-01,2026-05-01,125,17,108,86.4,46,False,False,2026-05-01
NYW01__300,NYW01,ASPEN - THE HOLLY,300,General Medicine,2016-01-01,2021-08-01,68,18,50,73.52941176470588,30,False,True,2021-08-01
NYW03__140,NYW03,ASPEN - HIGHGATE HOSPITAL,140,Oral Surgery,2016-01-01,2016-02-01,2,2,0,0.0,0,True,True,2016-02-01
NYW03__320,NYW03,ASPEN - HIGHGATE HOSPITAL,320,Cardiology,2016-01-01,2021-04-01,64,11,53,82.8125,53,False,True,2021-04-01
RAX__170,RAX,KINGSTON HOSPITAL NHS FOUNDATION TRUST,170,Cardiothoracic Surgery,2016-01-01,2016-01-01,1,1,0,0.0,0,True,True,2016-01-01
RDU__170,RDU,FRIMLEY HEALTH NHS FOUNDATION TRUST,170,Cardiothoracic Surgery,2016-01-01,2020-03-01,51,16,35,68.62745098039215,16,False,True,2020-03-01
RE9__400,RE9,SOUTH TYNESIDE NHS FOUNDATION TRUST,400,Neurology,2016-01-01,2017-01-01,13,9,4,30.76923076923077,4,True,True,2017-01-01
RGQ__170,RGQ,IPSWICH HOSPITAL NHS TRUST,170,Cardiothoracic Surgery,2016-01-01,2018-04-01,28,11,17,60.714285714285715,12,True,True,2018-04-01
RJ6__170,RJ6,CROYDON HEALTH SERVICES NHS TRUST,170,Cardiothoracic Surgery,2016-01-01,2017-12-01,24,18,6,25.0,6,True,True,2017-12-01
RV9__100,RV9,HUMBER NHS FOUNDATION TRUST,100,General Surgery,2016-01-01,2019-04-01,40,9,31,77.5,19,False,True,2019-04-01
RV9__110,RV9,HUMBER NHS FOUNDATION TRUST,110,Trauma & Orthopaedics,2016-01-01,2021-01-01,61,61,0,0.0,0,False,True,2021-01-01
RV9__120,RV9,HUMBER NHS FOUNDATION TRUST,120,ENT,2016-01-01,2020-12-01,60,60,0,0.0,0,False,True,2020-12-01
RV9__130,RV9,HUMBER NHS FOUNDATION TRUST,130,Ophthalmology,2016-01-01,2017-10-01,22,20,2,9.090909090909092,2,True,True,2017-10-01
RV9__300,RV9,HUMBER NHS FOUNDATION TRUST,300,General Medicine,2016-01-01,2017-01-01,13,4,9,69.23076923076923,9,True,True,2017-01-01
RV9__320,RV9,HUMBER NHS FOUNDATION TRUST,320,Cardiology,2016-01-01,2021-01-01,61,61,0,0.0,0,False,True,2021-01-01
RV9__340,RV9,HUMBER NHS FOUNDATION TRUST,340,Thoracic Medicine,2016-01-01,2020-11-01,59,59,0,0.0,0,False,True,2020-11-01
RV9__502,RV9,HUMBER NHS FOUNDATION TRUST,502,Gynaecology,2016-01-01,2021-01-01,61,61,0,0.0,0,False,True,2021-01-01
RV9__X01,RV9,HUMBER NHS FOUNDATION TRUST,X01,Other,2016-01-01,2021-01-01,61,61,0,0.0,0,False,True,2021-01-01
AAV02__130,AAV02,COMMUNITY HEALTH AND EYECARE LIMITED (PRESTON),130,Ophthalmology,2016-02-01,2022-03-01,74,74,0,0.0,0,False,True,2022-03-01
ADP02__330,ADP02,KIMS HOSPITAL LTD,330,Dermatology,2016-02-01,2019-05-01,40,4,36,90.0,36,False,True,2019-05-01
NLX__120,NLX,SIRONA CARE & HEALTH,120,ENT,2016-02-01,2023-04-01,87,6,81,93.10344827586206,38,False,True,2023-04-01
NN4__300,NN4,TYNESIDE SURGICAL SERVICES LTD,300,General Medicine,2016-02-01,2016-07-01,6,4,2,33.333333333333336,2,True,True,2016-07-01
NT212__140,NT212,"NUFFIELD HEALTH, CHICHESTER HOSPITAL",140,Oral Surgery,2016-02-01,2025-11-01,118,30,88,74.57627118644068,45,False,True,2025-11-01
NT301__330,NT301,SPIRE SOUTH BANK HOSPITAL,330,Dermatology,2016-02-01,2016-08-01,7,3,4,57.142857142857146,4,True,True,2016-08-01
NT301__400,NT301,SPIRE SOUTH BANK HOSPITAL,400,Neurology,2016-02-01,2018-03-01,26,12,14,53.84615384615385,7,True,True,2018-03-01
NT344__130,NT344,SPIRE DUNEDIN HOSPITAL,130,Ophthalmology,2016-02-01,2016-05-01,4,4,0,0.0,0,True,True,2016-05-01
NT347__170,NT347,SPIRE FYLDE COAST HOSPITAL,170,Cardiothoracic Surgery,2016-02-01,2023-08-01,91,15,76,83.51648351648352,25,False,True,2023-08-01
NT351__101,NT351,SPIRE HULL AND EAST RIDING HOSPITAL,101,Urology,2016-02-01,2026-05-01,124,84,40,32.25806451612903,18,False,False,2026-05-01
NT413__330,NT413,BMI - THE ESPERANCE HOSPITAL,330,Dermatology,2016-02-01,2016-02-01,1,1,0,0.0,0,True,True,2016-02-01
NT443__101,NT443,BMI - THE WINTERBOURNE HOSPITAL,101,Urology,2016-02-01,2019-06-01,41,6,35,85.36585365853658,35,False,True,2019-06-01
NT445__X01,NT445,BMI THE EDGBASTON HOSPITAL,X01,Other,2016-02-01,2021-03-01,62,52,10,16.129032258064516,7,False,True,2021-03-01
NVC15__160,NVC15,PINEHILL HOSPITAL,160,Plastic Surgery,2016-02-01,2026-03-01,122,38,84,68.85245901639344,45,False,True,2026-03-01
NVC15__410,NVC15,PINEHILL HOSPITAL,410,Rheumatology,2016-02-01,2025-09-01,116,10,106,91.37931034482759,28,False,True,2025-09-01
NVC18__400,NVC18,SPRINGFIELD HOSPITAL,400,Neurology,2016-02-01,2026-04-01,123,85,38,30.89430894308943,12,False,True,2026-04-01
NVM__340,NVM,EPSOMEDICAL GROUP,340,Thoracic Medicine,2016-02-01,2026-05-01,124,124,0,0.0,0,False,False,2026-05-01
NVM__X01,NVM,EPSOMEDICAL GROUP,X01,Other,2016-02-01,2021-03-01,62,62,0,0.0,0,False,True,2021-03-01
NWF01__400,NWF01,BENENDEN HOSPITAL,400,Neurology,2016-02-01,2016-03-01,2,2,0,0.0,0,True,True,2016-03-01
NYW03__300,NYW03,ASPEN - HIGHGATE HOSPITAL,300,General Medicine,2016-02-01,2021-01-01,60,12,48,80.0,20,False,True,2021-01-01
NYW03__330,NYW03,ASPEN - HIGHGATE HOSPITAL,330,Dermatology,2016-02-01,2016-02-01,1,1,0,0.0,0,True,True,2016-02-01
RGP__430,RGP,JAMES PAGET UNIVERSITY HOSPITALS NHS FOUNDATION TRUST,430,Geriatric Medicine,2016-02-01,2026-05-01,124,76,48,38.70967741935484,28,False,False,2026-05-01
RLN__160,RLN,CITY HOSPITALS SUNDERLAND NHS FOUNDATION TRUST,160,Plastic Surgery,2016-02-01,2017-11-01,22,5,17,77.27272727272727,9,True,True,2017-11-01
RLN__330,RLN,CITY HOSPITALS SUNDERLAND NHS FOUNDATION TRUST,330,Dermatology,2016-02-01,2019-01-01,36,7,29,80.55555555555556,29,False,True,2019-01-01
RMP__150,RMP,TAMESIDE HOSPITAL NHS FOUNDATION TRUST,150,Neurosurgery,2016-02-01,2019-02-01,37,36,1,2.7027027027027026,1,False,True,2019-02-01
RNZ__400,RNZ,SALISBURY NHS FOUNDATION TRUST,400,Neurology,2016-02-01,2016-03-01,2,2,0,0.0,0,True,True,2016-03-01
RRJ__150,RRJ,THE ROYAL ORTHOPAEDIC HOSPITAL NHS FOUNDATION TRUST,150,Neurosurgery,2016-02-01,2024-06-01,101,2,99,98.01980198019803,99,False,True,2024-06-01
RT3__100,RT3,ROYAL BROMPTON & HAREFIELD NHS FOUNDATION TRUST,100,General Surgery,2016-02-01,2018-07-01,30,7,23,76.66666666666667,14,True,True,2018-07-01
RTK__160,RTK,ASHFORD AND ST PETER'S HOSPITALS NHS FOUNDATION TRUST,160,Plastic Surgery,2016-02-01,2026-05-01,124,121,3,2.4193548387096775,3,False,False,2026-05-01
NT224__X01,NT224,"NUFFIELD HEALTH, WARWICKSHIRE HOSPITAL",X01,Other,2016-03-01,2021-02-01,60,7,53,88.33333333333333,18,False,True,2021-02-01
NT242__140,NT242,"NUFFIELD HEALTH, WOLVERHAMPTON HOSPITAL",140,Oral Surgery,2016-03-01,2023-05-01,87,9,78,89.65517241379311,56,False,True,2023-05-01
NT242__502,NT242,"NUFFIELD HEALTH, WOLVERHAMPTON HOSPITAL",502,Gynaecology,2016-03-01,2026-04-01,122,13,109,89.34426229508196,54,False,True,2026-04-01
NT314__101,NT314,SPIRE RODING HOSPITAL,101,Urology,2016-03-01,2026-05-01,123,21,102,82.92682926829268,60,False,False,2026-05-01
NT325__301,NT325,SPIRE MURRAYFIELD HOSPITAL,301,Gastroenterology,2016-03-01,2026-05-01,123,6,117,95.1219512195122,80,False,False,2026-05-01
NT343__160,NT343,SPIRE THAMES VALLEY HOSPITAL,160,Plastic Surgery,2016-03-01,2026-04-01,122,98,24,19.672131147540984,8,False,True,2026-04-01
NT403__160,NT403,BMI - THE BEARDWOOD HOSPITAL,160,Plastic Surgery,2016-03-01,2016-04-01,2,2,0,0.0,0,True,True,2016-04-01
NT409__400,NT409,BMI - CHELSFIELD PARK HOSPITAL,400,Neurology,2016-03-01,2022-12-01,82,8,74,90.2439024390244,52,False,True,2022-12-01
NT426__X01,NT426,BMI - THE PADDOCKS HOSPITAL,X01,Other,2016-03-01,2016-03-01,1,1,0,0.0,0,True,True,2016-03-01
NT455__101,NT455,BMI MOUNT ALVERNIA HOSPITAL,101,Urology,2016-03-01,2026-05-01,123,123,0,0.0,0,False,False,2026-05-01
NT455__400,NT455,BMI MOUNT ALVERNIA HOSPITAL,400,Neurology,2016-03-01,2016-04-01,2,2,0,0.0,0,True,True,2016-04-01
NTPC3__301,NTPC3,NORTH WEST CATS PATHWAY MANAGEMENT CENTRE,301,Gastroenterology,2016-03-01,2017-01-01,11,11,0,0.0,0,True,True,2017-01-01
NTPH2__140,NTPH2,EMERSONS GREEN NHS TREATMENT CENTRE,140,Oral Surgery,2016-03-01,2026-05-01,123,123,0,0.0,0,False,False,2026-05-01
NTPH3__140,NTPH3,DEVIZES NHS TREATMENT CENTRE,140,Oral Surgery,2016-03-01,2026-05-01,123,116,7,5.691056910569106,7,False,False,2026-05-01
NV302__320,NV302,CIRCLE BATH HOSPITAL,320,Cardiology,2016-03-01,2021-03-01,61,12,49,80.32786885245902,47,False,True,2021-03-01
NVC01__410,NVC01,ASHTEAD HOSPITAL,410,Rheumatology,2016-03-01,2016-04-01,2,2,0,0.0,0,True,True,2016-04-01
NVC05__300,NVC05,EUXTON HALL HOSPITAL,300,General Medicine,2016-03-01,2021-12-01,70,8,62,88.57142857142857,62,False,True,2021-12-01
NVC05__301,NVC05,EUXTON HALL HOSPITAL,301,Gastroenterology,2016-03-01,2026-05-01,123,121,2,1.6260162601626016,2,False,False,2026-05-01
NVC06__400,NVC06,FITZWILLIAM HOSPITAL,400,Neurology,2016-03-01,2025-08-01,114,46,68,59.64912280701754,31,False,True,2025-08-01
NVC20__300,NVC20,THE YORKSHIRE CLINIC,300,General Medicine,2016-03-01,2026-05-01,123,83,40,32.520325203252035,10,False,False,2026-05-01
NVC22__160,NVC22,WINFIELD HOSPITAL,160,Plastic Surgery,2016-03-01,2026-05-01,123,61,62,50.40650406504065,51,False,False,2026-05-01
R1K__160,R1K,LONDON NORTH WEST HEALTHCARE NHS TRUST,160,Plastic Surgery,2016-03-01,2026-05-01,123,95,28,22.764227642276424,10,False,False,2026-05-01
RJZ__100,RJZ,KING'S COLLEGE HOSPITAL NHS FOUNDATION TRUST,100,General Surgery,2016-03-01,2026-05-01,123,123,0,0.0,0,False,False,2026-05-01
RJZ__101,RJZ,KING'S COLLEGE HOSPITAL NHS FOUNDATION TRUST,101,Urology,2016-03-01,2026-05-01,123,123,0,0.0,0,False,False,2026-05-01
RJZ__110,RJZ,KING'S COLLEGE HOSPITAL NHS FOUNDATION TRUST,110,Trauma & Orthopaedics,2016-03-01,2026-05-01,123,123,0,0.0,0,False,False,2026-05-01
RJZ__120,RJZ,KING'S COLLEGE HOSPITAL NHS FOUNDATION TRUST,120,ENT,2016-03-01,2026-05-01,123,123,0,0.0,0,False,False,2026-05-01
RJZ__130,RJZ,KING'S COLLEGE HOSPITAL NHS FOUNDATION TRUST,130,Ophthalmology,2016-03-01,2026-05-01,123,123,0,0.0,0,False,False,2026-05-01
RJZ__140,RJZ,KING'S COLLEGE HOSPITAL NHS FOUNDATION TRUST,140,Oral Surgery,2016-03-01,2026-05-01,123,123,0,0.0,0,False,False,2026-05-01
RJZ__150,RJZ,KING'S COLLEGE HOSPITAL NHS FOUNDATION TRUST,150,Neurosurgery,2016-03-01,2026-05-01,123,123,0,0.0,0,False,False,2026-05-01
RJZ__160,RJZ,KING'S COLLEGE HOSPITAL NHS FOUNDATION TRUST,160,Plastic Surgery,2016-03-01,2026-05-01,123,123,0,0.0,0,False,False,2026-05-01
RJZ__170,RJZ,KING'S COLLEGE HOSPITAL NHS FOUNDATION TRUST,170,Cardiothoracic Surgery,2016-03-01,2026-05-01,123,123,0,0.0,0,False,False,2026-05-01
RJZ__300,RJZ,KING'S COLLEGE HOSPITAL NHS FOUNDATION TRUST,300,General Medicine,2016-03-01,2026-05-01,123,123,0,0.0,0,False,False,2026-05-01
RJZ__301,RJZ,KING'S COLLEGE HOSPITAL NHS FOUNDATION TRUST,301,Gastroenterology,2016-03-01,2026-05-01,123,123,0,0.0,0,False,False,2026-05-01
RJZ__320,RJZ,KING'S COLLEGE HOSPITAL NHS FOUNDATION TRUST,320,Cardiology,2016-03-01,2026-05-01,123,123,0,0.0,0,False,False,2026-05-01
RJZ__330,RJZ,KING'S COLLEGE HOSPITAL NHS FOUNDATION TRUST,330,Dermatology,2016-03-01,2026-05-01,123,123,0,0.0,0,False,False,2026-05-01
RJZ__340,RJZ,KING'S COLLEGE HOSPITAL NHS FOUNDATION TRUST,340,Thoracic Medicine,2016-03-01,2026-05-01,123,123,0,0.0,0,False,False,2026-05-01
RJZ__400,RJZ,KING'S COLLEGE HOSPITAL NHS FOUNDATION TRUST,400,Neurology,2016-03-01,2026-05-01,123,123,0,0.0,0,False,False,2026-05-01
RJZ__410,RJZ,KING'S COLLEGE HOSPITAL NHS FOUNDATION TRUST,410,Rheumatology,2016-03-01,2026-05-01,123,123,0,0.0,0,False,False,2026-05-01
RJZ__430,RJZ,KING'S COLLEGE HOSPITAL NHS FOUNDATION TRUST,430,Geriatric Medicine,2016-03-01,2026-05-01,123,123,0,0.0,0,False,False,2026-05-01
RJZ__502,RJZ,KING'S COLLEGE HOSPITAL NHS FOUNDATION TRUST,502,Gynaecology,2016-03-01,2026-05-01,123,123,0,0.0,0,False,False,2026-05-01
RJZ__X01,RJZ,KING'S COLLEGE HOSPITAL NHS FOUNDATION TRUST,X01,Other,2016-03-01,2021-03-01,61,61,0,0.0,0,False,True,2021-03-01
RQX__100,RQX,HOMERTON UNIVERSITY HOSPITAL NHS FOUNDATION TRUST,100,General Surgery,2016-03-01,2026-05-01,123,123,0,0.0,0,False,False,2026-05-01
RQX__101,RQX,HOMERTON UNIVERSITY HOSPITAL NHS FOUNDATION TRUST,101,Urology,2016-03-01,2026-05-01,123,123,0,0.0,0,False,False,2026-05-01
RQX__110,RQX,HOMERTON UNIVERSITY HOSPITAL NHS FOUNDATION TRUST,110,Trauma & Orthopaedics,2016-03-01,2026-05-01,123,123,0,0.0,0,False,False,2026-05-01
RQX__120,RQX,HOMERTON UNIVERSITY HOSPITAL NHS FOUNDATION TRUST,120,ENT,2016-03-01,2026-05-01,123,123,0,0.0,0,False,False,2026-05-01
RQX__130,RQX,HOMERTON UNIVERSITY HOSPITAL NHS FOUNDATION TRUST,130,Ophthalmology,2016-03-01,2025-09-01,115,115,0,0.0,0,False,True,2025-09-01
RQX__160,RQX,HOMERTON UNIVERSITY HOSPITAL NHS FOUNDATION TRUST,160,Plastic Surgery,2016-03-01,2026-05-01,123,123,0,0.0,0,False,False,2026-05-01
RQX__300,RQX,HOMERTON UNIVERSITY HOSPITAL NHS FOUNDATION TRUST,300,General Medicine,2016-03-01,2026-05-01,123,123,0,0.0,0,False,False,2026-05-01
RQX__301,RQX,HOMERTON UNIVERSITY HOSPITAL NHS FOUNDATION TRUST,301,Gastroenterology,2016-03-01,2026-05-01,123,123,0,0.0,0,False,False,2026-05-01
RQX__320,RQX,HOMERTON UNIVERSITY HOSPITAL NHS FOUNDATION TRUST,320,Cardiology,2016-03-01,2026-05-01,123,123,0,0.0,0,False,False,2026-05-01
RQX__330,RQX,HOMERTON UNIVERSITY HOSPITAL NHS FOUNDATION TRUST,330,Dermatology,2016-03-01,2026-05-01,123,123,0,0.0,0,False,False,2026-05-01
RQX__340,RQX,HOMERTON UNIVERSITY HOSPITAL NHS FOUNDATION TRUST,340,Thoracic Medicine,2016-03-01,2026-05-01,123,123,0,0.0,0,False,False,2026-05-01
RQX__400,RQX,HOMERTON UNIVERSITY HOSPITAL NHS FOUNDATION TRUST,400,Neurology,2016-03-01,2026-05-01,123,123,0,0.0,0,False,False,2026-05-01
RQX__410,RQX,HOMERTON UNIVERSITY HOSPITAL NHS FOUNDATION TRUST,410,Rheumatology,2016-03-01,2026-05-01,123,123,0,0.0,0,False,False,2026-05-01
RQX__430,RQX,HOMERTON UNIVERSITY HOSPITAL NHS FOUNDATION TRUST,430,Geriatric Medicine,2016-03-01,2026-05-01,123,123,0,0.0,0,False,False,2026-05-01
RQX__502,RQX,HOMERTON UNIVERSITY HOSPITAL NHS FOUNDATION TRUST,502,Gynaecology,2016-03-01,2026-05-01,123,123,0,0.0,0,False,False,2026-05-01
RQX__X01,RQX,HOMERTON UNIVERSITY HOSPITAL NHS FOUNDATION TRUST,X01,Other,2016-03-01,2021-03-01,61,61,0,0.0,0,False,True,2021-03-01
RY2__170,RY2,BRIDGEWATER COMMUNITY HEALTHCARE NHS FOUNDATION TRUST,170,Cardiothoracic Surgery,2016-03-01,2018-04-01,26,2,24,92.3076923076923,24,True,True,2018-04-01
AAH__100,AAH,TETBURY HOSPITAL TRUST LTD,100,General Surgery,2016-04-01,2026-05-01,122,121,1,0.819672131147541,1,False,False,2026-05-01
AAH__101,AAH,TETBURY HOSPITAL TRUST LTD,101,Urology,2016-04-01,2026-05-01,122,121,1,0.819672131147541,1,False,False,2026-05-01
AAH__110,AAH,TETBURY HOSPITAL TRUST LTD,110,Trauma & Orthopaedics,2016-04-01,2026-05-01,122,121,1,0.819672131147541,1,False,False,2026-05-01
AAH__120,AAH,TETBURY HOSPITAL TRUST LTD,120,ENT,2016-04-01,2026-05-01,122,121,1,0.819672131147541,1,False,False,2026-05-01
AAH__130,AAH,TETBURY HOSPITAL TRUST LTD,130,Ophthalmology,2016-04-01,2026-05-01,122,121,1,0.819672131147541,1,False,False,2026-05-01
AAH__140,AAH,TETBURY HOSPITAL TRUST LTD,140,Oral Surgery,2016-04-01,2026-05-01,122,120,2,1.639344262295082,1,False,False,2026-05-01
AAH__301,AAH,TETBURY HOSPITAL TRUST LTD,301,Gastroenterology,2016-04-01,2022-12-01,81,76,5,6.172839506172839,1,False,True,2022-12-01
AAH__320,AAH,TETBURY HOSPITAL TRUST LTD,320,Cardiology,2016-04-01,2026-05-01,122,121,1,0.819672131147541,1,False,False,2026-05-01
AAH__330,AAH,TETBURY HOSPITAL TRUST LTD,330,Dermatology,2016-04-01,2024-08-01,101,51,50,49.504950495049506,33,False,True,2024-08-01
AAH__340,AAH,TETBURY HOSPITAL TRUST LTD,340,Thoracic Medicine,2016-04-01,2026-05-01,122,119,3,2.459016393442623,1,False,False,2026-05-01
AAH__502,AAH,TETBURY HOSPITAL TRUST LTD,502,Gynaecology,2016-04-01,2026-05-01,122,121,1,0.819672131147541,1,False,False,2026-05-01
AAH__X01,AAH,TETBURY HOSPITAL TRUST LTD,X01,Other,2016-04-01,2021-03-01,60,59,1,1.6666666666666667,1,False,True,2021-03-01
NT229__X01,NT229,"NUFFIELD HEALTH, NEWCASTLE UPON TYNE HOSPITAL",X01,Other,2016-04-01,2019-02-01,35,4,31,88.57142857142857,16,True,True,2019-02-01
NT321__160,NT321,SPIRE LITTLE ASTON HOSPITAL,160,Plastic Surgery,2016-04-01,2022-05-01,74,33,41,55.4054054054054,39,False,True,2022-05-01
NT351__160,NT351,SPIRE HULL AND EAST RIDING HOSPITAL,160,Plastic Surgery,2016-04-01,2026-04-01,121,72,49,40.49586776859504,47,False,True,2026-04-01
NT409__120,NT409,BMI - CHELSFIELD PARK HOSPITAL,120,ENT,2016-04-01,2026-05-01,122,122,0,0.0,0,False,False,2026-05-01
NT411__400,NT411,BMI - THE CLEMENTINE CHURCHILL HOSPITAL,400,Neurology,2016-04-01,2026-05-01,122,68,54,44.26229508196721,31,False,False,2026-05-01
NT439__X01,NT439,BMI - THE SOUTH CHESHIRE PRIVATE HOSPITAL,X01,Other,2016-04-01,2019-10-01,43,27,16,37.2093023255814,4,False,True,2019-10-01
NT451__330,NT451,BMI THE CAVELL HOSPITAL,330,Dermatology,2016-04-01,2017-03-01,12,2,10,83.33333333333333,10,True,True,2017-03-01
NTPAD__120,NTPAD,ST MARY'S NHS TREATMENT CENTRE,120,ENT,2016-04-01,2026-05-01,122,121,1,0.819672131147541,1,False,False,2026-05-01
NTPAD__330,NTPAD,ST MARY'S NHS TREATMENT CENTRE,330,Dermatology,2016-04-01,2021-08-01,65,65,0,0.0,0,False,True,2021-08-01
NVC05__320,NVC05,EUXTON HALL HOSPITAL,320,Cardiology,2016-04-01,2019-12-01,45,9,36,80.0,10,False,True,2019-12-01
NVC15__300,NVC15,PINEHILL HOSPITAL,300,General Medicine,2016-04-01,2021-12-01,69,29,40,57.971014492753625,16,False,True,2021-12-01
NVC16__150,NVC16,RENACRES HOSPITAL,150,Neurosurgery,2016-04-01,2021-04-01,61,16,45,73.77049180327869,39,False,True,2021-04-01
NVC23__410,NVC23,WOODLAND HOSPITAL,410,Rheumatology,2016-04-01,2024-06-01,99,27,72,72.72727272727273,32,False,True,2024-06-01
NVC40__160,NVC40,WOODTHORPE HOSPITAL,160,Plastic Surgery,2016-04-01,2021-11-01,68,3,65,95.58823529411765,53,False,True,2021-11-01
NVC40__400,NVC40,WOODTHORPE HOSPITAL,400,Neurology,2016-04-01,2026-05-01,122,38,84,68.85245901639344,20,False,False,2026-05-01
NXP__100,NXP,INDEPENDENT HEALTH GROUP,100,General Surgery,2016-04-01,2026-05-01,122,122,0,0.0,0,False,False,2026-05-01
NXP__101,NXP,INDEPENDENT HEALTH GROUP,101,Urology,2016-04-01,2026-05-01,122,122,0,0.0,0,False,False,2026-05-01
NXP__110,NXP,INDEPENDENT HEALTH GROUP,110,Trauma & Orthopaedics,2016-04-01,2026-05-01,122,122,0,0.0,0,False,False,2026-05-01
NYW01__330,NYW01,ASPEN - THE HOLLY,330,Dermatology,2016-04-01,2016-07-01,4,4,0,0.0,0,True,True,2016-07-01
RCX__340,RCX,"THE QUEEN ELIZABETH HOSPITAL, KING'S LYNN, NHS FOUNDATION TRUST",340,Thoracic Medicine,2016-04-01,2026-05-01,122,121,1,0.819672131147541,1,False,False,2026-05-01
RFS__430,RFS,CHESTERFIELD ROYAL HOSPITAL NHS FOUNDATION TRUST,430,Geriatric Medicine,2016-04-01,2026-01-01,118,8,110,93.22033898305085,54,False,True,2026-01-01
RGP__170,RGP,JAMES PAGET UNIVERSITY HOSPITALS NHS FOUNDATION TRUST,170,Cardiothoracic Surgery,2016-04-01,2018-09-01,30,6,24,80.0,24,True,True,2018-09-01
RJ8__X01,RJ8,CORNWALL PARTNERSHIP NHS FOUNDATION TRUST,X01,Other,2016-04-01,2021-03-01,60,60,0,0.0,0,False,True,2021-03-01
RLQ__400,RLQ,WYE VALLEY NHS TRUST,400,Neurology,2016-04-01,2026-05-01,122,115,7,5.737704918032787,7,False,False,2026-05-01
RLT__430,RLT,GEORGE ELIOT HOSPITAL NHS TRUST,430,Geriatric Medicine,2016-04-01,2026-05-01,122,102,20,16.39344262295082,13,False,False,2026-05-01
RR1__150,RR1,HEART OF ENGLAND NHS FOUNDATION TRUST,150,Neurosurgery,2016-04-01,2016-04-01,1,1,0,0.0,0,True,True,2016-04-01
RY6__120,RY6,LEEDS COMMUNITY HEALTHCARE NHS TRUST,120,ENT,2016-04-01,2016-04-01,1,1,0,0.0,0,True,True,2016-04-01
RYX__110,RYX,CENTRAL LONDON COMMUNITY HEALTHCARE NHS TRUST,110,Trauma & Orthopaedics,2016-04-01,2020-11-01,56,56,0,0.0,0,False,True,2020-11-01
AAH__300,AAH,TETBURY HOSPITAL TRUST LTD,300,General Medicine,2016-05-01,2016-11-01,7,4,3,42.857142857142854,2,True,True,2016-11-01
NT202__101,NT202,"NUFFIELD HEALTH, BOURNEMOUTH HOSPITAL",101,Urology,2016-05-01,2026-05-01,121,111,10,8.264462809917354,5,False,False,2026-05-01
NT207__150,NT207,"NUFFIELD HEALTH, BRISTOL HOSPITAL (ST MARY'S)",150,Neurosurgery,2016-05-01,2016-05-01,1,1,0,0.0,0,True,True,2016-05-01
NT209__400,NT209,"NUFFIELD HEALTH, CAMBRIDGE HOSPITAL",400,Neurology,2016-05-01,2016-05-01,1,1,0,0.0,0,True,True,2016-05-01
NT238__X01,NT238,"NUFFIELD HEALTH, TAUNTON HOSPITAL",X01,Other,2016-05-01,2016-05-01,1,1,0,0.0,0,True,True,2016-05-01
NT242__X01,NT242,"NUFFIELD HEALTH, WOLVERHAMPTON HOSPITAL",X01,Other,2016-05-01,2019-08-01,40,20,20,50.0,7,False,True,2019-08-01
NT245__X01,NT245,"NUFFIELD HEALTH, YORK HOSPITAL",X01,Other,2016-05-01,2018-11-01,31,3,28,90.3225806451613,28,True,True,2018-11-01
NT305__X01,NT305,SPIRE PORTSMOUTH HOSPITAL,X01,Other,2016-05-01,2021-03-01,59,23,36,61.016949152542374,13,False,True,2021-03-01
NT337__150,NT337,SPIRE LIVERPOOL HOSPITAL,150,Neurosurgery,2016-05-01,2026-05-01,121,49,72,59.50413223140496,46,False,False,2026-05-01
NT347__320,NT347,SPIRE FYLDE COAST HOSPITAL,320,Cardiology,2016-05-01,2025-07-01,111,51,60,54.054054054054056,27,False,True,2025-07-01
NT350__330,NT350,SPIRE METHLEY PARK HOSPITAL,330,Dermatology,2016-05-01,2018-05-01,25,2,23,92.0,23,True,True,2018-05-01
NT443__120,NT443,BMI - THE WINTERBOURNE HOSPITAL,120,ENT,2016-05-01,2017-06-01,14,12,2,14.285714285714286,2,True,True,2017-06-01
NVC07__150,NVC07,FULWOOD HALL HOSPITAL,150,Neurosurgery,2016-05-01,2021-04-01,60,18,42,70.0,41,False,True,2021-04-01
NVC07__410,NVC07,FULWOOD HALL HOSPITAL,410,Rheumatology,2016-05-01,2018-07-01,27,3,24,88.88888888888889,24,True,True,2018-07-01
RAN__300,RAN,ROYAL NATIONAL ORTHOPAEDIC HOSPITAL NHS TRUST,300,General Medicine,2016-05-01,2016-07-01,3,2,1,33.333333333333336,1,True,True,2016-07-01
RT3__400,RT3,ROYAL BROMPTON & HAREFIELD NHS FOUNDATION TRUST,400,Neurology,2016-05-01,2017-04-01,12,3,9,75.0,5,True,True,2017-04-01
RY8__300,RY8,DERBYSHIRE COMMUNITY HEALTH SERVICES NHS FOUNDATION TRUST,300,General Medicine,2016-05-01,2016-08-01,4,3,1,25.0,1,True,True,2016-08-01
ADP02__170,ADP02,KIMS HOSPITAL (NEWNHAM COURT),170,Cardiothoracic Surgery,2016-06-01,2016-07-01,2,2,0,0.0,0,True,True,2016-07-01
NQH__330,NQH,NOVUS HEALTH LTD,330,Dermatology,2016-06-01,2026-05-01,120,120,0,0.0,0,False,False,2026-05-01
NT302__170,NT302,SPIRE BRISTOL HOSPITAL,170,Cardiothoracic Surgery,2016-06-01,2023-02-01,81,22,59,72.8395061728395,21,False,True,2023-02-01
NT302__320,NT302,SPIRE BRISTOL HOSPITAL,320,Cardiology,2016-06-01,2024-07-01,98,26,72,73.46938775510205,20,False,True,2024-07-01
NT304__120,NT304,SPIRE SOUTHAMPTON HOSPITAL,120,ENT,2016-06-01,2023-04-01,83,30,53,63.855421686746986,13,False,True,2023-04-01
NT305__160,NT305,SPIRE PORTSMOUTH HOSPITAL,160,Plastic Surgery,2016-06-01,2017-10-01,17,11,6,35.294117647058826,6,True,True,2017-10-01
NT318__X01,NT318,SPIRE NORWICH HOSPITAL,X01,Other,2016-06-01,2017-02-01,9,7,2,22.22222222222222,2,True,True,2017-02-01
NT428__150,NT428,BMI - THE PRINCESS MARGARET HOSPITAL,150,Neurosurgery,2016-06-01,2021-10-01,65,16,49,75.38461538461539,15,False,True,2021-10-01
NTPAD__320,NTPAD,ST MARY'S NHS TREATMENT CENTRE,320,Cardiology,2016-06-01,2026-05-01,120,120,0,0.0,0,False,False,2026-05-01
NVC04__400,NVC04,DUCHY HOSPITAL,400,Neurology,2016-06-01,2017-03-01,10,6,4,40.0,4,True,True,2017-03-01
NVC16__320,NVC16,RENACRES HOSPITAL,320,Cardiology,2016-06-01,2018-05-01,24,4,20,83.33333333333333,19,True,True,2018-05-01
RHM__170,RHM,UNIVERSITY HOSPITAL SOUTHAMPTON NHS FOUNDATION TRUST,170,Cardiothoracic Surgery,2016-06-01,2026-05-01,120,120,0,0.0,0,False,False,2026-05-01
RWF__170,RWF,MAIDSTONE AND TUNBRIDGE WELLS NHS TRUST,170,Cardiothoracic Surgery,2016-06-01,2026-05-01,120,80,40,33.333333333333336,39,False,False,2026-05-01
RY7__130,RY7,WIRRAL COMMUNITY NHS FOUNDATION TRUST,130,Ophthalmology,2016-06-01,2024-01-01,92,92,0,0.0,0,False,True,2024-01-01
RYV__300,RYV,CAMBRIDGESHIRE COMMUNITY SERVICES NHS TRUST,300,General Medicine,2016-06-01,2017-08-01,15,15,0,0.0,0,True,True,2017-08-01
NQT__X01,NQT,VIRGIN CARE LTD,X01,Other,2016-07-01,2017-02-01,8,8,0,0.0,0,True,True,2017-02-01
NQX01__110,NQX01,TOLLGATE CLINIC SITE,110,Trauma & Orthopaedics,2016-07-01,2025-03-01,105,99,6,5.714285714285714,2,False,True,2025-03-01
NT206__100,NT206,"NUFFIELD HEALTH, BRISTOL HOSPITAL (CHESTERFIELD)",100,General Surgery,2016-07-01,2026-05-01,119,119,0,0.0,0,False,False,2026-05-01
NT206__110,NT206,"NUFFIELD HEALTH, BRISTOL HOSPITAL (CHESTERFIELD)",110,Trauma & Orthopaedics,2016-07-01,2026-05-01,119,119,0,0.0,0,False,False,2026-05-01
NT206__130,NT206,"NUFFIELD HEALTH, BRISTOL HOSPITAL (CHESTERFIELD)",130,Ophthalmology,2016-07-01,2019-12-01,42,42,0,0.0,0,False,True,2019-12-01
NT206__301,NT206,"NUFFIELD HEALTH, BRISTOL HOSPITAL (CHESTERFIELD)",301,Gastroenterology,2016-07-01,2026-05-01,119,51,68,57.142857142857146,44,False,False,2026-05-01
NT304__101,NT304,SPIRE SOUTHAMPTON HOSPITAL,101,Urology,2016-07-01,2026-04-01,118,41,77,65.2542372881356,30,False,True,2026-04-01
NT312__X01,NT312,SPIRE ALEXANDRA HOSPITAL,X01,Other,2016-07-01,2021-03-01,57,40,17,29.82456140350877,10,False,True,2021-03-01
NT332__X01,NT332,SPIRE LEEDS HOSPITAL,X01,Other,2016-07-01,2021-03-01,57,15,42,73.6842105263158,13,False,True,2021-03-01
NT339__410,NT339,SPIRE REGENCY HOSPITAL,410,Rheumatology,2016-07-01,2025-05-01,107,2,105,98.13084112149532,105,False,True,2025-05-01
NT431__130,NT431,BMI - THE RUNNYMEDE HOSPITAL,130,Ophthalmology,2016-07-01,2026-05-01,119,56,63,52.94117647058823,61,False,False,2026-05-01
NT447__X01,NT447,BMI THE DUCHY HOSPITAL,X01,Other,2016-07-01,2021-03-01,57,54,3,5.2631578947368425,1,False,True,2021-03-01
NVC19__400,NVC19,RIVERS HOSPITAL,400,Neurology,2016-07-01,2024-11-01,101,51,50,49.504950495049506,32,False,True,2024-11-01
NVC24__400,NVC24,BODMIN NHS TREATMENT CENTRE,400,Neurology,2016-07-01,2016-07-01,1,1,0,0.0,0,True,True,2016-07-01
NWF01__330,NWF01,BENENDEN HOSPITAL,330,Dermatology,2016-07-01,2016-08-01,2,2,0,0.0,0,True,True,2016-08-01
NWX__100,NWX,HERE,100,General Surgery,2016-07-01,2024-11-01,101,101,0,0.0,0,False,True,2024-11-01
NXP__120,NXP,INDEPENDENT HEALTH GROUP,120,ENT,2016-07-01,2017-06-01,12,6,6,50.0,2,True,True,2017-06-01
NXP__130,NXP,INDEPENDENT HEALTH GROUP,130,Ophthalmology,2016-07-01,2026-05-01,119,119,0,0.0,0,False,False,2026-05-01
RC1__170,RC1,BEDFORD HOSPITAL NHS TRUST,170,Cardiothoracic Surgery,2016-07-01,2017-12-01,18,2,16,88.88888888888889,16,True,True,2017-12-01
RDR__300,RDR,SUSSEX COMMUNITY NHS FOUNDATION TRUST,300,General Medicine,2016-07-01,2024-01-01,91,91,0,0.0,0,False,True,2024-01-01
RGM__X01,RGM,PAPWORTH HOSPITAL NHS FOUNDATION TRUST,X01,Other,2016-07-01,2021-02-01,56,15,41,73.21428571428571,30,False,True,2021-02-01
RWP__170,RWP,WORCESTERSHIRE ACUTE HOSPITALS NHS TRUST,170,Cardiothoracic Surgery,2016-07-01,2023-08-01,86,55,31,36.04651162790697,5,False,True,2023-08-01
RXQ__170,RXQ,BUCKINGHAMSHIRE HEALTHCARE NHS TRUST,170,Cardiothoracic Surgery,2016-07-01,2016-08-01,2,2,0,0.0,0,True,True,2016-08-01
RY3__100,RY3,NORFOLK COMMUNITY HEALTH AND CARE NHS TRUST,100,General Surgery,2016-07-01,2016-07-01,1,1,0,0.0,0,True,True,2016-07-01
NQM01__101,NQM01,ORTHOPAEDICS & SPINE SPECIALIST HOSPITAL SITE,101,Urology,2016-08-01,2024-10-01,99,4,95,95.95959595959596,37,False,True,2024-10-01
NT225__150,NT225,"NUFFIELD HEALTH, LEEDS HOSPITAL",150,Neurosurgery,2016-08-01,2025-11-01,112,40,72,64.28571428571429,55,False,True,2025-11-01
NT237__300,NT237,"NUFFIELD HEALTH, TEES HOSPITAL",300,General Medicine,2016-08-01,2018-01-01,18,18,0,0.0,0,True,True,2018-01-01
NT302__160,NT302,SPIRE BRISTOL HOSPITAL,160,Plastic Surgery,2016-08-01,2021-07-01,60,57,3,5.0,2,False,True,2021-07-01
NT308__150,NT308,SPIRE GATWICK PARK HOSPITAL,150,Neurosurgery,2016-08-01,2021-02-01,55,43,12,21.818181818181817,10,False,True,2021-02-01
NT309__130,NT309,SPIRE SUSSEX HOSPITAL,130,Ophthalmology,2016-08-01,2022-03-01,68,50,18,26.470588235294116,18,False,True,2022-03-01
NT310__X01,NT310,SPIRE TUNBRIDGE WELLS HOSPITAL,X01,Other,2016-08-01,2021-03-01,56,19,37,66.07142857142857,13,False,True,2021-03-01
NT401__120,NT401,BMI - THE ALEXANDRA HOSPITAL,120,ENT,2016-08-01,2021-03-01,56,5,51,91.07142857142857,39,False,True,2021-03-01
NT404__400,NT404,BMI - THE BEAUMONT HOSPITAL,400,Neurology,2016-08-01,2026-05-01,118,88,30,25.423728813559322,7,False,False,2026-05-01
NT427__301,NT427,BMI - THE PARK HOSPITAL,301,Gastroenterology,2016-08-01,2026-05-01,118,109,9,7.627118644067797,8,False,False,2026-05-01
NT427__X01,NT427,BMI - THE PARK HOSPITAL,X01,Other,2016-08-01,2021-03-01,56,56,0,0.0,0,False,True,2021-03-01
NT429__160,NT429,BMI - THE PRIORY HOSPITAL,160,Plastic Surgery,2016-08-01,2016-08-01,1,1,0,0.0,0,True,True,2016-08-01
NT437__100,NT437,BMI - THE SLOANE HOSPITAL,100,General Surgery,2016-08-01,2026-05-01,118,118,0,0.0,0,False,False,2026-05-01
NT437__130,NT437,BMI - THE SLOANE HOSPITAL,130,Ophthalmology,2016-08-01,2024-09-01,98,95,3,3.061224489795918,3,False,True,2024-09-01
NT440__101,NT440,BMI - THORNBURY HOSPITAL,101,Urology,2016-08-01,2026-05-01,118,20,98,83.05084745762711,57,False,False,2026-05-01
NT450__502,NT450,BMI THE LINCOLN HOSPITAL,502,Gynaecology,2016-08-01,2025-04-01,105,21,84,80.0,62,False,True,2025-04-01
NT457__301,NT457,BMI WOODLANDS HOSPITAL,301,Gastroenterology,2016-08-01,2026-05-01,118,29,89,75.42372881355932,39,False,False,2026-05-01
NTPH5__301,NTPH5,PENINSULA NHS TREATMENT CENTRE,301,Gastroenterology,2016-08-01,2026-05-01,118,118,0,0.0,0,False,False,2026-05-01
NVC07__160,NVC07,FULWOOD HALL HOSPITAL,160,Plastic Surgery,2016-08-01,2026-05-01,118,85,33,27.966101694915253,13,False,False,2026-05-01
NVC20__410,NVC20,THE YORKSHIRE CLINIC,410,Rheumatology,2016-08-01,2022-07-01,72,12,60,83.33333333333333,42,False,True,2022-07-01
RRV__160,RRV,UNIVERSITY COLLEGE LONDON HOSPITALS NHS FOUNDATION TRUST,160,Plastic Surgery,2016-08-01,2016-09-01,2,2,0,0.0,0,True,True,2016-09-01
ACG01__130,ACG01,NEWMEDICA,130,Ophthalmology,2016-09-01,2017-11-01,15,15,0,0.0,0,True,True,2017-11-01
NT212__502,NT212,"NUFFIELD HEALTH, CHICHESTER HOSPITAL",502,Gynaecology,2016-09-01,2026-05-01,117,95,22,18.803418803418804,10,False,False,2026-05-01
NT214__120,NT214,"NUFFIELD HEALTH, WESSEX HOSPITAL",120,ENT,2016-09-01,2025-10-01,110,2,108,98.18181818181819,108,False,True,2025-10-01
NT218__330,NT218,"NUFFIELD HEALTH, HAYWARDS HEATH HOSPITAL",330,Dermatology,2016-09-01,2016-09-01,1,1,0,0.0,0,True,True,2016-09-01
NT241__150,NT241,"NUFFIELD HEALTH, WOKING HOSPITAL",150,Neurosurgery,2016-09-01,2017-05-01,9,9,0,0.0,0,True,True,2017-05-01
NT301__150,NT301,SPIRE SOUTH BANK HOSPITAL,150,Neurosurgery,2016-09-01,2020-02-01,42,35,7,16.666666666666668,3,False,True,2020-02-01
NT304__410,NT304,SPIRE SOUTHAMPTON HOSPITAL,410,Rheumatology,2016-09-01,2016-09-01,1,1,0,0.0,0,True,True,2016-09-01
NT316__330,NT316,SPIRE HARPENDEN HOSPITAL,330,Dermatology,2016-09-01,2017-02-01,6,6,0,0.0,0,True,True,2017-02-01
NT324__X01,NT324,SPIRE CHESHIRE HOSPITAL,X01,Other,2016-09-01,2021-03-01,55,30,25,45.45454545454545,7,False,True,2021-03-01
NT350__400,NT350,SPIRE METHLEY PARK HOSPITAL,400,Neurology,2016-09-01,2026-05-01,117,43,74,63.24786324786325,41,False,False,2026-05-01
NT401__101,NT401,BMI - THE ALEXANDRA HOSPITAL,101,Urology,2016-09-01,2025-12-01,112,21,91,81.25,30,False,True,2025-12-01
NT401__130,NT401,BMI - THE ALEXANDRA HOSPITAL,130,Ophthalmology,2016-09-01,2022-09-01,73,15,58,79.45205479452055,51,False,True,2022-09-01
NT432__502,NT432,BMI - THE SANDRINGHAM HOSPITAL,502,Gynaecology,2016-09-01,2016-12-01,4,4,0,0.0,0,True,True,2016-12-01
NT432__X01,NT432,BMI - THE SANDRINGHAM HOSPITAL,X01,Other,2016-09-01,2020-03-01,43,21,22,51.16279069767442,5,False,True,2020-03-01
NT441__301,NT441,BMI - THREE SHIRES HOSPITAL,301,Gastroenterology,2016-09-01,2026-05-01,117,81,36,30.76923076923077,14,False,False,2026-05-01
NT441__X01,NT441,BMI - THREE SHIRES HOSPITAL,X01,Other,2016-09-01,2021-03-01,55,48,7,12.727272727272727,3,False,True,2021-03-01
NT448__502,NT448,BMI THE HUDDERSFIELD HOSPITAL,502,Gynaecology,2016-09-01,2026-05-01,117,117,0,0.0,0,False,False,2026-05-01
NT450__301,NT450,BMI THE LINCOLN HOSPITAL,301,Gastroenterology,2016-09-01,2026-05-01,117,44,73,62.39316239316239,51,False,False,2026-05-01
NT450__X01,NT450,BMI THE LINCOLN HOSPITAL,X01,Other,2016-09-01,2021-03-01,55,50,5,9.090909090909092,3,False,True,2021-03-01
NVC02__330,NVC02,THE BERKSHIRE INDEPENDENT HOSPITAL,330,Dermatology,2016-09-01,2022-01-01,65,16,49,75.38461538461539,32,False,True,2022-01-01
NVC04__410,NVC04,DUCHY HOSPITAL,410,Rheumatology,2016-09-01,2016-09-01,1,1,0,0.0,0,True,True,2016-09-01
NVC05__330,NVC05,EUXTON HALL HOSPITAL,330,Dermatology,2016-09-01,2018-03-01,19,2,17,89.47368421052632,17,True,True,2018-03-01
NVC14__120,NVC14,PARK HILL HOSPITAL,120,ENT,2016-09-01,2026-03-01,115,56,59,51.30434782608695,23,False,True,2026-03-01
NVC22__410,NVC22,WINFIELD HOSPITAL,410,Rheumatology,2016-09-01,2016-11-01,3,3,0,0.0,0,True,True,2016-11-01
RA3__400,RA3,WESTON AREA HEALTH NHS TRUST,400,Neurology,2016-09-01,2016-12-01,4,4,0,0.0,0,True,True,2016-12-01
RA7__100,RA7,UNIVERSITY HOSPITALS BRISTOL NHS FOUNDATION TRUST,100,General Surgery,2016-09-01,2026-05-01,117,75,42,35.8974358974359,42,False,False,2026-05-01
RW1__400,RW1,SOUTHERN HEALTH NHS FOUNDATION TRUST,400,Neurology,2016-09-01,2025-01-01,101,4,97,96.03960396039604,60,False,True,2025-01-01
NR3__X01,NR3,NOTTINGHAM CITYCARE PARTNERSHIP,X01,Other,2016-10-01,2021-03-01,54,54,0,0.0,0,False,True,2021-03-01
NT205__400,NT205,"NUFFIELD HEALTH, BRIGHTON HOSPITAL",400,Neurology,2016-10-01,2017-02-01,5,5,0,0.0,0,True,True,2017-02-01
NT233__120,NT233,"NUFFIELD HEALTH, PLYMOUTH HOSPITAL",120,ENT,2016-10-01,2024-11-01,98,19,79,80.61224489795919,79,False,True,2024-11-01
NT302__301,NT302,SPIRE BRISTOL HOSPITAL,301,Gastroenterology,2016-10-01,2020-05-01,44,3,41,93.18181818181819,41,False,True,2020-05-01
NT315__150,NT315,SPIRE BUSHEY HOSPITAL,150,Neurosurgery,2016-10-01,2026-04-01,115,65,50,43.47826086956522,29,False,True,2026-04-01
NT316__320,NT316,SPIRE HARPENDEN HOSPITAL,320,Cardiology,2016-10-01,2020-02-01,41,7,34,82.92682926829268,23,False,True,2020-02-01
NT324__410,NT324,SPIRE CHESHIRE HOSPITAL,410,Rheumatology,2016-10-01,2026-02-01,113,2,111,98.23008849557522,111,False,True,2026-02-01
NT345__160,NT345,SPIRE CLARE PARK HOSPITAL,160,Plastic Surgery,2016-10-01,2019-11-01,38,6,32,84.21052631578948,32,False,True,2019-11-01
NT351__150,NT351,SPIRE HULL AND EAST RIDING HOSPITAL,150,Neurosurgery,2016-10-01,2026-05-01,116,116,0,0.0,0,False,False,2026-05-01
NT409__301,NT409,BMI - CHELSFIELD PARK HOSPITAL,301,Gastroenterology,2016-10-01,2026-05-01,116,116,0,0.0,0,False,False,2026-05-01
NT448__150,NT448,BMI THE HUDDERSFIELD HOSPITAL,150,Neurosurgery,2016-10-01,2024-12-01,99,11,88,88.88888888888889,24,False,True,2024-12-01
NTE02__330,NTE02,ST HUGH'S HOSPITAL,330,Dermatology,2016-10-01,2021-03-01,54,50,4,7.407407407407407,4,False,True,2021-03-01
NVC18__330,NVC18,SPRINGFIELD HOSPITAL,330,Dermatology,2016-10-01,2024-09-01,96,5,91,94.79166666666667,70,False,True,2024-09-01
NVC23__320,NVC23,WOODLAND HOSPITAL,320,Cardiology,2016-10-01,2020-09-01,48,8,40,83.33333333333333,40,False,True,2020-09-01
RBK__100,RBK,WALSALL HEALTHCARE NHS TRUST,100,General Surgery,2016-10-01,2026-05-01,116,116,0,0.0,0,False,False,2026-05-01
RBK__101,RBK,WALSALL HEALTHCARE NHS TRUST,101,Urology,2016-10-01,2023-12-01,87,84,3,3.4482758620689653,2,False,True,2023-12-01
RBK__110,RBK,WALSALL HEALTHCARE NHS TRUST,110,Trauma & Orthopaedics,2016-10-01,2026-05-01,116,116,0,0.0,0,False,False,2026-05-01
RBK__120,RBK,WALSALL HEALTHCARE NHS TRUST,120,ENT,2016-10-01,2026-05-01,116,116,0,0.0,0,False,False,2026-05-01
RBK__130,RBK,WALSALL HEALTHCARE NHS TRUST,130,Ophthalmology,2016-10-01,2026-05-01,116,116,0,0.0,0,False,False,2026-05-01
RBK__140,RBK,WALSALL HEALTHCARE NHS TRUST,140,Oral Surgery,2016-10-01,2026-05-01,116,116,0,0.0,0,False,False,2026-05-01
RBK__160,RBK,WALSALL HEALTHCARE NHS TRUST,160,Plastic Surgery,2016-10-01,2025-10-01,109,109,0,0.0,0,False,True,2025-10-01
RBK__170,RBK,WALSALL HEALTHCARE NHS TRUST,170,Cardiothoracic Surgery,2016-10-01,2023-07-01,82,82,0,0.0,0,False,True,2023-07-01
RBK__300,RBK,WALSALL HEALTHCARE NHS TRUST,300,General Medicine,2016-10-01,2025-06-01,105,57,48,45.714285714285715,34,False,True,2025-06-01
RBK__301,RBK,WALSALL HEALTHCARE NHS TRUST,301,Gastroenterology,2016-10-01,2026-05-01,116,116,0,0.0,0,False,False,2026-05-01
RBK__320,RBK,WALSALL HEALTHCARE NHS TRUST,320,Cardiology,2016-10-01,2026-05-01,116,116,0,0.0,0,False,False,2026-05-01
RBK__330,RBK,WALSALL HEALTHCARE NHS TRUST,330,Dermatology,2016-10-01,2026-05-01,116,116,0,0.0,0,False,False,2026-05-01
RBK__340,RBK,WALSALL HEALTHCARE NHS TRUST,340,Thoracic Medicine,2016-10-01,2026-05-01,116,116,0,0.0,0,False,False,2026-05-01
RBK__400,RBK,WALSALL HEALTHCARE NHS TRUST,400,Neurology,2016-10-01,2026-05-01,116,116,0,0.0,0,False,False,2026-05-01
RBK__410,RBK,WALSALL HEALTHCARE NHS TRUST,410,Rheumatology,2016-10-01,2026-05-01,116,116,0,0.0,0,False,False,2026-05-01
RBK__430,RBK,WALSALL HEALTHCARE NHS TRUST,430,Geriatric Medicine,2016-10-01,2026-05-01,116,116,0,0.0,0,False,False,2026-05-01
RBK__502,RBK,WALSALL HEALTHCARE NHS TRUST,502,Gynaecology,2016-10-01,2026-05-01,116,116,0,0.0,0,False,False,2026-05-01
RBK__X01,RBK,WALSALL HEALTHCARE NHS TRUST,X01,Other,2016-10-01,2021-03-01,54,54,0,0.0,0,False,True,2021-03-01
RF4__100,RF4,"BARKING, HAVERING AND REDBRIDGE UNIVERSITY HOSPITALS NHS TRUST",100,General Surgery,2016-10-01,2026-05-01,116,115,1,0.8620689655172413,1,False,False,2026-05-01
RF4__101,RF4,"BARKING, HAVERING AND REDBRIDGE UNIVERSITY HOSPITALS NHS TRUST",101,Urology,2016-10-01,2026-05-01,116,115,1,0.8620689655172413,1,False,False,2026-05-01
RF4__110,RF4,"BARKING, HAVERING AND REDBRIDGE UNIVERSITY HOSPITALS NHS TRUST",110,Trauma & Orthopaedics,2016-10-01,2026-05-01,116,115,1,0.8620689655172413,1,False,False,2026-05-01
RF4__120,RF4,"BARKING, HAVERING AND REDBRIDGE UNIVERSITY HOSPITALS NHS TRUST",120,ENT,2016-10-01,2026-05-01,116,115,1,0.8620689655172413,1,False,False,2026-05-01
RF4__130,RF4,"BARKING, HAVERING AND REDBRIDGE UNIVERSITY HOSPITALS NHS TRUST",130,Ophthalmology,2016-10-01,2026-05-01,116,115,1,0.8620689655172413,1,False,False,2026-05-01
RF4__140,RF4,"BARKING, HAVERING AND REDBRIDGE UNIVERSITY HOSPITALS NHS TRUST",140,Oral Surgery,2016-10-01,2026-05-01,116,66,50,43.10344827586207,15,False,False,2026-05-01
RF4__150,RF4,"BARKING, HAVERING AND REDBRIDGE UNIVERSITY HOSPITALS NHS TRUST",150,Neurosurgery,2016-10-01,2026-05-01,116,115,1,0.8620689655172413,1,False,False,2026-05-01
RF4__300,RF4,"BARKING, HAVERING AND REDBRIDGE UNIVERSITY HOSPITALS NHS TRUST",300,General Medicine,2016-10-01,2026-05-01,116,115,1,0.8620689655172413,1,False,False,2026-05-01
RF4__301,RF4,"BARKING, HAVERING AND REDBRIDGE UNIVERSITY HOSPITALS NHS TRUST",301,Gastroenterology,2016-10-01,2026-05-01,116,115,1,0.8620689655172413,1,False,False,2026-05-01
RF4__320,RF4,"BARKING, HAVERING AND REDBRIDGE UNIVERSITY HOSPITALS NHS TRUST",320,Cardiology,2016-10-01,2026-05-01,116,115,1,0.8620689655172413,1,False,False,2026-05-01
RF4__330,RF4,"BARKING, HAVERING AND REDBRIDGE UNIVERSITY HOSPITALS NHS TRUST",330,Dermatology,2016-10-01,2026-05-01,116,115,1,0.8620689655172413,1,False,False,2026-05-01
RF4__340,RF4,"BARKING, HAVERING AND REDBRIDGE UNIVERSITY HOSPITALS NHS TRUST",340,Thoracic Medicine,2016-10-01,2026-05-01,116,115,1,0.8620689655172413,1,False,False,2026-05-01
RF4__400,RF4,"BARKING, HAVERING AND REDBRIDGE UNIVERSITY HOSPITALS NHS TRUST",400,Neurology,2016-10-01,2026-05-01,116,115,1,0.8620689655172413,1,False,False,2026-05-01
RF4__410,RF4,"BARKING, HAVERING AND REDBRIDGE UNIVERSITY HOSPITALS NHS TRUST",410,Rheumatology,2016-10-01,2026-05-01,116,115,1,0.8620689655172413,1,False,False,2026-05-01
RF4__430,RF4,"BARKING, HAVERING AND REDBRIDGE UNIVERSITY HOSPITALS NHS TRUST",430,Geriatric Medicine,2016-10-01,2026-05-01,116,115,1,0.8620689655172413,1,False,False,2026-05-01
RF4__502,RF4,"BARKING, HAVERING AND REDBRIDGE UNIVERSITY HOSPITALS NHS TRUST",502,Gynaecology,2016-10-01,2026-05-01,116,115,1,0.8620689655172413,1,False,False,2026-05-01
RF4__X01,RF4,"BARKING, HAVERING AND REDBRIDGE UNIVERSITY HOSPITALS NHS TRUST",X01,Other,2016-10-01,2021-03-01,54,54,0,0.0,0,False,True,2021-03-01
RPA__100,RPA,MEDWAY NHS FOUNDATION TRUST,100,General Surgery,2016-10-01,2026-05-01,116,116,0,0.0,0,False,False,2026-05-01
RPA__101,RPA,MEDWAY NHS FOUNDATION TRUST,101,Urology,2016-10-01,2026-05-01,116,116,0,0.0,0,False,False,2026-05-01
RPA__110,RPA,MEDWAY NHS FOUNDATION TRUST,110,Trauma & Orthopaedics,2016-10-01,2026-05-01,116,116,0,0.0,0,False,False,2026-05-01
RPA__120,RPA,MEDWAY NHS FOUNDATION TRUST,120,ENT,2016-10-01,2026-05-01,116,116,0,0.0,0,False,False,2026-05-01
RPA__300,RPA,MEDWAY NHS FOUNDATION TRUST,300,General Medicine,2016-10-01,2026-05-01,116,116,0,0.0,0,False,False,2026-05-01
RPA__301,RPA,MEDWAY NHS FOUNDATION TRUST,301,Gastroenterology,2016-10-01,2026-05-01,116,116,0,0.0,0,False,False,2026-05-01
RPA__320,RPA,MEDWAY NHS FOUNDATION TRUST,320,Cardiology,2016-10-01,2026-05-01,116,116,0,0.0,0,False,False,2026-05-01
RPA__330,RPA,MEDWAY NHS FOUNDATION TRUST,330,Dermatology,2016-10-01,2019-03-01,30,30,0,0.0,0,True,True,2019-03-01
RPA__340,RPA,MEDWAY NHS FOUNDATION TRUST,340,Thoracic Medicine,2016-10-01,2026-05-01,116,116,0,0.0,0,False,False,2026-05-01
RPA__400,RPA,MEDWAY NHS FOUNDATION TRUST,400,Neurology,2016-10-01,2026-05-01,116,116,0,0.0,0,False,False,2026-05-01
RPA__410,RPA,MEDWAY NHS FOUNDATION TRUST,410,Rheumatology,2016-10-01,2026-05-01,116,116,0,0.0,0,False,False,2026-05-01
RPA__430,RPA,MEDWAY NHS FOUNDATION TRUST,430,Geriatric Medicine,2016-10-01,2026-05-01,116,116,0,0.0,0,False,False,2026-05-01
RPA__502,RPA,MEDWAY NHS FOUNDATION TRUST,502,Gynaecology,2016-10-01,2026-05-01,116,116,0,0.0,0,False,False,2026-05-01
RPA__X01,RPA,MEDWAY NHS FOUNDATION TRUST,X01,Other,2016-10-01,2021-03-01,54,54,0,0.0,0,False,True,2021-03-01
RXP__150,RXP,COUNTY DURHAM AND DARLINGTON NHS FOUNDATION TRUST,150,Neurosurgery,2016-10-01,2016-11-01,2,2,0,0.0,0,True,True,2016-11-01
NT204__X01,NT204,"NUFFIELD HEALTH, BRENTWOOD HOSPITAL",X01,Other,2016-11-01,2021-02-01,52,3,49,94.23076923076923,34,False,True,2021-02-01
NT206__X01,NT206,"NUFFIELD HEALTH, BRISTOL HOSPITAL (CHESTERFIELD)",X01,Other,2016-11-01,2021-03-01,53,45,8,15.09433962264151,8,False,True,2021-03-01
NT230__430,NT230,"NUFFIELD HEALTH, NORTH STAFFORDSHIRE HOSPITAL",430,Geriatric Medicine,2016-11-01,2018-06-01,20,3,17,85.0,17,True,True,2018-06-01
NT339__301,NT339,SPIRE REGENCY HOSPITAL,301,Gastroenterology,2016-11-01,2026-05-01,115,10,105,91.30434782608695,31,False,False,2026-05-01
NT344__140,NT344,SPIRE DUNEDIN HOSPITAL,140,Oral Surgery,2016-11-01,2017-01-01,3,3,0,0.0,0,True,True,2017-01-01
NT427__120,NT427,BMI - THE PARK HOSPITAL,120,ENT,2016-11-01,2024-09-01,95,30,65,68.42105263157895,42,False,True,2024-09-01
NT437__301,NT437,BMI - THE SLOANE HOSPITAL,301,Gastroenterology,2016-11-01,2026-05-01,115,104,11,9.565217391304348,5,False,False,2026-05-01
NT437__502,NT437,BMI - THE SLOANE HOSPITAL,502,Gynaecology,2016-11-01,2026-02-01,112,110,2,1.7857142857142858,1,False,True,2026-02-01
NTP11__300,NTP11,SOUTHAMPTON NHS TREATMENT CENTRE,300,General Medicine,2016-11-01,2021-06-01,56,19,37,66.07142857142857,30,False,True,2021-06-01
NVC09__160,NVC09,NEW HALL HOSPITAL,160,Plastic Surgery,2016-11-01,2026-04-01,114,57,57,50.0,24,False,True,2026-04-01
NVC19__410,NVC19,RIVERS HOSPITAL,410,Rheumatology,2016-11-01,2022-10-01,72,24,48,66.66666666666667,13,False,True,2022-10-01
NVC44__502,NVC44,THE WESTBOURNE CENTRE,502,Gynaecology,2016-11-01,2018-09-01,23,4,19,82.6086956521739,19,True,True,2018-09-01
NYW02__300,NYW02,ASPEN - PARKSIDE HOSPITAL,300,General Medicine,2016-11-01,2022-08-01,70,29,41,58.57142857142857,22,False,True,2022-08-01
NYW04__300,NYW04,ASPEN - CLAREMONT HOSPITAL,300,General Medicine,2016-11-01,2019-01-01,27,3,24,88.88888888888889,24,True,True,2019-01-01
RPY__130,RPY,THE ROYAL MARSDEN NHS FOUNDATION TRUST,130,Ophthalmology,2016-11-01,2026-03-01,113,32,81,71.68141592920354,26,False,True,2026-03-01
RT3__330,RT3,ROYAL BROMPTON & HAREFIELD NHS FOUNDATION TRUST,330,Dermatology,2016-11-01,2017-01-01,3,2,1,33.333333333333336,1,True,True,2017-01-01
RXC__150,RXC,EAST SUSSEX HEALTHCARE NHS TRUST,150,Neurosurgery,2016-11-01,2017-02-01,4,4,0,0.0,0,True,True,2017-02-01
NT238__101,NT238,"NUFFIELD HEALTH, TAUNTON HOSPITAL",101,Urology,2016-12-01,2025-05-01,102,9,93,91.17647058823529,38,False,True,2025-05-01
NT302__300,NT302,SPIRE BRISTOL HOSPITAL,300,General Medicine,2016-12-01,2022-08-01,69,6,63,91.30434782608695,52,False,True,2022-08-01
NTPAD__300,NTPAD,ST MARY'S NHS TREATMENT CENTRE,300,General Medicine,2016-12-01,2016-12-01,1,1,0,0.0,0,True,True,2016-12-01
NVC02__410,NVC02,THE BERKSHIRE INDEPENDENT HOSPITAL,410,Rheumatology,2016-12-01,2022-01-01,62,17,45,72.58064516129032,35,False,True,2022-01-01
NVC04__502,NVC04,DUCHY HOSPITAL,502,Gynaecology,2016-12-01,2021-04-01,53,13,40,75.47169811320755,32,False,True,2021-04-01
NVC14__330,NVC14,PARK HILL HOSPITAL,330,Dermatology,2016-12-01,2023-08-01,81,23,58,71.60493827160494,58,False,True,2023-08-01
RA9__150,RA9,TORBAY AND SOUTH DEVON NHS FOUNDATION TRUST,150,Neurosurgery,2016-12-01,2018-02-01,15,6,9,60.0,4,True,True,2018-02-01
RM2__130,RM2,UNIVERSITY HOSPITAL OF SOUTH MANCHESTER NHS FOUNDATION TRUST,130,Ophthalmology,2016-12-01,2016-12-01,1,1,0,0.0,0,True,True,2016-12-01
RMP__340,RMP,TAMESIDE AND GLOSSOP INTEGRATED CARE NHS FOUNDATION TRUST,340,Thoracic Medicine,2016-12-01,2026-05-01,114,114,0,0.0,0,False,False,2026-05-01
RMP__430,RMP,TAMESIDE AND GLOSSOP INTEGRATED CARE NHS FOUNDATION TRUST,430,Geriatric Medicine,2016-12-01,2026-05-01,114,114,0,0.0,0,False,False,2026-05-01
AAH__150,AAH,TETBURY HOSPITAL TRUST LTD,150,Neurosurgery,2017-01-01,2017-01-01,1,1,0,0.0,0,True,True,2017-01-01
NT224__400,NT224,"NUFFIELD HEALTH, WARWICKSHIRE HOSPITAL",400,Neurology,2017-01-01,2019-02-01,26,2,24,92.3076923076923,24,True,True,2019-02-01
NT301__300,NT301,SPIRE SOUTH BANK HOSPITAL,300,General Medicine,2017-01-01,2022-08-01,68,14,54,79.41176470588235,50,False,True,2022-08-01
NT309__X01,NT309,SPIRE SUSSEX HOSPITAL,X01,Other,2017-01-01,2021-03-01,51,11,40,78.43137254901961,14,False,True,2021-03-01
NT315__301,NT315,SPIRE BUSHEY HOSPITAL,301,Gastroenterology,2017-01-01,2026-05-01,113,78,35,30.97345132743363,35,False,False,2026-05-01
NT325__330,NT325,SPIRE MURRAYFIELD HOSPITAL,330,Dermatology,2017-01-01,2017-04-01,4,4,0,0.0,0,True,True,2017-04-01
NT332__301,NT332,SPIRE LEEDS HOSPITAL,301,Gastroenterology,2017-01-01,2026-05-01,113,4,109,96.46017699115045,72,False,False,2026-05-01
NT403__330,NT403,BMI - THE BEARDWOOD HOSPITAL,330,Dermatology,2017-01-01,2025-12-01,108,4,104,96.29629629629629,104,False,True,2025-12-01
NT411__330,NT411,BMI - THE CLEMENTINE CHURCHILL HOSPITAL,330,Dermatology,2017-01-01,2025-05-01,101,8,93,92.07920792079207,48,False,True,2025-05-01
NT413__X01,NT413,BMI - THE ESPERANCE HOSPITAL,X01,Other,2017-01-01,2019-06-01,30,30,0,0.0,0,True,True,2019-06-01
NT414__410,NT414,BMI - FAWKHAM MANOR HOSPITAL,410,Rheumatology,2017-01-01,2018-11-01,23,6,17,73.91304347826087,5,True,True,2018-11-01
NT420__320,NT420,BMI - THE HIGHFIELD HOSPITAL,320,Cardiology,2017-01-01,2024-01-01,85,42,43,50.588235294117645,32,False,True,2024-01-01
NT427__150,NT427,BMI - THE PARK HOSPITAL,150,Neurosurgery,2017-01-01,2026-05-01,113,69,44,38.93805309734513,23,False,False,2026-05-01
NT427__320,NT427,BMI - THE PARK HOSPITAL,320,Cardiology,2017-01-01,2026-02-01,110,30,80,72.72727272727273,32,False,True,2026-02-01
NT437__120,NT437,BMI - THE SLOANE HOSPITAL,120,ENT,2017-01-01,2025-06-01,102,58,44,43.13725490196079,38,False,True,2025-06-01
NT440__130,NT440,BMI - THORNBURY HOSPITAL,130,Ophthalmology,2017-01-01,2018-04-01,16,4,12,75.0,12,True,True,2018-04-01
NT448__301,NT448,BMI THE HUDDERSFIELD HOSPITAL,301,Gastroenterology,2017-01-01,2022-03-01,63,46,17,26.984126984126984,7,False,True,2022-03-01
NVC02__120,NVC02,THE BERKSHIRE INDEPENDENT HOSPITAL,120,ENT,2017-01-01,2021-05-01,53,4,49,92.45283018867924,49,False,True,2021-05-01
RGR__301,RGR,WEST SUFFOLK NHS FOUNDATION TRUST,301,Gastroenterology,2017-01-01,2026-05-01,113,108,5,4.424778761061947,5,False,False,2026-05-01
RP4__X01,RP4,GREAT ORMOND STREET HOSPITAL FOR CHILDREN NHS FOUNDATION TRUST,X01,Other,2017-01-01,2021-03-01,51,51,0,0.0,0,False,True,2021-03-01
RYR__160,RYR,WESTERN SUSSEX HOSPITALS NHS FOUNDATION TRUST,160,Plastic Surgery,2017-01-01,2026-04-01,112,53,59,52.67857142857143,36,False,True,2026-04-01
NQM01__120,NQM01,ORTHOPAEDICS & SPINE SPECIALIST HOSPITAL SITE,120,ENT,2017-02-01,2024-06-01,89,5,84,94.38202247191012,31,False,True,2024-06-01
NR5__502,NR5,LIVEWELL SOUTHWEST,502,Gynaecology,2017-02-01,2017-05-01,4,2,2,50.0,2,True,True,2017-05-01
NT350__150,NT350,SPIRE METHLEY PARK HOSPITAL,150,Neurosurgery,2017-02-01,2026-05-01,112,111,1,0.8928571428571429,1,False,False,2026-05-01
NT404__410,NT404,BMI - THE BEAUMONT HOSPITAL,410,Rheumatology,2017-02-01,2017-03-01,2,2,0,0.0,0,True,True,2017-03-01
NT411__320,NT411,BMI - THE CLEMENTINE CHURCHILL HOSPITAL,320,Cardiology,2017-02-01,2026-04-01,111,45,66,59.45945945945946,14,False,True,2026-04-01
NT422__320,NT422,BMI - THE LONDON INDEPENDENT HOSPITAL,320,Cardiology,2017-02-01,2025-08-01,103,45,58,56.310679611650485,18,False,True,2025-08-01
NT428__120,NT428,BMI - THE PRINCESS MARGARET HOSPITAL,120,ENT,2017-02-01,2017-03-01,2,2,0,0.0,0,True,True,2017-03-01
NT428__330,NT428,BMI - THE PRINCESS MARGARET HOSPITAL,330,Dermatology,2017-02-01,2020-07-01,42,10,32,76.19047619047619,19,False,True,2020-07-01
NT432__400,NT432,BMI - THE SANDRINGHAM HOSPITAL,400,Neurology,2017-02-01,2019-11-01,34,6,28,82.3529411764706,18,True,True,2019-11-01
NT434__101,NT434,BMI - THE SAXON CLINIC,101,Urology,2017-02-01,2025-01-01,96,11,85,88.54166666666667,49,False,True,2025-01-01
NT436__320,NT436,BMI - SHIRLEY OAKS HOSPITAL,320,Cardiology,2017-02-01,2025-10-01,105,4,101,96.19047619047619,57,False,True,2025-10-01
NT441__120,NT441,BMI - THREE SHIRES HOSPITAL,120,ENT,2017-02-01,2022-11-01,70,8,62,88.57142857142857,51,False,True,2022-11-01
NT447__320,NT447,BMI THE DUCHY HOSPITAL,320,Cardiology,2017-02-01,2024-03-01,86,6,80,93.02325581395348,56,False,True,2024-03-01
NT448__320,NT448,BMI THE HUDDERSFIELD HOSPITAL,320,Cardiology,2017-02-01,2017-02-01,1,1,0,0.0,0,True,True,2017-02-01
NT450__400,NT450,BMI THE LINCOLN HOSPITAL,400,Neurology,2017-02-01,2021-08-01,55,6,49,89.0909090909091,47,False,True,2021-08-01
NT455__330,NT455,BMI MOUNT ALVERNIA HOSPITAL,330,Dermatology,2017-02-01,2017-02-01,1,1,0,0.0,0,True,True,2017-02-01
NT455__410,NT455,BMI MOUNT ALVERNIA HOSPITAL,410,Rheumatology,2017-02-01,2017-02-01,1,1,0,0.0,0,True,True,2017-02-01
NTP15__400,NTP15,NORTH EAST LONDON TREATMENT CENTRE CARE UK,400,Neurology,2017-02-01,2021-06-01,53,14,39,73.58490566037736,39,False,True,2021-06-01
NTPAD__340,NTPAD,ST MARY'S NHS TREATMENT CENTRE,340,Thoracic Medicine,2017-02-01,2017-02-01,1,1,0,0.0,0,True,True,2017-02-01
NV10Y__110,NV10Y,NORTH WEST CATS - INHEALTH PATHWAY MANAGEMENT CENTRE,110,Trauma & Orthopaedics,2017-02-01,2021-02-01,49,49,0,0.0,0,False,True,2021-02-01
NV10Y__120,NV10Y,NORTH WEST CATS - INHEALTH PATHWAY MANAGEMENT CENTRE,120,ENT,2017-02-01,2023-01-01,72,72,0,0.0,0,False,True,2023-01-01
NV10Y__301,NV10Y,NORTH WEST CATS - INHEALTH PATHWAY MANAGEMENT CENTRE,301,Gastroenterology,2017-02-01,2023-01-01,72,71,1,1.3888888888888888,1,False,True,2023-01-01
NV10Y__502,NV10Y,NORTH WEST CATS - INHEALTH PATHWAY MANAGEMENT CENTRE,502,Gynaecology,2017-02-01,2017-04-01,3,2,1,33.333333333333336,1,True,True,2017-04-01
NVC17__320,NVC17,ROWLEY HALL HOSPITAL,320,Cardiology,2017-02-01,2019-05-01,28,8,20,71.42857142857143,13,True,True,2019-05-01
NVC18__320,NVC18,SPRINGFIELD HOSPITAL,320,Cardiology,2017-02-01,2023-12-01,83,12,71,85.5421686746988,33,False,True,2023-12-01
RCD__150,RCD,HARROGATE AND DISTRICT NHS FOUNDATION TRUST,150,Neurosurgery,2017-02-01,2019-01-01,24,2,22,91.66666666666667,22,True,True,2019-01-01
RCU__130,RCU,SHEFFIELD CHILDREN'S NHS FOUNDATION TRUST,130,Ophthalmology,2017-02-01,2017-02-01,1,1,0,0.0,0,True,True,2017-02-01
RNQ__430,RNQ,KETTERING GENERAL HOSPITAL NHS FOUNDATION TRUST,430,Geriatric Medicine,2017-02-01,2026-05-01,112,112,0,0.0,0,False,False,2026-05-01
RQ3__502,RQ3,BIRMINGHAM WOMEN'S AND CHILDREN'S NHS FOUNDATION TRUST,502,Gynaecology,2017-02-01,2026-05-01,112,112,0,0.0,0,False,False,2026-05-01
RVV__160,RVV,EAST KENT HOSPITALS UNIVERSITY NHS FOUNDATION TRUST,160,Plastic Surgery,2017-02-01,2017-02-01,1,1,0,0.0,0,True,True,2017-02-01
NQTF7__X01,NQTF7,VCL WILTSHIRE CHILDRENS SERVICES,X01,Other,2017-03-01,2021-03-01,49,49,0,0.0,0,False,True,2021-03-01
NT209__140,NT209,"NUFFIELD HEALTH, CAMBRIDGE HOSPITAL",140,Oral Surgery,2017-03-01,2017-03-01,1,1,0,0.0,0,True,True,2017-03-01
NT301__130,NT301,SPIRE SOUTH BANK HOSPITAL,130,Ophthalmology,2017-03-01,2017-03-01,1,1,0,0.0,0,True,True,2017-03-01
NT314__330,NT314,SPIRE RODING HOSPITAL,330,Dermatology,2017-03-01,2017-03-01,1,1,0,0.0,0,True,True,2017-03-01
NT339__160,NT339,SPIRE REGENCY HOSPITAL,160,Plastic Surgery,2017-03-01,2017-03-01,1,1,0,0.0,0,True,True,2017-03-01
NT3X3__100,NT3X3,SPIRE ST ANTHONY'S HOSPITAL,100,General Surgery,2017-03-01,2026-05-01,111,111,0,0.0,0,False,False,2026-05-01
NT3X3__110,NT3X3,SPIRE ST ANTHONY'S HOSPITAL,110,Trauma & Orthopaedics,2017-03-01,2026-05-01,111,111,0,0.0,0,False,False,2026-05-01
NT3X3__150,NT3X3,SPIRE ST ANTHONY'S HOSPITAL,150,Neurosurgery,2017-03-01,2026-05-01,111,105,6,5.405405405405405,6,False,False,2026-05-01
NT419__X01,NT419,BMI - THE HARBOUR HOSPITAL,X01,Other,2017-03-01,2019-08-01,30,16,14,46.666666666666664,7,True,True,2019-08-01
NT430__301,NT430,BMI - THE RIDGEWAY HOSPITAL,301,Gastroenterology,2017-03-01,2026-05-01,111,104,7,6.306306306306307,4,False,False,2026-05-01
NT430__400,NT430,BMI - THE RIDGEWAY HOSPITAL,400,Neurology,2017-03-01,2019-06-01,28,9,19,67.85714285714286,11,True,True,2019-06-01
NT430__X01,NT430,BMI - THE RIDGEWAY HOSPITAL,X01,Other,2017-03-01,2021-03-01,49,46,3,6.122448979591836,1,False,True,2021-03-01
NT439__400,NT439,BMI - THE SOUTH CHESHIRE PRIVATE HOSPITAL,400,Neurology,2017-03-01,2019-12-01,34,20,14,41.1764705882353,4,True,True,2019-12-01
NTP15__320,NTP15,NORTH EAST LONDON TREATMENT CENTRE CARE UK,320,Cardiology,2017-03-01,2023-03-01,73,18,55,75.34246575342466,48,False,True,2023-03-01
NTP15__410,NTP15,NORTH EAST LONDON TREATMENT CENTRE CARE UK,410,Rheumatology,2017-03-01,2017-10-01,8,8,0,0.0,0,True,True,2017-10-01
NTP15__502,NTP15,NORTH EAST LONDON TREATMENT CENTRE CARE UK,502,Gynaecology,2017-03-01,2026-05-01,111,111,0,0.0,0,False,False,2026-05-01
NTPAD__101,NTPAD,ST MARY'S NHS TREATMENT CENTRE,101,Urology,2017-03-01,2026-05-01,111,111,0,0.0,0,False,False,2026-05-01
NVC06__160,NVC06,FITZWILLIAM HOSPITAL,160,Plastic Surgery,2017-03-01,2024-09-01,91,15,76,83.51648351648352,32,False,True,2024-09-01
NVC11__400,NVC11,NORTH DOWNS HOSPITAL,400,Neurology,2017-03-01,2021-12-01,58,8,50,86.20689655172414,50,False,True,2021-12-01
NVC31__101,NVC31,BLAKELANDS HOSPITAL,101,Urology,2017-03-01,2026-05-01,111,109,2,1.8018018018018018,2,False,False,2026-05-01
RFF__130,RFF,BARNSLEY HOSPITAL NHS FOUNDATION TRUST,130,Ophthalmology,2017-03-01,2026-05-01,111,110,1,0.9009009009009009,1,False,False,2026-05-01
IS1__100,IS1,INDEPENDENT SECTOR - UNSPECIFIED,100,General Surgery,2017-04-01,2017-04-01,1,1,0,0.0,0,True,True,2017-04-01
IS1__101,IS1,INDEPENDENT SECTOR - UNSPECIFIED,101,Urology,2017-04-01,2017-04-01,1,1,0,0.0,0,True,True,2017-04-01
IS1__120,IS1,INDEPENDENT SECTOR - UNSPECIFIED,120,ENT,2017-04-01,2017-04-01,1,1,0,0.0,0,True,True,2017-04-01
IS1__130,IS1,INDEPENDENT SECTOR - UNSPECIFIED,130,Ophthalmology,2017-04-01,2017-04-01,1,1,0,0.0,0,True,True,2017-04-01
IS1__301,IS1,INDEPENDENT SECTOR - UNSPECIFIED,301,Gastroenterology,2017-04-01,2017-04-01,1,1,0,0.0,0,True,True,2017-04-01
IS1__502,IS1,INDEPENDENT SECTOR - UNSPECIFIED,502,Gynaecology,2017-04-01,2017-04-01,1,1,0,0.0,0,True,True,2017-04-01
NEQ__100,NEQ,PHOENIX HEALTH SOLUTIONS LIMITED HQ,100,General Surgery,2017-04-01,2023-10-01,79,30,49,62.0253164556962,22,False,True,2023-10-01
NEQ__101,NEQ,PHOENIX HEALTH SOLUTIONS LIMITED HQ,101,Urology,2017-04-01,2022-01-01,58,28,30,51.724137931034484,30,False,True,2022-01-01
NEQ__110,NEQ,PHOENIX HEALTH SOLUTIONS LIMITED HQ,110,Trauma & Orthopaedics,2017-04-01,2025-02-01,95,70,25,26.31578947368421,10,False,True,2025-02-01
NEQ__120,NEQ,PHOENIX HEALTH SOLUTIONS LIMITED HQ,120,ENT,2017-04-01,2022-01-01,58,21,37,63.793103448275865,31,False,True,2022-01-01
NEQ__130,NEQ,PHOENIX HEALTH SOLUTIONS LIMITED HQ,130,Ophthalmology,2017-04-01,2026-05-01,110,110,0,0.0,0,False,False,2026-05-01
NEQ__301,NEQ,PHOENIX HEALTH SOLUTIONS LIMITED HQ,301,Gastroenterology,2017-04-01,2026-05-01,110,110,0,0.0,0,False,False,2026-05-01
NEQ__502,NEQ,PHOENIX HEALTH SOLUTIONS LIMITED HQ,502,Gynaecology,2017-04-01,2024-10-01,91,29,62,68.13186813186813,32,False,True,2024-10-01
NEQ__X01,NEQ,PHOENIX HEALTH SOLUTIONS LIMITED HQ,X01,Other,2017-04-01,2021-03-01,48,48,0,0.0,0,False,True,2021-03-01
NMG__410,NMG,CONNECT PHYSICAL HEALTH,410,Rheumatology,2017-04-01,2026-05-01,110,110,0,0.0,0,False,False,2026-05-01
NMG__X01,NMG,CONNECT PHYSICAL HEALTH,X01,Other,2017-04-01,2021-03-01,48,48,0,0.0,0,False,True,2021-03-01
NQT5K__110,NQT5K,ST MARTINS HOSPITAL,110,Trauma & Orthopaedics,2017-04-01,2026-05-01,110,106,4,3.6363636363636362,4,False,False,2026-05-01
NQT5K__430,NQT5K,ST MARTINS HOSPITAL,430,Geriatric Medicine,2017-04-01,2026-05-01,110,106,4,3.6363636363636362,4,False,False,2026-05-01
NQT5K__X01,NQT5K,ST MARTINS HOSPITAL,X01,Other,2017-04-01,2021-03-01,48,42,6,12.5,6,False,True,2021-03-01
NQTH0__330,NQTH0,VIRGIN CARE EAST RIDING LLP,330,Dermatology,2017-04-01,2024-10-01,91,91,0,0.0,0,False,True,2024-10-01
NT241__400,NT241,"NUFFIELD HEALTH, WOKING HOSPITAL",400,Neurology,2017-04-01,2017-04-01,1,1,0,0.0,0,True,True,2017-04-01
NT3X3__X01,NT3X3,SPIRE ST ANTHONY'S HOSPITAL,X01,Other,2017-04-01,2021-03-01,48,32,16,33.333333333333336,16,False,True,2021-03-01
NT422__410,NT422,BMI - THE LONDON INDEPENDENT HOSPITAL,410,Rheumatology,2017-04-01,2026-05-01,110,19,91,82.72727272727273,55,False,False,2026-05-01
NT429__120,NT429,BMI - THE PRIORY HOSPITAL,120,ENT,2017-04-01,2025-05-01,98,22,76,77.55102040816327,30,False,True,2025-05-01
NT429__140,NT429,BMI - THE PRIORY HOSPITAL,140,Oral Surgery,2017-04-01,2024-10-01,91,2,89,97.8021978021978,89,False,True,2024-10-01
NT429__301,NT429,BMI - THE PRIORY HOSPITAL,301,Gastroenterology,2017-04-01,2025-02-01,95,95,0,0.0,0,False,True,2025-02-01
NT429__400,NT429,BMI - THE PRIORY HOSPITAL,400,Neurology,2017-04-01,2022-07-01,64,24,40,62.5,15,False,True,2022-07-01
NT429__X01,NT429,BMI - THE PRIORY HOSPITAL,X01,Other,2017-04-01,2021-03-01,48,48,0,0.0,0,False,True,2021-03-01
NT443__X01,NT443,BMI - THE WINTERBOURNE HOSPITAL,X01,Other,2017-04-01,2021-03-01,48,41,7,14.583333333333334,4,False,True,2021-03-01
NTPH1__X01,NTPH1,SHEPTON MALLET NHS TREATMENT CENTRE,X01,Other,2017-04-01,2020-06-01,39,35,4,10.256410256410257,3,False,True,2020-06-01
NTPH5__160,NTPH5,PENINSULA NHS TREATMENT CENTRE,160,Plastic Surgery,2017-04-01,2017-10-01,7,7,0,0.0,0,True,True,2017-10-01
NVC06__330,NVC06,FITZWILLIAM HOSPITAL,330,Dermatology,2017-04-01,2017-07-01,4,2,2,50.0,2,True,True,2017-07-01
R1L__X01,R1L,ESSEX PARTNERSHIP UNIVERSITY NHS FOUNDATION TRUST,X01,Other,2017-04-01,2018-03-01,12,12,0,0.0,0,True,True,2018-03-01
RDZ__301,RDZ,THE ROYAL BOURNEMOUTH AND CHRISTCHURCH HOSPITALS NHS FOUNDATION TRUST,301,Gastroenterology,2017-04-01,2020-09-01,42,42,0,0.0,0,False,True,2020-09-01
RWH__170,RWH,EAST AND NORTH HERTFORDSHIRE NHS TRUST,170,Cardiothoracic Surgery,2017-04-01,2026-05-01,110,97,13,11.818181818181818,13,False,False,2026-05-01
AJ8__100,AJ8,THE GRANGE MEDICAL CENTRE HQ,100,General Surgery,2017-05-01,2019-05-01,25,25,0,0.0,0,True,True,2019-05-01
AJ8__101,AJ8,THE GRANGE MEDICAL CENTRE HQ,101,Urology,2017-05-01,2019-05-01,25,25,0,0.0,0,True,True,2019-05-01
AJ8__120,AJ8,THE GRANGE MEDICAL CENTRE HQ,120,ENT,2017-05-01,2018-11-01,19,19,0,0.0,0,True,True,2018-11-01
AJ8__130,AJ8,THE GRANGE MEDICAL CENTRE HQ,130,Ophthalmology,2017-05-01,2020-07-01,39,39,0,0.0,0,False,True,2020-07-01
AJ8__301,AJ8,THE GRANGE MEDICAL CENTRE HQ,301,Gastroenterology,2017-05-01,2026-05-01,109,109,0,0.0,0,False,False,2026-05-01
AJ8__502,AJ8,THE GRANGE MEDICAL CENTRE HQ,502,Gynaecology,2017-05-01,2018-11-01,19,19,0,0.0,0,True,True,2018-11-01
NPR__330,NPR,ABOUT HEALTH,330,Dermatology,2017-05-01,2017-10-01,6,5,1,16.666666666666668,1,True,True,2017-10-01
NT245__120,NT245,"NUFFIELD HEALTH, YORK HOSPITAL",120,ENT,2017-05-01,2022-09-01,65,7,58,89.23076923076923,33,False,True,2022-09-01
NT304__150,NT304,SPIRE SOUTHAMPTON HOSPITAL,150,Neurosurgery,2017-05-01,2026-05-01,109,16,93,85.3211009174312,32,False,False,2026-05-01
NT410__301,NT410,BMI - THE CHILTERN HOSPITAL,301,Gastroenterology,2017-05-01,2026-05-01,109,109,0,0.0,0,False,False,2026-05-01
NT417__150,NT417,BMI - GORING HALL HOSPITAL,150,Neurosurgery,2017-05-01,2025-02-01,94,2,92,97.87234042553192,92,False,True,2025-02-01
NT417__320,NT417,BMI - GORING HALL HOSPITAL,320,Cardiology,2017-05-01,2023-04-01,72,10,62,86.11111111111111,50,False,True,2023-04-01
NT424__400,NT424,BMI - THE MERIDEN HOSPITAL,400,Neurology,2017-05-01,2026-04-01,108,61,47,43.51851851851852,13,False,True,2026-04-01
NT435__130,NT435,BMI - THE SHELBURNE HOSPITAL,130,Ophthalmology,2017-05-01,2021-12-01,56,2,54,96.42857142857143,54,False,True,2021-12-01
NEQ__300,NEQ,PHOENIX HEALTH SOLUTIONS LIMITED HQ,300,General Medicine,2017-06-01,2021-10-01,53,4,49,92.45283018867924,35,False,True,2021-10-01
NT215__101,NT215,"NUFFIELD HEALTH, EXETER HOSPITAL",101,Urology,2017-06-01,2022-05-01,60,18,42,70.0,42,False,True,2022-05-01
NT301__160,NT301,SPIRE SOUTH BANK HOSPITAL,160,Plastic Surgery,2017-06-01,2025-12-01,103,13,90,87.37864077669903,77,False,True,2025-12-01
NT401__410,NT401,BMI - THE ALEXANDRA HOSPITAL,410,Rheumatology,2017-06-01,2017-11-01,6,6,0,0.0,0,True,True,2017-11-01
NT417__400,NT417,BMI - GORING HALL HOSPITAL,400,Neurology,2017-06-01,2025-01-01,92,2,90,97.82608695652173,90,False,True,2025-01-01
NVC05__340,NVC05,EUXTON HALL HOSPITAL,340,Thoracic Medicine,2017-06-01,2025-07-01,98,7,91,92.85714285714286,51,False,True,2025-07-01
NVC17__410,NVC17,ROWLEY HALL HOSPITAL,410,Rheumatology,2017-06-01,2026-03-01,106,18,88,83.01886792452831,54,False,True,2026-03-01
R1A__150,R1A,WORCESTERSHIRE HEALTH AND CARE NHS TRUST,150,Neurosurgery,2017-06-01,2017-06-01,1,1,0,0.0,0,True,True,2017-06-01
RNZ__170,RNZ,SALISBURY NHS FOUNDATION TRUST,170,Cardiothoracic Surgery,2017-06-01,2023-03-01,70,3,67,95.71428571428571,67,False,True,2023-03-01
RW6__400,RW6,PENNINE ACUTE HOSPITALS NHS TRUST,400,Neurology,2017-06-01,2019-08-01,27,11,16,59.25925925925926,6,True,True,2019-08-01
DFY__330,DFY,COTSWOLDS SURGICAL PARTNERS LLP,330,Dermatology,2017-07-01,2023-03-01,69,69,0,0.0,0,False,True,2023-03-01
NT218__X01,NT218,"NUFFIELD HEALTH, HAYWARDS HEATH HOSPITAL",X01,Other,2017-07-01,2017-07-01,1,1,0,0.0,0,True,True,2017-07-01
NT241__X01,NT241,"NUFFIELD HEALTH, WOKING HOSPITAL",X01,Other,2017-07-01,2019-12-01,30,8,22,73.33333333333333,17,True,True,2019-12-01
NT412__400,NT412,BMI - THE DROITWICH SPA HOSPITAL,400,Neurology,2017-07-01,2017-10-01,4,4,0,0.0,0,True,True,2017-10-01
NT446__410,NT446,BMI ST EDMUNDS HOSPITAL,410,Rheumatology,2017-07-01,2017-07-01,1,1,0,0.0,0,True,True,2017-07-01
NTV__X01,NTV,CSH SURREY,X01,Other,2017-07-01,2020-09-01,39,39,0,0.0,0,False,True,2020-09-01
NVC07__300,NVC07,FULWOOD HALL HOSPITAL,300,General Medicine,2017-07-01,2025-02-01,92,22,70,76.08695652173913,34,False,True,2025-02-01
NVC12__410,NVC12,OAKLANDS HOSPITAL,410,Rheumatology,2017-07-01,2017-10-01,4,4,0,0.0,0,True,True,2017-10-01
NYW02__150,NYW02,ASPEN - PARKSIDE HOSPITAL,150,Neurosurgery,2017-07-01,2021-12-01,54,25,29,53.7037037037037,17,False,True,2021-12-01
R1C__330,R1C,SOLENT NHS TRUST,330,Dermatology,2017-07-01,2017-07-01,1,1,0,0.0,0,True,True,2017-07-01
RWY__170,RWY,CALDERDALE AND HUDDERSFIELD NHS FOUNDATION TRUST,170,Cardiothoracic Surgery,2017-07-01,2018-11-01,17,17,0,0.0,0,True,True,2018-11-01
IS1__150,IS1,INDEPENDENT SECTOR - UNSPECIFIED,150,Neurosurgery,2017-08-01,2018-02-01,7,7,0,0.0,0,True,True,2018-02-01
NEQ__320,NEQ,PHOENIX HEALTH SOLUTIONS LIMITED HQ,320,Cardiology,2017-08-01,2017-08-01,1,1,0,0.0,0,True,True,2017-08-01
NHM__330,NHM,SUFFOLK COMMUNITY HEALTHCARE,330,Dermatology,2017-08-01,2017-08-01,1,1,0,0.0,0,True,True,2017-08-01
NHM__340,NHM,SUFFOLK COMMUNITY HEALTHCARE,340,Thoracic Medicine,2017-08-01,2017-08-01,1,1,0,0.0,0,True,True,2017-08-01
NPR__100,NPR,ABOUT HEALTH,100,General Surgery,2017-08-01,2017-08-01,1,1,0,0.0,0,True,True,2017-08-01
NT205__X01,NT205,"NUFFIELD HEALTH, BRIGHTON HOSPITAL",X01,Other,2017-08-01,2018-02-01,7,2,5,71.42857142857143,5,True,True,2018-02-01
NT206__150,NT206,"NUFFIELD HEALTH, BRISTOL HOSPITAL (CHESTERFIELD)",150,Neurosurgery,2017-08-01,2026-05-01,106,31,75,70.75471698113208,23,False,False,2026-05-01
NT213__400,NT213,"NUFFIELD HEALTH, DERBY HOSPITAL",400,Neurology,2017-08-01,2017-08-01,1,1,0,0.0,0,True,True,2017-08-01
NT215__X01,NT215,"NUFFIELD HEALTH, EXETER HOSPITAL",X01,Other,2017-08-01,2018-05-01,10,4,6,60.0,6,True,True,2018-05-01
NT218__150,NT218,"NUFFIELD HEALTH, HAYWARDS HEATH HOSPITAL",150,Neurosurgery,2017-08-01,2021-10-01,51,12,39,76.47058823529412,33,False,True,2021-10-01
NT244__120,NT244,NUFFIELD HOSPITAL OXFORD (THE MANOR),120,ENT,2017-08-01,2017-08-01,1,1,0,0.0,0,True,True,2017-08-01
NT244__X01,NT244,NUFFIELD HOSPITAL OXFORD (THE MANOR),X01,Other,2017-08-01,2019-07-01,24,4,20,83.33333333333333,20,True,True,2019-07-01
NT305__330,NT305,SPIRE PORTSMOUTH HOSPITAL,330,Dermatology,2017-08-01,2026-05-01,106,2,104,98.11320754716981,104,False,False,2026-05-01
NT30A__110,NT30A,SPIRE NOTTINGHAM HOSPITAL,110,Trauma & Orthopaedics,2017-08-01,2026-05-01,106,106,0,0.0,0,False,False,2026-05-01
NVC25__160,NVC25,HORTON NHS TREATMENT CENTRE,160,Plastic Surgery,2017-08-01,2022-02-01,55,13,42,76.36363636363636,42,False,True,2022-02-01
R1K__150,R1K,LONDON NORTH WEST HEALTHCARE NHS TRUST,150,Neurosurgery,2017-08-01,2026-05-01,106,5,101,95.28301886792453,101,False,False,2026-05-01
RA7__160,RA7,UNIVERSITY HOSPITALS BRISTOL NHS FOUNDATION TRUST,160,Plastic Surgery,2017-08-01,2024-08-01,85,33,52,61.1764705882353,26,False,True,2024-08-01
RAJ__170,RAJ,SOUTHEND UNIVERSITY HOSPITAL NHS FOUNDATION TRUST,170,Cardiothoracic Surgery,2017-08-01,2026-05-01,106,75,31,29.245283018867923,31,False,False,2026-05-01
NRP__120,NRP,BEACON MEDICAL SERVICES GROUP LIMITED,120,ENT,2017-09-01,2026-05-01,105,104,1,0.9523809523809523,1,False,False,2026-05-01
NT219__X01,NT219,"NUFFIELD HEALTH, HEREFORD HOSPITAL",X01,Other,2017-09-01,2017-09-01,1,1,0,0.0,0,True,True,2017-09-01
NT315__502,NT315,SPIRE BUSHEY HOSPITAL,502,Gynaecology,2017-09-01,2026-05-01,105,29,76,72.38095238095238,29,False,False,2026-05-01
NT318__101,NT318,SPIRE NORWICH HOSPITAL,101,Urology,2017-09-01,2026-05-01,105,3,102,97.14285714285714,102,False,False,2026-05-01
NT344__120,NT344,SPIRE DUNEDIN HOSPITAL,120,ENT,2017-09-01,2017-09-01,1,1,0,0.0,0,True,True,2017-09-01
NT364__170,NT364,SPIRE MONTEFIORE HOSPITAL,170,Cardiothoracic Surgery,2017-09-01,2018-01-01,5,2,3,60.0,3,True,True,2018-01-01
NT3X3__301,NT3X3,SPIRE ST ANTHONY'S HOSPITAL,301,Gastroenterology,2017-09-01,2026-05-01,105,40,65,61.904761904761905,40,False,False,2026-05-01
NT424__320,NT424,BMI - THE MERIDEN HOSPITAL,320,Cardiology,2017-09-01,2023-01-01,65,12,53,81.53846153846153,46,False,True,2023-01-01
NT446__400,NT446,BMI ST EDMUNDS HOSPITAL,400,Neurology,2017-09-01,2026-03-01,103,3,100,97.0873786407767,51,False,True,2026-03-01
NT497__301,NT497,BMI GISBURNE PARK HOSPITAL,301,Gastroenterology,2017-09-01,2021-06-01,46,46,0,0.0,0,False,True,2021-06-01
NV10Y__101,NV10Y,NORTH WEST CATS - INHEALTH PATHWAY MANAGEMENT CENTRE,101,Urology,2017-09-01,2017-09-01,1,1,0,0.0,0,True,True,2017-09-01
NVC15__320,NVC15,PINEHILL HOSPITAL,320,Cardiology,2017-09-01,2024-01-01,77,12,65,84.41558441558442,25,False,True,2024-01-01
NVC23__160,NVC23,WOODLAND HOSPITAL,160,Plastic Surgery,2017-09-01,2026-05-01,105,59,46,43.80952380952381,21,False,False,2026-05-01
NVC40__320,NVC40,WOODTHORPE HOSPITAL,320,Cardiology,2017-09-01,2021-10-01,50,5,45,90.0,45,False,True,2021-10-01
NYW03__301,NYW03,ASPEN - HIGHGATE HOSPITAL,301,Gastroenterology,2017-09-01,2022-08-01,60,58,2,3.3333333333333335,2,False,True,2022-08-01
R1A__430,R1A,WORCESTERSHIRE HEALTH AND CARE NHS TRUST,430,Geriatric Medicine,2017-09-01,2017-09-01,1,1,0,0.0,0,True,True,2017-09-01
RF4__170,RF4,"BARKING, HAVERING AND REDBRIDGE UNIVERSITY HOSPITALS NHS TRUST",170,Cardiothoracic Surgery,2017-09-01,2026-04-01,104,12,92,88.46153846153847,59,False,True,2026-04-01
RL1__340,RL1,THE ROBERT JONES AND AGNES HUNT ORTHOPAEDIC HOSPITAL NHS FOUNDATION TRUST,340,Thoracic Medicine,2017-09-01,2026-03-01,103,23,80,77.66990291262135,42,False,True,2026-03-01
ADN__X01,ADN,PRIMARY INTEGRATED COMMUNITY SERVICES LTD,X01,Other,2017-10-01,2021-03-01,42,42,0,0.0,0,False,True,2021-03-01
NHT0N__330,NHT0N,COLCHESTER COMMUNITY DERMATOLOGY SERVICE - COLCHESTER GENERAL HOSPITAL,330,Dermatology,2017-10-01,2019-03-01,18,17,1,5.555555555555555,1,True,True,2019-03-01
NPG01__130,NPG01,SPAMEDICA (MANCHESTER),130,Ophthalmology,2017-10-01,2026-05-01,104,103,1,0.9615384615384616,1,False,False,2026-05-01
NT204__301,NT204,"NUFFIELD HEALTH, BRENTWOOD HOSPITAL",301,Gastroenterology,2017-10-01,2018-06-01,9,9,0,0.0,0,True,True,2018-06-01
NT302__130,NT302,SPIRE BRISTOL HOSPITAL,130,Ophthalmology,2017-10-01,2021-11-01,50,49,1,2.0,1,False,True,2021-11-01
NT30A__150,NT30A,SPIRE NOTTINGHAM HOSPITAL,150,Neurosurgery,2017-10-01,2026-04-01,103,86,17,16.50485436893204,17,False,True,2026-04-01
NT30A__400,NT30A,SPIRE NOTTINGHAM HOSPITAL,400,Neurology,2017-10-01,2026-04-01,103,44,59,57.28155339805825,18,False,True,2026-04-01
NT316__170,NT316,SPIRE HARPENDEN HOSPITAL,170,Cardiothoracic Surgery,2017-10-01,2020-03-01,30,2,28,93.33333333333333,28,True,True,2020-03-01
NT440__330,NT440,BMI - THORNBURY HOSPITAL,330,Dermatology,2017-10-01,2023-01-01,64,6,58,90.625,58,False,True,2023-01-01
NVC01__150,NVC01,ASHTEAD HOSPITAL,150,Neurosurgery,2017-10-01,2019-08-01,23,21,2,8.695652173913043,2,True,True,2019-08-01
NVC04__300,NVC04,DUCHY HOSPITAL,300,General Medicine,2017-10-01,2021-12-01,51,18,33,64.70588235294117,30,False,True,2021-12-01
NXM01__120,NXM01,THE HORDER CENTRE - ST JOHNS ROAD,120,"Ear, Nose & Throat (ENT)",2017-10-01,2017-10-01,1,1,0,0.0,0,True,True,2017-10-01
NYW17__140,NYW17,ASPEN HEALTHCARE - MIDLAND EYE,140,Oral Surgery,2017-10-01,2017-10-01,1,1,0,0.0,0,True,True,2017-10-01
R0A__100,R0A,MANCHESTER UNIVERSITY NHS FOUNDATION TRUST,100,General Surgery,2017-10-01,2026-05-01,104,101,3,2.8846153846153846,3,False,False,2026-05-01
R0A__101,R0A,MANCHESTER UNIVERSITY NHS FOUNDATION TRUST,101,Urology,2017-10-01,2026-05-01,104,101,3,2.8846153846153846,3,False,False,2026-05-01
R0A__110,R0A,MANCHESTER UNIVERSITY NHS FOUNDATION TRUST,110,Trauma & Orthopaedics,2017-10-01,2026-05-01,104,101,3,2.8846153846153846,3,False,False,2026-05-01
R0A__120,R0A,MANCHESTER UNIVERSITY NHS FOUNDATION TRUST,120,"Ear, Nose & Throat (ENT)",2017-10-01,2026-05-01,104,101,3,2.8846153846153846,3,False,False,2026-05-01
R0A__130,R0A,MANCHESTER UNIVERSITY NHS FOUNDATION TRUST,130,Ophthalmology,2017-10-01,2026-05-01,104,101,3,2.8846153846153846,3,False,False,2026-05-01
R0A__140,R0A,MANCHESTER UNIVERSITY NHS FOUNDATION TRUST,140,Oral Surgery,2017-10-01,2026-05-01,104,101,3,2.8846153846153846,3,False,False,2026-05-01
R0A__160,R0A,MANCHESTER UNIVERSITY NHS FOUNDATION TRUST,160,Plastic Surgery,2017-10-01,2026-05-01,104,101,3,2.8846153846153846,3,False,False,2026-05-01
R0A__170,R0A,MANCHESTER UNIVERSITY NHS FOUNDATION TRUST,170,Cardiothoracic Surgery,2017-10-01,2026-05-01,104,98,6,5.769230769230769,3,False,False,2026-05-01
R0A__300,R0A,MANCHESTER UNIVERSITY NHS FOUNDATION TRUST,300,General Medicine,2017-10-01,2026-05-01,104,101,3,2.8846153846153846,3,False,False,2026-05-01
R0A__301,R0A,MANCHESTER UNIVERSITY NHS FOUNDATION TRUST,301,Gastroenterology,2017-10-01,2026-05-01,104,101,3,2.8846153846153846,3,False,False,2026-05-01
R0A__320,R0A,MANCHESTER UNIVERSITY NHS FOUNDATION TRUST,320,Cardiology,2017-10-01,2026-05-01,104,101,3,2.8846153846153846,3,False,False,2026-05-01
R0A__330,R0A,MANCHESTER UNIVERSITY NHS FOUNDATION TRUST,330,Dermatology,2017-10-01,2026-05-01,104,101,3,2.8846153846153846,3,False,False,2026-05-01
R0A__340,R0A,MANCHESTER UNIVERSITY NHS FOUNDATION TRUST,340,Thoracic Medicine,2017-10-01,2026-05-01,104,101,3,2.8846153846153846,3,False,False,2026-05-01
R0A__400,R0A,MANCHESTER UNIVERSITY NHS FOUNDATION TRUST,400,Neurology,2017-10-01,2026-05-01,104,101,3,2.8846153846153846,3,False,False,2026-05-01
R0A__410,R0A,MANCHESTER UNIVERSITY NHS FOUNDATION TRUST,410,Rheumatology,2017-10-01,2026-05-01,104,101,3,2.8846153846153846,3,False,False,2026-05-01
R0A__430,R0A,MANCHESTER UNIVERSITY NHS FOUNDATION TRUST,430,Geriatric Medicine,2017-10-01,2026-05-01,104,101,3,2.8846153846153846,3,False,False,2026-05-01
R0A__502,R0A,MANCHESTER UNIVERSITY NHS FOUNDATION TRUST,502,Gynaecology,2017-10-01,2026-05-01,104,101,3,2.8846153846153846,3,False,False,2026-05-01
R0A__X01,R0A,MANCHESTER UNIVERSITY NHS FOUNDATION TRUST,X01,Other,2017-10-01,2021-03-01,42,42,0,0.0,0,False,True,2021-03-01
RAT__502,RAT,NORTH EAST LONDON NHS FOUNDATION TRUST,502,Gynaecology,2017-10-01,2017-10-01,1,1,0,0.0,0,True,True,2017-10-01
REP__430,REP,LIVERPOOL WOMEN'S NHS FOUNDATION TRUST,430,Geriatric Medicine,2017-10-01,2018-10-01,13,2,11,84.61538461538461,11,True,True,2018-10-01
RPC__120,RPC,QUEEN VICTORIA HOSPITAL NHS FOUNDATION TRUST,120,"Ear, Nose & Throat (ENT)",2017-10-01,2026-05-01,104,103,1,0.9615384615384616,1,False,False,2026-05-01
NEQ__140,NEQ,PHOENIX HEALTH SOLUTIONS LIMITED HQ,140,Oral Surgery,2017-11-01,2022-01-01,51,6,45,88.23529411764706,42,False,True,2022-01-01
NEQ__150,NEQ,PHOENIX HEALTH SOLUTIONS LIMITED HQ,150,Neurosurgery,2017-11-01,2023-10-01,72,2,70,97.22222222222223,70,False,True,2023-10-01
NLE01__320,NLE01,LANCASTER HOUSE CONSULTING DIAGNOSTICS SURGICAL LTD HQ,320,Cardiology,2017-11-01,2022-10-01,60,60,0,0.0,0,False,True,2022-10-01
NLE01__502,NLE01,LANCASTER HOUSE CONSULTING DIAGNOSTICS SURGICAL LTD HQ,502,Gynaecology,2017-11-01,2026-05-01,103,103,0,0.0,0,False,False,2026-05-01
NT350__170,NT350,SPIRE METHLEY PARK HOSPITAL,170,Cardiothoracic Surgery,2017-11-01,2017-11-01,1,1,0,0.0,0,True,True,2017-11-01
NT410__130,NT410,BMI - THE CHILTERN HOSPITAL,130,Ophthalmology,2017-11-01,2022-08-01,58,10,48,82.75862068965517,33,False,True,2022-08-01
NT416__400,NT416,BMI - HENDON HOSPITAL,400,Neurology,2017-11-01,2020-01-01,27,9,18,66.66666666666667,8,True,True,2020-01-01
NT428__320,NT428,BMI - THE PRINCESS MARGARET HOSPITAL,320,Cardiology,2017-11-01,2018-01-01,3,3,0,0.0,0,True,True,2018-01-01
NT446__330,NT446,BMI ST EDMUNDS HOSPITAL,330,Dermatology,2017-11-01,2026-01-01,99,2,97,97.97979797979798,97,False,True,2026-01-01
NVC15__400,NVC15,PINEHILL HOSPITAL,400,Neurology,2017-11-01,2025-11-01,97,15,82,84.5360824742268,26,False,True,2025-11-01
RGQ__150,RGQ,IPSWICH HOSPITAL NHS TRUST,150,Neurosurgery,2017-11-01,2018-03-01,5,4,1,20.0,1,True,True,2018-03-01
ACG03__130,ACG03,NEWMEDICA COMMUNITY OPHTHALMOLOGY - BASSETLAW - RETFORD PRIMARY CARE CENTRE,130,Ophthalmology,2017-12-01,2020-07-01,32,31,1,3.125,1,True,True,2020-07-01
ACG05__130,ACG05,NEWMEDICA COMMUNITY OPHTHALMOLOGY - SWINDON - SWINDON (TAW HILL MEDICAL CENTRE),130,Ophthalmology,2017-12-01,2020-10-01,35,35,0,0.0,0,True,True,2020-10-01
ACG07__130,ACG07,NEWMEDICA COMMUNITY OPHTHALMOLOGY - LEICESTERSHIRE - LEICESTER (STONEYGATE EYE HOSPITAL),130,Ophthalmology,2017-12-01,2024-02-01,75,75,0,0.0,0,False,True,2024-02-01
ACG08__130,ACG08,NEWMEDICA COMMUNITY OPHTHALMOLOGY - WARWICKSHIRE - THE GEORGE ELIOT HOSPITAL,130,Ophthalmology,2017-12-01,2026-05-01,102,102,0,0.0,0,False,False,2026-05-01
ACG09__130,ACG09,NEWMEDICA COMMUNITY OPHTHALMOLOGY - NORTH DERBYSHIRE - BARLBOROUGH TREATMENT CENTRE,130,Ophthalmology,2017-12-01,2022-05-01,54,54,0,0.0,0,False,True,2022-05-01
ACG10__130,ACG10,NEWMEDICA COMMUNITY OPHTHALMOLOGY - BRISTOL - BRISTOL,130,Ophthalmology,2017-12-01,2018-07-01,8,8,0,0.0,0,True,True,2018-07-01
ACG12__130,ACG12,NEWMEDICA COMMUNITY OPHTHALMOLOGY - NORTH EAST LINCOLNSHIRE - GRIMSBY,130,Ophthalmology,2017-12-01,2026-05-01,102,102,0,0.0,0,False,False,2026-05-01
ACG13__130,ACG13,NEWMEDICA COMMUNITY OPHTHALMOLOGY - GLOUCESTERSHIRE - GLOUCESTER (ASPEN CENTRE) (ACG13),130,Ophthalmology,2017-12-01,2026-05-01,102,102,0,0.0,0,False,False,2026-05-01
ACG16__130,ACG16,NEWMEDICA COMMUNITY OPHTHALMOLOGY - NORTH DERBYSHIRE - WINGERWORTH SURGERY,130,Ophthalmology,2017-12-01,2018-05-01,6,6,0,0.0,0,True,True,2018-05-01
ACG17__130,ACG17,NEWMEDICA COMMUNITY OPHTHALMOLOGY - BRISTOL - BEDMINSTER FAMILY PRACTICE,130,Ophthalmology,2017-12-01,2018-07-01,8,8,0,0.0,0,True,True,2018-07-01
ACG18__130,ACG18,NEWMEDICA COMMUNITY OPHTHALMOLOGY - NORTH SOMERSET - WESTON SUPER MARE,130,Ophthalmology,2017-12-01,2020-06-01,31,31,0,0.0,0,True,True,2020-06-01
NCR__140,NCR,ISIGHT,140,Oral Surgery,2017-12-01,2025-06-01,91,6,85,93.4065934065934,22,False,True,2025-06-01
NHT6A__330,NHT6A,GUILDFORD AND WAVERLEY COMMUNITY DERMATOLOGY SERVICE (ROYAL SURREY COUNTY HOSPITAL),330,Dermatology,2017-12-01,2018-02-01,3,3,0,0.0,0,True,True,2018-02-01
NT230__101,NT230,"NUFFIELD HEALTH, NORTH STAFFORDSHIRE HOSPITAL",101,Urology,2017-12-01,2025-12-01,97,9,88,90.72164948453609,58,False,True,2025-12-01
NT421__320,NT421,BMI - THE KINGS OAK HOSPITAL,320,Cardiology,2017-12-01,2023-03-01,64,15,49,76.5625,32,False,True,2023-03-01
NT428__130,NT428,BMI - THE PRINCESS MARGARET HOSPITAL,130,Ophthalmology,2017-12-01,2018-09-01,10,4,6,60.0,5,True,True,2018-09-01
NVC23__400,NVC23,WOODLAND HOSPITAL,400,Neurology,2017-12-01,2026-05-01,102,57,45,44.11764705882353,27,False,False,2026-05-01
NYR__110,NYR,GLOBAL DIAGNOSTICS,110,Trauma & Orthopaedics,2017-12-01,2026-05-01,102,55,47,46.07843137254902,46,False,False,2026-05-01
RXW__160,RXW,SHREWSBURY AND TELFORD HOSPITAL NHS TRUST,160,Plastic Surgery,2017-12-01,2018-10-01,11,4,7,63.63636363636363,3,True,True,2018-10-01
NLU02__X01,NLU02,SK:N MIDDLESBROUGH,X01,Other,2018-01-01,2018-01-01,1,1,0,0.0,0,True,True,2018-01-01
NT304__160,NT304,SPIRE SOUTHAMPTON HOSPITAL,160,Plastic Surgery,2018-01-01,2022-01-01,49,18,31,63.265306122448976,22,False,True,2022-01-01
NT322__160,NT322,SPIRE LEICESTER HOSPITAL,160,Plastic Surgery,2018-01-01,2021-03-01,39,4,35,89.74358974358974,35,False,True,2021-03-01
NT447__502,NT447,BMI THE DUCHY HOSPITAL,502,Gynaecology,2018-01-01,2025-06-01,90,20,70,77.77777777777777,45,False,True,2025-06-01
NT450__320,NT450,BMI THE LINCOLN HOSPITAL,320,Cardiology,2018-01-01,2023-03-01,63,5,58,92.06349206349206,58,False,True,2023-03-01
NVC01__400,NVC01,ASHTEAD HOSPITAL,400,Neurology,2018-01-01,2026-05-01,101,39,62,61.386138613861384,17,False,False,2026-05-01
NVC0M__100,NVC0M,CROYDON DAY HOSPITAL,100,General Surgery,2018-01-01,2023-11-01,71,68,3,4.225352112676056,2,False,True,2023-11-01
NVC0M__101,NVC0M,CROYDON DAY HOSPITAL,101,Urology,2018-01-01,2023-12-01,72,72,0,0.0,0,False,True,2023-12-01
NVC0M__110,NVC0M,CROYDON DAY HOSPITAL,110,Trauma & Orthopaedics,2018-01-01,2023-12-01,72,72,0,0.0,0,False,True,2023-12-01
NVC0M__130,NVC0M,CROYDON DAY HOSPITAL,130,Ophthalmology,2018-01-01,2023-12-01,72,71,1,1.3888888888888888,1,False,True,2023-12-01
NVC28__100,NVC28,CLIFTON PARK HOSPITAL,100,General Surgery,2018-01-01,2025-06-01,90,29,61,67.77777777777777,33,False,True,2025-06-01
NVC31__300,NVC31,BLAKELANDS HOSPITAL,300,General Medicine,2018-01-01,2021-12-01,48,9,39,81.25,39,False,True,2021-12-01
NYW02__160,NYW02,ASPEN - PARKSIDE HOSPITAL,160,Plastic Surgery,2018-01-01,2022-08-01,56,34,22,39.285714285714285,14,False,True,2022-08-01
RPY__340,RPY,THE ROYAL MARSDEN NHS FOUNDATION TRUST,340,Thoracic Medicine,2018-01-01,2026-05-01,101,41,60,59.40594059405941,14,False,False,2026-05-01
NT218__400,NT218,"NUFFIELD HEALTH, HAYWARDS HEATH HOSPITAL",400,Neurology,2018-02-01,2020-12-01,35,2,33,94.28571428571429,33,True,True,2020-12-01
NT30A__100,NT30A,SPIRE NOTTINGHAM HOSPITAL,100,General Surgery,2018-02-01,2026-05-01,100,100,0,0.0,0,False,False,2026-05-01
NT30A__101,NT30A,SPIRE NOTTINGHAM HOSPITAL,101,Urology,2018-02-01,2026-05-01,100,100,0,0.0,0,False,False,2026-05-01
NT322__320,NT322,SPIRE LEICESTER HOSPITAL,320,Cardiology,2018-02-01,2019-08-01,19,3,16,84.21052631578948,16,True,True,2019-08-01
NT429__320,NT429,BMI - THE PRIORY HOSPITAL,320,Cardiology,2018-02-01,2026-03-01,98,18,80,81.63265306122449,45,False,True,2026-03-01
NTP15__101,NTP15,NORTH EAST LONDON TREATMENT CENTRE CARE UK,101,Urology,2018-02-01,2026-05-01,100,100,0,0.0,0,False,False,2026-05-01
NVC0M__X01,NVC0M,RAMSAY CROYDON DAY HOSPITAL,X01,Other,2018-02-01,2021-03-01,38,38,0,0.0,0,False,True,2021-03-01
NVC0R__100,NVC0R,TEES VALLEY HOSPITAL,100,General Surgery,2018-02-01,2026-05-01,100,100,0,0.0,0,False,False,2026-05-01
NVC0R__101,NVC0R,TEES VALLEY HOSPITAL,101,Urology,2018-02-01,2026-05-01,100,100,0,0.0,0,False,False,2026-05-01
NVC0R__110,NVC0R,TEES VALLEY HOSPITAL,110,Trauma & Orthopaedics,2018-02-01,2026-05-01,100,100,0,0.0,0,False,False,2026-05-01
NVC0R__160,NVC0R,TEES VALLEY HOSPITAL,160,Plastic Surgery,2018-02-01,2026-05-01,100,100,0,0.0,0,False,False,2026-05-01
NVC0R__301,NVC0R,TEES VALLEY HOSPITAL,301,Gastroenterology,2018-02-01,2026-05-01,100,100,0,0.0,0,False,False,2026-05-01
NVC0R__330,NVC0R,TEES VALLEY HOSPITAL,330,Dermatology,2018-02-01,2026-05-01,100,100,0,0.0,0,False,False,2026-05-01
NVC0R__502,NVC0R,TEES VALLEY HOSPITAL,502,Gynaecology,2018-02-01,2026-05-01,100,100,0,0.0,0,False,False,2026-05-01
NVC0R__X01,NVC0R,TEES VALLEY HOSPITAL,X01,Other,2018-02-01,2021-03-01,38,35,3,7.894736842105263,3,False,True,2021-03-01
NVC11__150,NVC11,NORTH DOWNS HOSPITAL,150,Neurosurgery,2018-02-01,2018-12-01,11,10,1,9.090909090909092,1,True,True,2018-12-01
RA4__170,RA4,YEOVIL DISTRICT HOSPITAL NHS FOUNDATION TRUST,170,Cardiothoracic Surgery,2018-02-01,2019-01-01,12,9,3,25.0,3,True,True,2019-01-01
NT209__160,NT209,"NUFFIELD HEALTH, CAMBRIDGE HOSPITAL",160,Plastic Surgery,2018-03-01,2025-04-01,86,18,68,79.06976744186046,28,False,True,2025-04-01
NT209__X01,NT209,"NUFFIELD HEALTH, CAMBRIDGE HOSPITAL",X01,Other,2018-03-01,2019-04-01,14,2,12,85.71428571428571,12,True,True,2019-04-01
NT304__170,NT304,SPIRE SOUTHAMPTON HOSPITAL,170,Cardiothoracic Surgery,2018-03-01,2025-11-01,93,20,73,78.49462365591398,22,False,True,2025-11-01
NT309__140,NT309,SPIRE SUSSEX HOSPITAL,140,Oral Surgery,2018-03-01,2021-02-01,36,4,32,88.88888888888889,32,False,True,2021-02-01
NT314__301,NT314,SPIRE LONDON EAST,301,Gastroenterology,2018-03-01,2026-05-01,99,5,94,94.94949494949495,93,False,False,2026-05-01
NT325__160,NT325,SPIRE MURRAYFIELD HOSPITAL,160,Plastic Surgery,2018-03-01,2019-12-01,22,2,20,90.9090909090909,20,True,True,2019-12-01
NT403__320,NT403,BMI - THE BEARDWOOD HOSPITAL,320,Cardiology,2018-03-01,2025-09-01,91,48,43,47.252747252747255,15,False,True,2025-09-01
RGP__150,RGP,JAMES PAGET UNIVERSITY HOSPITALS NHS FOUNDATION TRUST,150,Neurosurgery,2018-03-01,2018-11-01,9,2,7,77.77777777777777,7,True,True,2018-11-01
RNN__150,RNN,CUMBRIA PARTNERSHIP NHS FOUNDATION TRUST,150,Neurosurgery,2018-03-01,2021-08-01,42,2,40,95.23809523809524,40,False,True,2021-08-01
RPC__110,RPC,QUEEN VICTORIA HOSPITAL NHS FOUNDATION TRUST,110,Trauma & Orthopaedics,2018-03-01,2020-04-01,26,25,1,3.8461538461538463,1,True,True,2020-04-01
RTX__400,RTX,UNIVERSITY HOSPITALS OF MORECAMBE BAY NHS FOUNDATION TRUST,400,Neurology,2018-03-01,2020-01-01,23,6,17,73.91304347826087,13,True,True,2020-01-01
RX1__410,RX1,NOTTINGHAM UNIVERSITY HOSPITALS NHS TRUST,410,Rheumatology,2018-03-01,2026-05-01,99,81,18,18.181818181818183,18,False,False,2026-05-01
ADP02__150,ADP02,KIMS HOSPITAL (NEWNHAM COURT),150,Neurosurgery,2018-04-01,2018-07-01,4,4,0,0.0,0,True,True,2018-07-01
NPG02__130,NPG02,SPAMEDICA (BIRKENHEAD),130,Ophthalmology,2018-04-01,2026-05-01,98,98,0,0.0,0,False,False,2026-05-01
NPG05__130,NPG05,SPAMEDICA - NEWTON-LE-WILLOWS,130,Ophthalmology,2018-04-01,2019-10-01,19,19,0,0.0,0,True,True,2019-10-01
NPG05__140,NPG05,SPAMEDICA - NEWTON-LE-WILLOWS,140,Oral Surgery,2018-04-01,2019-02-01,11,2,9,81.81818181818181,9,True,True,2019-02-01
NPG06__130,NPG06,SPAMEDICA LIVERPOOL,130,Ophthalmology,2018-04-01,2026-05-01,98,98,0,0.0,0,False,False,2026-05-01
NPG07__130,NPG07,SPAMEDICA EYE HOSPITAL (WAKEFIELD),130,Ophthalmology,2018-04-01,2026-05-01,98,98,0,0.0,0,False,False,2026-05-01
NPG08__130,NPG08,SPAMEDICA (BOLTON),130,Ophthalmology,2018-04-01,2026-05-01,98,98,0,0.0,0,False,False,2026-05-01
NPG10__130,NPG10,SPAMEDICA (SHEFFILED),130,Ophthalmology,2018-04-01,2026-05-01,98,98,0,0.0,0,False,False,2026-05-01
NT214__140,NT214,"NUFFIELD HEALTH, WESSEX HOSPITAL",140,Oral Surgery,2018-04-01,2018-06-01,3,2,1,33.333333333333336,1,True,True,2018-06-01
NT235__140,NT235,"NUFFIELD HEALTH, SHREWSBURY HOSPITAL",140,Oral Surgery,2018-04-01,2019-10-01,19,2,17,89.47368421052632,17,True,True,2019-10-01
NT30A__130,NT30A,SPIRE NOTTINGHAM HOSPITAL,130,Ophthalmology,2018-04-01,2022-01-01,46,46,0,0.0,0,False,True,2022-01-01
NT30A__X01,NT30A,SPIRE NOTTINGHAM HOSPITAL,X01,Other,2018-04-01,2021-03-01,36,33,3,8.333333333333334,2,False,True,2021-03-01
NT430__410,NT430,BMI - THE RIDGEWAY HOSPITAL,410,Rheumatology,2018-04-01,2018-06-01,3,3,0,0.0,0,True,True,2018-06-01
NT449__120,NT449,BMI THE LANCASTER HOSPITAL,120,"Ear, Nose & Throat (ENT)",2018-04-01,2025-12-01,93,37,56,60.215053763440864,42,False,True,2025-12-01
NT455__130,NT455,BMI MOUNT ALVERNIA HOSPITAL,130,Ophthalmology,2018-04-01,2021-01-01,34,32,2,5.882352941176471,1,True,True,2021-01-01
NVC13__320,NVC13,OAKS HOSPITAL,320,Cardiology,2018-04-01,2020-12-01,33,6,27,81.81818181818181,23,True,True,2020-12-01
NW6__100,NW6,HCA INTERNATIONAL,100,General Surgery,2018-04-01,2018-08-01,5,5,0,0.0,0,True,True,2018-08-01
NW6__101,NW6,HCA INTERNATIONAL,101,Urology,2018-04-01,2018-07-01,4,4,0,0.0,0,True,True,2018-07-01
NW6__110,NW6,HCA INTERNATIONAL,110,Trauma & Orthopaedics,2018-04-01,2018-09-01,6,6,0,0.0,0,True,True,2018-09-01
NW6__120,NW6,HCA INTERNATIONAL,120,"Ear, Nose & Throat (ENT)",2018-04-01,2018-08-01,5,5,0,0.0,0,True,True,2018-08-01
NW6__130,NW6,HCA INTERNATIONAL,130,Ophthalmology,2018-04-01,2018-09-01,6,6,0,0.0,0,True,True,2018-09-01
NW6__140,NW6,HCA INTERNATIONAL,140,Oral Surgery,2018-04-01,2018-06-01,3,2,1,33.333333333333336,1,True,True,2018-06-01
NW6__160,NW6,HCA INTERNATIONAL,160,Plastic Surgery,2018-04-01,2018-05-01,2,2,0,0.0,0,True,True,2018-05-01
NW6__301,NW6,HCA INTERNATIONAL,301,Gastroenterology,2018-04-01,2018-07-01,4,4,0,0.0,0,True,True,2018-07-01
NW6__502,NW6,HCA INTERNATIONAL,502,Gynaecology,2018-04-01,2018-09-01,6,6,0,0.0,0,True,True,2018-09-01
R1H__100,R1H,BARTS HEALTH NHS TRUST,100,General Surgery,2018-04-01,2026-05-01,98,98,0,0.0,0,False,False,2026-05-01
R1H__101,R1H,BARTS HEALTH NHS TRUST,101,Urology,2018-04-01,2026-05-01,98,98,0,0.0,0,False,False,2026-05-01
R1H__110,R1H,BARTS HEALTH NHS TRUST,110,Trauma & Orthopaedics,2018-04-01,2026-05-01,98,98,0,0.0,0,False,False,2026-05-01
R1H__120,R1H,BARTS HEALTH NHS TRUST,120,"Ear, Nose & Throat (ENT)",2018-04-01,2026-05-01,98,98,0,0.0,0,False,False,2026-05-01
R1H__130,R1H,BARTS HEALTH NHS TRUST,130,Ophthalmology,2018-04-01,2026-05-01,98,98,0,0.0,0,False,False,2026-05-01
R1H__140,R1H,BARTS HEALTH NHS TRUST,140,Oral Surgery,2018-04-01,2026-05-01,98,98,0,0.0,0,False,False,2026-05-01
R1H__150,R1H,BARTS HEALTH NHS TRUST,150,Neurosurgery,2018-04-01,2026-05-01,98,98,0,0.0,0,False,False,2026-05-01
R1H__160,R1H,BARTS HEALTH NHS TRUST,160,Plastic Surgery,2018-04-01,2026-05-01,98,98,0,0.0,0,False,False,2026-05-01
R1H__170,R1H,BARTS HEALTH NHS TRUST,170,Cardiothoracic Surgery,2018-04-01,2026-05-01,98,98,0,0.0,0,False,False,2026-05-01
R1H__300,R1H,BARTS HEALTH NHS TRUST,300,General Medicine,2018-04-01,2026-05-01,98,98,0,0.0,0,False,False,2026-05-01
R1H__301,R1H,BARTS HEALTH NHS TRUST,301,Gastroenterology,2018-04-01,2026-05-01,98,98,0,0.0,0,False,False,2026-05-01
R1H__320,R1H,BARTS HEALTH NHS TRUST,320,Cardiology,2018-04-01,2026-05-01,98,98,0,0.0,0,False,False,2026-05-01
R1H__330,R1H,BARTS HEALTH NHS TRUST,330,Dermatology,2018-04-01,2026-05-01,98,98,0,0.0,0,False,False,2026-05-01
R1H__340,R1H,BARTS HEALTH NHS TRUST,340,Thoracic Medicine,2018-04-01,2026-05-01,98,98,0,0.0,0,False,False,2026-05-01
R1H__400,R1H,BARTS HEALTH NHS TRUST,400,Neurology,2018-04-01,2026-05-01,98,98,0,0.0,0,False,False,2026-05-01
R1H__410,R1H,BARTS HEALTH NHS TRUST,410,Rheumatology,2018-04-01,2026-05-01,98,98,0,0.0,0,False,False,2026-05-01
R1H__430,R1H,BARTS HEALTH NHS TRUST,430,Geriatric Medicine,2018-04-01,2026-05-01,98,98,0,0.0,0,False,False,2026-05-01
R1H__502,R1H,BARTS HEALTH NHS TRUST,502,Gynaecology,2018-04-01,2026-05-01,98,98,0,0.0,0,False,False,2026-05-01
R1H__X01,R1H,BARTS HEALTH NHS TRUST,X01,Other,2018-04-01,2021-03-01,36,36,0,0.0,0,False,True,2021-03-01
RDE__160,RDE,COLCHESTER HOSPITAL UNIVERSITY NHS FOUNDATION TRUST,160,Plastic Surgery,2018-04-01,2026-05-01,98,97,1,1.0204081632653061,1,False,False,2026-05-01
RT2__X01,RT2,PENNINE CARE NHS FOUNDATION TRUST,X01,Other,2018-04-01,2019-09-01,18,18,0,0.0,0,True,True,2019-09-01
RWE__430,RWE,UNIVERSITY HOSPITALS OF LEICESTER NHS TRUST,430,Geriatric Medicine,2018-04-01,2026-05-01,98,98,0,0.0,0,False,False,2026-05-01
RY2__301,RY2,BRIDGEWATER COMMUNITY HEALTHCARE NHS FOUNDATION TRUST,301,Gastroenterology,2018-04-01,2018-04-01,1,1,0,0.0,0,True,True,2018-04-01
NPG01__120,NPG01,SPAMEDICA (MANCHESTER),120,"Ear, Nose & Throat (ENT)",2018-05-01,2018-05-01,1,1,0,0.0,0,True,True,2018-05-01
NT210__100,NT210,"NUFFIELD HEALTH, THE GROSVENOR HOSPITAL, CHESTER",100,General Surgery,2018-05-01,2026-05-01,97,39,58,59.79381443298969,34,False,False,2026-05-01
NT218__101,NT218,"NUFFIELD HEALTH, HAYWARDS HEATH HOSPITAL",101,Urology,2018-05-01,2021-03-01,35,12,23,65.71428571428571,15,True,True,2021-03-01
NT308__301,NT308,SPIRE GATWICK PARK HOSPITAL,301,Gastroenterology,2018-05-01,2026-05-01,97,18,79,81.44329896907216,34,False,False,2026-05-01
NT30A__502,NT30A,SPIRE NOTTINGHAM HOSPITAL,502,Gynaecology,2018-05-01,2026-04-01,96,64,32,33.333333333333336,32,False,True,2026-04-01
NT327__160,NT327,SPIRE MANCHESTER HOSPITAL,160,Plastic Surgery,2018-05-01,2023-07-01,63,5,58,92.06349206349206,25,False,True,2023-07-01
NTP15__120,NTP15,NORTH EAST LONDON TREATMENT CENTRE CARE UK,120,"Ear, Nose & Throat (ENT)",2018-05-01,2026-05-01,97,97,0,0.0,0,False,False,2026-05-01
NLT__120,NLT,NORTH SOMERSET COMMUNITY PARTNERSHIP COMMUNITY INTEREST COMPANY,120,"Ear, Nose & Throat (ENT)",2018-06-01,2018-06-01,1,1,0,0.0,0,True,True,2018-06-01
NPG11__130,NPG11,SPAMEDICA (BIRMINGHAM),130,Ophthalmology,2018-06-01,2026-05-01,96,96,0,0.0,0,False,False,2026-05-01
NT202__X01,NT202,"NUFFIELD HEALTH, BOURNEMOUTH HOSPITAL",X01,Other,2018-06-01,2020-09-01,28,5,23,82.14285714285714,17,True,True,2020-09-01
NT218__120,NT218,"NUFFIELD HEALTH, HAYWARDS HEATH HOSPITAL",120,"Ear, Nose & Throat (ENT)",2018-06-01,2022-11-01,54,2,52,96.29629629629629,52,False,True,2022-11-01
NT218__160,NT218,"NUFFIELD HEALTH, HAYWARDS HEATH HOSPITAL",160,Plastic Surgery,2018-06-01,2018-07-01,2,2,0,0.0,0,True,True,2018-07-01
RRE__340,RRE,MIDLANDS PARTNERSHIP NHS FOUNDATION TRUST,340,Thoracic Medicine,2018-06-01,2025-07-01,86,6,80,93.02325581395348,64,False,True,2025-07-01
RRE__400,RRE,MIDLANDS PARTNERSHIP NHS FOUNDATION TRUST,400,Neurology,2018-06-01,2026-05-01,96,96,0,0.0,0,False,False,2026-05-01
RRE__410,RRE,MIDLANDS PARTNERSHIP NHS FOUNDATION TRUST,410,Rheumatology,2018-06-01,2026-05-01,96,96,0,0.0,0,False,False,2026-05-01
RRE__430,RRE,MIDLANDS PARTNERSHIP NHS FOUNDATION TRUST,430,Geriatric Medicine,2018-06-01,2026-05-01,96,94,2,2.0833333333333335,2,False,False,2026-05-01
RRE__X01,RRE,MIDLANDS PARTNERSHIP NHS FOUNDATION TRUST,X01,Other,2018-06-01,2021-03-01,34,34,0,0.0,0,True,True,2021-03-01
NN8__100,NN8,EAST KENT MEDICAL SERVICES LTD,100,General Surgery,2018-07-01,2026-05-01,95,95,0,0.0,0,False,False,2026-05-01
NN8__101,NN8,EAST KENT MEDICAL SERVICES LTD,101,Urology,2018-07-01,2026-05-01,95,95,0,0.0,0,False,False,2026-05-01
NN8__110,NN8,EAST KENT MEDICAL SERVICES LTD,110,Trauma & Orthopaedics,2018-07-01,2026-05-01,95,95,0,0.0,0,False,False,2026-05-01
NN8__120,NN8,EAST KENT MEDICAL SERVICES LTD,120,"Ear, Nose & Throat (ENT)",2018-07-01,2026-05-01,95,95,0,0.0,0,False,False,2026-05-01
NN8__130,NN8,EAST KENT MEDICAL SERVICES LTD,130,Ophthalmology,2018-07-01,2021-09-01,39,33,6,15.384615384615385,3,False,True,2021-09-01
NN8__410,NN8,EAST KENT MEDICAL SERVICES LTD,410,Rheumatology,2018-07-01,2021-05-01,35,20,15,42.857142857142854,6,True,True,2021-05-01
NN8__502,NN8,EAST KENT MEDICAL SERVICES LTD,502,Gynaecology,2018-07-01,2026-05-01,95,95,0,0.0,0,False,False,2026-05-01
NN8__X01,NN8,EAST KENT MEDICAL SERVICES LTD,X01,Other,2018-07-01,2021-03-01,33,32,1,3.0303030303030303,1,True,True,2021-03-01
NPG13__130,NPG13,SPAMEDICA - SKELMERSDALE,130,Ophthalmology,2018-07-01,2026-05-01,95,95,0,0.0,0,False,False,2026-05-01
NT314__160,NT314,SPIRE LONDON EAST,160,Plastic Surgery,2018-07-01,2026-05-01,95,21,74,77.89473684210526,44,False,False,2026-05-01
NT364__160,NT364,SPIRE MONTEFIORE HOSPITAL,160,Plastic Surgery,2018-07-01,2025-04-01,82,8,74,90.2439024390244,47,False,True,2025-04-01
NT406__320,NT406,BMI - THE BLACKHEATH HOSPITAL,320,Cardiology,2018-07-01,2024-09-01,75,2,73,97.33333333333333,73,False,True,2024-09-01
NT408__150,NT408,BMI - THE CHAUCER HOSPITAL,150,Neurosurgery,2018-07-01,2018-08-01,2,2,0,0.0,0,True,True,2018-08-01
NT440__120,NT440,BMI - THORNBURY HOSPITAL,120,"Ear, Nose & Throat (ENT)",2018-07-01,2024-12-01,78,6,72,92.3076923076923,38,False,True,2024-12-01
NVC07__400,NVC07,FULWOOD HALL HOSPITAL,400,Neurology,2018-07-01,2025-11-01,89,44,45,50.561797752808985,19,False,True,2025-11-01
RTG__170,RTG,UNIVERSITY HOSPITALS OF DERBY AND BURTON NHS FOUNDATION TRUST,170,Cardiothoracic Surgery,2018-07-01,2026-05-01,95,95,0,0.0,0,False,False,2026-05-01
AAH__170,AAH,TETBURY HOSPITAL TRUST LTD,170,Cardiothoracic Surgery,2018-08-01,2018-08-01,1,1,0,0.0,0,True,True,2018-08-01
ACG19__130,ACG19,NEWMEDICA COMMUNITY OPHTHALMOLOGY - LEEDS,130,Ophthalmology,2018-08-01,2026-05-01,94,94,0,0.0,0,False,False,2026-05-01
ACG20__130,ACG20,NEWMEDICA - BRISTOL - LITFIELD HOUSE,130,Ophthalmology,2018-08-01,2026-05-01,94,94,0,0.0,0,False,False,2026-05-01
NLE01__110,NLE01,LANCASTER HOUSE CONSULTING DIAGNOSTICS SURGICAL LTD HQ,110,Trauma & Orthopaedics,2018-08-01,2018-08-01,1,1,0,0.0,0,True,True,2018-08-01
NT205__150,NT205,"NUFFIELD HEALTH, BRIGHTON HOSPITAL",150,Neurosurgery,2018-08-01,2020-05-01,22,14,8,36.36363636363637,4,True,True,2020-05-01
NT30A__120,NT30A,SPIRE NOTTINGHAM HOSPITAL,120,"Ear, Nose & Throat (ENT)",2018-08-01,2024-02-01,67,13,54,80.59701492537313,28,False,True,2024-02-01
NT322__101,NT322,SPIRE LEICESTER HOSPITAL,101,Urology,2018-08-01,2024-06-01,71,26,45,63.38028169014085,19,False,True,2024-06-01
NT414__150,NT414,BMI - FAWKHAM MANOR HOSPITAL,150,Neurosurgery,2018-08-01,2018-09-01,2,2,0,0.0,0,True,True,2018-09-01
NT416__140,NT416,BMI - HENDON HOSPITAL,140,Oral Surgery,2018-08-01,2023-05-01,58,31,27,46.55172413793103,27,False,True,2023-05-01
NT419__502,NT419,BMI - THE HARBOUR HOSPITAL,502,Gynaecology,2018-08-01,2018-08-01,1,1,0,0.0,0,True,True,2018-08-01
NT446__140,NT446,BMI ST EDMUNDS HOSPITAL,140,Oral Surgery,2018-08-01,2018-11-01,4,4,0,0.0,0,True,True,2018-11-01
NVC05__400,NVC05,EUXTON HALL HOSPITAL,400,Neurology,2018-08-01,2025-10-01,87,50,37,42.52873563218391,15,False,True,2025-10-01
NVC07__330,NVC07,FULWOOD HALL HOSPITAL,330,Dermatology,2018-08-01,2020-01-01,18,3,15,83.33333333333333,15,True,True,2020-01-01
NVC0M__502,NVC0M,RAMSAY CROYDON DAY HOSPITAL,502,Gynaecology,2018-08-01,2023-11-01,64,59,5,7.8125,5,False,True,2023-11-01
R0A__150,R0A,MANCHESTER UNIVERSITY NHS FOUNDATION TRUST,150,Neurosurgery,2018-08-01,2024-05-01,70,65,5,7.142857142857143,3,False,True,2024-05-01
RDE__170,RDE,EAST SUFFOLK AND NORTH ESSEX NHS FOUNDATION TRUST,170,Cardiothoracic Surgery,2018-08-01,2025-09-01,86,51,35,40.69767441860465,21,False,True,2025-09-01
RL1__320,RL1,THE ROBERT JONES AND AGNES HUNT ORTHOPAEDIC HOSPITAL NHS FOUNDATION TRUST,320,Cardiology,2018-08-01,2026-05-01,94,13,81,86.17021276595744,63,False,False,2026-05-01
NN5__502,NN5,MANCHESTER SURGICAL SERVICES LTD,502,Gynaecology,2018-09-01,2025-01-01,77,77,0,0.0,0,False,True,2025-01-01
NPG13__140,NPG13,SPAMEDICA - SKELMERSDALE,140,Oral Surgery,2018-09-01,2018-09-01,1,1,0,0.0,0,True,True,2018-09-01
NT313__400,NT313,SPIRE WELLESLEY HOSPITAL,400,Neurology,2018-09-01,2018-09-01,1,1,0,0.0,0,True,True,2018-09-01
NT321__330,NT321,SPIRE LITTLE ASTON HOSPITAL,330,Dermatology,2018-09-01,2020-07-01,23,9,14,60.869565217391305,14,True,True,2020-07-01
NT3X3__170,NT3X3,SPIRE ST ANTHONY'S HOSPITAL,170,Cardiothoracic Surgery,2018-09-01,2025-11-01,87,28,59,67.816091954023,14,False,True,2025-11-01
NT402__320,NT402,BMI - BATH CLINIC,320,Cardiology,2018-09-01,2025-10-01,86,22,64,74.4186046511628,28,False,True,2025-10-01
NT421__330,NT421,BMI - THE KINGS OAK HOSPITAL,330,Dermatology,2018-09-01,2018-09-01,1,1,0,0.0,0,True,True,2018-09-01
NVC25__502,NVC25,HORTON NHS TREATMENT CENTRE,502,Gynaecology,2018-09-01,2019-03-01,7,5,2,28.571428571428573,2,True,True,2019-03-01
AAV02__160,AAV02,COMMUNITY HEALTH AND EYECARE LIMITED (PRESTON),160,Plastic Surgery,2018-10-01,2018-10-01,1,1,0,0.0,0,True,True,2018-10-01
ACG21__130,ACG21,NEWMEDICA - IPSWICH - TWO RIVERS MEDICAL CENTRE,130,Ophthalmology,2018-10-01,2019-04-01,7,7,0,0.0,0,True,True,2019-04-01
ACG22__130,ACG22,NEWMEDICA - BRIGG - RIVERSIDE SURGERY,130,Ophthalmology,2018-10-01,2026-05-01,92,82,10,10.869565217391305,10,False,False,2026-05-01
NT206__410,NT206,"NUFFIELD HEALTH, BRISTOL HOSPITAL (CHESTERFIELD)",410,Rheumatology,2018-10-01,2018-10-01,1,1,0,0.0,0,True,True,2018-10-01
NT308__130,NT308,SPIRE GATWICK PARK HOSPITAL,130,Ophthalmology,2018-10-01,2018-10-01,1,1,0,0.0,0,True,True,2018-10-01
NT327__170,NT327,SPIRE MANCHESTER HOSPITAL,170,Cardiothoracic Surgery,2018-10-01,2025-06-01,81,19,62,76.54320987654322,18,False,True,2025-06-01
NT3X3__320,NT3X3,SPIRE ST ANTHONY'S HOSPITAL,320,Cardiology,2018-10-01,2026-05-01,92,89,3,3.260869565217391,3,False,False,2026-05-01
NVC02__400,NVC02,THE BERKSHIRE INDEPENDENT HOSPITAL,400,Neurology,2018-10-01,2019-01-01,4,4,0,0.0,0,True,True,2019-01-01
NVC08__400,NVC08,MOUNT STUART HOSPITAL,400,Neurology,2018-10-01,2018-11-01,2,2,0,0.0,0,True,True,2018-11-01
NVC12__160,NVC12,OAKLANDS HOSPITAL,160,Plastic Surgery,2018-10-01,2026-03-01,90,41,49,54.44444444444444,18,False,True,2026-03-01
NWV01__101,NWV01,GP CARE UK LIMITED (CHRISTCHURCH MEDICAL CENTRE),101,Urology,2018-10-01,2026-05-01,92,92,0,0.0,0,False,False,2026-05-01
R1A__340,R1A,WORCESTERSHIRE HEALTH AND CARE NHS TRUST,340,Thoracic Medicine,2018-10-01,2018-10-01,1,1,0,0.0,0,True,True,2018-10-01
REP__101,REP,LIVERPOOL WOMEN'S NHS FOUNDATION TRUST,101,Urology,2018-10-01,2018-10-01,1,1,0,0.0,0,True,True,2018-10-01
REP__110,REP,LIVERPOOL WOMEN'S NHS FOUNDATION TRUST,110,Trauma & Orthopaedics,2018-10-01,2018-10-01,1,1,0,0.0,0,True,True,2018-10-01
REP__120,REP,LIVERPOOL WOMEN'S NHS FOUNDATION TRUST,120,"Ear, Nose & Throat (ENT)",2018-10-01,2018-10-01,1,1,0,0.0,0,True,True,2018-10-01
REP__130,REP,LIVERPOOL WOMEN'S NHS FOUNDATION TRUST,130,Ophthalmology,2018-10-01,2018-10-01,1,1,0,0.0,0,True,True,2018-10-01
REP__140,REP,LIVERPOOL WOMEN'S NHS FOUNDATION TRUST,140,Oral Surgery,2018-10-01,2018-10-01,1,1,0,0.0,0,True,True,2018-10-01
REP__150,REP,LIVERPOOL WOMEN'S NHS FOUNDATION TRUST,150,Neurosurgery,2018-10-01,2018-10-01,1,1,0,0.0,0,True,True,2018-10-01
REP__160,REP,LIVERPOOL WOMEN'S NHS FOUNDATION TRUST,160,Plastic Surgery,2018-10-01,2018-10-01,1,1,0,0.0,0,True,True,2018-10-01
REP__170,REP,LIVERPOOL WOMEN'S NHS FOUNDATION TRUST,170,Cardiothoracic Surgery,2018-10-01,2018-10-01,1,1,0,0.0,0,True,True,2018-10-01
REP__300,REP,LIVERPOOL WOMEN'S NHS FOUNDATION TRUST,300,General Medicine,2018-10-01,2018-10-01,1,1,0,0.0,0,True,True,2018-10-01
REP__301,REP,LIVERPOOL WOMEN'S NHS FOUNDATION TRUST,301,Gastroenterology,2018-10-01,2018-10-01,1,1,0,0.0,0,True,True,2018-10-01
REP__320,REP,LIVERPOOL WOMEN'S NHS FOUNDATION TRUST,320,Cardiology,2018-10-01,2018-10-01,1,1,0,0.0,0,True,True,2018-10-01
REP__330,REP,LIVERPOOL WOMEN'S NHS FOUNDATION TRUST,330,Dermatology,2018-10-01,2018-10-01,1,1,0,0.0,0,True,True,2018-10-01
REP__340,REP,LIVERPOOL WOMEN'S NHS FOUNDATION TRUST,340,Thoracic Medicine,2018-10-01,2018-10-01,1,1,0,0.0,0,True,True,2018-10-01
REP__400,REP,LIVERPOOL WOMEN'S NHS FOUNDATION TRUST,400,Neurology,2018-10-01,2018-10-01,1,1,0,0.0,0,True,True,2018-10-01
REP__410,REP,LIVERPOOL WOMEN'S NHS FOUNDATION TRUST,410,Rheumatology,2018-10-01,2018-10-01,1,1,0,0.0,0,True,True,2018-10-01
RFF__400,RFF,BARNSLEY HOSPITAL NHS FOUNDATION TRUST,400,Neurology,2018-10-01,2021-04-01,31,4,27,87.09677419354838,14,True,True,2021-04-01
RMC__301,RMC,BOLTON NHS FOUNDATION TRUST,301,Gastroenterology,2018-10-01,2026-05-01,92,92,0,0.0,0,False,False,2026-05-01
RMC__320,RMC,BOLTON NHS FOUNDATION TRUST,320,Cardiology,2018-10-01,2026-05-01,92,92,0,0.0,0,False,False,2026-05-01
RW5__110,RW5,LANCASHIRE CARE NHS FOUNDATION TRUST,110,Trauma & Orthopaedics,2018-10-01,2026-05-01,92,92,0,0.0,0,False,False,2026-05-01
RYG__301,RYG,COVENTRY AND WARWICKSHIRE PARTNERSHIP NHS TRUST,301,Gastroenterology,2018-10-01,2018-10-01,1,1,0,0.0,0,True,True,2018-10-01
ACM__130,ACM,EYE CARE MEDICAL LTD,130,Ophthalmology,2018-11-01,2026-05-01,91,91,0,0.0,0,False,False,2026-05-01
NPG12__130,NPG12,SPAMEDICA (BRADFORD),130,Ophthalmology,2018-11-01,2023-06-01,56,56,0,0.0,0,False,True,2023-06-01
NT215__120,NT215,"NUFFIELD HEALTH, EXETER HOSPITAL",120,"Ear, Nose & Throat (ENT)",2018-11-01,2024-08-01,70,3,67,95.71428571428571,65,False,True,2024-08-01
NT410__400,NT410,BMI - THE CHILTERN HOSPITAL,400,Neurology,2018-11-01,2025-06-01,80,16,64,80.0,37,False,True,2025-06-01
NT441__400,NT441,BMI - THREE SHIRES HOSPITAL,400,Neurology,2018-11-01,2025-08-01,82,26,56,68.29268292682927,42,False,True,2025-08-01
NT449__400,NT449,BMI THE LANCASTER HOSPITAL,400,Neurology,2018-11-01,2019-02-01,4,4,0,0.0,0,True,True,2019-02-01
NV323__101,NV323,CIRCLE READING HOSPITAL,101,Urology,2018-11-01,2022-03-01,41,3,38,92.6829268292683,38,False,True,2022-03-01
NVC06__320,NVC06,FITZWILLIAM HOSPITAL,320,Cardiology,2018-11-01,2019-12-01,14,6,8,57.142857142857146,7,True,True,2019-12-01
RF4__160,RF4,"BARKING, HAVERING AND REDBRIDGE UNIVERSITY HOSPITALS NHS TRUST",160,Plastic Surgery,2018-11-01,2019-03-01,5,4,1,20.0,1,True,True,2019-03-01
NT213__320,NT213,"NUFFIELD HEALTH, DERBY HOSPITAL",320,Cardiology,2018-12-01,2019-05-01,6,4,2,33.333333333333336,2,True,True,2019-05-01
NT347__160,NT347,SPIRE FYLDE COAST HOSPITAL,160,Plastic Surgery,2018-12-01,2025-05-01,78,11,67,85.8974358974359,32,False,True,2025-05-01
NT437__101,NT437,BMI - THE SLOANE HOSPITAL,101,Urology,2018-12-01,2026-05-01,90,75,15,16.666666666666668,11,False,False,2026-05-01
RBD__410,RBD,DORSET COUNTY HOSPITAL NHS FOUNDATION TRUST,410,Rheumatology,2018-12-01,2025-08-01,81,77,4,4.938271604938271,4,False,True,2025-08-01
RWH__150,RWH,EAST AND NORTH HERTFORDSHIRE NHS TRUST,150,Neurosurgery,2018-12-01,2025-11-01,84,6,78,92.85714285714286,41,False,True,2025-11-01
RYX__340,RYX,CENTRAL LONDON COMMUNITY HEALTHCARE NHS TRUST,340,Thoracic Medicine,2018-12-01,2024-03-01,64,37,27,42.1875,27,False,True,2024-03-01
AXG__110,AXG,WILTSHIRE HEALTH & CARE,110,Trauma & Orthopaedics,2019-01-01,2024-02-01,62,62,0,0.0,0,False,True,2024-02-01
NO001__502,NO001,HEALTHHARMONIE LIMITED HQ,502,Gynaecology,2019-01-01,2019-11-01,11,11,0,0.0,0,True,True,2019-11-01
NPG11__120,NPG11,SPAMEDICA (BIRMINGHAM),120,"Ear, Nose & Throat (ENT)",2019-01-01,2019-01-01,1,1,0,0.0,0,True,True,2019-01-01
NT3X3__101,NT3X3,SPIRE ST ANTHONY'S HOSPITAL,101,Urology,2019-01-01,2025-09-01,81,75,6,7.407407407407407,3,False,True,2025-09-01
NT3X3__120,NT3X3,SPIRE ST ANTHONY'S HOSPITAL,120,"Ear, Nose & Throat (ENT)",2019-01-01,2026-05-01,89,72,17,19.10112359550562,15,False,False,2026-05-01
NT406__330,NT406,BMI - THE BLACKHEATH HOSPITAL,330,Dermatology,2019-01-01,2026-03-01,87,15,72,82.75862068965517,67,False,True,2026-03-01
NT443__140,NT443,BMI - THE WINTERBOURNE HOSPITAL,140,Oral Surgery,2019-01-01,2019-06-01,6,6,0,0.0,0,True,True,2019-06-01
NT447__130,NT447,BMI THE DUCHY HOSPITAL,130,Ophthalmology,2019-01-01,2022-02-01,38,15,23,60.526315789473685,23,False,True,2022-02-01
R1F__160,R1F,ISLE OF WIGHT NHS TRUST,160,Plastic Surgery,2019-01-01,2019-03-01,3,3,0,0.0,0,True,True,2019-03-01
RFS__170,RFS,CHESTERFIELD ROYAL HOSPITAL NHS FOUNDATION TRUST,170,Cardiothoracic Surgery,2019-01-01,2025-04-01,76,15,61,80.26315789473684,42,False,True,2025-04-01
RJN__150,RJN,EAST CHESHIRE NHS TRUST,150,Neurosurgery,2019-01-01,2019-01-01,1,1,0,0.0,0,True,True,2019-01-01
RJN__170,RJN,EAST CHESHIRE NHS TRUST,170,Cardiothoracic Surgery,2019-01-01,2019-01-01,1,1,0,0.0,0,True,True,2019-01-01
RJN__400,RJN,EAST CHESHIRE NHS TRUST,400,Neurology,2019-01-01,2025-06-01,78,2,76,97.43589743589743,76,False,True,2025-06-01
NT213__101,NT213,"NUFFIELD HEALTH, DERBY HOSPITAL",101,Urology,2019-02-01,2021-03-01,26,10,16,61.53846153846154,12,True,True,2021-03-01
NT213__X01,NT213,"NUFFIELD HEALTH, DERBY HOSPITAL",X01,Other,2019-02-01,2019-02-01,1,1,0,0.0,0,True,True,2019-02-01
NT239__502,NT239,"NUFFIELD HEALTH, TUNBRIDGE WELLS HOSPITAL",502,Gynaecology,2019-02-01,2026-05-01,88,59,29,32.95454545454545,13,False,False,2026-05-01
NT239__X01,NT239,"NUFFIELD HEALTH, TUNBRIDGE WELLS HOSPITAL",X01,Other,2019-02-01,2021-03-01,26,7,19,73.07692307692308,15,True,True,2021-03-01
NT320__301,NT320,SPIRE PARKWAY HOSPITAL,301,Gastroenterology,2019-02-01,2026-05-01,88,3,85,96.5909090909091,84,False,False,2026-05-01
NT450__330,NT450,BMI THE LINCOLN HOSPITAL,330,Dermatology,2019-02-01,2023-01-01,48,5,43,89.58333333333333,43,False,True,2023-01-01
RDR__100,RDR,SUSSEX COMMUNITY NHS FOUNDATION TRUST,100,General Surgery,2019-02-01,2019-02-01,1,1,0,0.0,0,True,True,2019-02-01
RDR__340,RDR,SUSSEX COMMUNITY NHS FOUNDATION TRUST,340,Thoracic Medicine,2019-02-01,2019-02-01,1,1,0,0.0,0,True,True,2019-02-01
RH5__120,RH5,SOMERSET PARTNERSHIP NHS FOUNDATION TRUST,120,"Ear, Nose & Throat (ENT)",2019-02-01,2026-05-01,88,75,13,14.772727272727273,13,False,False,2026-05-01
RR7__330,RR7,GATESHEAD HEALTH NHS FOUNDATION TRUST,330,Dermatology,2019-02-01,2019-10-01,9,2,7,77.77777777777777,7,True,True,2019-10-01
RR7__400,RR7,GATESHEAD HEALTH NHS FOUNDATION TRUST,400,Neurology,2019-02-01,2024-12-01,71,3,68,95.77464788732394,61,False,True,2024-12-01
DFQ__100,DFQ,NORWICH & NORFOLK SURGICAL LTD (N2S),100,General Surgery,2019-03-01,2026-05-01,87,84,3,3.4482758620689653,3,False,False,2026-05-01
DFQ__110,DFQ,NORWICH & NORFOLK SURGICAL LTD (N2S),110,Trauma & Orthopaedics,2019-03-01,2026-05-01,87,84,3,3.4482758620689653,3,False,False,2026-05-01
DFQ__130,DFQ,NORWICH & NORFOLK SURGICAL LTD (N2S),130,Ophthalmology,2019-03-01,2026-05-01,87,84,3,3.4482758620689653,3,False,False,2026-05-01
DFQ__330,DFQ,NORWICH & NORFOLK SURGICAL LTD (N2S),330,Dermatology,2019-03-01,2020-04-01,14,11,3,21.428571428571427,3,True,True,2020-04-01
NN8__300,NN8,EAST KENT MEDICAL SERVICES LTD,300,General Medicine,2019-03-01,2019-05-01,3,2,1,33.333333333333336,1,True,True,2019-05-01
NT215__160,NT215,"NUFFIELD HEALTH, EXETER HOSPITAL",160,Plastic Surgery,2019-03-01,2022-11-01,45,43,2,4.444444444444445,1,False,True,2022-11-01
NT321__301,NT321,SPIRE LITTLE ASTON HOSPITAL,301,Gastroenterology,2019-03-01,2026-05-01,87,6,81,93.10344827586206,33,False,False,2026-05-01
NT343__101,NT343,SPIRE THAMES VALLEY HOSPITAL,101,Urology,2019-03-01,2021-02-01,24,3,21,87.5,20,True,True,2021-02-01
NT364__120,NT364,SPIRE MONTEFIORE HOSPITAL,120,"Ear, Nose & Throat (ENT)",2019-03-01,2024-01-01,59,25,34,57.6271186440678,16,False,True,2024-01-01
NVC22__400,NVC22,WINFIELD HOSPITAL,400,Neurology,2019-03-01,2021-10-01,32,2,30,93.75,30,True,True,2021-10-01
NVC25__150,NVC25,HORTON NHS TREATMENT CENTRE,150,Neurosurgery,2019-03-01,2021-04-01,26,18,8,30.76923076923077,6,True,True,2021-04-01
RPY__400,RPY,THE ROYAL MARSDEN NHS FOUNDATION TRUST,400,Neurology,2019-03-01,2025-02-01,72,13,59,81.94444444444444,20,False,True,2025-02-01
AAH__400,AAH,TETBURY HOSPITAL TRUST LTD,400,Neurology,2019-04-01,2024-03-01,60,2,58,96.66666666666667,58,False,True,2024-03-01
ACG29__130,ACG29,NEWMEDICA - SUTTON-IN-ASHFIELD,130,Ophthalmology,2019-04-01,2020-05-01,14,14,0,0.0,0,True,True,2020-05-01
AHP__330,AHP,ST MICHAEL'S CLINIC LIMITED,330,Dermatology,2019-04-01,2026-05-01,86,86,0,0.0,0,False,False,2026-05-01
AQK__330,AQK,VERNOVA HEALTHCARE COMMUNITY INTEREST COMPANY,330,Dermatology,2019-04-01,2021-05-01,26,26,0,0.0,0,True,True,2021-05-01
DTT__100,DTT,PHOENIX PUBLIC HEALTH LTD,100,General Surgery,2019-04-01,2024-10-01,67,67,0,0.0,0,False,True,2024-10-01
NPG15__130,NPG15,SPAMEDICA NEWCASTLE-UNDER-LYME,130,Ophthalmology,2019-04-01,2026-05-01,86,86,0,0.0,0,False,False,2026-05-01
NPG16__130,NPG16,SPAMEDICA CHELMSFORD,130,Ophthalmology,2019-04-01,2026-05-01,86,86,0,0.0,0,False,False,2026-05-01
NT310__330,NT310,SPIRE TUNBRIDGE WELLS HOSPITAL,330,Dermatology,2019-04-01,2019-04-01,1,1,0,0.0,0,True,True,2019-04-01
NT432__120,NT432,BMI - THE SANDRINGHAM HOSPITAL,120,"Ear, Nose & Throat (ENT)",2019-04-01,2019-08-01,5,5,0,0.0,0,True,True,2019-08-01
NVC0M__301,NVC0M,RAMSAY CROYDON DAY HOSPITAL,301,Gastroenterology,2019-04-01,2023-12-01,57,57,0,0.0,0,False,True,2023-12-01
R0B__100,R0B,SOUTH TYNESIDE AND SUNDERLAND NHS FOUNDATION TRUST,100,General Surgery,2019-04-01,2026-05-01,86,86,0,0.0,0,False,False,2026-05-01
R0B__101,R0B,SOUTH TYNESIDE AND SUNDERLAND NHS FOUNDATION TRUST,101,Urology,2019-04-01,2026-05-01,86,86,0,0.0,0,False,False,2026-05-01
R0B__110,R0B,SOUTH TYNESIDE AND SUNDERLAND NHS FOUNDATION TRUST,110,Trauma & Orthopaedics,2019-04-01,2026-05-01,86,86,0,0.0,0,False,False,2026-05-01
R0B__120,R0B,SOUTH TYNESIDE AND SUNDERLAND NHS FOUNDATION TRUST,120,"Ear, Nose & Throat (ENT)",2019-04-01,2026-05-01,86,86,0,0.0,0,False,False,2026-05-01
R0B__130,R0B,SOUTH TYNESIDE AND SUNDERLAND NHS FOUNDATION TRUST,130,Ophthalmology,2019-04-01,2026-05-01,86,86,0,0.0,0,False,False,2026-05-01
R0B__140,R0B,SOUTH TYNESIDE AND SUNDERLAND NHS FOUNDATION TRUST,140,Oral Surgery,2019-04-01,2026-05-01,86,86,0,0.0,0,False,False,2026-05-01
R0B__160,R0B,SOUTH TYNESIDE AND SUNDERLAND NHS FOUNDATION TRUST,160,Plastic Surgery,2019-04-01,2023-10-01,55,43,12,21.818181818181817,9,False,True,2023-10-01
R0B__301,R0B,SOUTH TYNESIDE AND SUNDERLAND NHS FOUNDATION TRUST,301,Gastroenterology,2019-04-01,2026-05-01,86,86,0,0.0,0,False,False,2026-05-01
R0B__320,R0B,SOUTH TYNESIDE AND SUNDERLAND NHS FOUNDATION TRUST,320,Cardiology,2019-04-01,2026-05-01,86,86,0,0.0,0,False,False,2026-05-01
R0B__330,R0B,SOUTH TYNESIDE AND SUNDERLAND NHS FOUNDATION TRUST,330,Dermatology,2019-04-01,2024-03-01,60,60,0,0.0,0,False,True,2024-03-01
R0B__340,R0B,SOUTH TYNESIDE AND SUNDERLAND NHS FOUNDATION TRUST,340,Thoracic Medicine,2019-04-01,2026-05-01,86,86,0,0.0,0,False,False,2026-05-01
R0B__400,R0B,SOUTH TYNESIDE AND SUNDERLAND NHS FOUNDATION TRUST,400,Neurology,2019-04-01,2026-05-01,86,86,0,0.0,0,False,False,2026-05-01
R0B__410,R0B,SOUTH TYNESIDE AND SUNDERLAND NHS FOUNDATION TRUST,410,Rheumatology,2019-04-01,2026-05-01,86,86,0,0.0,0,False,False,2026-05-01
R0B__430,R0B,SOUTH TYNESIDE AND SUNDERLAND NHS FOUNDATION TRUST,430,Geriatric Medicine,2019-04-01,2026-05-01,86,86,0,0.0,0,False,False,2026-05-01
R0B__502,R0B,SOUTH TYNESIDE AND SUNDERLAND NHS FOUNDATION TRUST,502,Gynaecology,2019-04-01,2026-05-01,86,86,0,0.0,0,False,False,2026-05-01
R0B__X01,R0B,SOUTH TYNESIDE AND SUNDERLAND NHS FOUNDATION TRUST,X01,Other,2019-04-01,2021-03-01,24,24,0,0.0,0,True,True,2021-03-01
RQM__150,RQM,CHELSEA AND WESTMINSTER HOSPITAL NHS FOUNDATION TRUST,150,Neurosurgery,2019-04-01,2023-07-01,52,19,33,63.46153846153846,15,False,True,2023-07-01
RY3__120,RY3,NORFOLK COMMUNITY HEALTH AND CARE NHS TRUST,120,"Ear, Nose & Throat (ENT)",2019-04-01,2019-04-01,1,1,0,0.0,0,True,True,2019-04-01
NEY__400,NEY,PIONEER HEALTHCARE LIMITED,400,Neurology,2019-05-01,2026-03-01,83,53,30,36.144578313253014,30,False,True,2026-03-01
NPG14__130,NPG14,SPAMEDICA WIDNES,130,Ophthalmology,2019-05-01,2026-05-01,85,85,0,0.0,0,False,False,2026-05-01
NT215__150,NT215,"NUFFIELD HEALTH, EXETER HOSPITAL",150,Neurosurgery,2019-05-01,2019-07-01,3,3,0,0.0,0,True,True,2019-07-01
NT316__150,NT316,SPIRE HARPENDEN HOSPITAL,150,Neurosurgery,2019-05-01,2025-05-01,73,3,70,95.89041095890411,70,False,True,2025-05-01
NT406__410,NT406,BMI - THE BLACKHEATH HOSPITAL,410,Rheumatology,2019-05-01,2019-05-01,1,1,0,0.0,0,True,True,2019-05-01
NT410__410,NT410,BMI - THE CHILTERN HOSPITAL,410,Rheumatology,2019-05-01,2019-09-01,5,5,0,0.0,0,True,True,2019-09-01
NT446__320,NT446,BMI ST EDMUNDS HOSPITAL,320,Cardiology,2019-05-01,2023-02-01,46,23,23,50.0,23,False,True,2023-02-01
NTX__150,NTX,THE ONE HEALTH GROUP LTD,150,Neurosurgery,2019-05-01,2026-05-01,85,25,60,70.58823529411765,58,False,False,2026-05-01
NVC09__410,NVC09,NEW HALL HOSPITAL,410,Rheumatology,2019-05-01,2026-01-01,81,28,53,65.4320987654321,35,False,True,2026-01-01
RFF__150,RFF,BARNSLEY HOSPITAL NHS FOUNDATION TRUST,150,Neurosurgery,2019-05-01,2022-04-01,36,2,34,94.44444444444444,34,False,True,2022-04-01
RFF__160,RFF,BARNSLEY HOSPITAL NHS FOUNDATION TRUST,160,Plastic Surgery,2019-05-01,2022-11-01,43,8,35,81.3953488372093,35,False,True,2022-11-01
RFF__170,RFF,BARNSLEY HOSPITAL NHS FOUNDATION TRUST,170,Cardiothoracic Surgery,2019-05-01,2019-05-01,1,1,0,0.0,0,True,True,2019-05-01
RXR__160,RXR,EAST LANCASHIRE HOSPITALS NHS TRUST,160,Plastic Surgery,2019-05-01,2019-05-01,1,1,0,0.0,0,True,True,2019-05-01
NN5__410,NN5,MANCHESTER SURGICAL SERVICES LTD,410,Rheumatology,2019-06-01,2026-05-01,84,84,0,0.0,0,False,False,2026-05-01
NT235__502,NT235,"NUFFIELD HEALTH, SHREWSBURY HOSPITAL",502,Gynaecology,2019-06-01,2020-01-01,8,2,6,75.0,6,True,True,2020-01-01
NT235__X01,NT235,"NUFFIELD HEALTH, SHREWSBURY HOSPITAL",X01,Other,2019-06-01,2020-01-01,8,2,6,75.0,6,True,True,2020-01-01
NT309__101,NT309,SPIRE SUSSEX HOSPITAL,101,Urology,2019-06-01,2022-03-01,34,34,0,0.0,0,True,True,2022-03-01
NT364__400,NT364,SPIRE MONTEFIORE HOSPITAL,400,Neurology,2019-06-01,2021-05-01,24,7,17,70.83333333333333,17,True,True,2021-05-01
NVC27__160,NVC27,BOSTON WEST HOSPITAL,160,Plastic Surgery,2019-06-01,2019-06-01,1,1,0,0.0,0,True,True,2019-06-01
NVC28__160,NVC28,CLIFTON PARK HOSPITAL,160,Plastic Surgery,2019-06-01,2026-04-01,83,22,61,73.49397590361446,45,False,True,2026-04-01
RDZ__150,RDZ,THE ROYAL BOURNEMOUTH AND CHRISTCHURCH HOSPITALS NHS FOUNDATION TRUST,150,Neurosurgery,2019-06-01,2019-06-01,1,1,0,0.0,0,True,True,2019-06-01
DX1__100,DX1,THE NEW FOSCOTE HOSPITAL LTD,100,General Surgery,2019-07-01,2026-05-01,83,83,0,0.0,0,False,False,2026-05-01
DX1__110,DX1,THE NEW FOSCOTE HOSPITAL LTD,110,Trauma & Orthopaedics,2019-07-01,2026-05-01,83,78,5,6.024096385542169,3,False,False,2026-05-01
DX1__502,DX1,THE NEW FOSCOTE HOSPITAL LTD,502,Gynaecology,2019-07-01,2022-01-01,31,26,5,16.129032258064516,3,True,True,2022-01-01
NT244__100,NT244,NUFFIELD HOSPITAL OXFORD (THE MANOR),100,General Surgery,2019-07-01,2025-11-01,77,14,63,81.81818181818181,60,False,True,2025-11-01
NT309__301,NT309,SPIRE SUSSEX HOSPITAL,301,Gastroenterology,2019-07-01,2022-03-01,33,32,1,3.0303030303030303,1,True,True,2022-03-01
NT30A__330,NT30A,SPIRE NOTTINGHAM HOSPITAL,330,Dermatology,2019-07-01,2019-07-01,1,1,0,0.0,0,True,True,2019-07-01
NT312__301,NT312,SPIRE ALEXANDRA HOSPITAL,301,Gastroenterology,2019-07-01,2026-05-01,83,3,80,96.3855421686747,55,False,False,2026-05-01
NT315__120,NT315,SPIRE BUSHEY HOSPITAL,120,"Ear, Nose & Throat (ENT)",2019-07-01,2026-05-01,83,83,0,0.0,0,False,False,2026-05-01
NT327__410,NT327,SPIRE MANCHESTER HOSPITAL,410,Rheumatology,2019-07-01,2019-07-01,1,1,0,0.0,0,True,True,2019-07-01
NT347__330,NT347,SPIRE FYLDE COAST HOSPITAL,330,Dermatology,2019-07-01,2022-08-01,38,4,34,89.47368421052632,34,False,True,2022-08-01
NT351__130,NT351,SPIRE HULL AND EAST RIDING HOSPITAL,130,Ophthalmology,2019-07-01,2025-12-01,78,14,64,82.05128205128206,47,False,True,2025-12-01
NT427__400,NT427,BMI - THE PARK HOSPITAL,400,Neurology,2019-07-01,2020-02-01,8,8,0,0.0,0,True,True,2020-02-01
NWF01__300,NWF01,BENENDEN HOSPITAL,300,General Medicine,2019-07-01,2023-02-01,44,10,34,77.27272727272727,34,False,True,2023-02-01
NYW01__410,NYW01,ASPEN - THE HOLLY,410,Rheumatology,2019-07-01,2022-08-01,38,37,1,2.6315789473684212,1,False,True,2022-08-01
RH5__100,RH5,SOMERSET PARTNERSHIP NHS FOUNDATION TRUST,100,General Surgery,2019-07-01,2026-05-01,83,75,8,9.63855421686747,8,False,False,2026-05-01
ACG30__130,ACG30,NEWMEDICA - WORKSOP - DUKERIES,130,Ophthalmology,2019-08-01,2026-05-01,82,82,0,0.0,0,False,False,2026-05-01
ADP02__300,ADP02,KIMS HOSPITAL (NEWNHAM COURT),300,General Medicine,2019-08-01,2026-01-01,78,27,51,65.38461538461539,22,False,True,2026-01-01
NLE01__330,NLE01,LANCASTER HOUSE CONSULTING DIAGNOSTICS SURGICAL LTD HQ,330,Dermatology,2019-08-01,2019-08-01,1,1,0,0.0,0,True,True,2019-08-01
NPG17__130,NPG17,SPAMEDICA PRESTON,130,Ophthalmology,2019-08-01,2026-05-01,82,82,0,0.0,0,False,False,2026-05-01
NT206__400,NT206,"NUFFIELD HEALTH, BRISTOL HOSPITAL (CHESTERFIELD)",400,Neurology,2019-08-01,2026-04-01,81,2,79,97.53086419753086,79,False,True,2026-04-01
NTX__101,NTX,THE ONE HEALTH GROUP LTD,101,Urology,2019-08-01,2026-05-01,82,22,60,73.17073170731707,45,False,False,2026-05-01
NVC0R__300,NVC0R,TEES VALLEY HOSPITAL,300,General Medicine,2019-08-01,2021-12-01,29,4,25,86.20689655172414,25,True,True,2021-12-01
RNL__160,RNL,NORTH CUMBRIA UNIVERSITY HOSPITALS NHS TRUST,160,Plastic Surgery,2019-08-01,2019-09-01,2,2,0,0.0,0,True,True,2019-09-01
RX1__330,RX1,NOTTINGHAM UNIVERSITY HOSPITALS NHS TRUST,330,Dermatology,2019-08-01,2026-05-01,82,81,1,1.2195121951219512,1,False,False,2026-05-01
DX1__X01,DX1,THE NEW FOSCOTE HOSPITAL LTD,X01,Other,2019-09-01,2021-03-01,19,17,2,10.526315789473685,1,True,True,2021-03-01
NCR__120,NCR,ISIGHT,120,"Ear, Nose & Throat (ENT)",2019-09-01,2025-12-01,76,3,73,96.05263157894737,69,False,True,2025-12-01
NPG18__130,NPG18,SPAMEDICA HULL,130,Ophthalmology,2019-09-01,2026-05-01,81,81,0,0.0,0,False,False,2026-05-01
NT218__130,NT218,"NUFFIELD HEALTH, HAYWARDS HEATH HOSPITAL",130,Ophthalmology,2019-09-01,2026-05-01,81,19,62,76.54320987654322,45,False,False,2026-05-01
NT312__320,NT312,SPIRE ALEXANDRA HOSPITAL,320,Cardiology,2019-09-01,2023-12-01,52,5,47,90.38461538461539,47,False,True,2023-12-01
NT313__410,NT313,SPIRE WELLESLEY HOSPITAL,410,Rheumatology,2019-09-01,2022-04-01,32,4,28,87.5,15,True,True,2022-04-01
NT325__170,NT325,SPIRE MURRAYFIELD HOSPITAL,170,Cardiothoracic Surgery,2019-09-01,2019-09-01,1,1,0,0.0,0,True,True,2019-09-01
NT325__320,NT325,SPIRE MURRAYFIELD HOSPITAL,320,Cardiology,2019-09-01,2019-09-01,1,1,0,0.0,0,True,True,2019-09-01
NT327__130,NT327,SPIRE MANCHESTER HOSPITAL,130,Ophthalmology,2019-09-01,2021-12-01,28,10,18,64.28571428571429,15,True,True,2021-12-01
NT337__400,NT337,SPIRE LIVERPOOL HOSPITAL,400,Neurology,2019-09-01,2026-05-01,81,59,22,27.160493827160494,8,False,False,2026-05-01
ACG24__130,ACG24,NEWMEDICA - TEESSIDE - NORTH ORMESBY,130,Ophthalmology,2019-10-01,2026-05-01,80,80,0,0.0,0,False,False,2026-05-01
ACG31__130,ACG31,NEWMEDICA - WORCESTER,130,Ophthalmology,2019-10-01,2026-05-01,80,63,17,21.25,10,False,False,2026-05-01
NEJ01__120,NEJ01,HAND TO ELBOW CLINIC (BATH),120,"Ear, Nose & Throat (ENT)",2019-10-01,2019-10-01,1,1,0,0.0,0,True,True,2019-10-01
NT30A__170,NT30A,SPIRE NOTTINGHAM HOSPITAL,170,Cardiothoracic Surgery,2019-10-01,2023-01-01,40,7,33,82.5,21,False,True,2023-01-01
NT30A__320,NT30A,SPIRE NOTTINGHAM HOSPITAL,320,Cardiology,2019-10-01,2026-05-01,80,42,38,47.5,8,False,False,2026-05-01
NT345__330,NT345,SPIRE CLARE PARK HOSPITAL,330,Dermatology,2019-10-01,2019-10-01,1,1,0,0.0,0,True,True,2019-10-01
NT364__101,NT364,SPIRE MONTEFIORE HOSPITAL,101,Urology,2019-10-01,2022-05-01,32,14,18,56.25,17,True,True,2022-05-01
NVC0R__140,NVC0R,TEES VALLEY HOSPITAL,140,Oral Surgery,2019-10-01,2026-05-01,80,79,1,1.25,1,False,False,2026-05-01
NVC28__300,NVC28,CLIFTON PARK HOSPITAL,300,General Medicine,2019-10-01,2021-12-01,27,7,20,74.07407407407408,14,True,True,2021-12-01
NYW01__130,NYW01,ASPEN - THE HOLLY,130,Ophthalmology,2019-10-01,2022-08-01,35,34,1,2.857142857142857,1,True,True,2022-08-01
REM__160,REM,LIVERPOOL UNIVERSITY HOSPITALS NHS FOUNDATION TRUST,160,Plastic Surgery,2019-10-01,2026-05-01,80,80,0,0.0,0,False,False,2026-05-01
RKL__110,RKL,WEST LONDON NHS TRUST,110,Trauma & Orthopaedics,2019-10-01,2024-05-01,56,56,0,0.0,0,False,True,2024-05-01
RKL__X01,RKL,WEST LONDON NHS TRUST,X01,Other,2019-10-01,2021-03-01,18,18,0,0.0,0,True,True,2021-03-01
RNN__100,RNN,NORTH CUMBRIA INTEGRATED CARE NHS FOUNDATION TRUST,100,General Surgery,2019-10-01,2026-05-01,80,80,0,0.0,0,False,False,2026-05-01
RNN__101,RNN,NORTH CUMBRIA INTEGRATED CARE NHS FOUNDATION TRUST,101,Urology,2019-10-01,2026-05-01,80,80,0,0.0,0,False,False,2026-05-01
RNN__110,RNN,NORTH CUMBRIA INTEGRATED CARE NHS FOUNDATION TRUST,110,Trauma & Orthopaedics,2019-10-01,2026-05-01,80,80,0,0.0,0,False,False,2026-05-01
RNN__120,RNN,NORTH CUMBRIA INTEGRATED CARE NHS FOUNDATION TRUST,120,"Ear, Nose & Throat (ENT)",2019-10-01,2026-05-01,80,80,0,0.0,0,False,False,2026-05-01
RNN__130,RNN,NORTH CUMBRIA INTEGRATED CARE NHS FOUNDATION TRUST,130,Ophthalmology,2019-10-01,2026-05-01,80,80,0,0.0,0,False,False,2026-05-01
RNN__140,RNN,NORTH CUMBRIA INTEGRATED CARE NHS FOUNDATION TRUST,140,Oral Surgery,2019-10-01,2026-05-01,80,80,0,0.0,0,False,False,2026-05-01
RNN__300,RNN,NORTH CUMBRIA INTEGRATED CARE NHS FOUNDATION TRUST,300,General Medicine,2019-10-01,2026-05-01,80,80,0,0.0,0,False,False,2026-05-01
RNN__301,RNN,NORTH CUMBRIA INTEGRATED CARE NHS FOUNDATION TRUST,301,Gastroenterology,2019-10-01,2026-05-01,80,80,0,0.0,0,False,False,2026-05-01
RNN__320,RNN,NORTH CUMBRIA INTEGRATED CARE NHS FOUNDATION TRUST,320,Cardiology,2019-10-01,2026-05-01,80,80,0,0.0,0,False,False,2026-05-01
RNN__330,RNN,NORTH CUMBRIA INTEGRATED CARE NHS FOUNDATION TRUST,330,Dermatology,2019-10-01,2026-05-01,80,80,0,0.0,0,False,False,2026-05-01
RNN__340,RNN,NORTH CUMBRIA INTEGRATED CARE NHS FOUNDATION TRUST,340,Thoracic Medicine,2019-10-01,2026-05-01,80,80,0,0.0,0,False,False,2026-05-01
RNN__410,RNN,NORTH CUMBRIA INTEGRATED CARE NHS FOUNDATION TRUST,410,Rheumatology,2019-10-01,2026-05-01,80,80,0,0.0,0,False,False,2026-05-01
RNN__430,RNN,NORTH CUMBRIA INTEGRATED CARE NHS FOUNDATION TRUST,430,Geriatric Medicine,2019-10-01,2026-05-01,80,80,0,0.0,0,False,False,2026-05-01
RNN__502,RNN,NORTH CUMBRIA INTEGRATED CARE NHS FOUNDATION TRUST,502,Gynaecology,2019-10-01,2026-05-01,80,80,0,0.0,0,False,False,2026-05-01
ACG32__130,ACG32,NEWMEDICA - BATH,130,Ophthalmology,2019-11-01,2020-02-01,4,4,0,0.0,0,True,True,2020-02-01
ACG34__130,ACG34,NEWMEDICA - HARROGATE,130,Ophthalmology,2019-11-01,2020-04-01,6,6,0,0.0,0,True,True,2020-04-01
NPG19__130,NPG19,SPAMEDICA BEDFORD,130,Ophthalmology,2019-11-01,2026-05-01,79,79,0,0.0,0,False,False,2026-05-01
NT319__160,NT319,SPIRE HARTSWOOD HOSPITAL,160,Plastic Surgery,2019-11-01,2025-07-01,69,5,64,92.7536231884058,55,False,True,2025-07-01
NT497__330,NT497,BMI GISBURNE PARK HOSPITAL,330,Dermatology,2019-11-01,2020-03-01,5,5,0,0.0,0,True,True,2020-03-01
NVC01__430,NVC01,ASHTEAD HOSPITAL,430,Geriatric Medicine,2019-11-01,2021-12-01,26,16,10,38.46153846153846,6,True,True,2021-12-01
NVC04__160,NVC04,DUCHY HOSPITAL,160,Plastic Surgery,2019-11-01,2021-04-01,18,7,11,61.111111111111114,9,True,True,2021-04-01
NVC0M__430,NVC0M,RAMSAY CROYDON DAY HOSPITAL,430,Geriatric Medicine,2019-11-01,2021-05-01,19,10,9,47.36842105263158,6,True,True,2021-05-01
NVC11__430,NVC11,NORTH DOWNS HOSPITAL,430,Geriatric Medicine,2019-11-01,2021-05-01,19,12,7,36.8421052631579,2,True,True,2021-05-01
NVC25__100,NVC25,HORTON NHS TREATMENT CENTRE,100,General Surgery,2019-11-01,2021-12-01,26,18,8,30.76923076923077,6,True,True,2021-12-01
R0B__150,R0B,SOUTH TYNESIDE AND SUNDERLAND NHS FOUNDATION TRUST,150,Neurosurgery,2019-11-01,2019-11-01,1,1,0,0.0,0,True,True,2019-11-01
TAD__150,TAD,BRADFORD DISTRICT CARE NHS FOUNDATION TRUST,150,Neurosurgery,2019-11-01,2019-11-01,1,1,0,0.0,0,True,True,2019-11-01
NPG20__130,NPG20,SPAMEDICA WOLVERHAMPTON,130,Ophthalmology,2019-12-01,2026-05-01,78,78,0,0.0,0,False,False,2026-05-01
NT225__X01,NT225,"NUFFIELD HEALTH, LEEDS HOSPITAL",X01,Other,2019-12-01,2019-12-01,1,1,0,0.0,0,True,True,2019-12-01
NT310__130,NT310,SPIRE TUNBRIDGE WELLS HOSPITAL,130,Ophthalmology,2019-12-01,2023-03-01,40,13,27,67.5,17,False,True,2023-03-01
NT339__330,NT339,SPIRE REGENCY HOSPITAL,330,Dermatology,2019-12-01,2024-11-01,60,6,54,90.0,45,False,True,2024-11-01
ADN__502,ADN,PRIMARY INTEGRATED COMMUNITY SERVICES LTD,502,Gynaecology,2020-01-01,2025-07-01,67,67,0,0.0,0,False,True,2025-07-01
AHP__320,AHP,ST MICHAEL'S CLINIC LIMITED,320,Cardiology,2020-01-01,2020-01-01,1,1,0,0.0,0,True,True,2020-01-01
NT211__X01,NT211,"NUFFIELD HEALTH, CHELTENHAM HOSPITAL",X01,Other,2020-01-01,2020-01-01,1,1,0,0.0,0,True,True,2020-01-01
NT321__101,NT321,SPIRE LITTLE ASTON HOSPITAL,101,Urology,2020-01-01,2021-03-01,15,15,0,0.0,0,True,True,2021-03-01
NT348__150,NT348,SPIRE ELLAND HOSPITAL,150,Neurosurgery,2020-01-01,2020-01-01,1,1,0,0.0,0,True,True,2020-01-01
NVC17__150,NVC17,ROWLEY HALL HOSPITAL,150,Neurosurgery,2020-01-01,2021-04-01,16,15,1,6.25,1,True,True,2021-04-01
ACG33__130,ACG33,NEWMEDICA - HULL - ALTHORP ROAD,130,Ophthalmology,2020-02-01,2020-03-01,2,2,0,0.0,0,True,True,2020-03-01
NCN__330,NCN,DMC COMMUNITY OUTPATIENT SERVICES,330,Dermatology,2020-02-01,2026-05-01,76,69,7,9.210526315789474,4,False,False,2026-05-01
NT320__400,NT320,SPIRE PARKWAY HOSPITAL,400,Neurology,2020-02-01,2026-05-01,76,14,62,81.57894736842105,10,False,False,2026-05-01
NT327__330,NT327,SPIRE MANCHESTER HOSPITAL,330,Dermatology,2020-02-01,2023-03-01,38,4,34,89.47368421052632,15,False,True,2023-03-01
NT408__140,NT408,BMI - THE CHAUCER HOSPITAL,140,Oral Surgery,2020-02-01,2020-02-01,1,1,0,0.0,0,True,True,2020-02-01
NT420__400,NT420,BMI - THE HIGHFIELD HOSPITAL,400,Neurology,2020-02-01,2025-01-01,60,6,54,90.0,31,False,True,2025-01-01
NT448__140,NT448,BMI THE HUDDERSFIELD HOSPITAL,140,Oral Surgery,2020-02-01,2023-11-01,46,19,27,58.69565217391305,17,False,True,2023-11-01
NVC09__300,NVC09,NEW HALL HOSPITAL,300,General Medicine,2020-02-01,2021-12-01,23,3,20,86.95652173913044,20,True,True,2021-12-01
NVC17__400,NVC17,ROWLEY HALL HOSPITAL,400,Neurology,2020-02-01,2026-04-01,75,8,67,89.33333333333333,67,False,True,2026-04-01
NVC21__330,NVC21,WEST MIDLANDS HOSPITAL,330,Dermatology,2020-02-01,2020-02-01,1,1,0,0.0,0,True,True,2020-02-01
NX5__120,NX5,ANGLIA COMMUNITY EYE SERVICE LTD,120,"Ear, Nose & Throat (ENT)",2020-02-01,2020-02-01,1,1,0,0.0,0,True,True,2020-02-01
NT212__160,NT212,"NUFFIELD HEALTH, CHICHESTER HOSPITAL",160,Plastic Surgery,2020-03-01,2020-10-01,8,6,2,25.0,2,True,True,2020-10-01
NT213__140,NT213,"NUFFIELD HEALTH, DERBY HOSPITAL",140,Oral Surgery,2020-03-01,2021-02-01,12,7,5,41.666666666666664,5,True,True,2021-02-01
NT305__101,NT305,SPIRE PORTSMOUTH HOSPITAL,101,Urology,2020-03-01,2024-08-01,54,4,50,92.5925925925926,46,False,True,2024-08-01
NT30A__160,NT30A,SPIRE NOTTINGHAM HOSPITAL,160,Plastic Surgery,2020-03-01,2026-03-01,73,18,55,75.34246575342466,12,False,True,2026-03-01
NT313__320,NT313,SPIRE WELLESLEY HOSPITAL,320,Cardiology,2020-03-01,2020-03-01,1,1,0,0.0,0,True,True,2020-03-01
NT451__400,NT451,BMI THE CAVELL HOSPITAL,400,Neurology,2020-03-01,2021-02-01,12,12,0,0.0,0,True,True,2021-02-01
ACG35__130,ACG35,NEWMEDICA - WINTERTON,130,Ophthalmology,2020-04-01,2021-04-01,13,3,10,76.92307692307692,10,True,True,2021-04-01
AP201__100,AP201,EAST SUSSEX OUTPATIENT SERVICES (ESOPS),100,General Surgery,2020-04-01,2022-01-01,22,22,0,0.0,0,True,True,2022-01-01
AP201__101,AP201,EAST SUSSEX OUTPATIENT SERVICES (ESOPS),101,Urology,2020-04-01,2022-01-01,22,22,0,0.0,0,True,True,2022-01-01
AP201__120,AP201,EAST SUSSEX OUTPATIENT SERVICES (ESOPS),120,"Ear, Nose & Throat (ENT)",2020-04-01,2022-01-01,22,22,0,0.0,0,True,True,2022-01-01
AP201__301,AP201,EAST SUSSEX OUTPATIENT SERVICES (ESOPS),301,Gastroenterology,2020-04-01,2022-01-01,22,22,0,0.0,0,True,True,2022-01-01
AP201__502,AP201,EAST SUSSEX OUTPATIENT SERVICES (ESOPS),502,Gynaecology,2020-04-01,2022-01-01,22,22,0,0.0,0,True,True,2022-01-01
NT211__300,NT211,"NUFFIELD HEALTH, CHELTENHAM HOSPITAL",300,General Medicine,2020-04-01,2020-04-01,1,1,0,0.0,0,True,True,2020-04-01
NT213__160,NT213,"NUFFIELD HEALTH, DERBY HOSPITAL",160,Plastic Surgery,2020-04-01,2020-11-01,8,8,0,0.0,0,True,True,2020-11-01
NT213__300,NT213,"NUFFIELD HEALTH, DERBY HOSPITAL",300,General Medicine,2020-04-01,2020-05-01,2,2,0,0.0,0,True,True,2020-05-01
NT213__502,NT213,"NUFFIELD HEALTH, DERBY HOSPITAL",502,Gynaecology,2020-04-01,2021-03-01,12,12,0,0.0,0,True,True,2021-03-01
NT239__301,NT239,"NUFFIELD HEALTH, TUNBRIDGE WELLS HOSPITAL",301,Gastroenterology,2020-04-01,2021-06-01,15,7,8,53.333333333333336,7,True,True,2021-06-01
NT244__320,NT244,NUFFIELD HOSPITAL OXFORD (THE MANOR),320,Cardiology,2020-04-01,2020-04-01,1,1,0,0.0,0,True,True,2020-04-01
NT305__301,NT305,SPIRE PORTSMOUTH HOSPITAL,301,Gastroenterology,2020-04-01,2024-08-01,53,6,47,88.67924528301887,39,False,True,2024-08-01
NT312__120,NT312,SPIRE ALEXANDRA HOSPITAL,120,"Ear, Nose & Throat (ENT)",2020-04-01,2025-02-01,59,34,25,42.3728813559322,16,False,True,2025-02-01
NT315__170,NT315,SPIRE BUSHEY HOSPITAL,170,Cardiothoracic Surgery,2020-04-01,2020-04-01,1,1,0,0.0,0,True,True,2020-04-01
NT315__320,NT315,SPIRE BUSHEY HOSPITAL,320,Cardiology,2020-04-01,2021-02-01,11,2,9,81.81818181818181,9,True,True,2021-02-01
NT316__130,NT316,SPIRE HARPENDEN HOSPITAL,130,Ophthalmology,2020-04-01,2022-11-01,32,4,28,87.5,28,True,True,2022-11-01
NT316__140,NT316,SPIRE HARPENDEN HOSPITAL,140,Oral Surgery,2020-04-01,2020-05-01,2,2,0,0.0,0,True,True,2020-05-01
NT316__160,NT316,SPIRE HARPENDEN HOSPITAL,160,Plastic Surgery,2020-04-01,2020-05-01,2,2,0,0.0,0,True,True,2020-05-01
NT317__130,NT317,SPIRE CAMBRIDGE LEA HOSPITAL,130,Ophthalmology,2020-04-01,2021-12-01,21,13,8,38.095238095238095,8,True,True,2021-12-01
NT317__X01,NT317,SPIRE CAMBRIDGE LEA HOSPITAL,X01,Other,2020-04-01,2021-03-01,12,5,7,58.333333333333336,7,True,True,2021-03-01
NT320__120,NT320,SPIRE PARKWAY HOSPITAL,120,"Ear, Nose & Throat (ENT)",2020-04-01,2022-06-01,27,12,15,55.55555555555556,8,True,True,2022-06-01
NT344__502,NT344,SPIRE DUNEDIN HOSPITAL,502,Gynaecology,2020-04-01,2020-07-01,4,4,0,0.0,0,True,True,2020-07-01
NT429__410,NT429,BMI - THE PRIORY HOSPITAL,410,Rheumatology,2020-04-01,2021-02-01,11,11,0,0.0,0,True,True,2021-02-01
NVC14__101,NVC14,PARK HILL HOSPITAL,101,Urology,2020-04-01,2022-12-01,33,20,13,39.39393939393939,7,True,True,2022-12-01
NVC14__300,NVC14,PARK HILL HOSPITAL,300,General Medicine,2020-04-01,2022-02-01,23,19,4,17.391304347826086,4,True,True,2022-02-01
NVC22__330,NVC22,WINFIELD HOSPITAL,330,Dermatology,2020-04-01,2021-09-01,18,2,16,88.88888888888889,16,True,True,2021-09-01
NVC44__330,NVC44,THE WESTBOURNE CENTRE,330,Dermatology,2020-04-01,2022-01-01,22,10,12,54.54545454545455,9,True,True,2022-01-01
RAJ__160,RAJ,SOUTHEND UNIVERSITY HOSPITAL NHS FOUNDATION TRUST,160,Plastic Surgery,2020-04-01,2026-05-01,74,74,0,0.0,0,False,False,2026-05-01
RAJ__330,RAJ,SOUTHEND UNIVERSITY HOSPITAL NHS FOUNDATION TRUST,330,Dermatology,2020-04-01,2026-05-01,74,74,0,0.0,0,False,False,2026-05-01
RH5__130,RH5,SOMERSET NHS FOUNDATION TRUST,130,Ophthalmology,2020-04-01,2026-05-01,74,74,0,0.0,0,False,False,2026-05-01
RH5__160,RH5,SOMERSET NHS FOUNDATION TRUST,160,Plastic Surgery,2020-04-01,2026-05-01,74,74,0,0.0,0,False,False,2026-05-01
RH5__170,RH5,SOMERSET NHS FOUNDATION TRUST,170,Cardiothoracic Surgery,2020-04-01,2026-05-01,74,74,0,0.0,0,False,False,2026-05-01
RH5__301,RH5,SOMERSET NHS FOUNDATION TRUST,301,Gastroenterology,2020-04-01,2026-05-01,74,74,0,0.0,0,False,False,2026-05-01
RH5__320,RH5,SOMERSET NHS FOUNDATION TRUST,320,Cardiology,2020-04-01,2026-05-01,74,74,0,0.0,0,False,False,2026-05-01
RH5__330,RH5,SOMERSET NHS FOUNDATION TRUST,330,Dermatology,2020-04-01,2026-05-01,74,74,0,0.0,0,False,False,2026-05-01
RH5__340,RH5,SOMERSET NHS FOUNDATION TRUST,340,Thoracic Medicine,2020-04-01,2026-05-01,74,74,0,0.0,0,False,False,2026-05-01
RH5__400,RH5,SOMERSET NHS FOUNDATION TRUST,400,Neurology,2020-04-01,2026-05-01,74,74,0,0.0,0,False,False,2026-05-01
RH5__410,RH5,SOMERSET NHS FOUNDATION TRUST,410,Rheumatology,2020-04-01,2026-05-01,74,74,0,0.0,0,False,False,2026-05-01
RH5__430,RH5,SOMERSET NHS FOUNDATION TRUST,430,Geriatric Medicine,2020-04-01,2026-05-01,74,74,0,0.0,0,False,False,2026-05-01
DFQ__160,DFQ,NORWICH & NORFOLK SURGICAL LTD (N2S),160,Plastic Surgery,2020-05-01,2026-05-01,73,73,0,0.0,0,False,False,2026-05-01
NT206__430,NT206,"NUFFIELD HEALTH, BRISTOL HOSPITAL (CHESTERFIELD)",430,Geriatric Medicine,2020-05-01,2021-03-01,11,10,1,9.090909090909092,1,True,True,2021-03-01
NT302__120,NT302,SPIRE BRISTOL HOSPITAL,120,"Ear, Nose & Throat (ENT)",2020-05-01,2022-02-01,22,9,13,59.09090909090909,7,True,True,2022-02-01
NT348__160,NT348,SPIRE ELLAND HOSPITAL,160,Plastic Surgery,2020-05-01,2026-05-01,73,14,59,80.82191780821918,37,False,False,2026-05-01
NT348__330,NT348,SPIRE ELLAND HOSPITAL,330,Dermatology,2020-05-01,2024-06-01,50,10,40,80.0,39,False,True,2024-06-01
NTP13__330,NTP13,BARLBOROUGH NHS TREATMENT CENTRE,330,Dermatology,2020-05-01,2020-05-01,1,1,0,0.0,0,True,True,2020-05-01
NTPH2__X01,NTPH2,EMERSONS GREEN NHS TREATMENT CENTRE,X01,Other,2020-05-01,2020-09-01,5,5,0,0.0,0,True,True,2020-09-01
NVC08__300,NVC08,MOUNT STUART HOSPITAL,300,General Medicine,2020-05-01,2024-06-01,50,10,40,80.0,22,False,True,2024-06-01
NVC16__300,NVC16,RENACRES HOSPITAL,300,General Medicine,2020-05-01,2024-02-01,46,11,35,76.08695652173913,25,False,True,2024-02-01
NVC25__300,NVC25,HORTON NHS TREATMENT CENTRE,300,General Medicine,2020-05-01,2021-12-01,20,13,7,35.0,7,True,True,2021-12-01
NT215__410,NT215,"NUFFIELD HEALTH, EXETER HOSPITAL",410,Rheumatology,2020-06-01,2020-06-01,1,1,0,0.0,0,True,True,2020-06-01
NT224__140,NT224,"NUFFIELD HEALTH, WARWICKSHIRE HOSPITAL",140,Oral Surgery,2020-06-01,2020-06-01,1,1,0,0.0,0,True,True,2020-06-01
NT446__120,NT446,BMI ST EDMUNDS HOSPITAL,120,"Ear, Nose & Throat (ENT)",2020-06-01,2025-08-01,63,26,37,58.73015873015873,22,False,True,2025-08-01
NTE02__140,NTE02,ST HUGH'S HOSPITAL,140,Oral Surgery,2020-06-01,2020-07-01,2,2,0,0.0,0,True,True,2020-07-01
NTPH2__160,NTPH2,EMERSONS GREEN NHS TREATMENT CENTRE,160,Plastic Surgery,2020-06-01,2021-03-01,10,3,7,70.0,7,True,True,2021-03-01
NVC29__320,NVC29,COBALT HOSPITAL,320,Cardiology,2020-06-01,2020-07-01,2,2,0,0.0,0,True,True,2020-07-01
ACG36__130,ACG36,NEWMEDICA - EXETER - GLEN HOUSE,130,Ophthalmology,2020-07-01,2026-05-01,71,71,0,0.0,0,False,False,2026-05-01
ACG37__130,ACG37,NEWMEDICA - IPSWICH,130,Ophthalmology,2020-07-01,2026-05-01,71,71,0,0.0,0,False,False,2026-05-01
DX1__300,DX1,THE NEW FOSCOTE HOSPITAL LTD,300,General Medicine,2020-07-01,2022-10-01,28,16,12,42.857142857142854,5,True,True,2022-10-01
DX1__301,DX1,THE NEW FOSCOTE HOSPITAL LTD,301,Gastroenterology,2020-07-01,2020-07-01,1,1,0,0.0,0,True,True,2020-07-01
NPG21__130,NPG21,SPAMEDICA COVENTRY,130,Ophthalmology,2020-07-01,2026-05-01,71,71,0,0.0,0,False,False,2026-05-01
NT348__130,NT348,SPIRE ELLAND HOSPITAL,130,Ophthalmology,2020-07-01,2022-10-01,28,12,16,57.142857142857146,16,True,True,2022-10-01
RD8__170,RD8,MILTON KEYNES UNIVERSITY HOSPITAL NHS FOUNDATION TRUST,170,Cardiothoracic Surgery,2020-07-01,2026-05-01,71,29,42,59.15492957746479,17,False,False,2026-05-01
ACG38__130,ACG38,NEWMEDICA - LANGFORD,130,Ophthalmology,2020-08-01,2026-05-01,70,70,0,0.0,0,False,False,2026-05-01
GEC01__X01,GEC01,WESSEX RAPID DIAGNOSTIC SERVICE (SOUTHERN HOUSE),X01,Other,2020-08-01,2021-03-01,8,8,0,0.0,0,True,True,2021-03-01
NT305__150,NT305,SPIRE PORTSMOUTH HOSPITAL,150,Neurosurgery,2020-08-01,2024-08-01,49,2,47,95.91836734693878,47,False,True,2024-08-01
NT305__502,NT305,SPIRE PORTSMOUTH HOSPITAL,502,Gynaecology,2020-08-01,2024-08-01,49,3,46,93.87755102040816,46,False,True,2024-08-01
NYW01__150,NYW01,ASPEN - THE HOLLY,150,Neurosurgery,2020-08-01,2022-04-01,21,17,4,19.047619047619047,2,True,True,2022-04-01
NYW01__301,NYW01,ASPEN - THE HOLLY,301,Gastroenterology,2020-08-01,2021-04-01,9,6,3,33.333333333333336,3,True,True,2021-04-01
NYW01__400,NYW01,ASPEN - THE HOLLY,400,Neurology,2020-08-01,2021-08-01,13,12,1,7.6923076923076925,1,True,True,2021-08-01
R1A__410,R1A,WORCESTERSHIRE HEALTH AND CARE NHS TRUST,410,Rheumatology,2020-08-01,2020-08-01,1,1,0,0.0,0,True,True,2020-08-01
NPG23__130,NPG23,SPAMEDICA DERBY,130,Ophthalmology,2020-09-01,2026-05-01,69,69,0,0.0,0,False,False,2026-05-01
NT301__320,NT301,SPIRE SOUTH BANK HOSPITAL,320,Cardiology,2020-09-01,2020-12-01,4,4,0,0.0,0,True,True,2020-12-01
NT313__101,NT313,SPIRE WELLESLEY HOSPITAL,101,Urology,2020-09-01,2021-09-01,13,13,0,0.0,0,True,True,2021-09-01
NT313__120,NT313,SPIRE WELLESLEY HOSPITAL,120,"Ear, Nose & Throat (ENT)",2020-09-01,2026-02-01,66,21,45,68.18181818181819,43,False,True,2026-02-01
NT322__502,NT322,SPIRE LEICESTER HOSPITAL,502,Gynaecology,2020-09-01,2026-05-01,69,11,58,84.05797101449275,53,False,False,2026-05-01
NT327__502,NT327,SPIRE MANCHESTER HOSPITAL,502,Gynaecology,2020-09-01,2020-09-01,1,1,0,0.0,0,True,True,2020-09-01
NT3X3__502,NT3X3,SPIRE ST ANTHONY'S HOSPITAL,502,Gynaecology,2020-09-01,2026-05-01,69,43,26,37.68115942028985,23,False,False,2026-05-01
NT410__140,NT410,BMI - THE CHILTERN HOSPITAL,140,Oral Surgery,2020-09-01,2025-09-01,61,16,45,73.77049180327869,45,False,True,2025-09-01
NTP16__330,NTP16,WILL ADAMS NHS TREATMENT CENTRE,330,Dermatology,2020-09-01,2020-10-01,2,2,0,0.0,0,True,True,2020-10-01
NVC04__430,NVC04,DUCHY HOSPITAL,430,Geriatric Medicine,2020-09-01,2021-04-01,8,5,3,37.5,3,True,True,2021-04-01
NYW03__410,NYW03,ASPEN - HIGHGATE HOSPITAL,410,Rheumatology,2020-09-01,2021-04-01,8,8,0,0.0,0,True,True,2021-04-01
NPG22__130,NPG22,SPAMEDICA STOCKTON-ON-TEES,130,Ophthalmology,2020-10-01,2026-05-01,68,68,0,0.0,0,False,False,2026-05-01
NQH__120,NQH,NOVUS HEALTH LTD,120,"Ear, Nose & Throat (ENT)",2020-10-01,2020-10-01,1,1,0,0.0,0,True,True,2020-10-01
NT314__410,NT314,SPIRE LONDON EAST,410,Rheumatology,2020-10-01,2020-10-01,1,1,0,0.0,0,True,True,2020-10-01
NT424__330,NT424,BMI - THE MERIDEN HOSPITAL,330,Dermatology,2020-10-01,2024-06-01,45,8,37,82.22222222222223,17,False,True,2024-06-01
NVC08__340,NVC08,MOUNT STUART HOSPITAL,340,Thoracic Medicine,2020-10-01,2021-11-01,14,10,4,28.571428571428573,2,True,True,2021-11-01
NVC14__502,NVC14,PARK HILL HOSPITAL,502,Gynaecology,2020-10-01,2025-02-01,53,21,32,60.37735849056604,26,False,True,2025-02-01
NVC15__340,NVC15,PINEHILL HOSPITAL,340,Thoracic Medicine,2020-10-01,2022-05-01,20,19,1,5.0,1,True,True,2022-05-01
NVC27__340,NVC27,BOSTON WEST HOSPITAL,340,Thoracic Medicine,2020-10-01,2023-02-01,29,21,8,27.586206896551722,8,True,True,2023-02-01
NVC28__340,NVC28,CLIFTON PARK HOSPITAL,340,Thoracic Medicine,2020-10-01,2022-04-01,19,15,4,21.05263157894737,4,True,True,2022-04-01
NYW02__170,NYW02,ASPEN - PARKSIDE HOSPITAL,170,Cardiothoracic Surgery,2020-10-01,2020-11-01,2,2,0,0.0,0,True,True,2020-11-01
NYW02__301,NYW02,ASPEN - PARKSIDE HOSPITAL,301,Gastroenterology,2020-10-01,2022-07-01,22,22,0,0.0,0,True,True,2022-07-01
NYW02__320,NYW02,ASPEN - PARKSIDE HOSPITAL,320,Cardiology,2020-10-01,2021-03-01,6,5,1,16.666666666666668,1,True,True,2021-03-01
NYW02__330,NYW02,ASPEN - PARKSIDE HOSPITAL,330,Dermatology,2020-10-01,2020-12-01,3,3,0,0.0,0,True,True,2020-12-01
NYW02__340,NYW02,ASPEN - PARKSIDE HOSPITAL,340,Thoracic Medicine,2020-10-01,2021-01-01,4,4,0,0.0,0,True,True,2021-01-01
NYW02__410,NYW02,ASPEN - PARKSIDE HOSPITAL,410,Rheumatology,2020-10-01,2021-03-01,6,3,3,50.0,3,True,True,2021-03-01
R0B__170,R0B,SOUTH TYNESIDE AND SUNDERLAND NHS FOUNDATION TRUST,170,Cardiothoracic Surgery,2020-10-01,2021-01-01,4,4,0,0.0,0,True,True,2021-01-01
R0D__100,R0D,UNIVERSITY HOSPITALS DORSET NHS FOUNDATION TRUST,100,General Surgery,2020-10-01,2026-05-01,68,68,0,0.0,0,False,False,2026-05-01
R0D__101,R0D,UNIVERSITY HOSPITALS DORSET NHS FOUNDATION TRUST,101,Urology,2020-10-01,2026-05-01,68,68,0,0.0,0,False,False,2026-05-01
R0D__110,R0D,UNIVERSITY HOSPITALS DORSET NHS FOUNDATION TRUST,110,Trauma & Orthopaedics,2020-10-01,2026-05-01,68,68,0,0.0,0,False,False,2026-05-01
R0D__120,R0D,UNIVERSITY HOSPITALS DORSET NHS FOUNDATION TRUST,120,"Ear, Nose & Throat (ENT)",2020-10-01,2026-05-01,68,68,0,0.0,0,False,False,2026-05-01
R0D__130,R0D,UNIVERSITY HOSPITALS DORSET NHS FOUNDATION TRUST,130,Ophthalmology,2020-10-01,2026-05-01,68,68,0,0.0,0,False,False,2026-05-01
R0D__140,R0D,UNIVERSITY HOSPITALS DORSET NHS FOUNDATION TRUST,140,Oral Surgery,2020-10-01,2026-05-01,68,68,0,0.0,0,False,False,2026-05-01
R0D__170,R0D,UNIVERSITY HOSPITALS DORSET NHS FOUNDATION TRUST,170,Cardiothoracic Surgery,2020-10-01,2023-02-01,29,27,2,6.896551724137931,2,True,True,2023-02-01
R0D__300,R0D,UNIVERSITY HOSPITALS DORSET NHS FOUNDATION TRUST,300,General Medicine,2020-10-01,2026-05-01,68,68,0,0.0,0,False,False,2026-05-01
R0D__301,R0D,UNIVERSITY HOSPITALS DORSET NHS FOUNDATION TRUST,301,Gastroenterology,2020-10-01,2026-05-01,68,68,0,0.0,0,False,False,2026-05-01
R0D__320,R0D,UNIVERSITY HOSPITALS DORSET NHS FOUNDATION TRUST,320,Cardiology,2020-10-01,2026-05-01,68,68,0,0.0,0,False,False,2026-05-01
R0D__330,R0D,UNIVERSITY HOSPITALS DORSET NHS FOUNDATION TRUST,330,Dermatology,2020-10-01,2026-05-01,68,68,0,0.0,0,False,False,2026-05-01
R0D__340,R0D,UNIVERSITY HOSPITALS DORSET NHS FOUNDATION TRUST,340,Thoracic Medicine,2020-10-01,2026-05-01,68,68,0,0.0,0,False,False,2026-05-01
R0D__400,R0D,UNIVERSITY HOSPITALS DORSET NHS FOUNDATION TRUST,400,Neurology,2020-10-01,2026-05-01,68,68,0,0.0,0,False,False,2026-05-01
R0D__410,R0D,UNIVERSITY HOSPITALS DORSET NHS FOUNDATION TRUST,410,Rheumatology,2020-10-01,2026-05-01,68,68,0,0.0,0,False,False,2026-05-01
R0D__430,R0D,UNIVERSITY HOSPITALS DORSET NHS FOUNDATION TRUST,430,Geriatric Medicine,2020-10-01,2026-05-01,68,68,0,0.0,0,False,False,2026-05-01
R0D__502,R0D,UNIVERSITY HOSPITALS DORSET NHS FOUNDATION TRUST,502,Gynaecology,2020-10-01,2026-05-01,68,68,0,0.0,0,False,False,2026-05-01
R0D__X01,R0D,UNIVERSITY HOSPITALS DORSET NHS FOUNDATION TRUST,X01,Other,2020-10-01,2021-03-01,6,6,0,0.0,0,True,True,2021-03-01
R1A__301,R1A,WORCESTERSHIRE HEALTH AND CARE NHS TRUST,301,Gastroenterology,2020-10-01,2020-10-01,1,1,0,0.0,0,True,True,2020-10-01
RNN__160,RNN,NORTH CUMBRIA INTEGRATED CARE NHS FOUNDATION TRUST,160,Plastic Surgery,2020-10-01,2024-10-01,49,8,41,83.6734693877551,12,False,True,2024-10-01
T8R5I__130,T8R5I,SPAMEDICA WOKINGHAM,130,Ophthalmology,2020-10-01,2026-05-01,68,68,0,0.0,0,False,False,2026-05-01
ACG39__130,ACG39,NEWMEDICA - SWINDON,130,Ophthalmology,2020-11-01,2026-01-01,63,63,0,0.0,0,False,True,2026-01-01
ACG40__130,ACG40,NEWMEDICA - WAKEFIELD,130,Ophthalmology,2020-11-01,2026-05-01,67,67,0,0.0,0,False,False,2026-05-01
NT206__300,NT206,"NUFFIELD HEALTH, BRISTOL HOSPITAL (CHESTERFIELD)",300,General Medicine,2020-11-01,2020-11-01,1,1,0,0.0,0,True,True,2020-11-01
NT239__150,NT239,"NUFFIELD HEALTH, TUNBRIDGE WELLS HOSPITAL",150,Neurosurgery,2020-11-01,2026-05-01,67,22,45,67.16417910447761,13,False,False,2026-05-01
NT401__320,NT401,BMI - THE ALEXANDRA HOSPITAL,320,Cardiology,2020-11-01,2024-08-01,46,12,34,73.91304347826087,32,False,True,2024-08-01
NTE02__300,NTE02,ST HUGH'S HOSPITAL,300,General Medicine,2020-11-01,2021-06-01,8,6,2,25.0,2,True,True,2021-06-01
NVC06__340,NVC06,FITZWILLIAM HOSPITAL,340,Thoracic Medicine,2020-11-01,2021-02-01,4,4,0,0.0,0,True,True,2021-02-01
NVC44__160,NVC44,THE WESTBOURNE CENTRE,160,Plastic Surgery,2020-11-01,2026-04-01,66,49,17,25.757575757575758,11,False,True,2026-04-01
NYW02__430,NYW02,ASPEN - PARKSIDE HOSPITAL,430,Geriatric Medicine,2020-11-01,2020-11-01,1,1,0,0.0,0,True,True,2020-11-01
R0D__160,R0D,UNIVERSITY HOSPITALS DORSET NHS FOUNDATION TRUST,160,Plastic Surgery,2020-11-01,2025-01-01,51,5,46,90.19607843137256,37,False,True,2025-01-01
RM1__170,RM1,NORFOLK AND NORWICH UNIVERSITY HOSPITALS NHS FOUNDATION TRUST,170,Cardiothoracic Surgery,2020-11-01,2020-11-01,1,1,0,0.0,0,True,True,2020-11-01
TAD__X01,TAD,BRADFORD DISTRICT CARE NHS FOUNDATION TRUST,X01,Other,2020-11-01,2021-03-01,5,5,0,0.0,0,True,True,2021-03-01
Y8L9S__130,Y8L9S,SPAMEDICA BROMLEY,130,Ophthalmology,2020-11-01,2026-05-01,67,67,0,0.0,0,False,False,2026-05-01
A0C5S__130,A0C5S,SPAMEDICA GLOUCESTER,130,Ophthalmology,2020-12-01,2026-05-01,66,66,0,0.0,0,False,False,2026-05-01
ACG41__130,ACG41,NEWMEDICA - FROME,130,Ophthalmology,2020-12-01,2023-09-01,34,34,0,0.0,0,True,True,2023-09-01
L0D9W__130,L0D9W,NEWMEDICA - GLOUCESTER (BRIGHOUSE COURT),130,Ophthalmology,2020-12-01,2026-05-01,66,66,0,0.0,0,False,False,2026-05-01
NT322__301,NT322,SPIRE LEICESTER HOSPITAL,301,Gastroenterology,2020-12-01,2026-05-01,66,13,53,80.3030303030303,32,False,False,2026-05-01
NT344__320,NT344,SPIRE DUNEDIN HOSPITAL,320,Cardiology,2020-12-01,2021-09-01,10,10,0,0.0,0,True,True,2021-09-01
NVC29__101,NVC29,COBALT HOSPITAL,101,Urology,2020-12-01,2021-10-01,11,10,1,9.090909090909092,1,True,True,2021-10-01
NYW01__170,NYW01,ASPEN - THE HOLLY,170,Cardiothoracic Surgery,2020-12-01,2021-01-01,2,2,0,0.0,0,True,True,2021-01-01
NYW02__400,NYW02,ASPEN - PARKSIDE HOSPITAL,400,Neurology,2020-12-01,2021-03-01,4,3,1,25.0,1,True,True,2021-03-01
R0D__150,R0D,UNIVERSITY HOSPITALS DORSET NHS FOUNDATION TRUST,150,Neurosurgery,2020-12-01,2025-08-01,57,16,41,71.9298245614035,13,False,True,2025-08-01
R1F__400,R1F,ISLE OF WIGHT NHS TRUST,400,Neurology,2020-12-01,2026-05-01,66,43,23,34.84848484848485,7,False,False,2026-05-01
RBQ__100,RBQ,LIVERPOOL HEART AND CHEST HOSPITAL NHS FOUNDATION TRUST,100,General Surgery,2020-12-01,2020-12-01,1,1,0,0.0,0,True,True,2020-12-01
NT202__130,NT202,"NUFFIELD HEALTH, BOURNEMOUTH HOSPITAL",130,Ophthalmology,2021-01-01,2022-08-01,20,12,8,40.0,5,True,True,2022-08-01
NT202__140,NT202,"NUFFIELD HEALTH, BOURNEMOUTH HOSPITAL",140,Oral Surgery,2021-01-01,2024-09-01,45,30,15,33.333333333333336,14,False,True,2024-09-01
NT202__320,NT202,"NUFFIELD HEALTH, BOURNEMOUTH HOSPITAL",320,Cardiology,2021-01-01,2023-02-01,26,25,1,3.8461538461538463,1,True,True,2023-02-01
NT204__160,NT204,"NUFFIELD HEALTH, BRENTWOOD HOSPITAL",160,Plastic Surgery,2021-01-01,2021-03-01,3,3,0,0.0,0,True,True,2021-03-01
NT215__400,NT215,"NUFFIELD HEALTH, EXETER HOSPITAL",400,Neurology,2021-01-01,2022-05-01,17,17,0,0.0,0,True,True,2022-05-01
NT224__301,NT224,"NUFFIELD HEALTH, WARWICKSHIRE HOSPITAL",301,Gastroenterology,2021-01-01,2021-10-01,10,9,1,10.0,1,True,True,2021-10-01
NT226__160,NT226,"NUFFIELD HEALTH, LEICESTER HOSPITAL",160,Plastic Surgery,2021-01-01,2026-05-01,65,63,2,3.076923076923077,2,False,False,2026-05-01
NT226__410,NT226,"NUFFIELD HEALTH, LEICESTER HOSPITAL",410,Rheumatology,2021-01-01,2021-07-01,7,7,0,0.0,0,True,True,2021-07-01
NT230__120,NT230,"NUFFIELD HEALTH, NORTH STAFFORDSHIRE HOSPITAL",120,"Ear, Nose & Throat (ENT)",2021-01-01,2025-11-01,59,8,51,86.44067796610169,25,False,True,2025-11-01
NT304__140,NT304,SPIRE SOUTHAMPTON HOSPITAL,140,Oral Surgery,2021-01-01,2023-10-01,34,5,29,85.29411764705883,29,True,True,2023-10-01
NT308__400,NT308,SPIRE GATWICK PARK HOSPITAL,400,Neurology,2021-01-01,2026-01-01,61,12,49,80.32786885245902,36,False,True,2026-01-01
NT316__101,NT316,SPIRE HARPENDEN HOSPITAL,101,Urology,2021-01-01,2023-04-01,28,10,18,64.28571428571429,16,True,True,2023-04-01
NT317__101,NT317,SPIRE CAMBRIDGE LEA HOSPITAL,101,Urology,2021-01-01,2021-12-01,12,12,0,0.0,0,True,True,2021-12-01
NT317__160,NT317,SPIRE CAMBRIDGE LEA HOSPITAL,160,Plastic Surgery,2021-01-01,2021-12-01,12,5,7,58.333333333333336,7,True,True,2021-12-01
NT317__502,NT317,SPIRE CAMBRIDGE LEA HOSPITAL,502,Gynaecology,2021-01-01,2026-03-01,63,13,50,79.36507936507937,50,False,True,2026-03-01
NT319__150,NT319,SPIRE HARTSWOOD HOSPITAL,150,Neurosurgery,2021-01-01,2026-05-01,65,10,55,84.61538461538461,32,False,False,2026-05-01
NT319__502,NT319,SPIRE HARTSWOOD HOSPITAL,502,Gynaecology,2021-01-01,2023-09-01,33,7,26,78.78787878787878,26,True,True,2023-09-01
NT332__130,NT332,SPIRE LEEDS HOSPITAL,130,Ophthalmology,2021-01-01,2021-06-01,6,6,0,0.0,0,True,True,2021-06-01
NT332__150,NT332,SPIRE LEEDS HOSPITAL,150,Neurosurgery,2021-01-01,2023-05-01,29,19,10,34.48275862068966,8,True,True,2023-05-01
NT343__301,NT343,SPIRE THAMES VALLEY HOSPITAL,301,Gastroenterology,2021-01-01,2026-05-01,65,13,52,80.0,23,False,False,2026-05-01
NT403__140,NT403,BMI - THE BEARDWOOD HOSPITAL,140,Oral Surgery,2021-01-01,2022-02-01,14,14,0,0.0,0,True,True,2022-02-01
NT497__140,NT497,BMI GISBURNE PARK HOSPITAL,140,Oral Surgery,2021-01-01,2021-01-01,1,1,0,0.0,0,True,True,2021-01-01
NVC13__340,NVC13,OAKS HOSPITAL,340,Thoracic Medicine,2021-01-01,2021-04-01,4,4,0,0.0,0,True,True,2021-04-01
P1B7M__130,P1B7M,SPAMEDICA BRISTOL,130,Ophthalmology,2021-01-01,2026-05-01,65,65,0,0.0,0,False,False,2026-05-01
RET__130,RET,THE WALTON CENTRE NHS FOUNDATION TRUST,130,Ophthalmology,2021-01-01,2026-05-01,65,65,0,0.0,0,False,False,2026-05-01
RH5__140,RH5,SOMERSET NHS FOUNDATION TRUST,140,Oral Surgery,2021-01-01,2026-05-01,65,65,0,0.0,0,False,False,2026-05-01
RM3__160,RM3,SALFORD ROYAL NHS FOUNDATION TRUST,160,Plastic Surgery,2021-01-01,2026-05-01,65,65,0,0.0,0,False,False,2026-05-01
RWF__160,RWF,MAIDSTONE AND TUNBRIDGE WELLS NHS TRUST,160,Plastic Surgery,2021-01-01,2021-01-01,1,1,0,0.0,0,True,True,2021-01-01
DX1__140,DX1,THE NEW FOSCOTE HOSPITAL LTD,140,Oral Surgery,2021-02-01,2022-02-01,13,11,2,15.384615384615385,1,True,True,2022-02-01
NAM01__120,NAM01,PROBUS SURGICAL CENTRE,120,"Ear, Nose & Throat (ENT)",2021-02-01,2023-11-01,34,2,32,94.11764705882354,32,True,True,2023-11-01
NT202__120,NT202,"NUFFIELD HEALTH, BOURNEMOUTH HOSPITAL",120,"Ear, Nose & Throat (ENT)",2021-02-01,2021-10-01,9,9,0,0.0,0,True,True,2021-10-01
NT204__170,NT204,"NUFFIELD HEALTH, BRENTWOOD HOSPITAL",170,Cardiothoracic Surgery,2021-02-01,2021-03-01,2,2,0,0.0,0,True,True,2021-03-01
NT210__160,NT210,"NUFFIELD HEALTH, THE GROSVENOR HOSPITAL, CHESTER",160,Plastic Surgery,2021-02-01,2021-07-01,6,6,0,0.0,0,True,True,2021-07-01
NT210__301,NT210,"NUFFIELD HEALTH, THE GROSVENOR HOSPITAL, CHESTER",301,Gastroenterology,2021-02-01,2025-04-01,51,15,36,70.58823529411765,20,False,True,2025-04-01
NT210__430,NT210,"NUFFIELD HEALTH, THE GROSVENOR HOSPITAL, CHESTER",430,Geriatric Medicine,2021-02-01,2021-02-01,1,1,0,0.0,0,True,True,2021-02-01
NT215__502,NT215,"NUFFIELD HEALTH, EXETER HOSPITAL",502,Gynaecology,2021-02-01,2022-05-01,16,16,0,0.0,0,True,True,2022-05-01
NT218__140,NT218,"NUFFIELD HEALTH, HAYWARDS HEATH HOSPITAL",140,Oral Surgery,2021-02-01,2021-12-01,11,10,1,9.090909090909092,1,True,True,2021-12-01
NT224__100,NT224,"NUFFIELD HEALTH, WARWICKSHIRE HOSPITAL",100,General Surgery,2021-02-01,2026-05-01,64,45,19,29.6875,15,False,False,2026-05-01
NT224__120,NT224,"NUFFIELD HEALTH, WARWICKSHIRE HOSPITAL",120,"Ear, Nose & Throat (ENT)",2021-02-01,2021-03-01,2,2,0,0.0,0,True,True,2021-03-01
NT224__160,NT224,"NUFFIELD HEALTH, WARWICKSHIRE HOSPITAL",160,Plastic Surgery,2021-02-01,2025-02-01,49,2,47,95.91836734693878,47,False,True,2025-02-01
NT230__140,NT230,"NUFFIELD HEALTH, NORTH STAFFORDSHIRE HOSPITAL",140,Oral Surgery,2021-02-01,2021-03-01,2,2,0,0.0,0,True,True,2021-03-01
NT230__160,NT230,"NUFFIELD HEALTH, NORTH STAFFORDSHIRE HOSPITAL",160,Plastic Surgery,2021-02-01,2021-03-01,2,2,0,0.0,0,True,True,2021-03-01
NT233__150,NT233,"NUFFIELD HEALTH, PLYMOUTH HOSPITAL",150,Neurosurgery,2021-02-01,2026-05-01,64,59,5,7.8125,4,False,False,2026-05-01
NT241__301,NT241,"NUFFIELD HEALTH, WOKING HOSPITAL",301,Gastroenterology,2021-02-01,2021-05-01,4,4,0,0.0,0,True,True,2021-05-01
NT242__160,NT242,"NUFFIELD HEALTH, WOLVERHAMPTON HOSPITAL",160,Plastic Surgery,2021-02-01,2021-03-01,2,2,0,0.0,0,True,True,2021-03-01
NT320__160,NT320,SPIRE PARKWAY HOSPITAL,160,Plastic Surgery,2021-02-01,2021-05-01,4,4,0,0.0,0,True,True,2021-05-01
NT332__320,NT332,SPIRE LEEDS HOSPITAL,320,Cardiology,2021-02-01,2021-05-01,4,4,0,0.0,0,True,True,2021-05-01
NT343__140,NT343,SPIRE THAMES VALLEY HOSPITAL,140,Oral Surgery,2021-02-01,2025-08-01,55,7,48,87.27272727272727,48,False,True,2025-08-01
NT344__170,NT344,SPIRE DUNEDIN HOSPITAL,170,Cardiothoracic Surgery,2021-02-01,2021-09-01,8,5,3,37.5,3,True,True,2021-09-01
NT417__330,NT417,BMI - GORING HALL HOSPITAL,330,Dermatology,2021-02-01,2021-02-01,1,1,0,0.0,0,True,True,2021-02-01
NT423__410,NT423,BMI - THE MANOR HOSPITAL,410,Rheumatology,2021-02-01,2022-09-01,20,20,0,0.0,0,True,True,2022-09-01
NVC14__130,NVC14,PARK HILL HOSPITAL,130,Ophthalmology,2021-02-01,2021-10-01,9,7,2,22.22222222222222,2,True,True,2021-10-01
RJ1__170,RJ1,GUY'S AND ST THOMAS' NHS FOUNDATION TRUST,170,Cardiothoracic Surgery,2021-02-01,2026-05-01,64,64,0,0.0,0,False,False,2026-05-01
B9M3W__130,B9M3W,SPAMEDICA SOUTHAMPTON,130,Ophthalmology,2021-03-01,2026-05-01,63,63,0,0.0,0,False,False,2026-05-01
I9A4A__130,I9A4A,SPAMEDICA BRIGHTON,130,Ophthalmology,2021-03-01,2026-05-01,63,63,0,0.0,0,False,False,2026-05-01
L6O7H__130,L6O7H,SPAMEDICA POOLE,130,Ophthalmology,2021-03-01,2026-05-01,63,63,0,0.0,0,False,False,2026-05-01
NT215__300,NT215,"NUFFIELD HEALTH, EXETER HOSPITAL",300,General Medicine,2021-03-01,2021-03-01,1,1,0,0.0,0,True,True,2021-03-01
NT218__301,NT218,"NUFFIELD HEALTH, HAYWARDS HEATH HOSPITAL",301,Gastroenterology,2021-03-01,2021-03-01,1,1,0,0.0,0,True,True,2021-03-01
NT218__502,NT218,"NUFFIELD HEALTH, HAYWARDS HEATH HOSPITAL",502,Gynaecology,2021-03-01,2021-07-01,5,2,3,60.0,3,True,True,2021-07-01
NT225__140,NT225,"NUFFIELD HEALTH, LEEDS HOSPITAL",140,Oral Surgery,2021-03-01,2024-06-01,40,19,21,52.5,21,False,True,2024-06-01
NT225__160,NT225,"NUFFIELD HEALTH, LEEDS HOSPITAL",160,Plastic Surgery,2021-03-01,2025-11-01,57,55,2,3.508771929824561,2,False,True,2025-11-01
NT230__130,NT230,"NUFFIELD HEALTH, NORTH STAFFORDSHIRE HOSPITAL",130,Ophthalmology,2021-03-01,2026-05-01,63,18,45,71.42857142857143,45,False,False,2026-05-01
NT310__400,NT310,SPIRE TUNBRIDGE WELLS HOSPITAL,400,Neurology,2021-03-01,2021-10-01,8,8,0,0.0,0,True,True,2021-10-01
NT314__130,NT314,SPIRE LONDON EAST,130,Ophthalmology,2021-03-01,2021-03-01,1,1,0,0.0,0,True,True,2021-03-01
NT317__140,NT317,SPIRE CAMBRIDGE LEA HOSPITAL,140,Oral Surgery,2021-03-01,2023-04-01,26,9,17,65.38461538461539,17,True,True,2023-04-01
NT317__320,NT317,SPIRE CAMBRIDGE LEA HOSPITAL,320,Cardiology,2021-03-01,2021-03-01,1,1,0,0.0,0,True,True,2021-03-01
NT343__320,NT343,SPIRE THAMES VALLEY HOSPITAL,320,Cardiology,2021-03-01,2021-04-01,2,2,0,0.0,0,True,True,2021-04-01
NT412__330,NT412,BMI - THE DROITWICH SPA HOSPITAL,330,Dermatology,2021-03-01,2022-05-01,15,15,0,0.0,0,True,True,2022-05-01
NT430__320,NT430,BMI - THE RIDGEWAY HOSPITAL,320,Cardiology,2021-03-01,2024-01-01,35,3,32,91.42857142857143,23,True,True,2024-01-01
NT437__400,NT437,BMI - THE SLOANE HOSPITAL,400,Neurology,2021-03-01,2022-10-01,20,9,11,55.0,11,True,True,2022-10-01
NT437__410,NT437,BMI - THE SLOANE HOSPITAL,410,Rheumatology,2021-03-01,2021-03-01,1,1,0,0.0,0,True,True,2021-03-01
NT441__330,NT441,BMI - THREE SHIRES HOSPITAL,330,Dermatology,2021-03-01,2025-07-01,53,17,36,67.9245283018868,21,False,True,2025-07-01
NT450__150,NT450,BMI THE LINCOLN HOSPITAL,150,Neurosurgery,2021-03-01,2022-03-01,13,3,10,76.92307692307692,7,True,True,2022-03-01
NVC12__300,NVC12,OAKLANDS HOSPITAL,300,General Medicine,2021-03-01,2023-02-01,24,19,5,20.833333333333332,5,True,True,2023-02-01
NYW02__130,NYW02,ASPEN - PARKSIDE HOSPITAL,130,Ophthalmology,2021-03-01,2021-03-01,1,1,0,0.0,0,True,True,2021-03-01
Q1W6P__130,Q1W6P,SPAMEDICA WATFORD,130,Ophthalmology,2021-03-01,2026-05-01,63,63,0,0.0,0,False,False,2026-05-01
RBV__301,RBV,THE CHRISTIE NHS FOUNDATION TRUST,301,Gastroenterology,2021-03-01,2021-04-01,2,2,0,0.0,0,True,True,2021-04-01
AAH__X05,AAH,TETBURY HOSPITAL TRUST LTD,X05,Other - Surgical Services,2021-04-01,2024-12-01,45,33,12,26.666666666666668,4,False,True,2024-12-01
AAH__X06,AAH,TETBURY HOSPITAL TRUST LTD,X06,Other - Other Services,2021-04-01,2026-05-01,62,61,1,1.6129032258064515,1,False,False,2026-05-01
ADN__X02,ADN,PRIMARY INTEGRATED COMMUNITY SERVICES LTD,X02,Other - Medical Services,2021-04-01,2024-01-01,34,33,1,2.9411764705882355,1,True,True,2024-01-01
ADP02__X02,ADP02,KIMS HOSPITAL (NEWNHAM COURT),X02,Other - Medical Services,2021-04-01,2026-05-01,62,56,6,9.67741935483871,5,False,False,2026-05-01
AJX__X06,AJX,SUSSEX MSK PARTNERSHIP 2,X06,Other - Other Services,2021-04-01,2024-11-01,44,43,1,2.272727272727273,1,False,True,2024-11-01
DX1__X02,DX1,THE NEW FOSCOTE HOSPITAL LTD,X02,Other - Medical Services,2021-04-01,2022-10-01,19,10,9,47.36842105263158,6,True,True,2022-10-01
DX1__X05,DX1,THE NEW FOSCOTE HOSPITAL LTD,X05,Other - Surgical Services,2021-04-01,2025-09-01,54,16,38,70.37037037037037,38,False,True,2025-09-01
GEC01__X06,GEC01,WESSEX RAPID DIAGNOSTIC SERVICE (SOUTHERN HOUSE),X06,Other - Other Services,2021-04-01,2026-05-01,62,60,2,3.225806451612903,2,False,False,2026-05-01
NDL01__X03,NDL01,SUFFOLK GP FEDERATION - WOODBRIDGE,X03,Other - Mental Health Services,2021-04-01,2022-09-01,18,18,0,0.0,0,True,True,2022-09-01
NEQ__X02,NEQ,PHOENIX HEALTH SOLUTIONS LIMITED HQ,X02,Other - Medical Services,2021-04-01,2026-05-01,62,58,4,6.451612903225806,4,False,False,2026-05-01
NFH__330,NFH,SOMERSET SURGICAL SERVICES HQ,330,Dermatology Service,2021-04-01,2021-07-01,4,4,0,0.0,0,True,True,2021-07-01
NL8__X05,NL8,LOCALA COMMUNITY PARTNERSHIPS CIC,X05,Other - Surgical Services,2021-04-01,2026-05-01,62,62,0,0.0,0,False,False,2026-05-01
NLF06__X06,NLF06,OLDHAM INTEGRATED CARE CENTRE,X06,Other - Other Services,2021-04-01,2024-01-01,34,34,0,0.0,0,True,True,2024-01-01
NMG__X06,NMG,CONNECT HEALTH LIMITED,X06,Other - Other Services,2021-04-01,2026-05-01,62,62,0,0.0,0,False,False,2026-05-01
NN4__X02,NN4,TYNESIDE SURGICAL SERVICES LTD,X02,Other - Medical Services,2021-04-01,2026-05-01,62,62,0,0.0,0,False,False,2026-05-01
NN8__X02,NN8,SPENCER PRIVATE HOSPITALS LTD,X02,Other - Medical Services,2021-04-01,2026-05-01,62,62,0,0.0,0,False,False,2026-05-01
NNE__X02,NNE,DORKING HEALTHCARE LIMITED (DHC),X02,Other - Medical Services,2021-04-01,2026-05-01,62,62,0,0.0,0,False,False,2026-05-01
NNF__X02,NNF,CITY HEALTH CARE PARTNERSHIP CIC,X02,Other - Medical Services,2021-04-01,2024-01-01,34,34,0,0.0,0,True,True,2024-01-01
NNF__X03,NNF,CITY HEALTH CARE PARTNERSHIP CIC,X03,Other - Mental Health Services,2021-04-01,2024-01-01,34,34,0,0.0,0,True,True,2024-01-01
NNF__X05,NNF,CITY HEALTH CARE PARTNERSHIP CIC,X05,Other - Surgical Services,2021-04-01,2024-01-01,34,34,0,0.0,0,True,True,2024-01-01
NNF__X06,NNF,CITY HEALTH CARE PARTNERSHIP CIC,X06,Other - Other Services,2021-04-01,2024-01-01,34,34,0,0.0,0,True,True,2024-01-01
NQA__X04,NQA,PROVIDE,X04,Other - Paediatric Services,2021-04-01,2024-01-01,34,34,0,0.0,0,True,True,2024-01-01
NQT5K__X04,NQT5K,ST MARTINS HOSPITAL,X04,Other - Paediatric Services,2021-04-01,2024-01-01,34,34,0,0.0,0,True,True,2024-01-01
NQTF7__X04,NQTF7,VCL WILTSHIRE CHILDRENS SERVICES,X04,Other - Paediatric Services,2021-04-01,2024-01-01,34,34,0,0.0,0,True,True,2024-01-01
NQV__X06,NQV,BROMLEY HEALTHCARE,X06,Other - Other Services,2021-04-01,2024-01-01,34,34,0,0.0,0,True,True,2024-01-01
NR3__X02,NR3,NOTTINGHAM CITYCARE PARTNERSHIP,X02,Other - Medical Services,2021-04-01,2024-01-01,34,34,0,0.0,0,True,True,2024-01-01
NR3__X06,NR3,NOTTINGHAM CITYCARE PARTNERSHIP,X06,Other - Other Services,2021-04-01,2022-03-01,12,12,0,0.0,0,True,True,2022-03-01
NR5__X02,NR5,LIVEWELL SOUTHWEST,X02,Other - Medical Services,2021-04-01,2026-05-01,62,62,0,0.0,0,False,False,2026-05-01
NRP__301,NRP,BEACON MEDICAL SERVICES GROUP LIMITED,301,Gastroenterology Service,2021-04-01,2026-05-01,62,62,0,0.0,0,False,False,2026-05-01
NT202__X02,NT202,"NUFFIELD HEALTH, BOURNEMOUTH HOSPITAL",X02,Other - Medical Services,2021-04-01,2024-07-01,40,15,25,62.5,12,False,True,2024-07-01
NT202__X06,NT202,"NUFFIELD HEALTH, BOURNEMOUTH HOSPITAL",X06,Other - Other Services,2021-04-01,2024-08-01,41,28,13,31.70731707317073,7,False,True,2024-08-01
NT204__X06,NT204,"NUFFIELD HEALTH, BRENTWOOD HOSPITAL",X06,Other - Other Services,2021-04-01,2026-05-01,62,60,2,3.225806451612903,1,False,False,2026-05-01
NT206__X06,NT206,"NUFFIELD HEALTH, BRISTOL HOSPITAL (CHESTERFIELD)",X06,Other - Other Services,2021-04-01,2026-05-01,62,62,0,0.0,0,False,False,2026-05-01
NT210__X06,NT210,"NUFFIELD HEALTH, THE GROSVENOR HOSPITAL, CHESTER",X06,Other - Other Services,2021-04-01,2026-05-01,62,34,28,45.16129032258065,23,False,False,2026-05-01
NT212__410,NT212,"NUFFIELD HEALTH, CHICHESTER HOSPITAL",410,Rheumatology Service,2021-04-01,2021-04-01,1,1,0,0.0,0,True,True,2021-04-01
NT212__X06,NT212,"NUFFIELD HEALTH, CHICHESTER HOSPITAL",X06,Other - Other Services,2021-04-01,2025-12-01,57,34,23,40.35087719298246,20,False,True,2025-12-01
NT213__X02,NT213,"NUFFIELD HEALTH, DERBY HOSPITAL",X02,Other - Medical Services,2021-04-01,2026-05-01,62,62,0,0.0,0,False,False,2026-05-01
NT215__X06,NT215,"NUFFIELD HEALTH, EXETER HOSPITAL",X06,Other - Other Services,2021-04-01,2026-05-01,62,27,35,56.45161290322581,19,False,False,2026-05-01
NT218__X02,NT218,"NUFFIELD HEALTH, HAYWARDS HEATH HOSPITAL",X02,Other - Medical Services,2021-04-01,2022-01-01,10,9,1,10.0,1,True,True,2022-01-01
NT219__X06,NT219,"NUFFIELD HEALTH, HEREFORD HOSPITAL",X06,Other - Other Services,2021-04-01,2026-05-01,62,25,37,59.67741935483871,16,False,False,2026-05-01
NT225__170,NT225,"NUFFIELD HEALTH, LEEDS HOSPITAL",170,Cardiothoracic Surgery Service,2021-04-01,2024-02-01,35,8,27,77.14285714285714,11,True,True,2024-02-01
NT225__X06,NT225,"NUFFIELD HEALTH, LEEDS HOSPITAL",X06,Other - Other Services,2021-04-01,2024-01-01,34,23,11,32.35294117647059,11,True,True,2024-01-01
NT226__X06,NT226,"NUFFIELD HEALTH, LEICESTER HOSPITAL",X06,Other - Other Services,2021-04-01,2024-04-01,37,37,0,0.0,0,False,True,2024-04-01
NT237__X06,NT237,"NUFFIELD HEALTH, TEES HOSPITAL",X06,Other - Other Services,2021-04-01,2022-04-01,13,8,5,38.46153846153846,5,True,True,2022-04-01
NT239__X02,NT239,"NUFFIELD HEALTH, TUNBRIDGE WELLS HOSPITAL",X02,Other - Medical Services,2021-04-01,2024-04-01,37,35,2,5.405405405405405,2,False,True,2024-04-01
NT239__X06,NT239,"NUFFIELD HEALTH, TUNBRIDGE WELLS HOSPITAL",X06,Other - Other Services,2021-04-01,2024-04-01,37,35,2,5.405405405405405,2,False,True,2024-04-01
NT241__X02,NT241,"NUFFIELD HEALTH, WOKING HOSPITAL",X02,Other - Medical Services,2021-04-01,2026-04-01,61,41,20,32.78688524590164,8,False,True,2026-04-01
NT242__X02,NT242,"NUFFIELD HEALTH, WOLVERHAMPTON HOSPITAL",X02,Other - Medical Services,2021-04-01,2023-10-01,31,14,17,54.83870967741935,5,True,True,2023-10-01
NT242__X06,NT242,"NUFFIELD HEALTH, WOLVERHAMPTON HOSPITAL",X06,Other - Other Services,2021-04-01,2024-02-01,35,27,8,22.857142857142858,8,True,True,2024-02-01
NT301__X05,NT301,SPIRE SOUTH BANK HOSPITAL,X05,Other - Surgical Services,2021-04-01,2026-05-01,62,58,4,6.451612903225806,2,False,False,2026-05-01
NT302__X05,NT302,SPIRE BRISTOL HOSPITAL,X05,Other - Surgical Services,2021-04-01,2025-09-01,54,34,20,37.03703703703704,8,False,True,2025-09-01
NT304__X05,NT304,SPIRE SOUTHAMPTON HOSPITAL,X05,Other - Surgical Services,2021-04-01,2026-05-01,62,38,24,38.70967741935484,8,False,False,2026-05-01
NT305__300,NT305,SPIRE PORTSMOUTH HOSPITAL,300,General Internal Medicine Service,2021-04-01,2021-08-01,5,2,3,60.0,3,True,True,2021-08-01
NT305__X05,NT305,SPIRE PORTSMOUTH HOSPITAL,X05,Other - Surgical Services,2021-04-01,2026-05-01,62,19,43,69.35483870967742,8,False,False,2026-05-01
NT308__300,NT308,SPIRE GATWICK PARK HOSPITAL,300,General Internal Medicine Service,2021-04-01,2021-07-01,4,2,2,50.0,2,True,True,2021-07-01
NT308__X05,NT308,SPIRE GATWICK PARK HOSPITAL,X05,Other - Surgical Services,2021-04-01,2026-05-01,62,62,0,0.0,0,False,False,2026-05-01
NT309__X05,NT309,SPIRE SUSSEX HOSPITAL,X05,Other - Surgical Services,2021-04-01,2022-01-01,10,5,5,50.0,3,True,True,2022-01-01
NT30A__300,NT30A,SPIRE NOTTINGHAM HOSPITAL,300,General Internal Medicine Service,2021-04-01,2022-06-01,15,3,12,80.0,7,True,True,2022-06-01
NT30A__X05,NT30A,SPIRE NOTTINGHAM HOSPITAL,X05,Other - Surgical Services,2021-04-01,2026-05-01,62,34,28,45.16129032258065,6,False,False,2026-05-01
NT310__300,NT310,SPIRE TUNBRIDGE WELLS HOSPITAL,300,General Internal Medicine Service,2021-04-01,2021-04-01,1,1,0,0.0,0,True,True,2021-04-01
NT310__X05,NT310,SPIRE TUNBRIDGE WELLS HOSPITAL,X05,Other - Surgical Services,2021-04-01,2024-09-01,42,34,8,19.047619047619047,5,False,True,2024-09-01
NT312__X05,NT312,SPIRE ALEXANDRA HOSPITAL,X05,Other - Surgical Services,2021-04-01,2026-05-01,62,62,0,0.0,0,False,False,2026-05-01
NT313__300,NT313,SPIRE WELLESLEY HOSPITAL,300,General Internal Medicine Service,2021-04-01,2021-08-01,5,4,1,20.0,1,True,True,2021-08-01
NT313__X05,NT313,SPIRE WELLESLEY HOSPITAL,X05,Other - Surgical Services,2021-04-01,2026-05-01,62,60,2,3.225806451612903,1,False,False,2026-05-01
NT314__300,NT314,SPIRE LONDON EAST,300,General Internal Medicine Service,2021-04-01,2021-07-01,4,2,2,50.0,2,True,True,2021-07-01
NT314__X05,NT314,SPIRE LONDON EAST,X05,Other - Surgical Services,2021-04-01,2026-05-01,62,62,0,0.0,0,False,False,2026-05-01
NT315__300,NT315,SPIRE BUSHEY HOSPITAL,300,General Internal Medicine Service,2021-04-01,2021-10-01,7,5,2,28.571428571428573,2,True,True,2021-10-01
NT315__X05,NT315,SPIRE BUSHEY HOSPITAL,X05,Other - Surgical Services,2021-04-01,2026-05-01,62,59,3,4.838709677419355,3,False,False,2026-05-01
NT316__X05,NT316,SPIRE HARPENDEN HOSPITAL,X05,Other - Surgical Services,2021-04-01,2026-05-01,62,58,4,6.451612903225806,4,False,False,2026-05-01
NT317__300,NT317,SPIRE CAMBRIDGE LEA HOSPITAL,300,General Internal Medicine Service,2021-04-01,2023-03-01,24,16,8,33.333333333333336,3,True,True,2023-03-01
NT317__X05,NT317,SPIRE CAMBRIDGE LEA HOSPITAL,X05,Other - Surgical Services,2021-04-01,2026-02-01,59,43,16,27.11864406779661,5,False,True,2026-02-01
NT319__300,NT319,SPIRE HARTSWOOD HOSPITAL,300,General Internal Medicine Service,2021-04-01,2021-08-01,5,3,2,40.0,2,True,True,2021-08-01
NT319__X05,NT319,SPIRE HARTSWOOD HOSPITAL,X05,Other - Surgical Services,2021-04-01,2026-04-01,61,30,31,50.81967213114754,11,False,True,2026-04-01
NT320__300,NT320,SPIRE PARKWAY HOSPITAL,300,General Internal Medicine Service,2021-04-01,2022-10-01,19,6,13,68.42105263157895,12,True,True,2022-10-01
NT320__X05,NT320,SPIRE PARKWAY HOSPITAL,X05,Other - Surgical Services,2021-04-01,2026-05-01,62,62,0,0.0,0,False,False,2026-05-01
NT321__300,NT321,SPIRE LITTLE ASTON HOSPITAL,300,General Internal Medicine Service,2021-04-01,2025-09-01,54,8,46,85.18518518518519,44,False,True,2025-09-01
NT321__X05,NT321,SPIRE LITTLE ASTON HOSPITAL,X05,Other - Surgical Services,2021-04-01,2026-05-01,62,59,3,4.838709677419355,2,False,False,2026-05-01
NT322__X05,NT322,SPIRE LEICESTER HOSPITAL,X05,Other - Surgical Services,2021-04-01,2026-05-01,62,39,23,37.096774193548384,15,False,False,2026-05-01
NT324__X05,NT324,SPIRE CHESHIRE HOSPITAL,X05,Other - Surgical Services,2021-04-01,2026-05-01,62,33,29,46.774193548387096,4,False,False,2026-05-01
NT325__X05,NT325,SPIRE MURRAYFIELD HOSPITAL,X05,Other - Surgical Services,2021-04-01,2026-05-01,62,62,0,0.0,0,False,False,2026-05-01
NT327__X05,NT327,SPIRE MANCHESTER HOSPITAL,X05,Other - Surgical Services,2021-04-01,2026-05-01,62,61,1,1.6129032258064515,1,False,False,2026-05-01
NT332__X05,NT332,SPIRE LEEDS HOSPITAL,X05,Other - Surgical Services,2021-04-01,2026-04-01,61,45,16,26.229508196721312,6,False,True,2026-04-01
NT333__X05,NT333,SPIRE WASHINGTON HOSPITAL,X05,Other - Surgical Services,2021-04-01,2026-05-01,62,62,0,0.0,0,False,False,2026-05-01
NT337__300,NT337,SPIRE LIVERPOOL HOSPITAL,300,General Internal Medicine Service,2021-04-01,2023-08-01,29,7,22,75.86206896551724,19,True,True,2023-08-01
NT337__X05,NT337,SPIRE LIVERPOOL HOSPITAL,X05,Other - Surgical Services,2021-04-01,2026-05-01,62,62,0,0.0,0,False,False,2026-05-01
NT339__300,NT339,SPIRE REGENCY HOSPITAL,300,General Internal Medicine Service,2021-04-01,2021-04-01,1,1,0,0.0,0,True,True,2021-04-01
NT339__X05,NT339,SPIRE REGENCY HOSPITAL,X05,Other - Surgical Services,2021-04-01,2026-05-01,62,62,0,0.0,0,False,False,2026-05-01
NT343__X05,NT343,SPIRE THAMES VALLEY HOSPITAL,X05,Other - Surgical Services,2021-04-01,2026-05-01,62,58,4,6.451612903225806,1,False,False,2026-05-01
NT344__X05,NT344,SPIRE DUNEDIN HOSPITAL,X05,Other - Surgical Services,2021-04-01,2026-05-01,62,62,0,0.0,0,False,False,2026-05-01
NT345__300,NT345,SPIRE CLARE PARK HOSPITAL,300,General Internal Medicine Service,2021-04-01,2021-09-01,6,3,3,50.0,3,True,True,2021-09-01
NT345__X05,NT345,SPIRE CLARE PARK HOSPITAL,X05,Other - Surgical Services,2021-04-01,2026-05-01,62,62,0,0.0,0,False,False,2026-05-01
NT347__300,NT347,SPIRE FYLDE COAST HOSPITAL,300,General Internal Medicine Service,2021-04-01,2021-08-01,5,2,3,60.0,3,True,True,2021-08-01
NT347__X05,NT347,SPIRE FYLDE COAST HOSPITAL,X05,Other - Surgical Services,2021-04-01,2026-05-01,62,62,0,0.0,0,False,False,2026-05-01
NT348__X05,NT348,SPIRE ELLAND HOSPITAL,X05,Other - Surgical Services,2021-04-01,2026-05-01,62,62,0,0.0,0,False,False,2026-05-01
NT350__300,NT350,SPIRE METHLEY PARK HOSPITAL,300,General Internal Medicine Service,2021-04-01,2021-04-01,1,1,0,0.0,0,True,True,2021-04-01
NT350__X05,NT350,SPIRE METHLEY PARK HOSPITAL,X05,Other - Surgical Services,2021-04-01,2026-05-01,62,58,4,6.451612903225806,2,False,False,2026-05-01
NT351__X05,NT351,SPIRE HULL AND EAST RIDING HOSPITAL,X05,Other - Surgical Services,2021-04-01,2026-05-01,62,62,0,0.0,0,False,False,2026-05-01
NT364__X05,NT364,SPIRE MONTEFIORE HOSPITAL,X05,Other - Surgical Services,2021-04-01,2026-05-01,62,62,0,0.0,0,False,False,2026-05-01
NT3X3__300,NT3X3,SPIRE ST ANTHONY'S HOSPITAL,300,General Internal Medicine Service,2021-04-01,2024-10-01,43,9,34,79.06976744186046,15,False,True,2024-10-01
NT3X3__X05,NT3X3,SPIRE ST ANTHONY'S HOSPITAL,X05,Other - Surgical Services,2021-04-01,2026-05-01,62,62,0,0.0,0,False,False,2026-05-01
NT401__X06,NT401,BMI - THE ALEXANDRA HOSPITAL,X06,Other - Other Services,2021-04-01,2026-04-01,61,43,18,29.508196721311474,3,False,True,2026-04-01
NT402__X06,NT402,BMI - BATH CLINIC,X06,Other - Other Services,2021-04-01,2026-05-01,62,55,7,11.290322580645162,2,False,False,2026-05-01
NT403__X06,NT403,BMI - THE BEARDWOOD HOSPITAL,X06,Other - Other Services,2021-04-01,2026-05-01,62,62,0,0.0,0,False,False,2026-05-01
NT404__X06,NT404,BMI - THE BEAUMONT HOSPITAL,X06,Other - Other Services,2021-04-01,2026-05-01,62,62,0,0.0,0,False,False,2026-05-01
NT405__X06,NT405,BMI - BISHOPS WOOD,X06,Other - Other Services,2021-04-01,2026-05-01,62,62,0,0.0,0,False,False,2026-05-01
NT406__X06,NT406,BMI - THE BLACKHEATH HOSPITAL,X06,Other - Other Services,2021-04-01,2026-05-01,62,62,0,0.0,0,False,False,2026-05-01
NT408__X06,NT408,BMI - THE CHAUCER HOSPITAL,X06,Other - Other Services,2021-04-01,2026-04-01,61,60,1,1.639344262295082,1,False,True,2026-04-01
NT409__X06,NT409,BMI - CHELSFIELD PARK HOSPITAL,X06,Other - Other Services,2021-04-01,2026-05-01,62,62,0,0.0,0,False,False,2026-05-01
NT410__X06,NT410,BMI - THE CHILTERN HOSPITAL,X06,Other - Other Services,2021-04-01,2026-05-01,62,62,0,0.0,0,False,False,2026-05-01
NT411__X06,NT411,BMI - THE CLEMENTINE CHURCHILL HOSPITAL,X06,Other - Other Services,2021-04-01,2026-05-01,62,62,0,0.0,0,False,False,2026-05-01
NT412__X06,NT412,BMI - THE DROITWICH SPA HOSPITAL,X06,Other - Other Services,2021-04-01,2026-05-01,62,62,0,0.0,0,False,False,2026-05-01
NT416__X06,NT416,BMI - HENDON HOSPITAL,X06,Other - Other Services,2021-04-01,2026-05-01,62,62,0,0.0,0,False,False,2026-05-01
NT417__X06,NT417,BMI - GORING HALL HOSPITAL,X06,Other - Other Services,2021-04-01,2026-05-01,62,61,1,1.6129032258064515,1,False,False,2026-05-01
NT418__X06,NT418,BMI - THE HAMPSHIRE CLINIC,X06,Other - Other Services,2021-04-01,2026-05-01,62,58,4,6.451612903225806,1,False,False,2026-05-01
NT420__X06,NT420,BMI - THE HIGHFIELD HOSPITAL,X06,Other - Other Services,2021-04-01,2026-05-01,62,62,0,0.0,0,False,False,2026-05-01
NT421__X06,NT421,BMI - THE KINGS OAK HOSPITAL,X06,Other - Other Services,2021-04-01,2025-11-01,56,55,1,1.7857142857142858,1,False,True,2025-11-01
NT422__X06,NT422,BMI - THE LONDON INDEPENDENT HOSPITAL,X06,Other - Other Services,2021-04-01,2026-05-01,62,62,0,0.0,0,False,False,2026-05-01
NT423__X06,NT423,BMI - THE MANOR HOSPITAL,X06,Other - Other Services,2021-04-01,2026-04-01,61,60,1,1.639344262295082,1,False,True,2026-04-01
NT424__X06,NT424,BMI - THE MERIDEN HOSPITAL,X06,Other - Other Services,2021-04-01,2026-05-01,62,60,2,3.225806451612903,1,False,False,2026-05-01
NT427__X06,NT427,BMI - THE PARK HOSPITAL,X06,Other - Other Services,2021-04-01,2026-05-01,62,62,0,0.0,0,False,False,2026-05-01
NT428__X06,NT428,BMI - THE PRINCESS MARGARET HOSPITAL,X06,Other - Other Services,2021-04-01,2026-05-01,62,44,18,29.032258064516128,5,False,False,2026-05-01
NT429__X06,NT429,BMI - THE PRIORY HOSPITAL,X06,Other - Other Services,2021-04-01,2026-03-01,60,54,6,10.0,4,False,True,2026-03-01
NT430__X06,NT430,BMI - THE RIDGEWAY HOSPITAL,X06,Other - Other Services,2021-04-01,2025-11-01,56,28,28,50.0,7,False,True,2025-11-01
NT431__X06,NT431,BMI - THE RUNNYMEDE HOSPITAL,X06,Other - Other Services,2021-04-01,2026-05-01,62,51,11,17.741935483870968,3,False,False,2026-05-01
NT433__X06,NT433,BMI - SARUM ROAD HOSPITAL,X06,Other - Other Services,2021-04-01,2026-05-01,62,62,0,0.0,0,False,False,2026-05-01
NT434__X06,NT434,BMI - THE SAXON CLINIC,X06,Other - Other Services,2021-04-01,2026-05-01,62,59,3,4.838709677419355,2,False,False,2026-05-01
NT435__X06,NT435,BMI - THE SHELBURNE HOSPITAL,X06,Other - Other Services,2021-04-01,2026-05-01,62,56,6,9.67741935483871,2,False,False,2026-05-01
NT436__X06,NT436,BMI - SHIRLEY OAKS HOSPITAL,X06,Other - Other Services,2021-04-01,2026-05-01,62,62,0,0.0,0,False,False,2026-05-01
NT437__X06,NT437,BMI - THE SLOANE HOSPITAL,X06,Other - Other Services,2021-04-01,2026-05-01,62,62,0,0.0,0,False,False,2026-05-01
NT440__X06,NT440,BMI - THORNBURY HOSPITAL,X06,Other - Other Services,2021-04-01,2026-05-01,62,58,4,6.451612903225806,1,False,False,2026-05-01
NT441__X06,NT441,BMI - THREE SHIRES HOSPITAL,X06,Other - Other Services,2021-04-01,2026-05-01,62,59,3,4.838709677419355,1,False,False,2026-05-01
NT443__X06,NT443,BMI - THE WINTERBOURNE HOSPITAL,X06,Other - Other Services,2021-04-01,2026-05-01,62,49,13,20.967741935483872,6,False,False,2026-05-01
NT445__X06,NT445,BMI THE EDGBASTON HOSPITAL,X06,Other - Other Services,2021-04-01,2026-05-01,62,47,15,24.193548387096776,5,False,False,2026-05-01
NT446__X06,NT446,BMI ST EDMUNDS HOSPITAL,X06,Other - Other Services,2021-04-01,2026-05-01,62,60,2,3.225806451612903,1,False,False,2026-05-01
NT447__X06,NT447,BMI THE DUCHY HOSPITAL,X06,Other - Other Services,2021-04-01,2026-05-01,62,41,21,33.87096774193548,8,False,False,2026-05-01
NT448__X06,NT448,BMI THE HUDDERSFIELD HOSPITAL,X06,Other - Other Services,2021-04-01,2026-05-01,62,55,7,11.290322580645162,3,False,False,2026-05-01
NT449__X06,NT449,BMI THE LANCASTER HOSPITAL,X06,Other - Other Services,2021-04-01,2026-05-01,62,59,3,4.838709677419355,2,False,False,2026-05-01
NT451__X06,NT451,BMI THE CAVELL HOSPITAL,X06,Other - Other Services,2021-04-01,2026-05-01,62,62,0,0.0,0,False,False,2026-05-01
NT455__X06,NT455,BMI MOUNT ALVERNIA HOSPITAL,X06,Other - Other Services,2021-04-01,2026-05-01,62,62,0,0.0,0,False,False,2026-05-01
NT457__X06,NT457,BMI WOODLANDS HOSPITAL,X06,Other - Other Services,2021-04-01,2026-05-01,62,62,0,0.0,0,False,False,2026-05-01
NT497__X06,NT497,BMI GISBURNE PARK HOSPITAL,X06,Other - Other Services,2021-04-01,2021-06-01,3,3,0,0.0,0,True,True,2021-06-01
NTE02__X02,NTE02,ST HUGH'S HOSPITAL,X02,Other - Medical Services,2021-04-01,2026-02-01,59,57,2,3.389830508474576,2,False,True,2026-02-01
NTE02__X06,NTE02,ST HUGH'S HOSPITAL,X06,Other - Other Services,2021-04-01,2025-06-01,51,41,10,19.607843137254903,3,False,True,2025-06-01
NTX__X06,NTX,THE ONE HEALTH GROUP LTD,X06,Other - Other Services,2021-04-01,2026-05-01,62,36,26,41.935483870967744,14,False,False,2026-05-01
NV302__X06,NV302,CIRCLE BATH HOSPITAL,X06,Other - Other Services,2021-04-01,2021-08-01,5,5,0,0.0,0,True,True,2021-08-01
NV323__X02,NV323,CIRCLE READING HOSPITAL,X02,Other - Medical Services,2021-04-01,2021-08-01,5,5,0,0.0,0,True,True,2021-08-01
NV323__X05,NV323,CIRCLE READING HOSPITAL,X05,Other - Surgical Services,2021-04-01,2021-08-01,5,5,0,0.0,0,True,True,2021-08-01
NV323__X06,NV323,CIRCLE READING HOSPITAL,X06,Other - Other Services,2021-04-01,2023-05-01,26,26,0,0.0,0,True,True,2023-05-01
NVC04__X02,NVC04,DUCHY HOSPITAL,X02,Other - Medical Services,2021-04-01,2021-04-01,1,1,0,0.0,0,True,True,2021-04-01
NVC0I__100,NVC0I,BEACON PARK HOSPITAL,100,General Surgery Service,2021-04-01,2026-05-01,62,62,0,0.0,0,False,False,2026-05-01
NVC0I__101,NVC0I,BEACON PARK HOSPITAL,101,Urology Service,2021-04-01,2026-05-01,62,62,0,0.0,0,False,False,2026-05-01
NVC0I__110,NVC0I,BEACON PARK HOSPITAL,110,Trauma and Orthopaedic Service,2021-04-01,2026-05-01,62,62,0,0.0,0,False,False,2026-05-01
NVC0I__130,NVC0I,BEACON PARK HOSPITAL,130,Ophthalmology Service,2021-04-01,2026-05-01,62,62,0,0.0,0,False,False,2026-05-01
NVC0I__301,NVC0I,BEACON PARK HOSPITAL,301,Gastroenterology Service,2021-04-01,2026-05-01,62,62,0,0.0,0,False,False,2026-05-01
NVC0I__502,NVC0I,BEACON PARK HOSPITAL,502,Gynaecology Service,2021-04-01,2026-05-01,62,62,0,0.0,0,False,False,2026-05-01
NVC0Y__100,NVC0Y,EXETER MEDICAL,100,General Surgery Service,2021-04-01,2026-02-01,59,19,40,67.79661016949153,38,False,True,2026-02-01
NVC0Y__101,NVC0Y,EXETER MEDICAL,101,Urology Service,2021-04-01,2026-05-01,62,62,0,0.0,0,False,False,2026-05-01
NVC0Y__110,NVC0Y,EXETER MEDICAL,110,Trauma and Orthopaedic Service,2021-04-01,2026-05-01,62,61,1,1.6129032258064515,1,False,False,2026-05-01
NVC0Y__160,NVC0Y,EXETER MEDICAL,160,Plastic Surgery Service,2021-04-01,2026-05-01,62,62,0,0.0,0,False,False,2026-05-01
NVC0Y__330,NVC0Y,EXETER MEDICAL,330,Dermatology Service,2021-04-01,2026-05-01,62,62,0,0.0,0,False,False,2026-05-01
NVC0Y__340,NVC0Y,EXETER MEDICAL,340,Respiratory Medicine Service,2021-04-01,2022-02-01,11,11,0,0.0,0,True,True,2022-02-01
NVC1H__100,NVC1H,STOURSIDE HOSPITAL,100,General Surgery Service,2021-04-01,2026-05-01,62,62,0,0.0,0,False,False,2026-05-01
NVC1H__101,NVC1H,STOURSIDE HOSPITAL,101,Urology Service,2021-04-01,2026-05-01,62,62,0,0.0,0,False,False,2026-05-01
NVC1H__110,NVC1H,STOURSIDE HOSPITAL,110,Trauma and Orthopaedic Service,2021-04-01,2026-05-01,62,62,0,0.0,0,False,False,2026-05-01
NVC1H__120,NVC1H,STOURSIDE HOSPITAL,120,Ear Nose and Throat Service,2021-04-01,2025-01-01,46,46,0,0.0,0,False,True,2025-01-01
NVC1H__130,NVC1H,STOURSIDE HOSPITAL,130,Ophthalmology Service,2021-04-01,2026-05-01,62,62,0,0.0,0,False,False,2026-05-01
NVC1H__160,NVC1H,STOURSIDE HOSPITAL,160,Plastic Surgery Service,2021-04-01,2026-05-01,62,20,42,67.74193548387096,36,False,False,2026-05-01
NVC1H__301,NVC1H,STOURSIDE HOSPITAL,301,Gastroenterology Service,2021-04-01,2026-05-01,62,62,0,0.0,0,False,False,2026-05-01
NVC1H__502,NVC1H,STOURSIDE HOSPITAL,502,Gynaecology Service,2021-04-01,2026-05-01,62,62,0,0.0,0,False,False,2026-05-01
NVM__X05,NVM,EPSOMEDICAL GROUP,X05,Other - Surgical Services,2021-04-01,2026-05-01,62,62,0,0.0,0,False,False,2026-05-01
NVM__X06,NVM,EPSOMEDICAL GROUP,X06,Other - Other Services,2021-04-01,2026-05-01,62,47,15,24.193548387096776,3,False,False,2026-05-01
NWX__X05,NWX,HERE,X05,Other - Surgical Services,2021-04-01,2024-11-01,44,44,0,0.0,0,False,True,2024-11-01
NWX__X06,NWX,HERE,X06,Other - Other Services,2021-04-01,2024-11-01,44,44,0,0.0,0,False,True,2024-11-01
NYW01__X02,NYW01,ASPEN - THE HOLLY,X02,Other - Medical Services,2021-04-01,2022-08-01,17,13,4,23.529411764705884,3,True,True,2022-08-01
NYW01__X05,NYW01,ASPEN - THE HOLLY,X05,Other - Surgical Services,2021-04-01,2022-08-01,17,16,1,5.882352941176471,1,True,True,2022-08-01
NYW01__X06,NYW01,ASPEN - THE HOLLY,X06,Other - Other Services,2021-04-01,2022-08-01,17,16,1,5.882352941176471,1,True,True,2022-08-01
NYW02__X02,NYW02,ASPEN - PARKSIDE HOSPITAL,X02,Other - Medical Services,2021-04-01,2021-04-01,1,1,0,0.0,0,True,True,2021-04-01
NYW02__X05,NYW02,ASPEN - PARKSIDE HOSPITAL,X05,Other - Surgical Services,2021-04-01,2022-08-01,17,17,0,0.0,0,True,True,2022-08-01
NYW02__X06,NYW02,ASPEN - PARKSIDE HOSPITAL,X06,Other - Other Services,2021-04-01,2022-08-01,17,17,0,0.0,0,True,True,2022-08-01
NYW03__X05,NYW03,ASPEN - HIGHGATE HOSPITAL,X05,Other - Surgical Services,2021-04-01,2022-08-01,17,17,0,0.0,0,True,True,2022-08-01
NYW03__X06,NYW03,ASPEN - HIGHGATE HOSPITAL,X06,Other - Other Services,2021-04-01,2021-04-01,1,1,0,0.0,0,True,True,2021-04-01
R0A__X02,R0A,MANCHESTER UNIVERSITY NHS FOUNDATION TRUST,X02,Other - Medical Services,2021-04-01,2026-05-01,62,59,3,4.838709677419355,3,False,False,2026-05-01
R0A__X03,R0A,MANCHESTER UNIVERSITY NHS FOUNDATION TRUST,X03,Other - Mental Health Services,2021-04-01,2026-05-01,62,59,3,4.838709677419355,3,False,False,2026-05-01
R0A__X04,R0A,MANCHESTER UNIVERSITY NHS FOUNDATION TRUST,X04,Other - Paediatric Services,2021-04-01,2026-05-01,62,59,3,4.838709677419355,3,False,False,2026-05-01
R0A__X05,R0A,MANCHESTER UNIVERSITY NHS FOUNDATION TRUST,X05,Other - Surgical Services,2021-04-01,2026-05-01,62,59,3,4.838709677419355,3,False,False,2026-05-01
R0A__X06,R0A,MANCHESTER UNIVERSITY NHS FOUNDATION TRUST,X06,Other - Other Services,2021-04-01,2026-05-01,62,59,3,4.838709677419355,3,False,False,2026-05-01
R0B__X02,R0B,SOUTH TYNESIDE AND SUNDERLAND NHS FOUNDATION TRUST,X02,Other - Medical Services,2021-04-01,2026-05-01,62,62,0,0.0,0,False,False,2026-05-01
R0B__X04,R0B,SOUTH TYNESIDE AND SUNDERLAND NHS FOUNDATION TRUST,X04,Other - Paediatric Services,2021-04-01,2026-05-01,62,62,0,0.0,0,False,False,2026-05-01
R0B__X05,R0B,SOUTH TYNESIDE AND SUNDERLAND NHS FOUNDATION TRUST,X05,Other - Surgical Services,2021-04-01,2026-05-01,62,62,0,0.0,0,False,False,2026-05-01
R0B__X06,R0B,SOUTH TYNESIDE AND SUNDERLAND NHS FOUNDATION TRUST,X06,Other - Other Services,2021-04-01,2026-05-01,62,62,0,0.0,0,False,False,2026-05-01
R0D__X02,R0D,UNIVERSITY HOSPITALS DORSET NHS FOUNDATION TRUST,X02,Other - Medical Services,2021-04-01,2026-05-01,62,62,0,0.0,0,False,False,2026-05-01
R0D__X04,R0D,UNIVERSITY HOSPITALS DORSET NHS FOUNDATION TRUST,X04,Other - Paediatric Services,2021-04-01,2026-05-01,62,62,0,0.0,0,False,False,2026-05-01
R0D__X05,R0D,UNIVERSITY HOSPITALS DORSET NHS FOUNDATION TRUST,X05,Other - Surgical Services,2021-04-01,2026-05-01,62,62,0,0.0,0,False,False,2026-05-01
R0D__X06,R0D,UNIVERSITY HOSPITALS DORSET NHS FOUNDATION TRUST,X06,Other - Other Services,2021-04-01,2026-05-01,62,62,0,0.0,0,False,False,2026-05-01
R1A__X02,R1A,HEREFORDSHIRE AND WORCESTERSHIRE HEALTH AND CARE NHS TRUST,X02,Other - Medical Services,2021-04-01,2023-09-01,30,30,0,0.0,0,True,True,2023-09-01
R1A__X04,R1A,HEREFORDSHIRE AND WORCESTERSHIRE HEALTH AND CARE NHS TRUST,X04,Other - Paediatric Services,2021-04-01,2023-09-01,30,30,0,0.0,0,True,True,2023-09-01
R1C__X02,R1C,SOLENT NHS TRUST,X02,Other - Medical Services,2021-04-01,2024-08-01,41,35,6,14.634146341463415,6,False,True,2024-08-01
R1C__X03,R1C,SOLENT NHS TRUST,X03,Other - Mental Health Services,2021-04-01,2024-08-01,41,41,0,0.0,0,False,True,2024-08-01
R1C__X04,R1C,SOLENT NHS TRUST,X04,Other - Paediatric Services,2021-04-01,2024-01-01,34,34,0,0.0,0,True,True,2024-01-01
R1C__X06,R1C,SOLENT NHS TRUST,X06,Other - Other Services,2021-04-01,2024-01-01,34,34,0,0.0,0,True,True,2024-01-01
R1D__X04,R1D,SHROPSHIRE COMMUNITY HEALTH NHS TRUST,X04,Other - Paediatric Services,2021-04-01,2026-05-01,62,62,0,0.0,0,False,False,2026-05-01
R1F__X02,R1F,ISLE OF WIGHT NHS TRUST,X02,Other - Medical Services,2021-04-01,2026-05-01,62,62,0,0.0,0,False,False,2026-05-01
R1F__X03,R1F,ISLE OF WIGHT NHS TRUST,X03,Other - Mental Health Services,2021-04-01,2026-05-01,62,55,7,11.290322580645162,7,False,False,2026-05-01
R1F__X05,R1F,ISLE OF WIGHT NHS TRUST,X05,Other - Surgical Services,2021-04-01,2026-05-01,62,62,0,0.0,0,False,False,2026-05-01
R1F__X06,R1F,ISLE OF WIGHT NHS TRUST,X06,Other - Other Services,2021-04-01,2026-05-01,62,62,0,0.0,0,False,False,2026-05-01
R1H__X02,R1H,BARTS HEALTH NHS TRUST,X02,Other - Medical Services,2021-04-01,2026-05-01,62,62,0,0.0,0,False,False,2026-05-01
R1H__X04,R1H,BARTS HEALTH NHS TRUST,X04,Other - Paediatric Services,2021-04-01,2026-05-01,62,62,0,0.0,0,False,False,2026-05-01
R1H__X05,R1H,BARTS HEALTH NHS TRUST,X05,Other - Surgical Services,2021-04-01,2026-05-01,62,62,0,0.0,0,False,False,2026-05-01
R1H__X06,R1H,BARTS HEALTH NHS TRUST,X06,Other - Other Services,2021-04-01,2026-05-01,62,62,0,0.0,0,False,False,2026-05-01
R1K__X02,R1K,LONDON NORTH WEST UNIVERSITY HEALTHCARE NHS TRUST,X02,Other - Medical Services,2021-04-01,2026-05-01,62,62,0,0.0,0,False,False,2026-05-01
R1K__X04,R1K,LONDON NORTH WEST UNIVERSITY HEALTHCARE NHS TRUST,X04,Other - Paediatric Services,2021-04-01,2026-05-01,62,62,0,0.0,0,False,False,2026-05-01
R1K__X06,R1K,LONDON NORTH WEST UNIVERSITY HEALTHCARE NHS TRUST,X06,Other - Other Services,2021-04-01,2026-05-01,62,62,0,0.0,0,False,False,2026-05-01
RA2__X02,RA2,ROYAL SURREY COUNTY HOSPITAL NHS FOUNDATION TRUST,X02,Other - Medical Services,2021-04-01,2026-05-01,62,62,0,0.0,0,False,False,2026-05-01
RA2__X03,RA2,ROYAL SURREY COUNTY HOSPITAL NHS FOUNDATION TRUST,X03,Other - Mental Health Services,2021-04-01,2023-12-01,33,22,11,33.333333333333336,5,True,True,2023-12-01
RA2__X04,RA2,ROYAL SURREY COUNTY HOSPITAL NHS FOUNDATION TRUST,X04,Other - Paediatric Services,2021-04-01,2026-05-01,62,62,0,0.0,0,False,False,2026-05-01
RA2__X05,RA2,ROYAL SURREY COUNTY HOSPITAL NHS FOUNDATION TRUST,X05,Other - Surgical Services,2021-04-01,2026-05-01,62,62,0,0.0,0,False,False,2026-05-01
RA2__X06,RA2,ROYAL SURREY COUNTY HOSPITAL NHS FOUNDATION TRUST,X06,Other - Other Services,2021-04-01,2026-05-01,62,62,0,0.0,0,False,False,2026-05-01
RA4__X02,RA4,YEOVIL DISTRICT HOSPITAL NHS FOUNDATION TRUST,X02,Other - Medical Services,2021-04-01,2023-03-01,24,24,0,0.0,0,True,True,2023-03-01
RA4__X04,RA4,YEOVIL DISTRICT HOSPITAL NHS FOUNDATION TRUST,X04,Other - Paediatric Services,2021-04-01,2023-03-01,24,24,0,0.0,0,True,True,2023-03-01
RA4__X05,RA4,YEOVIL DISTRICT HOSPITAL NHS FOUNDATION TRUST,X05,Other - Surgical Services,2021-04-01,2023-03-01,24,24,0,0.0,0,True,True,2023-03-01
RA7__X02,RA7,UNIVERSITY HOSPITALS BRISTOL AND WESTON NHS FOUNDATION TRUST,X02,Other - Medical Services,2021-04-01,2026-05-01,62,62,0,0.0,0,False,False,2026-05-01
RA7__X03,RA7,UNIVERSITY HOSPITALS BRISTOL AND WESTON NHS FOUNDATION TRUST,X03,Other - Mental Health Services,2021-04-01,2026-05-01,62,62,0,0.0,0,False,False,2026-05-01
RA7__X04,RA7,UNIVERSITY HOSPITALS BRISTOL AND WESTON NHS FOUNDATION TRUST,X04,Other - Paediatric Services,2021-04-01,2026-05-01,62,62,0,0.0,0,False,False,2026-05-01
RA7__X05,RA7,UNIVERSITY HOSPITALS BRISTOL AND WESTON NHS FOUNDATION TRUST,X05,Other - Surgical Services,2021-04-01,2026-05-01,62,62,0,0.0,0,False,False,2026-05-01
RA7__X06,RA7,UNIVERSITY HOSPITALS BRISTOL AND WESTON NHS FOUNDATION TRUST,X06,Other - Other Services,2021-04-01,2026-05-01,62,62,0,0.0,0,False,False,2026-05-01
RA9__X02,RA9,TORBAY AND SOUTH DEVON NHS FOUNDATION TRUST,X02,Other - Medical Services,2021-04-01,2026-03-01,60,60,0,0.0,0,False,True,2026-03-01
RA9__X04,RA9,TORBAY AND SOUTH DEVON NHS FOUNDATION TRUST,X04,Other - Paediatric Services,2021-04-01,2026-03-01,60,60,0,0.0,0,False,True,2026-03-01
RA9__X05,RA9,TORBAY AND SOUTH DEVON NHS FOUNDATION TRUST,X05,Other - Surgical Services,2021-04-01,2026-03-01,60,60,0,0.0,0,False,True,2026-03-01
RA9__X06,RA9,TORBAY AND SOUTH DEVON NHS FOUNDATION TRUST,X06,Other - Other Services,2021-04-01,2026-03-01,60,60,0,0.0,0,False,True,2026-03-01
RAE__X02,RAE,BRADFORD TEACHING HOSPITALS NHS FOUNDATION TRUST,X02,Other - Medical Services,2021-04-01,2026-05-01,62,62,0,0.0,0,False,False,2026-05-01
RAE__X04,RAE,BRADFORD TEACHING HOSPITALS NHS FOUNDATION TRUST,X04,Other - Paediatric Services,2021-04-01,2026-05-01,62,62,0,0.0,0,False,False,2026-05-01
RAE__X05,RAE,BRADFORD TEACHING HOSPITALS NHS FOUNDATION TRUST,X05,Other - Surgical Services,2021-04-01,2026-05-01,62,62,0,0.0,0,False,False,2026-05-01
RAE__X06,RAE,BRADFORD TEACHING HOSPITALS NHS FOUNDATION TRUST,X06,Other - Other Services,2021-04-01,2026-05-01,62,62,0,0.0,0,False,False,2026-05-01
RAJ__X02,RAJ,MID AND SOUTH ESSEX NHS FOUNDATION TRUST,X02,Other - Medical Services,2021-04-01,2026-05-01,62,62,0,0.0,0,False,False,2026-05-01
RAJ__X03,RAJ,MID AND SOUTH ESSEX NHS FOUNDATION TRUST,X03,Other - Mental Health Services,2021-04-01,2026-05-01,62,14,48,77.41935483870968,38,False,False,2026-05-01
RAJ__X04,RAJ,MID AND SOUTH ESSEX NHS FOUNDATION TRUST,X04,Other - Paediatric Services,2021-04-01,2026-05-01,62,62,0,0.0,0,False,False,2026-05-01
RAJ__X05,RAJ,MID AND SOUTH ESSEX NHS FOUNDATION TRUST,X05,Other - Surgical Services,2021-04-01,2026-05-01,62,62,0,0.0,0,False,False,2026-05-01
RAJ__X06,RAJ,MID AND SOUTH ESSEX NHS FOUNDATION TRUST,X06,Other - Other Services,2021-04-01,2026-05-01,62,62,0,0.0,0,False,False,2026-05-01
RAL__X02,RAL,ROYAL FREE LONDON NHS FOUNDATION TRUST,X02,Other - Medical Services,2021-04-01,2026-05-01,62,62,0,0.0,0,False,False,2026-05-01
RAL__X04,RAL,ROYAL FREE LONDON NHS FOUNDATION TRUST,X04,Other - Paediatric Services,2021-04-01,2026-05-01,62,62,0,0.0,0,False,False,2026-05-01
RAL__X05,RAL,ROYAL FREE LONDON NHS FOUNDATION TRUST,X05,Other - Surgical Services,2021-04-01,2026-05-01,62,62,0,0.0,0,False,False,2026-05-01
RAL__X06,RAL,ROYAL FREE LONDON NHS FOUNDATION TRUST,X06,Other - Other Services,2021-04-01,2026-05-01,62,62,0,0.0,0,False,False,2026-05-01
RAN__X02,RAN,ROYAL NATIONAL ORTHOPAEDIC HOSPITAL NHS TRUST,X02,Other - Medical Services,2021-04-01,2026-05-01,62,62,0,0.0,0,False,False,2026-05-01
RAN__X03,RAN,ROYAL NATIONAL ORTHOPAEDIC HOSPITAL NHS TRUST,X03,Other - Mental Health Services,2021-04-01,2026-05-01,62,60,2,3.225806451612903,1,False,False,2026-05-01
RAN__X04,RAN,ROYAL NATIONAL ORTHOPAEDIC HOSPITAL NHS TRUST,X04,Other - Paediatric Services,2021-04-01,2026-05-01,62,62,0,0.0,0,False,False,2026-05-01
RAN__X06,RAN,ROYAL NATIONAL ORTHOPAEDIC HOSPITAL NHS TRUST,X06,Other - Other Services,2021-04-01,2026-05-01,62,62,0,0.0,0,False,False,2026-05-01
RAP__X02,RAP,NORTH MIDDLESEX UNIVERSITY HOSPITAL NHS TRUST,X02,Other - Medical Services,2021-04-01,2024-12-01,45,45,0,0.0,0,False,True,2024-12-01
RAP__X04,RAP,NORTH MIDDLESEX UNIVERSITY HOSPITAL NHS TRUST,X04,Other - Paediatric Services,2021-04-01,2024-12-01,45,45,0,0.0,0,False,True,2024-12-01
RAP__X05,RAP,NORTH MIDDLESEX UNIVERSITY HOSPITAL NHS TRUST,X05,Other - Surgical Services,2021-04-01,2024-12-01,45,45,0,0.0,0,False,True,2024-12-01
RAS__X02,RAS,THE HILLINGDON HOSPITALS NHS FOUNDATION TRUST,X02,Other - Medical Services,2021-04-01,2026-05-01,62,62,0,0.0,0,False,False,2026-05-01
RAS__X04,RAS,THE HILLINGDON HOSPITALS NHS FOUNDATION TRUST,X04,Other - Paediatric Services,2021-04-01,2026-05-01,62,62,0,0.0,0,False,False,2026-05-01
RAS__X05,RAS,THE HILLINGDON HOSPITALS NHS FOUNDATION TRUST,X05,Other - Surgical Services,2021-04-01,2026-05-01,62,62,0,0.0,0,False,False,2026-05-01
RAS__X06,RAS,THE HILLINGDON HOSPITALS NHS FOUNDATION TRUST,X06,Other - Other Services,2021-04-01,2026-05-01,62,62,0,0.0,0,False,False,2026-05-01
RAT__X04,RAT,NORTH EAST LONDON NHS FOUNDATION TRUST,X04,Other - Paediatric Services,2021-04-01,2024-01-01,34,34,0,0.0,0,True,True,2024-01-01
RAX__X02,RAX,KINGSTON HOSPITAL NHS FOUNDATION TRUST,X02,Other - Medical Services,2021-04-01,2026-05-01,62,62,0,0.0,0,False,False,2026-05-01
RAX__X04,RAX,KINGSTON HOSPITAL NHS FOUNDATION TRUST,X04,Other - Paediatric Services,2021-04-01,2026-05-01,62,62,0,0.0,0,False,False,2026-05-01
RAX__X05,RAX,KINGSTON HOSPITAL NHS FOUNDATION TRUST,X05,Other - Surgical Services,2021-04-01,2026-05-01,62,62,0,0.0,0,False,False,2026-05-01
RAX__X06,RAX,KINGSTON HOSPITAL NHS FOUNDATION TRUST,X06,Other - Other Services,2021-04-01,2026-05-01,62,62,0,0.0,0,False,False,2026-05-01
RBD__X02,RBD,DORSET COUNTY HOSPITAL NHS FOUNDATION TRUST,X02,Other - Medical Services,2021-04-01,2026-05-01,62,62,0,0.0,0,False,False,2026-05-01
RBD__X04,RBD,DORSET COUNTY HOSPITAL NHS FOUNDATION TRUST,X04,Other - Paediatric Services,2021-04-01,2026-05-01,62,62,0,0.0,0,False,False,2026-05-01
RBD__X05,RBD,DORSET COUNTY HOSPITAL NHS FOUNDATION TRUST,X05,Other - Surgical Services,2021-04-01,2026-05-01,62,62,0,0.0,0,False,False,2026-05-01
RBD__X06,RBD,DORSET COUNTY HOSPITAL NHS FOUNDATION TRUST,X06,Other - Other Services,2021-04-01,2026-05-01,62,61,1,1.6129032258064515,1,False,False,2026-05-01
RBK__X02,RBK,WALSALL HEALTHCARE NHS TRUST,X02,Other - Medical Services,2021-04-01,2026-05-01,62,62,0,0.0,0,False,False,2026-05-01
RBK__X03,RBK,WALSALL HEALTHCARE NHS TRUST,X03,Other - Mental Health Services,2021-04-01,2021-09-01,6,6,0,0.0,0,True,True,2021-09-01
RBK__X04,RBK,WALSALL HEALTHCARE NHS TRUST,X04,Other - Paediatric Services,2021-04-01,2026-05-01,62,62,0,0.0,0,False,False,2026-05-01
RBK__X06,RBK,WALSALL HEALTHCARE NHS TRUST,X06,Other - Other Services,2021-04-01,2026-05-01,62,62,0,0.0,0,False,False,2026-05-01
RBL__X02,RBL,WIRRAL UNIVERSITY TEACHING HOSPITAL NHS FOUNDATION TRUST,X02,Other - Medical Services,2021-04-01,2026-05-01,62,62,0,0.0,0,False,False,2026-05-01
RBL__X04,RBL,WIRRAL UNIVERSITY TEACHING HOSPITAL NHS FOUNDATION TRUST,X04,Other - Paediatric Services,2021-04-01,2026-05-01,62,62,0,0.0,0,False,False,2026-05-01
RBL__X05,RBL,WIRRAL UNIVERSITY TEACHING HOSPITAL NHS FOUNDATION TRUST,X05,Other - Surgical Services,2021-04-01,2026-05-01,62,62,0,0.0,0,False,False,2026-05-01
RBL__X06,RBL,WIRRAL UNIVERSITY TEACHING HOSPITAL NHS FOUNDATION TRUST,X06,Other - Other Services,2021-04-01,2026-05-01,62,62,0,0.0,0,False,False,2026-05-01
RBN__X02,RBN,ST HELENS AND KNOWSLEY TEACHING HOSPITALS NHS TRUST,X02,Other - Medical Services,2021-04-01,2026-05-01,62,62,0,0.0,0,False,False,2026-05-01
RBN__X04,RBN,ST HELENS AND KNOWSLEY TEACHING HOSPITALS NHS TRUST,X04,Other - Paediatric Services,2021-04-01,2026-05-01,62,62,0,0.0,0,False,False,2026-05-01
RBN__X05,RBN,ST HELENS AND KNOWSLEY TEACHING HOSPITALS NHS TRUST,X05,Other - Surgical Services,2021-04-01,2026-05-01,62,62,0,0.0,0,False,False,2026-05-01
RBN__X06,RBN,ST HELENS AND KNOWSLEY TEACHING HOSPITALS NHS TRUST,X06,Other - Other Services,2021-04-01,2026-05-01,62,62,0,0.0,0,False,False,2026-05-01
RBS__X04,RBS,ALDER HEY CHILDREN'S NHS FOUNDATION TRUST,X04,Other - Paediatric Services,2021-04-01,2026-05-01,62,61,1,1.6129032258064515,1,False,False,2026-05-01
RBT__X02,RBT,MID CHESHIRE HOSPITALS NHS FOUNDATION TRUST,X02,Other - Medical Services,2021-04-01,2026-05-01,62,62,0,0.0,0,False,False,2026-05-01
RBT__X04,RBT,MID CHESHIRE HOSPITALS NHS FOUNDATION TRUST,X04,Other - Paediatric Services,2021-04-01,2024-02-01,35,35,0,0.0,0,True,True,2024-02-01
RBT__X05,RBT,MID CHESHIRE HOSPITALS NHS FOUNDATION TRUST,X05,Other - Surgical Services,2021-04-01,2026-05-01,62,62,0,0.0,0,False,False,2026-05-01
RBT__X06,RBT,MID CHESHIRE HOSPITALS NHS FOUNDATION TRUST,X06,Other - Other Services,2021-04-01,2026-05-01,62,62,0,0.0,0,False,False,2026-05-01
RBV__X02,RBV,THE CHRISTIE NHS FOUNDATION TRUST,X02,Other - Medical Services,2021-04-01,2026-05-01,62,62,0,0.0,0,False,False,2026-05-01
RBV__X05,RBV,THE CHRISTIE NHS FOUNDATION TRUST,X05,Other - Surgical Services,2021-04-01,2026-05-01,62,62,0,0.0,0,False,False,2026-05-01
RBZ__X02,RBZ,NORTHERN DEVON HEALTHCARE NHS TRUST,X02,Other - Medical Services,2021-04-01,2022-03-01,12,12,0,0.0,0,True,True,2022-03-01
RBZ__X04,RBZ,NORTHERN DEVON HEALTHCARE NHS TRUST,X04,Other - Paediatric Services,2021-04-01,2022-03-01,12,12,0,0.0,0,True,True,2022-03-01
RBZ__X05,RBZ,NORTHERN DEVON HEALTHCARE NHS TRUST,X05,Other - Surgical Services,2021-04-01,2022-03-01,12,12,0,0.0,0,True,True,2022-03-01
RBZ__X06,RBZ,NORTHERN DEVON HEALTHCARE NHS TRUST,X06,Other - Other Services,2021-04-01,2022-03-01,12,12,0,0.0,0,True,True,2022-03-01
RC9__X02,RC9,BEDFORDSHIRE HOSPITALS NHS FOUNDATION TRUST,X02,Other - Medical Services,2021-04-01,2026-05-01,62,62,0,0.0,0,False,False,2026-05-01
RC9__X03,RC9,BEDFORDSHIRE HOSPITALS NHS FOUNDATION TRUST,X03,Other - Mental Health Services,2021-04-01,2026-04-01,61,26,35,57.377049180327866,10,False,True,2026-04-01
RC9__X04,RC9,BEDFORDSHIRE HOSPITALS NHS FOUNDATION TRUST,X04,Other - Paediatric Services,2021-04-01,2026-05-01,62,62,0,0.0,0,False,False,2026-05-01
RC9__X05,RC9,BEDFORDSHIRE HOSPITALS NHS FOUNDATION TRUST,X05,Other - Surgical Services,2021-04-01,2026-05-01,62,62,0,0.0,0,False,False,2026-05-01
RC9__X06,RC9,BEDFORDSHIRE HOSPITALS NHS FOUNDATION TRUST,X06,Other - Other Services,2021-04-01,2026-05-01,62,62,0,0.0,0,False,False,2026-05-01
RCB__X02,RCB,YORK TEACHING HOSPITAL NHS FOUNDATION TRUST,X02,Other - Medical Services,2021-04-01,2026-05-01,62,62,0,0.0,0,False,False,2026-05-01
RCB__X04,RCB,YORK TEACHING HOSPITAL NHS FOUNDATION TRUST,X04,Other - Paediatric Services,2021-04-01,2026-05-01,62,40,22,35.483870967741936,15,False,False,2026-05-01
RCB__X05,RCB,YORK TEACHING HOSPITAL NHS FOUNDATION TRUST,X05,Other - Surgical Services,2021-04-01,2026-05-01,62,62,0,0.0,0,False,False,2026-05-01
RCB__X06,RCB,YORK TEACHING HOSPITAL NHS FOUNDATION TRUST,X06,Other - Other Services,2021-04-01,2026-05-01,62,62,0,0.0,0,False,False,2026-05-01
RCD__140,RCD,HARROGATE AND DISTRICT NHS FOUNDATION TRUST,140,Oral Surgery Service,2021-04-01,2026-05-01,62,62,0,0.0,0,False,False,2026-05-01
RCD__X02,RCD,HARROGATE AND DISTRICT NHS FOUNDATION TRUST,X02,Other - Medical Services,2021-04-01,2026-05-01,62,62,0,0.0,0,False,False,2026-05-01
RCD__X04,RCD,HARROGATE AND DISTRICT NHS FOUNDATION TRUST,X04,Other - Paediatric Services,2021-04-01,2026-05-01,62,62,0,0.0,0,False,False,2026-05-01
RCD__X05,RCD,HARROGATE AND DISTRICT NHS FOUNDATION TRUST,X05,Other - Surgical Services,2021-04-01,2026-05-01,62,62,0,0.0,0,False,False,2026-05-01
RCD__X06,RCD,HARROGATE AND DISTRICT NHS FOUNDATION TRUST,X06,Other - Other Services,2021-04-01,2026-05-01,62,62,0,0.0,0,False,False,2026-05-01
RCF__X02,RCF,AIREDALE NHS FOUNDATION TRUST,X02,Other - Medical Services,2021-04-01,2026-05-01,62,62,0,0.0,0,False,False,2026-05-01
RCF__X04,RCF,AIREDALE NHS FOUNDATION TRUST,X04,Other - Paediatric Services,2021-04-01,2026-05-01,62,62,0,0.0,0,False,False,2026-05-01
RCF__X05,RCF,AIREDALE NHS FOUNDATION TRUST,X05,Other - Surgical Services,2021-04-01,2026-05-01,62,62,0,0.0,0,False,False,2026-05-01
RCF__X06,RCF,AIREDALE NHS FOUNDATION TRUST,X06,Other - Other Services,2021-04-01,2026-05-01,62,55,7,11.290322580645162,3,False,False,2026-05-01
RCU__X04,RCU,SHEFFIELD CHILDREN'S NHS FOUNDATION TRUST,X04,Other - Paediatric Services,2021-04-01,2026-05-01,62,62,0,0.0,0,False,False,2026-05-01
RCX__X02,RCX,"THE QUEEN ELIZABETH HOSPITAL, KING'S LYNN, NHS FOUNDATION TRUST",X02,Other - Medical Services,2021-04-01,2026-05-01,62,62,0,0.0,0,False,False,2026-05-01
RCX__X04,RCX,"THE QUEEN ELIZABETH HOSPITAL, KING'S LYNN, NHS FOUNDATION TRUST",X04,Other - Paediatric Services,2021-04-01,2026-05-01,62,62,0,0.0,0,False,False,2026-05-01
RCX__X05,RCX,"THE QUEEN ELIZABETH HOSPITAL, KING'S LYNN, NHS FOUNDATION TRUST",X05,Other - Surgical Services,2021-04-01,2026-05-01,62,62,0,0.0,0,False,False,2026-05-01
RCX__X06,RCX,"THE QUEEN ELIZABETH HOSPITAL, KING'S LYNN, NHS FOUNDATION TRUST",X06,Other - Other Services,2021-04-01,2026-05-01,62,62,0,0.0,0,False,False,2026-05-01
RD1__X02,RD1,ROYAL UNITED HOSPITALS BATH NHS FOUNDATION TRUST,X02,Other - Medical Services,2021-04-01,2026-05-01,62,62,0,0.0,0,False,False,2026-05-01
RD1__X04,RD1,ROYAL UNITED HOSPITALS BATH NHS FOUNDATION TRUST,X04,Other - Paediatric Services,2021-04-01,2026-05-01,62,62,0,0.0,0,False,False,2026-05-01
RD1__X05,RD1,ROYAL UNITED HOSPITALS BATH NHS FOUNDATION TRUST,X05,Other - Surgical Services,2021-04-01,2026-05-01,62,62,0,0.0,0,False,False,2026-05-01
RD1__X06,RD1,ROYAL UNITED HOSPITALS BATH NHS FOUNDATION TRUST,X06,Other - Other Services,2021-04-01,2026-05-01,62,62,0,0.0,0,False,False,2026-05-01
RD8__X02,RD8,MILTON KEYNES UNIVERSITY HOSPITAL NHS FOUNDATION TRUST,X02,Other - Medical Services,2021-04-01,2026-05-01,62,62,0,0.0,0,False,False,2026-05-01
RD8__X04,RD8,MILTON KEYNES UNIVERSITY HOSPITAL NHS FOUNDATION TRUST,X04,Other - Paediatric Services,2021-04-01,2026-05-01,62,62,0,0.0,0,False,False,2026-05-01
RD8__X05,RD8,MILTON KEYNES UNIVERSITY HOSPITAL NHS FOUNDATION TRUST,X05,Other - Surgical Services,2021-04-01,2026-05-01,62,62,0,0.0,0,False,False,2026-05-01
RD8__X06,RD8,MILTON KEYNES UNIVERSITY HOSPITAL NHS FOUNDATION TRUST,X06,Other - Other Services,2021-04-01,2026-05-01,62,62,0,0.0,0,False,False,2026-05-01
RDE__X02,RDE,EAST SUFFOLK AND NORTH ESSEX NHS FOUNDATION TRUST,X02,Other - Medical Services,2021-04-01,2026-05-01,62,62,0,0.0,0,False,False,2026-05-01
RDE__X04,RDE,EAST SUFFOLK AND NORTH ESSEX NHS FOUNDATION TRUST,X04,Other - Paediatric Services,2021-04-01,2026-05-01,62,62,0,0.0,0,False,False,2026-05-01
RDE__X05,RDE,EAST SUFFOLK AND NORTH ESSEX NHS FOUNDATION TRUST,X05,Other - Surgical Services,2021-04-01,2026-05-01,62,62,0,0.0,0,False,False,2026-05-01
RDE__X06,RDE,EAST SUFFOLK AND NORTH ESSEX NHS FOUNDATION TRUST,X06,Other - Other Services,2021-04-01,2026-05-01,62,62,0,0.0,0,False,False,2026-05-01
RDR__X02,RDR,SUSSEX COMMUNITY NHS FOUNDATION TRUST,X02,Other - Medical Services,2021-04-01,2024-01-01,34,34,0,0.0,0,True,True,2024-01-01
RDR__X04,RDR,SUSSEX COMMUNITY NHS FOUNDATION TRUST,X04,Other - Paediatric Services,2021-04-01,2024-01-01,34,34,0,0.0,0,True,True,2024-01-01
RDR__X05,RDR,SUSSEX COMMUNITY NHS FOUNDATION TRUST,X05,Other - Surgical Services,2021-04-01,2025-12-01,57,57,0,0.0,0,False,True,2025-12-01
RDU__X02,RDU,FRIMLEY HEALTH NHS FOUNDATION TRUST,X02,Other - Medical Services,2021-04-01,2026-05-01,62,57,5,8.064516129032258,5,False,False,2026-05-01
RDU__X03,RDU,FRIMLEY HEALTH NHS FOUNDATION TRUST,X03,Other - Mental Health Services,2021-04-01,2026-04-01,61,47,14,22.950819672131146,8,False,True,2026-04-01
RDU__X04,RDU,FRIMLEY HEALTH NHS FOUNDATION TRUST,X04,Other - Paediatric Services,2021-04-01,2026-05-01,62,57,5,8.064516129032258,5,False,False,2026-05-01
RDU__X05,RDU,FRIMLEY HEALTH NHS FOUNDATION TRUST,X05,Other - Surgical Services,2021-04-01,2026-05-01,62,57,5,8.064516129032258,5,False,False,2026-05-01
RDU__X06,RDU,FRIMLEY HEALTH NHS FOUNDATION TRUST,X06,Other - Other Services,2021-04-01,2026-05-01,62,57,5,8.064516129032258,5,False,False,2026-05-01
REF__X02,REF,ROYAL CORNWALL HOSPITALS NHS TRUST,X02,Other - Medical Services,2021-04-01,2026-05-01,62,62,0,0.0,0,False,False,2026-05-01
REF__X04,REF,ROYAL CORNWALL HOSPITALS NHS TRUST,X04,Other - Paediatric Services,2021-04-01,2026-05-01,62,62,0,0.0,0,False,False,2026-05-01
REF__X05,REF,ROYAL CORNWALL HOSPITALS NHS TRUST,X05,Other - Surgical Services,2021-04-01,2026-05-01,62,62,0,0.0,0,False,False,2026-05-01
REF__X06,REF,ROYAL CORNWALL HOSPITALS NHS TRUST,X06,Other - Other Services,2021-04-01,2026-05-01,62,62,0,0.0,0,False,False,2026-05-01
REM__X02,REM,LIVERPOOL UNIVERSITY HOSPITALS NHS FOUNDATION TRUST,X02,Other - Medical Services,2021-04-01,2026-05-01,62,62,0,0.0,0,False,False,2026-05-01
REM__X04,REM,LIVERPOOL UNIVERSITY HOSPITALS NHS FOUNDATION TRUST,X04,Other - Paediatric Services,2021-04-01,2026-05-01,62,62,0,0.0,0,False,False,2026-05-01
REM__X05,REM,LIVERPOOL UNIVERSITY HOSPITALS NHS FOUNDATION TRUST,X05,Other - Surgical Services,2021-04-01,2026-05-01,62,62,0,0.0,0,False,False,2026-05-01
REM__X06,REM,LIVERPOOL UNIVERSITY HOSPITALS NHS FOUNDATION TRUST,X06,Other - Other Services,2021-04-01,2026-05-01,62,62,0,0.0,0,False,False,2026-05-01
REN__X02,REN,THE CLATTERBRIDGE CANCER CENTRE NHS FOUNDATION TRUST,X02,Other - Medical Services,2021-04-01,2026-05-01,62,62,0,0.0,0,False,False,2026-05-01
REN__X06,REN,THE CLATTERBRIDGE CANCER CENTRE NHS FOUNDATION TRUST,X06,Other - Other Services,2021-04-01,2026-05-01,62,61,1,1.6129032258064515,1,False,False,2026-05-01
REP__X06,REP,LIVERPOOL WOMEN'S NHS FOUNDATION TRUST,X06,Other - Other Services,2021-04-01,2026-05-01,62,62,0,0.0,0,False,False,2026-05-01
RET__X02,RET,THE WALTON CENTRE NHS FOUNDATION TRUST,X02,Other - Medical Services,2021-04-01,2026-05-01,62,62,0,0.0,0,False,False,2026-05-01
RET__X03,RET,THE WALTON CENTRE NHS FOUNDATION TRUST,X03,Other - Mental Health Services,2021-04-01,2026-05-01,62,62,0,0.0,0,False,False,2026-05-01
RF4__X02,RF4,"BARKING, HAVERING AND REDBRIDGE UNIVERSITY HOSPITALS NHS TRUST",X02,Other - Medical Services,2021-04-01,2026-05-01,62,61,1,1.6129032258064515,1,False,False,2026-05-01
RF4__X04,RF4,"BARKING, HAVERING AND REDBRIDGE UNIVERSITY HOSPITALS NHS TRUST",X04,Other - Paediatric Services,2021-04-01,2026-05-01,62,61,1,1.6129032258064515,1,False,False,2026-05-01
RF4__X05,RF4,"BARKING, HAVERING AND REDBRIDGE UNIVERSITY HOSPITALS NHS TRUST",X05,Other - Surgical Services,2021-04-01,2026-05-01,62,61,1,1.6129032258064515,1,False,False,2026-05-01
RF4__X06,RF4,"BARKING, HAVERING AND REDBRIDGE UNIVERSITY HOSPITALS NHS TRUST",X06,Other - Other Services,2021-04-01,2026-05-01,62,61,1,1.6129032258064515,1,False,False,2026-05-01
RFF__X06,RFF,BARNSLEY HOSPITAL NHS FOUNDATION TRUST,X06,Other - Other Services,2021-04-01,2026-05-01,62,60,2,3.225806451612903,2,False,False,2026-05-01
RFR__X02,RFR,THE ROTHERHAM NHS FOUNDATION TRUST,X02,Other - Medical Services,2021-04-01,2026-05-01,62,62,0,0.0,0,False,False,2026-05-01
RFR__X04,RFR,THE ROTHERHAM NHS FOUNDATION TRUST,X04,Other - Paediatric Services,2021-04-01,2026-05-01,62,62,0,0.0,0,False,False,2026-05-01
RFR__X05,RFR,THE ROTHERHAM NHS FOUNDATION TRUST,X05,Other - Surgical Services,2021-04-01,2026-05-01,62,62,0,0.0,0,False,False,2026-05-01
RFS__X02,RFS,CHESTERFIELD ROYAL HOSPITAL NHS FOUNDATION TRUST,X02,Other - Medical Services,2021-04-01,2026-05-01,62,62,0,0.0,0,False,False,2026-05-01
RFS__X04,RFS,CHESTERFIELD ROYAL HOSPITAL NHS FOUNDATION TRUST,X04,Other - Paediatric Services,2021-04-01,2026-05-01,62,62,0,0.0,0,False,False,2026-05-01
RFS__X05,RFS,CHESTERFIELD ROYAL HOSPITAL NHS FOUNDATION TRUST,X05,Other - Surgical Services,2021-04-01,2026-05-01,62,62,0,0.0,0,False,False,2026-05-01
RGN__X02,RGN,NORTH WEST ANGLIA NHS FOUNDATION TRUST,X02,Other - Medical Services,2021-04-01,2026-05-01,62,62,0,0.0,0,False,False,2026-05-01
RGN__X03,RGN,NORTH WEST ANGLIA NHS FOUNDATION TRUST,X03,Other - Mental Health Services,2021-04-01,2026-04-01,61,61,0,0.0,0,False,True,2026-04-01
RGN__X04,RGN,NORTH WEST ANGLIA NHS FOUNDATION TRUST,X04,Other - Paediatric Services,2021-04-01,2026-05-01,62,62,0,0.0,0,False,False,2026-05-01
RGN__X05,RGN,NORTH WEST ANGLIA NHS FOUNDATION TRUST,X05,Other - Surgical Services,2021-04-01,2026-05-01,62,62,0,0.0,0,False,False,2026-05-01
RGN__X06,RGN,NORTH WEST ANGLIA NHS FOUNDATION TRUST,X06,Other - Other Services,2021-04-01,2026-05-01,62,62,0,0.0,0,False,False,2026-05-01
RGP__X02,RGP,JAMES PAGET UNIVERSITY HOSPITALS NHS FOUNDATION TRUST,X02,Other - Medical Services,2021-04-01,2026-05-01,62,62,0,0.0,0,False,False,2026-05-01
RGP__X04,RGP,JAMES PAGET UNIVERSITY HOSPITALS NHS FOUNDATION TRUST,X04,Other - Paediatric Services,2021-04-01,2026-05-01,62,62,0,0.0,0,False,False,2026-05-01
RGP__X05,RGP,JAMES PAGET UNIVERSITY HOSPITALS NHS FOUNDATION TRUST,X05,Other - Surgical Services,2021-04-01,2026-05-01,62,62,0,0.0,0,False,False,2026-05-01
RGP__X06,RGP,JAMES PAGET UNIVERSITY HOSPITALS NHS FOUNDATION TRUST,X06,Other - Other Services,2021-04-01,2026-05-01,62,43,19,30.64516129032258,10,False,False,2026-05-01
RGR__X02,RGR,WEST SUFFOLK NHS FOUNDATION TRUST,X02,Other - Medical Services,2021-04-01,2026-05-01,62,62,0,0.0,0,False,False,2026-05-01
RGR__X03,RGR,WEST SUFFOLK NHS FOUNDATION TRUST,X03,Other - Mental Health Services,2021-04-01,2026-05-01,62,58,4,6.451612903225806,4,False,False,2026-05-01
RGR__X04,RGR,WEST SUFFOLK NHS FOUNDATION TRUST,X04,Other - Paediatric Services,2021-04-01,2026-05-01,62,62,0,0.0,0,False,False,2026-05-01
RGR__X06,RGR,WEST SUFFOLK NHS FOUNDATION TRUST,X06,Other - Other Services,2021-04-01,2026-05-01,62,62,0,0.0,0,False,False,2026-05-01
RGT__X02,RGT,CAMBRIDGE UNIVERSITY HOSPITALS NHS FOUNDATION TRUST,X02,Other - Medical Services,2021-04-01,2026-05-01,62,62,0,0.0,0,False,False,2026-05-01
RGT__X03,RGT,CAMBRIDGE UNIVERSITY HOSPITALS NHS FOUNDATION TRUST,X03,Other - Mental Health Services,2021-04-01,2026-05-01,62,61,1,1.6129032258064515,1,False,False,2026-05-01
RGT__X04,RGT,CAMBRIDGE UNIVERSITY HOSPITALS NHS FOUNDATION TRUST,X04,Other - Paediatric Services,2021-04-01,2026-05-01,62,62,0,0.0,0,False,False,2026-05-01
RGT__X05,RGT,CAMBRIDGE UNIVERSITY HOSPITALS NHS FOUNDATION TRUST,X05,Other - Surgical Services,2021-04-01,2026-05-01,62,62,0,0.0,0,False,False,2026-05-01
RGT__X06,RGT,CAMBRIDGE UNIVERSITY HOSPITALS NHS FOUNDATION TRUST,X06,Other - Other Services,2021-04-01,2026-05-01,62,62,0,0.0,0,False,False,2026-05-01
RH5__X02,RH5,SOMERSET NHS FOUNDATION TRUST,X02,Other - Medical Services,2021-04-01,2026-05-01,62,62,0,0.0,0,False,False,2026-05-01
RH5__X04,RH5,SOMERSET NHS FOUNDATION TRUST,X04,Other - Paediatric Services,2021-04-01,2026-05-01,62,62,0,0.0,0,False,False,2026-05-01
RH5__X05,RH5,SOMERSET NHS FOUNDATION TRUST,X05,Other - Surgical Services,2021-04-01,2026-05-01,62,62,0,0.0,0,False,False,2026-05-01
RH5__X06,RH5,SOMERSET NHS FOUNDATION TRUST,X06,Other - Other Services,2021-04-01,2026-05-01,62,62,0,0.0,0,False,False,2026-05-01
RH8__X02,RH8,ROYAL DEVON AND EXETER NHS FOUNDATION TRUST,X02,Other - Medical Services,2021-04-01,2026-05-01,62,62,0,0.0,0,False,False,2026-05-01
RH8__X03,RH8,ROYAL DEVON AND EXETER NHS FOUNDATION TRUST,X03,Other - Mental Health Services,2021-04-01,2023-04-01,25,23,2,8.0,1,True,True,2023-04-01
RH8__X04,RH8,ROYAL DEVON AND EXETER NHS FOUNDATION TRUST,X04,Other - Paediatric Services,2021-04-01,2026-05-01,62,62,0,0.0,0,False,False,2026-05-01
RH8__X05,RH8,ROYAL DEVON AND EXETER NHS FOUNDATION TRUST,X05,Other - Surgical Services,2021-04-01,2026-05-01,62,62,0,0.0,0,False,False,2026-05-01
RH8__X06,RH8,ROYAL DEVON AND EXETER NHS FOUNDATION TRUST,X06,Other - Other Services,2021-04-01,2026-05-01,62,62,0,0.0,0,False,False,2026-05-01
RHM__X02,RHM,UNIVERSITY HOSPITAL SOUTHAMPTON NHS FOUNDATION TRUST,X02,Other - Medical Services,2021-04-01,2026-05-01,62,62,0,0.0,0,False,False,2026-05-01
RHM__X03,RHM,UNIVERSITY HOSPITAL SOUTHAMPTON NHS FOUNDATION TRUST,X03,Other - Mental Health Services,2021-04-01,2026-05-01,62,49,13,20.967741935483872,5,False,False,2026-05-01
RHM__X04,RHM,UNIVERSITY HOSPITAL SOUTHAMPTON NHS FOUNDATION TRUST,X04,Other - Paediatric Services,2021-04-01,2026-05-01,62,62,0,0.0,0,False,False,2026-05-01
RHM__X05,RHM,UNIVERSITY HOSPITAL SOUTHAMPTON NHS FOUNDATION TRUST,X05,Other - Surgical Services,2021-04-01,2026-05-01,62,62,0,0.0,0,False,False,2026-05-01
RHM__X06,RHM,UNIVERSITY HOSPITAL SOUTHAMPTON NHS FOUNDATION TRUST,X06,Other - Other Services,2021-04-01,2026-05-01,62,62,0,0.0,0,False,False,2026-05-01
RHQ__X02,RHQ,SHEFFIELD TEACHING HOSPITALS NHS FOUNDATION TRUST,X02,Other - Medical Services,2021-04-01,2025-06-01,51,51,0,0.0,0,False,True,2025-06-01
RHQ__X05,RHQ,SHEFFIELD TEACHING HOSPITALS NHS FOUNDATION TRUST,X05,Other - Surgical Services,2021-04-01,2025-06-01,51,51,0,0.0,0,False,True,2025-06-01
RHQ__X06,RHQ,SHEFFIELD TEACHING HOSPITALS NHS FOUNDATION TRUST,X06,Other - Other Services,2021-04-01,2025-06-01,51,51,0,0.0,0,False,True,2025-06-01
RHU__X02,RHU,PORTSMOUTH HOSPITALS UNIVERSITY NATIONAL HEALTH SERVICE TRUST,X02,Other - Medical Services,2021-04-01,2026-05-01,62,62,0,0.0,0,False,False,2026-05-01
RHU__X04,RHU,PORTSMOUTH HOSPITALS UNIVERSITY NATIONAL HEALTH SERVICE TRUST,X04,Other - Paediatric Services,2021-04-01,2026-05-01,62,62,0,0.0,0,False,False,2026-05-01
RHU__X05,RHU,PORTSMOUTH HOSPITALS UNIVERSITY NATIONAL HEALTH SERVICE TRUST,X05,Other - Surgical Services,2021-04-01,2026-05-01,62,62,0,0.0,0,False,False,2026-05-01
RHU__X06,RHU,PORTSMOUTH HOSPITALS UNIVERSITY NATIONAL HEALTH SERVICE TRUST,X06,Other - Other Services,2021-04-01,2026-05-01,62,62,0,0.0,0,False,False,2026-05-01
RHW__X02,RHW,ROYAL BERKSHIRE NHS FOUNDATION TRUST,X02,Other - Medical Services,2021-04-01,2026-05-01,62,62,0,0.0,0,False,False,2026-05-01
RHW__X04,RHW,ROYAL BERKSHIRE NHS FOUNDATION TRUST,X04,Other - Paediatric Services,2021-04-01,2026-05-01,62,62,0,0.0,0,False,False,2026-05-01
RHW__X05,RHW,ROYAL BERKSHIRE NHS FOUNDATION TRUST,X05,Other - Surgical Services,2021-04-01,2026-05-01,62,62,0,0.0,0,False,False,2026-05-01
RHW__X06,RHW,ROYAL BERKSHIRE NHS FOUNDATION TRUST,X06,Other - Other Services,2021-04-01,2026-05-01,62,62,0,0.0,0,False,False,2026-05-01
RJ1__X02,RJ1,GUY'S AND ST THOMAS' NHS FOUNDATION TRUST,X02,Other - Medical Services,2021-04-01,2026-05-01,62,62,0,0.0,0,False,False,2026-05-01
RJ1__X03,RJ1,GUY'S AND ST THOMAS' NHS FOUNDATION TRUST,X03,Other - Mental Health Services,2021-04-01,2026-05-01,62,38,24,38.70967741935484,24,False,False,2026-05-01
RJ1__X04,RJ1,GUY'S AND ST THOMAS' NHS FOUNDATION TRUST,X04,Other - Paediatric Services,2021-04-01,2026-05-01,62,62,0,0.0,0,False,False,2026-05-01
RJ1__X05,RJ1,GUY'S AND ST THOMAS' NHS FOUNDATION TRUST,X05,Other - Surgical Services,2021-04-01,2026-05-01,62,62,0,0.0,0,False,False,2026-05-01
RJ1__X06,RJ1,GUY'S AND ST THOMAS' NHS FOUNDATION TRUST,X06,Other - Other Services,2021-04-01,2026-05-01,62,62,0,0.0,0,False,False,2026-05-01
RJ2__X02,RJ2,LEWISHAM AND GREENWICH NHS TRUST,X02,Other - Medical Services,2021-04-01,2026-05-01,62,62,0,0.0,0,False,False,2026-05-01
RJ2__X04,RJ2,LEWISHAM AND GREENWICH NHS TRUST,X04,Other - Paediatric Services,2021-04-01,2026-05-01,62,62,0,0.0,0,False,False,2026-05-01
RJ2__X05,RJ2,LEWISHAM AND GREENWICH NHS TRUST,X05,Other - Surgical Services,2021-04-01,2026-05-01,62,62,0,0.0,0,False,False,2026-05-01
RJ2__X06,RJ2,LEWISHAM AND GREENWICH NHS TRUST,X06,Other - Other Services,2021-04-01,2026-05-01,62,62,0,0.0,0,False,False,2026-05-01
RJ6__X02,RJ6,CROYDON HEALTH SERVICES NHS TRUST,X02,Other - Medical Services,2021-04-01,2026-05-01,62,62,0,0.0,0,False,False,2026-05-01
RJ6__X04,RJ6,CROYDON HEALTH SERVICES NHS TRUST,X04,Other - Paediatric Services,2021-04-01,2026-05-01,62,62,0,0.0,0,False,False,2026-05-01
RJ6__X05,RJ6,CROYDON HEALTH SERVICES NHS TRUST,X05,Other - Surgical Services,2021-04-01,2026-05-01,62,62,0,0.0,0,False,False,2026-05-01
RJ6__X06,RJ6,CROYDON HEALTH SERVICES NHS TRUST,X06,Other - Other Services,2021-04-01,2026-01-01,58,42,16,27.586206896551722,10,False,True,2026-01-01
RJ7__X02,RJ7,ST GEORGE'S UNIVERSITY HOSPITALS NHS FOUNDATION TRUST,X02,Other - Medical Services,2021-04-01,2026-05-01,62,62,0,0.0,0,False,False,2026-05-01
RJ7__X04,RJ7,ST GEORGE'S UNIVERSITY HOSPITALS NHS FOUNDATION TRUST,X04,Other - Paediatric Services,2021-04-01,2026-05-01,62,62,0,0.0,0,False,False,2026-05-01
RJ7__X05,RJ7,ST GEORGE'S UNIVERSITY HOSPITALS NHS FOUNDATION TRUST,X05,Other - Surgical Services,2021-04-01,2026-05-01,62,62,0,0.0,0,False,False,2026-05-01
RJ7__X06,RJ7,ST GEORGE'S UNIVERSITY HOSPITALS NHS FOUNDATION TRUST,X06,Other - Other Services,2021-04-01,2026-05-01,62,62,0,0.0,0,False,False,2026-05-01
RJ8__X06,RJ8,CORNWALL PARTNERSHIP NHS FOUNDATION TRUST,X06,Other - Other Services,2021-04-01,2024-03-01,36,36,0,0.0,0,False,True,2024-03-01
RJC__X02,RJC,SOUTH WARWICKSHIRE NHS FOUNDATION TRUST,X02,Other - Medical Services,2021-04-01,2026-05-01,62,62,0,0.0,0,False,False,2026-05-01
RJC__X04,RJC,SOUTH WARWICKSHIRE NHS FOUNDATION TRUST,X04,Other - Paediatric Services,2021-04-01,2026-05-01,62,62,0,0.0,0,False,False,2026-05-01
RJC__X05,RJC,SOUTH WARWICKSHIRE NHS FOUNDATION TRUST,X05,Other - Surgical Services,2021-04-01,2026-05-01,62,62,0,0.0,0,False,False,2026-05-01
RJC__X06,RJC,SOUTH WARWICKSHIRE NHS FOUNDATION TRUST,X06,Other - Other Services,2021-04-01,2026-05-01,62,62,0,0.0,0,False,False,2026-05-01
RJE__X02,RJE,UNIVERSITY HOSPITALS OF NORTH MIDLANDS NHS TRUST,X02,Other - Medical Services,2021-04-01,2026-05-01,62,62,0,0.0,0,False,False,2026-05-01
RJE__X03,RJE,UNIVERSITY HOSPITALS OF NORTH MIDLANDS NHS TRUST,X03,Other - Mental Health Services,2021-04-01,2026-04-01,61,23,38,62.295081967213115,19,False,True,2026-04-01
RJE__X04,RJE,UNIVERSITY HOSPITALS OF NORTH MIDLANDS NHS TRUST,X04,Other - Paediatric Services,2021-04-01,2026-05-01,62,62,0,0.0,0,False,False,2026-05-01
RJE__X06,RJE,UNIVERSITY HOSPITALS OF NORTH MIDLANDS NHS TRUST,X06,Other - Other Services,2021-04-01,2026-05-01,62,62,0,0.0,0,False,False,2026-05-01
RJL__X02,RJL,NORTHERN LINCOLNSHIRE AND GOOLE NHS FOUNDATION TRUST,X02,Other - Medical Services,2021-04-01,2026-05-01,62,62,0,0.0,0,False,False,2026-05-01
RJL__X04,RJL,NORTHERN LINCOLNSHIRE AND GOOLE NHS FOUNDATION TRUST,X04,Other - Paediatric Services,2021-04-01,2026-05-01,62,56,6,9.67741935483871,2,False,False,2026-05-01
RJL__X05,RJL,NORTHERN LINCOLNSHIRE AND GOOLE NHS FOUNDATION TRUST,X05,Other - Surgical Services,2021-04-01,2026-05-01,62,62,0,0.0,0,False,False,2026-05-01
RJL__X06,RJL,NORTHERN LINCOLNSHIRE AND GOOLE NHS FOUNDATION TRUST,X06,Other - Other Services,2021-04-01,2026-05-01,62,62,0,0.0,0,False,False,2026-05-01
RJN__X02,RJN,EAST CHESHIRE NHS TRUST,X02,Other - Medical Services,2021-04-01,2026-05-01,62,62,0,0.0,0,False,False,2026-05-01
RJN__X04,RJN,EAST CHESHIRE NHS TRUST,X04,Other - Paediatric Services,2021-04-01,2026-05-01,62,62,0,0.0,0,False,False,2026-05-01
RJN__X05,RJN,EAST CHESHIRE NHS TRUST,X05,Other - Surgical Services,2021-04-01,2026-05-01,62,62,0,0.0,0,False,False,2026-05-01
RJN__X06,RJN,EAST CHESHIRE NHS TRUST,X06,Other - Other Services,2021-04-01,2026-05-01,62,56,6,9.67741935483871,3,False,False,2026-05-01
RJR__X06,RJR,COUNTESS OF CHESTER HOSPITAL NHS FOUNDATION TRUST,X06,Other - Other Services,2021-04-01,2026-05-01,62,60,2,3.225806451612903,2,False,False,2026-05-01
RJZ__X02,RJZ,KING'S COLLEGE HOSPITAL NHS FOUNDATION TRUST,X02,Other - Medical Services,2021-04-01,2026-05-01,62,62,0,0.0,0,False,False,2026-05-01
RJZ__X04,RJZ,KING'S COLLEGE HOSPITAL NHS FOUNDATION TRUST,X04,Other - Paediatric Services,2021-04-01,2026-05-01,62,62,0,0.0,0,False,False,2026-05-01
RJZ__X05,RJZ,KING'S COLLEGE HOSPITAL NHS FOUNDATION TRUST,X05,Other - Surgical Services,2021-04-01,2026-05-01,62,62,0,0.0,0,False,False,2026-05-01
RJZ__X06,RJZ,KING'S COLLEGE HOSPITAL NHS FOUNDATION TRUST,X06,Other - Other Services,2021-04-01,2026-05-01,62,62,0,0.0,0,False,False,2026-05-01
RK5__X02,RK5,SHERWOOD FOREST HOSPITALS NHS FOUNDATION TRUST,X02,Other - Medical Services,2021-04-01,2026-05-01,62,62,0,0.0,0,False,False,2026-05-01
RK5__X04,RK5,SHERWOOD FOREST HOSPITALS NHS FOUNDATION TRUST,X04,Other - Paediatric Services,2021-04-01,2026-05-01,62,62,0,0.0,0,False,False,2026-05-01
RK5__X05,RK5,SHERWOOD FOREST HOSPITALS NHS FOUNDATION TRUST,X05,Other - Surgical Services,2021-04-01,2026-05-01,62,62,0,0.0,0,False,False,2026-05-01
RK9__X02,RK9,UNIVERSITY HOSPITALS PLYMOUTH NHS TRUST,X02,Other - Medical Services,2021-04-01,2026-05-01,62,62,0,0.0,0,False,False,2026-05-01
RK9__X03,RK9,UNIVERSITY HOSPITALS PLYMOUTH NHS TRUST,X03,Other - Mental Health Services,2021-04-01,2023-12-01,33,33,0,0.0,0,True,True,2023-12-01
RK9__X04,RK9,UNIVERSITY HOSPITALS PLYMOUTH NHS TRUST,X04,Other - Paediatric Services,2021-04-01,2026-05-01,62,62,0,0.0,0,False,False,2026-05-01
RK9__X05,RK9,UNIVERSITY HOSPITALS PLYMOUTH NHS TRUST,X05,Other - Surgical Services,2021-04-01,2026-05-01,62,62,0,0.0,0,False,False,2026-05-01
RK9__X06,RK9,UNIVERSITY HOSPITALS PLYMOUTH NHS TRUST,X06,Other - Other Services,2021-04-01,2026-05-01,62,62,0,0.0,0,False,False,2026-05-01
RKB__X02,RKB,UNIVERSITY HOSPITALS COVENTRY AND WARWICKSHIRE NHS TRUST,X02,Other - Medical Services,2021-04-01,2026-05-01,62,62,0,0.0,0,False,False,2026-05-01
RKB__X04,RKB,UNIVERSITY HOSPITALS COVENTRY AND WARWICKSHIRE NHS TRUST,X04,Other - Paediatric Services,2021-04-01,2026-05-01,62,62,0,0.0,0,False,False,2026-05-01
RKB__X06,RKB,UNIVERSITY HOSPITALS COVENTRY AND WARWICKSHIRE NHS TRUST,X06,Other - Other Services,2021-04-01,2026-05-01,62,62,0,0.0,0,False,False,2026-05-01
RKE__140,RKE,WHITTINGTON HEALTH NHS TRUST,140,Oral Surgery Service,2021-04-01,2026-05-01,62,62,0,0.0,0,False,False,2026-05-01
RKE__X02,RKE,WHITTINGTON HEALTH NHS TRUST,X02,Other - Medical Services,2021-04-01,2026-05-01,62,62,0,0.0,0,False,False,2026-05-01
RKE__X04,RKE,WHITTINGTON HEALTH NHS TRUST,X04,Other - Paediatric Services,2021-04-01,2026-05-01,62,60,2,3.225806451612903,1,False,False,2026-05-01
RKE__X06,RKE,WHITTINGTON HEALTH NHS TRUST,X06,Other - Other Services,2021-04-01,2026-05-01,62,48,14,22.580645161290324,13,False,False,2026-05-01
RKL__X04,RKL,WEST LONDON NHS TRUST,X04,Other - Paediatric Services,2021-04-01,2024-05-01,38,38,0,0.0,0,False,True,2024-05-01
RL1__X02,RL1,THE ROBERT JONES AND AGNES HUNT ORTHOPAEDIC HOSPITAL NHS FOUNDATION TRUST,X02,Other - Medical Services,2021-04-01,2026-05-01,62,62,0,0.0,0,False,False,2026-05-01
RL1__X06,RL1,THE ROBERT JONES AND AGNES HUNT ORTHOPAEDIC HOSPITAL NHS FOUNDATION TRUST,X06,Other - Other Services,2021-04-01,2026-05-01,62,62,0,0.0,0,False,False,2026-05-01
RL4__X02,RL4,THE ROYAL WOLVERHAMPTON NHS TRUST,X02,Other - Medical Services,2021-04-01,2026-05-01,62,62,0,0.0,0,False,False,2026-05-01
RL4__X04,RL4,THE ROYAL WOLVERHAMPTON NHS TRUST,X04,Other - Paediatric Services,2021-04-01,2026-05-01,62,62,0,0.0,0,False,False,2026-05-01
RL4__X05,RL4,THE ROYAL WOLVERHAMPTON NHS TRUST,X05,Other - Surgical Services,2021-04-01,2026-05-01,62,62,0,0.0,0,False,False,2026-05-01
RL4__X06,RL4,THE ROYAL WOLVERHAMPTON NHS TRUST,X06,Other - Other Services,2021-04-01,2026-05-01,62,62,0,0.0,0,False,False,2026-05-01
RLQ__170,RLQ,WYE VALLEY NHS TRUST,170,Cardiothoracic Surgery Service,2021-04-01,2026-05-01,62,62,0,0.0,0,False,False,2026-05-01
RLQ__X02,RLQ,WYE VALLEY NHS TRUST,X02,Other - Medical Services,2021-04-01,2026-05-01,62,62,0,0.0,0,False,False,2026-05-01
RLQ__X04,RLQ,WYE VALLEY NHS TRUST,X04,Other - Paediatric Services,2021-04-01,2026-05-01,62,62,0,0.0,0,False,False,2026-05-01
RLQ__X05,RLQ,WYE VALLEY NHS TRUST,X05,Other - Surgical Services,2021-04-01,2026-05-01,62,62,0,0.0,0,False,False,2026-05-01
RLQ__X06,RLQ,WYE VALLEY NHS TRUST,X06,Other - Other Services,2021-04-01,2026-05-01,62,31,31,50.0,12,False,False,2026-05-01
RLT__X02,RLT,GEORGE ELIOT HOSPITAL NHS TRUST,X02,Other - Medical Services,2021-04-01,2026-05-01,62,62,0,0.0,0,False,False,2026-05-01
RLT__X04,RLT,GEORGE ELIOT HOSPITAL NHS TRUST,X04,Other - Paediatric Services,2021-04-01,2026-05-01,62,62,0,0.0,0,False,False,2026-05-01
RLT__X05,RLT,GEORGE ELIOT HOSPITAL NHS TRUST,X05,Other - Surgical Services,2021-04-01,2026-05-01,62,62,0,0.0,0,False,False,2026-05-01
RLT__X06,RLT,GEORGE ELIOT HOSPITAL NHS TRUST,X06,Other - Other Services,2021-04-01,2026-05-01,62,62,0,0.0,0,False,False,2026-05-01
RM1__X02,RM1,NORFOLK AND NORWICH UNIVERSITY HOSPITALS NHS FOUNDATION TRUST,X02,Other - Medical Services,2021-04-01,2026-05-01,62,62,0,0.0,0,False,False,2026-05-01
RM1__X04,RM1,NORFOLK AND NORWICH UNIVERSITY HOSPITALS NHS FOUNDATION TRUST,X04,Other - Paediatric Services,2021-04-01,2026-05-01,62,62,0,0.0,0,False,False,2026-05-01
RM1__X05,RM1,NORFOLK AND NORWICH UNIVERSITY HOSPITALS NHS FOUNDATION TRUST,X05,Other - Surgical Services,2021-04-01,2026-05-01,62,62,0,0.0,0,False,False,2026-05-01
RM1__X06,RM1,NORFOLK AND NORWICH UNIVERSITY HOSPITALS NHS FOUNDATION TRUST,X06,Other - Other Services,2021-04-01,2026-05-01,62,62,0,0.0,0,False,False,2026-05-01
RM3__X02,RM3,SALFORD ROYAL NHS FOUNDATION TRUST,X02,Other - Medical Services,2021-04-01,2026-05-01,62,62,0,0.0,0,False,False,2026-05-01
RM3__X04,RM3,SALFORD ROYAL NHS FOUNDATION TRUST,X04,Other - Paediatric Services,2021-04-01,2026-05-01,62,62,0,0.0,0,False,False,2026-05-01
RM3__X05,RM3,SALFORD ROYAL NHS FOUNDATION TRUST,X05,Other - Surgical Services,2021-04-01,2026-05-01,62,62,0,0.0,0,False,False,2026-05-01
RM3__X06,RM3,SALFORD ROYAL NHS FOUNDATION TRUST,X06,Other - Other Services,2021-04-01,2026-05-01,62,62,0,0.0,0,False,False,2026-05-01
RMC__X02,RMC,BOLTON NHS FOUNDATION TRUST,X02,Other - Medical Services,2021-04-01,2026-05-01,62,62,0,0.0,0,False,False,2026-05-01
RMC__X04,RMC,BOLTON NHS FOUNDATION TRUST,X04,Other - Paediatric Services,2021-04-01,2026-05-01,62,62,0,0.0,0,False,False,2026-05-01
RMC__X05,RMC,BOLTON NHS FOUNDATION TRUST,X05,Other - Surgical Services,2021-04-01,2026-05-01,62,62,0,0.0,0,False,False,2026-05-01
RMC__X06,RMC,BOLTON NHS FOUNDATION TRUST,X06,Other - Other Services,2021-04-01,2026-05-01,62,62,0,0.0,0,False,False,2026-05-01
RMP__X02,RMP,TAMESIDE AND GLOSSOP INTEGRATED CARE NHS FOUNDATION TRUST,X02,Other - Medical Services,2021-04-01,2026-05-01,62,62,0,0.0,0,False,False,2026-05-01
RMP__X04,RMP,TAMESIDE AND GLOSSOP INTEGRATED CARE NHS FOUNDATION TRUST,X04,Other - Paediatric Services,2021-04-01,2026-05-01,62,62,0,0.0,0,False,False,2026-05-01
RMP__X05,RMP,TAMESIDE AND GLOSSOP INTEGRATED CARE NHS FOUNDATION TRUST,X05,Other - Surgical Services,2021-04-01,2026-05-01,62,62,0,0.0,0,False,False,2026-05-01
RN3__X02,RN3,GREAT WESTERN HOSPITALS NHS FOUNDATION TRUST,X02,Other - Medical Services,2021-04-01,2026-05-01,62,62,0,0.0,0,False,False,2026-05-01
RN3__X04,RN3,GREAT WESTERN HOSPITALS NHS FOUNDATION TRUST,X04,Other - Paediatric Services,2021-04-01,2026-05-01,62,62,0,0.0,0,False,False,2026-05-01
RN3__X05,RN3,GREAT WESTERN HOSPITALS NHS FOUNDATION TRUST,X05,Other - Surgical Services,2021-04-01,2026-05-01,62,62,0,0.0,0,False,False,2026-05-01
RN3__X06,RN3,GREAT WESTERN HOSPITALS NHS FOUNDATION TRUST,X06,Other - Other Services,2021-04-01,2026-05-01,62,62,0,0.0,0,False,False,2026-05-01
RN5__140,RN5,HAMPSHIRE HOSPITALS NHS FOUNDATION TRUST,140,Oral Surgery Service,2021-04-01,2026-05-01,62,62,0,0.0,0,False,False,2026-05-01
RN5__170,RN5,HAMPSHIRE HOSPITALS NHS FOUNDATION TRUST,170,Cardiothoracic Surgery Service,2021-04-01,2026-05-01,62,59,3,4.838709677419355,2,False,False,2026-05-01
RN5__X02,RN5,HAMPSHIRE HOSPITALS NHS FOUNDATION TRUST,X02,Other - Medical Services,2021-04-01,2026-05-01,62,62,0,0.0,0,False,False,2026-05-01
RN5__X03,RN5,HAMPSHIRE HOSPITALS NHS FOUNDATION TRUST,X03,Other - Mental Health Services,2021-04-01,2023-11-01,32,8,24,75.0,19,True,True,2023-11-01
RN5__X04,RN5,HAMPSHIRE HOSPITALS NHS FOUNDATION TRUST,X04,Other - Paediatric Services,2021-04-01,2026-05-01,62,62,0,0.0,0,False,False,2026-05-01
RN5__X05,RN5,HAMPSHIRE HOSPITALS NHS FOUNDATION TRUST,X05,Other - Surgical Services,2021-04-01,2026-05-01,62,62,0,0.0,0,False,False,2026-05-01
RN5__X06,RN5,HAMPSHIRE HOSPITALS NHS FOUNDATION TRUST,X06,Other - Other Services,2021-04-01,2026-05-01,62,62,0,0.0,0,False,False,2026-05-01
RN7__X02,RN7,DARTFORD AND GRAVESHAM NHS TRUST,X02,Other - Medical Services,2021-04-01,2026-05-01,62,62,0,0.0,0,False,False,2026-05-01
RN7__X04,RN7,DARTFORD AND GRAVESHAM NHS TRUST,X04,Other - Paediatric Services,2021-04-01,2026-05-01,62,62,0,0.0,0,False,False,2026-05-01
RN7__X05,RN7,DARTFORD AND GRAVESHAM NHS TRUST,X05,Other - Surgical Services,2021-04-01,2026-05-01,62,62,0,0.0,0,False,False,2026-05-01
RN7__X06,RN7,DARTFORD AND GRAVESHAM NHS TRUST,X06,Other - Other Services,2021-04-01,2026-05-01,62,62,0,0.0,0,False,False,2026-05-01
RNA__X02,RNA,THE DUDLEY GROUP NHS FOUNDATION TRUST,X02,Other - Medical Services,2021-04-01,2026-05-01,62,62,0,0.0,0,False,False,2026-05-01
RNA__X04,RNA,THE DUDLEY GROUP NHS FOUNDATION TRUST,X04,Other - Paediatric Services,2021-04-01,2026-05-01,62,62,0,0.0,0,False,False,2026-05-01
RNA__X05,RNA,THE DUDLEY GROUP NHS FOUNDATION TRUST,X05,Other - Surgical Services,2021-04-01,2026-05-01,62,62,0,0.0,0,False,False,2026-05-01
RNA__X06,RNA,THE DUDLEY GROUP NHS FOUNDATION TRUST,X06,Other - Other Services,2021-04-01,2026-05-01,62,62,0,0.0,0,False,False,2026-05-01
RNN__X02,RNN,NORTH CUMBRIA INTEGRATED CARE NHS FOUNDATION TRUST,X02,Other - Medical Services,2021-04-01,2026-05-01,62,62,0,0.0,0,False,False,2026-05-01
RNN__X04,RNN,NORTH CUMBRIA INTEGRATED CARE NHS FOUNDATION TRUST,X04,Other - Paediatric Services,2021-04-01,2026-05-01,62,62,0,0.0,0,False,False,2026-05-01
RNN__X05,RNN,NORTH CUMBRIA INTEGRATED CARE NHS FOUNDATION TRUST,X05,Other - Surgical Services,2021-04-01,2026-05-01,62,62,0,0.0,0,False,False,2026-05-01
RNN__X06,RNN,NORTH CUMBRIA INTEGRATED CARE NHS FOUNDATION TRUST,X06,Other - Other Services,2021-04-01,2026-05-01,62,61,1,1.6129032258064515,1,False,False,2026-05-01
RNQ__170,RNQ,KETTERING GENERAL HOSPITAL NHS FOUNDATION TRUST,170,Cardiothoracic Surgery Service,2021-04-01,2021-04-01,1,1,0,0.0,0,True,True,2021-04-01
RNQ__X02,RNQ,KETTERING GENERAL HOSPITAL NHS FOUNDATION TRUST,X02,Other - Medical Services,2021-04-01,2026-05-01,62,62,0,0.0,0,False,False,2026-05-01
RNQ__X04,RNQ,KETTERING GENERAL HOSPITAL NHS FOUNDATION TRUST,X04,Other - Paediatric Services,2021-04-01,2026-05-01,62,62,0,0.0,0,False,False,2026-05-01
RNQ__X05,RNQ,KETTERING GENERAL HOSPITAL NHS FOUNDATION TRUST,X05,Other - Surgical Services,2021-04-01,2026-05-01,62,62,0,0.0,0,False,False,2026-05-01
RNQ__X06,RNQ,KETTERING GENERAL HOSPITAL NHS FOUNDATION TRUST,X06,Other - Other Services,2021-04-01,2026-05-01,62,62,0,0.0,0,False,False,2026-05-01
RNS__X02,RNS,NORTHAMPTON GENERAL HOSPITAL NHS TRUST,X02,Other - Medical Services,2021-04-01,2026-05-01,62,62,0,0.0,0,False,False,2026-05-01
RNS__X04,RNS,NORTHAMPTON GENERAL HOSPITAL NHS TRUST,X04,Other - Paediatric Services,2021-04-01,2026-05-01,62,62,0,0.0,0,False,False,2026-05-01
RNS__X05,RNS,NORTHAMPTON GENERAL HOSPITAL NHS TRUST,X05,Other - Surgical Services,2021-04-01,2026-05-01,62,62,0,0.0,0,False,False,2026-05-01
RNS__X06,RNS,NORTHAMPTON GENERAL HOSPITAL NHS TRUST,X06,Other - Other Services,2021-04-01,2026-05-01,62,62,0,0.0,0,False,False,2026-05-01
RNZ__X02,RNZ,SALISBURY NHS FOUNDATION TRUST,X02,Other - Medical Services,2021-04-01,2026-05-01,62,62,0,0.0,0,False,False,2026-05-01
RNZ__X03,RNZ,SALISBURY NHS FOUNDATION TRUST,X03,Other - Mental Health Services,2021-04-01,2026-05-01,62,62,0,0.0,0,False,False,2026-05-01
RNZ__X04,RNZ,SALISBURY NHS FOUNDATION TRUST,X04,Other - Paediatric Services,2021-04-01,2026-05-01,62,62,0,0.0,0,False,False,2026-05-01
RNZ__X05,RNZ,SALISBURY NHS FOUNDATION TRUST,X05,Other - Surgical Services,2021-04-01,2026-05-01,62,62,0,0.0,0,False,False,2026-05-01
RNZ__X06,RNZ,SALISBURY NHS FOUNDATION TRUST,X06,Other - Other Services,2021-04-01,2026-05-01,62,62,0,0.0,0,False,False,2026-05-01
RP1__X04,RP1,NORTHAMPTONSHIRE HEALTHCARE NHS FOUNDATION TRUST,X04,Other - Paediatric Services,2021-04-01,2024-01-01,34,34,0,0.0,0,True,True,2024-01-01
RP1__X06,RP1,NORTHAMPTONSHIRE HEALTHCARE NHS FOUNDATION TRUST,X06,Other - Other Services,2021-04-01,2024-01-01,34,34,0,0.0,0,True,True,2024-01-01
RP4__X02,RP4,GREAT ORMOND STREET HOSPITAL FOR CHILDREN NHS FOUNDATION TRUST,X02,Other - Medical Services,2021-04-01,2026-05-01,62,62,0,0.0,0,False,False,2026-05-01
RP4__X03,RP4,GREAT ORMOND STREET HOSPITAL FOR CHILDREN NHS FOUNDATION TRUST,X03,Other - Mental Health Services,2021-04-01,2026-05-01,62,62,0,0.0,0,False,False,2026-05-01
RP4__X04,RP4,GREAT ORMOND STREET HOSPITAL FOR CHILDREN NHS FOUNDATION TRUST,X04,Other - Paediatric Services,2021-04-01,2026-05-01,62,62,0,0.0,0,False,False,2026-05-01
RP4__X05,RP4,GREAT ORMOND STREET HOSPITAL FOR CHILDREN NHS FOUNDATION TRUST,X05,Other - Surgical Services,2021-04-01,2026-05-01,62,62,0,0.0,0,False,False,2026-05-01
RP4__X06,RP4,GREAT ORMOND STREET HOSPITAL FOR CHILDREN NHS FOUNDATION TRUST,X06,Other - Other Services,2021-04-01,2026-05-01,62,62,0,0.0,0,False,False,2026-05-01
RP5__X02,RP5,DONCASTER AND BASSETLAW TEACHING HOSPITALS NHS FOUNDATION TRUST,X02,Other - Medical Services,2021-04-01,2026-05-01,62,62,0,0.0,0,False,False,2026-05-01
RP5__X03,RP5,DONCASTER AND BASSETLAW TEACHING HOSPITALS NHS FOUNDATION TRUST,X03,Other - Mental Health Services,2021-04-01,2025-09-01,54,24,30,55.55555555555556,13,False,True,2025-09-01
RP5__X04,RP5,DONCASTER AND BASSETLAW TEACHING HOSPITALS NHS FOUNDATION TRUST,X04,Other - Paediatric Services,2021-04-01,2026-05-01,62,62,0,0.0,0,False,False,2026-05-01
RP5__X05,RP5,DONCASTER AND BASSETLAW TEACHING HOSPITALS NHS FOUNDATION TRUST,X05,Other - Surgical Services,2021-04-01,2026-05-01,62,62,0,0.0,0,False,False,2026-05-01
RP5__X06,RP5,DONCASTER AND BASSETLAW TEACHING HOSPITALS NHS FOUNDATION TRUST,X06,Other - Other Services,2021-04-01,2025-10-01,55,55,0,0.0,0,False,True,2025-10-01
RP7__X03,RP7,LINCOLNSHIRE PARTNERSHIP NHS FOUNDATION TRUST,X03,Other - Mental Health Services,2021-04-01,2026-05-01,62,62,0,0.0,0,False,False,2026-05-01
RPA__X02,RPA,MEDWAY NHS FOUNDATION TRUST,X02,Other - Medical Services,2021-04-01,2026-05-01,62,62,0,0.0,0,False,False,2026-05-01
RPA__X04,RPA,MEDWAY NHS FOUNDATION TRUST,X04,Other - Paediatric Services,2021-04-01,2026-05-01,62,62,0,0.0,0,False,False,2026-05-01
RPA__X05,RPA,MEDWAY NHS FOUNDATION TRUST,X05,Other - Surgical Services,2021-04-01,2026-05-01,62,62,0,0.0,0,False,False,2026-05-01
RPA__X06,RPA,MEDWAY NHS FOUNDATION TRUST,X06,Other - Other Services,2021-04-01,2026-05-01,62,62,0,0.0,0,False,False,2026-05-01
RPC__X02,RPC,QUEEN VICTORIA HOSPITAL NHS FOUNDATION TRUST,X02,Other - Medical Services,2021-04-01,2026-05-01,62,61,1,1.6129032258064515,1,False,False,2026-05-01
RPC__X03,RPC,QUEEN VICTORIA HOSPITAL NHS FOUNDATION TRUST,X03,Other - Mental Health Services,2021-04-01,2024-09-01,42,42,0,0.0,0,False,True,2024-09-01
RPC__X04,RPC,QUEEN VICTORIA HOSPITAL NHS FOUNDATION TRUST,X04,Other - Paediatric Services,2021-04-01,2026-02-01,59,57,2,3.389830508474576,1,False,True,2026-02-01
RPC__X05,RPC,QUEEN VICTORIA HOSPITAL NHS FOUNDATION TRUST,X05,Other - Surgical Services,2021-04-01,2025-11-01,56,46,10,17.857142857142858,3,False,True,2025-11-01
RPC__X06,RPC,QUEEN VICTORIA HOSPITAL NHS FOUNDATION TRUST,X06,Other - Other Services,2021-04-01,2026-05-01,62,62,0,0.0,0,False,False,2026-05-01
RPG__X06,RPG,OXLEAS NHS FOUNDATION TRUST,X06,Other - Other Services,2021-04-01,2026-05-01,62,62,0,0.0,0,False,False,2026-05-01
RPY__X02,RPY,THE ROYAL MARSDEN NHS FOUNDATION TRUST,X02,Other - Medical Services,2021-04-01,2026-05-01,62,62,0,0.0,0,False,False,2026-05-01
RPY__X04,RPY,THE ROYAL MARSDEN NHS FOUNDATION TRUST,X04,Other - Paediatric Services,2021-04-01,2026-05-01,62,62,0,0.0,0,False,False,2026-05-01
RPY__X05,RPY,THE ROYAL MARSDEN NHS FOUNDATION TRUST,X05,Other - Surgical Services,2021-04-01,2026-05-01,62,62,0,0.0,0,False,False,2026-05-01
RPY__X06,RPY,THE ROYAL MARSDEN NHS FOUNDATION TRUST,X06,Other - Other Services,2021-04-01,2026-05-01,62,62,0,0.0,0,False,False,2026-05-01
RQ3__X04,RQ3,BIRMINGHAM WOMEN'S AND CHILDREN'S NHS FOUNDATION TRUST,X04,Other - Paediatric Services,2021-04-01,2026-05-01,62,62,0,0.0,0,False,False,2026-05-01
RQ3__X06,RQ3,BIRMINGHAM WOMEN'S AND CHILDREN'S NHS FOUNDATION TRUST,X06,Other - Other Services,2021-04-01,2026-05-01,62,62,0,0.0,0,False,False,2026-05-01
RQM__X02,RQM,CHELSEA AND WESTMINSTER HOSPITAL NHS FOUNDATION TRUST,X02,Other - Medical Services,2021-04-01,2026-05-01,62,62,0,0.0,0,False,False,2026-05-01
RQM__X03,RQM,CHELSEA AND WESTMINSTER HOSPITAL NHS FOUNDATION TRUST,X03,Other - Mental Health Services,2021-04-01,2026-05-01,62,38,24,38.70967741935484,4,False,False,2026-05-01
RQM__X04,RQM,CHELSEA AND WESTMINSTER HOSPITAL NHS FOUNDATION TRUST,X04,Other - Paediatric Services,2021-04-01,2026-05-01,62,62,0,0.0,0,False,False,2026-05-01
RQM__X05,RQM,CHELSEA AND WESTMINSTER HOSPITAL NHS FOUNDATION TRUST,X05,Other - Surgical Services,2021-04-01,2026-05-01,62,62,0,0.0,0,False,False,2026-05-01
RQM__X06,RQM,CHELSEA AND WESTMINSTER HOSPITAL NHS FOUNDATION TRUST,X06,Other - Other Services,2021-04-01,2026-05-01,62,62,0,0.0,0,False,False,2026-05-01
RQW__X02,RQW,THE PRINCESS ALEXANDRA HOSPITAL NHS TRUST,X02,Other - Medical Services,2021-04-01,2026-05-01,62,62,0,0.0,0,False,False,2026-05-01
RQW__X04,RQW,THE PRINCESS ALEXANDRA HOSPITAL NHS TRUST,X04,Other - Paediatric Services,2021-04-01,2026-05-01,62,62,0,0.0,0,False,False,2026-05-01
RQW__X05,RQW,THE PRINCESS ALEXANDRA HOSPITAL NHS TRUST,X05,Other - Surgical Services,2021-04-01,2026-05-01,62,62,0,0.0,0,False,False,2026-05-01
RQW__X06,RQW,THE PRINCESS ALEXANDRA HOSPITAL NHS TRUST,X06,Other - Other Services,2021-04-01,2026-05-01,62,62,0,0.0,0,False,False,2026-05-01
RQX__X02,RQX,HOMERTON UNIVERSITY HOSPITAL NHS FOUNDATION TRUST,X02,Other - Medical Services,2021-04-01,2026-05-01,62,62,0,0.0,0,False,False,2026-05-01
RQX__X04,RQX,HOMERTON UNIVERSITY HOSPITAL NHS FOUNDATION TRUST,X04,Other - Paediatric Services,2021-04-01,2026-05-01,62,62,0,0.0,0,False,False,2026-05-01
RQX__X05,RQX,HOMERTON UNIVERSITY HOSPITAL NHS FOUNDATION TRUST,X05,Other - Surgical Services,2021-04-01,2026-05-01,62,62,0,0.0,0,False,False,2026-05-01
RQX__X06,RQX,HOMERTON UNIVERSITY HOSPITAL NHS FOUNDATION TRUST,X06,Other - Other Services,2021-04-01,2026-05-01,62,62,0,0.0,0,False,False,2026-05-01
RQY__X03,RQY,SOUTH WEST LONDON AND ST GEORGE'S MENTAL HEALTH NHS TRUST,X03,Other - Mental Health Services,2021-04-01,2024-02-01,35,35,0,0.0,0,True,True,2024-02-01
RR7__X02,RR7,GATESHEAD HEALTH NHS FOUNDATION TRUST,X02,Other - Medical Services,2021-04-01,2026-05-01,62,62,0,0.0,0,False,False,2026-05-01
RR7__X03,RR7,GATESHEAD HEALTH NHS FOUNDATION TRUST,X03,Other - Mental Health Services,2021-04-01,2026-05-01,62,62,0,0.0,0,False,False,2026-05-01
RR7__X04,RR7,GATESHEAD HEALTH NHS FOUNDATION TRUST,X04,Other - Paediatric Services,2021-04-01,2026-05-01,62,62,0,0.0,0,False,False,2026-05-01
RR7__X05,RR7,GATESHEAD HEALTH NHS FOUNDATION TRUST,X05,Other - Surgical Services,2021-04-01,2026-05-01,62,62,0,0.0,0,False,False,2026-05-01
RR7__X06,RR7,GATESHEAD HEALTH NHS FOUNDATION TRUST,X06,Other - Other Services,2021-04-01,2026-05-01,62,62,0,0.0,0,False,False,2026-05-01
RR8__X02,RR8,LEEDS TEACHING HOSPITALS NHS TRUST,X02,Other - Medical Services,2021-04-01,2026-05-01,62,62,0,0.0,0,False,False,2026-05-01
RR8__X04,RR8,LEEDS TEACHING HOSPITALS NHS TRUST,X04,Other - Paediatric Services,2021-04-01,2026-05-01,62,62,0,0.0,0,False,False,2026-05-01
RR8__X05,RR8,LEEDS TEACHING HOSPITALS NHS TRUST,X05,Other - Surgical Services,2021-04-01,2026-05-01,62,62,0,0.0,0,False,False,2026-05-01
RR8__X06,RR8,LEEDS TEACHING HOSPITALS NHS TRUST,X06,Other - Other Services,2021-04-01,2026-05-01,62,62,0,0.0,0,False,False,2026-05-01
RRE__X02,RRE,MIDLANDS PARTNERSHIP NHS FOUNDATION TRUST,X02,Other - Medical Services,2021-04-01,2026-05-01,62,62,0,0.0,0,False,False,2026-05-01
RRE__X06,RRE,MIDLANDS PARTNERSHIP NHS FOUNDATION TRUST,X06,Other - Other Services,2021-04-01,2026-05-01,62,62,0,0.0,0,False,False,2026-05-01
RRF__X02,RRF,"WRIGHTINGTON, WIGAN AND LEIGH NHS FOUNDATION TRUST",X02,Other - Medical Services,2021-04-01,2026-03-01,60,60,0,0.0,0,False,True,2026-03-01
RRF__X04,RRF,"WRIGHTINGTON, WIGAN AND LEIGH NHS FOUNDATION TRUST",X04,Other - Paediatric Services,2021-04-01,2026-05-01,62,62,0,0.0,0,False,False,2026-05-01
RRF__X05,RRF,"WRIGHTINGTON, WIGAN AND LEIGH NHS FOUNDATION TRUST",X05,Other - Surgical Services,2021-04-01,2026-05-01,62,62,0,0.0,0,False,False,2026-05-01
RRF__X06,RRF,"WRIGHTINGTON, WIGAN AND LEIGH NHS FOUNDATION TRUST",X06,Other - Other Services,2021-04-01,2026-05-01,62,62,0,0.0,0,False,False,2026-05-01
RRJ__X02,RRJ,THE ROYAL ORTHOPAEDIC HOSPITAL NHS FOUNDATION TRUST,X02,Other - Medical Services,2021-04-01,2026-05-01,62,62,0,0.0,0,False,False,2026-05-01
RRJ__X06,RRJ,THE ROYAL ORTHOPAEDIC HOSPITAL NHS FOUNDATION TRUST,X06,Other - Other Services,2021-04-01,2026-05-01,62,62,0,0.0,0,False,False,2026-05-01
RRK__X02,RRK,UNIVERSITY HOSPITALS BIRMINGHAM NHS FOUNDATION TRUST,X02,Other - Medical Services,2021-04-01,2026-05-01,62,62,0,0.0,0,False,False,2026-05-01
RRK__X03,RRK,UNIVERSITY HOSPITALS BIRMINGHAM NHS FOUNDATION TRUST,X03,Other - Mental Health Services,2021-04-01,2026-05-01,62,62,0,0.0,0,False,False,2026-05-01
RRK__X04,RRK,UNIVERSITY HOSPITALS BIRMINGHAM NHS FOUNDATION TRUST,X04,Other - Paediatric Services,2021-04-01,2026-05-01,62,62,0,0.0,0,False,False,2026-05-01
RRK__X05,RRK,UNIVERSITY HOSPITALS BIRMINGHAM NHS FOUNDATION TRUST,X05,Other - Surgical Services,2021-04-01,2026-05-01,62,62,0,0.0,0,False,False,2026-05-01
RRK__X06,RRK,UNIVERSITY HOSPITALS BIRMINGHAM NHS FOUNDATION TRUST,X06,Other - Other Services,2021-04-01,2026-05-01,62,62,0,0.0,0,False,False,2026-05-01
RRV__X02,RRV,UNIVERSITY COLLEGE LONDON HOSPITALS NHS FOUNDATION TRUST,X02,Other - Medical Services,2021-04-01,2026-05-01,62,62,0,0.0,0,False,False,2026-05-01
RRV__X03,RRV,UNIVERSITY COLLEGE LONDON HOSPITALS NHS FOUNDATION TRUST,X03,Other - Mental Health Services,2021-04-01,2026-05-01,62,62,0,0.0,0,False,False,2026-05-01
RRV__X04,RRV,UNIVERSITY COLLEGE LONDON HOSPITALS NHS FOUNDATION TRUST,X04,Other - Paediatric Services,2021-04-01,2026-05-01,62,62,0,0.0,0,False,False,2026-05-01
RRV__X05,RRV,UNIVERSITY COLLEGE LONDON HOSPITALS NHS FOUNDATION TRUST,X05,Other - Surgical Services,2021-04-01,2026-05-01,62,62,0,0.0,0,False,False,2026-05-01
RRV__X06,RRV,UNIVERSITY COLLEGE LONDON HOSPITALS NHS FOUNDATION TRUST,X06,Other - Other Services,2021-04-01,2026-05-01,62,62,0,0.0,0,False,False,2026-05-01
RT1__X06,RT1,CAMBRIDGESHIRE AND PETERBOROUGH NHS FOUNDATION TRUST,X06,Other - Other Services,2021-04-01,2026-05-01,62,62,0,0.0,0,False,False,2026-05-01
RTD__X02,RTD,THE NEWCASTLE UPON TYNE HOSPITALS NHS FOUNDATION TRUST,X02,Other - Medical Services,2021-04-01,2026-05-01,62,62,0,0.0,0,False,False,2026-05-01
RTD__X03,RTD,THE NEWCASTLE UPON TYNE HOSPITALS NHS FOUNDATION TRUST,X03,Other - Mental Health Services,2021-04-01,2026-05-01,62,62,0,0.0,0,False,False,2026-05-01
RTD__X04,RTD,THE NEWCASTLE UPON TYNE HOSPITALS NHS FOUNDATION TRUST,X04,Other - Paediatric Services,2021-04-01,2026-05-01,62,62,0,0.0,0,False,False,2026-05-01
RTD__X05,RTD,THE NEWCASTLE UPON TYNE HOSPITALS NHS FOUNDATION TRUST,X05,Other - Surgical Services,2021-04-01,2026-05-01,62,62,0,0.0,0,False,False,2026-05-01
RTD__X06,RTD,THE NEWCASTLE UPON TYNE HOSPITALS NHS FOUNDATION TRUST,X06,Other - Other Services,2021-04-01,2026-05-01,62,62,0,0.0,0,False,False,2026-05-01
RTE__X02,RTE,GLOUCESTERSHIRE HOSPITALS NHS FOUNDATION TRUST,X02,Other - Medical Services,2021-04-01,2026-05-01,62,62,0,0.0,0,False,False,2026-05-01
RTE__X04,RTE,GLOUCESTERSHIRE HOSPITALS NHS FOUNDATION TRUST,X04,Other - Paediatric Services,2021-04-01,2026-05-01,62,62,0,0.0,0,False,False,2026-05-01
RTE__X05,RTE,GLOUCESTERSHIRE HOSPITALS NHS FOUNDATION TRUST,X05,Other - Surgical Services,2021-04-01,2026-05-01,62,62,0,0.0,0,False,False,2026-05-01
RTE__X06,RTE,GLOUCESTERSHIRE HOSPITALS NHS FOUNDATION TRUST,X06,Other - Other Services,2021-04-01,2026-05-01,62,62,0,0.0,0,False,False,2026-05-01
RTF__X06,RTF,NORTHUMBRIA HEALTHCARE NHS FOUNDATION TRUST,X06,Other - Other Services,2021-04-01,2026-05-01,62,62,0,0.0,0,False,False,2026-05-01
RTG__X02,RTG,UNIVERSITY HOSPITALS OF DERBY AND BURTON NHS FOUNDATION TRUST,X02,Other - Medical Services,2021-04-01,2026-05-01,62,62,0,0.0,0,False,False,2026-05-01
RTG__X03,RTG,UNIVERSITY HOSPITALS OF DERBY AND BURTON NHS FOUNDATION TRUST,X03,Other - Mental Health Services,2021-04-01,2026-04-01,61,55,6,9.836065573770492,3,False,True,2026-04-01
RTG__X04,RTG,UNIVERSITY HOSPITALS OF DERBY AND BURTON NHS FOUNDATION TRUST,X04,Other - Paediatric Services,2021-04-01,2026-05-01,62,62,0,0.0,0,False,False,2026-05-01
RTG__X05,RTG,UNIVERSITY HOSPITALS OF DERBY AND BURTON NHS FOUNDATION TRUST,X05,Other - Surgical Services,2021-04-01,2026-05-01,62,62,0,0.0,0,False,False,2026-05-01
RTG__X06,RTG,UNIVERSITY HOSPITALS OF DERBY AND BURTON NHS FOUNDATION TRUST,X06,Other - Other Services,2021-04-01,2026-05-01,62,62,0,0.0,0,False,False,2026-05-01
RTH__140,RTH,OXFORD UNIVERSITY HOSPITALS NHS FOUNDATION TRUST,140,Oral Surgery Service,2021-04-01,2026-05-01,62,62,0,0.0,0,False,False,2026-05-01
RTH__X02,RTH,OXFORD UNIVERSITY HOSPITALS NHS FOUNDATION TRUST,X02,Other - Medical Services,2021-04-01,2026-05-01,62,62,0,0.0,0,False,False,2026-05-01
RTH__X03,RTH,OXFORD UNIVERSITY HOSPITALS NHS FOUNDATION TRUST,X03,Other - Mental Health Services,2021-04-01,2026-05-01,62,62,0,0.0,0,False,False,2026-05-01
RTH__X04,RTH,OXFORD UNIVERSITY HOSPITALS NHS FOUNDATION TRUST,X04,Other - Paediatric Services,2021-04-01,2026-05-01,62,62,0,0.0,0,False,False,2026-05-01
RTH__X05,RTH,OXFORD UNIVERSITY HOSPITALS NHS FOUNDATION TRUST,X05,Other - Surgical Services,2021-04-01,2026-05-01,62,62,0,0.0,0,False,False,2026-05-01
RTH__X06,RTH,OXFORD UNIVERSITY HOSPITALS NHS FOUNDATION TRUST,X06,Other - Other Services,2021-04-01,2026-05-01,62,62,0,0.0,0,False,False,2026-05-01
RTK__340,RTK,ASHFORD AND ST PETER'S HOSPITALS NHS FOUNDATION TRUST,340,Respiratory Medicine Service,2021-04-01,2026-05-01,62,59,3,4.838709677419355,3,False,False,2026-05-01
RTK__X02,RTK,ASHFORD AND ST PETER'S HOSPITALS NHS FOUNDATION TRUST,X02,Other - Medical Services,2021-04-01,2026-05-01,62,59,3,4.838709677419355,3,False,False,2026-05-01
RTK__X05,RTK,ASHFORD AND ST PETER'S HOSPITALS NHS FOUNDATION TRUST,X05,Other - Surgical Services,2021-04-01,2026-05-01,62,59,3,4.838709677419355,3,False,False,2026-05-01
RTK__X06,RTK,ASHFORD AND ST PETER'S HOSPITALS NHS FOUNDATION TRUST,X06,Other - Other Services,2021-04-01,2026-05-01,62,59,3,4.838709677419355,3,False,False,2026-05-01
RTP__X02,RTP,SURREY AND SUSSEX HEALTHCARE NHS TRUST,X02,Other - Medical Services,2021-04-01,2026-05-01,62,62,0,0.0,0,False,False,2026-05-01
RTP__X04,RTP,SURREY AND SUSSEX HEALTHCARE NHS TRUST,X04,Other - Paediatric Services,2021-04-01,2026-05-01,62,62,0,0.0,0,False,False,2026-05-01
RTP__X05,RTP,SURREY AND SUSSEX HEALTHCARE NHS TRUST,X05,Other - Surgical Services,2021-04-01,2026-05-01,62,62,0,0.0,0,False,False,2026-05-01
RTP__X06,RTP,SURREY AND SUSSEX HEALTHCARE NHS TRUST,X06,Other - Other Services,2021-04-01,2026-05-01,62,62,0,0.0,0,False,False,2026-05-01
RTR__X02,RTR,SOUTH TEES HOSPITALS NHS FOUNDATION TRUST,X02,Other - Medical Services,2021-04-01,2026-05-01,62,61,1,1.6129032258064515,1,False,False,2026-05-01
RTR__X03,RTR,SOUTH TEES HOSPITALS NHS FOUNDATION TRUST,X03,Other - Mental Health Services,2021-04-01,2026-05-01,62,60,2,3.225806451612903,1,False,False,2026-05-01
RTR__X04,RTR,SOUTH TEES HOSPITALS NHS FOUNDATION TRUST,X04,Other - Paediatric Services,2021-04-01,2026-05-01,62,61,1,1.6129032258064515,1,False,False,2026-05-01
RTR__X05,RTR,SOUTH TEES HOSPITALS NHS FOUNDATION TRUST,X05,Other - Surgical Services,2021-04-01,2026-05-01,62,61,1,1.6129032258064515,1,False,False,2026-05-01
RTR__X06,RTR,SOUTH TEES HOSPITALS NHS FOUNDATION TRUST,X06,Other - Other Services,2021-04-01,2026-05-01,62,61,1,1.6129032258064515,1,False,False,2026-05-01
RTX__X02,RTX,UNIVERSITY HOSPITALS OF MORECAMBE BAY NHS FOUNDATION TRUST,X02,Other - Medical Services,2021-04-01,2026-05-01,62,62,0,0.0,0,False,False,2026-05-01
RTX__X04,RTX,UNIVERSITY HOSPITALS OF MORECAMBE BAY NHS FOUNDATION TRUST,X04,Other - Paediatric Services,2021-04-01,2026-05-01,62,62,0,0.0,0,False,False,2026-05-01
RTX__X05,RTX,UNIVERSITY HOSPITALS OF MORECAMBE BAY NHS FOUNDATION TRUST,X05,Other - Surgical Services,2021-04-01,2026-05-01,62,62,0,0.0,0,False,False,2026-05-01
RTX__X06,RTX,UNIVERSITY HOSPITALS OF MORECAMBE BAY NHS FOUNDATION TRUST,X06,Other - Other Services,2021-04-01,2026-05-01,62,62,0,0.0,0,False,False,2026-05-01
RV3__X03,RV3,CENTRAL AND NORTH WEST LONDON NHS FOUNDATION TRUST,X03,Other - Mental Health Services,2021-04-01,2021-06-01,3,3,0,0.0,0,True,True,2021-06-01
RVJ__X02,RVJ,NORTH BRISTOL NHS TRUST,X02,Other - Medical Services,2021-04-01,2026-05-01,62,62,0,0.0,0,False,False,2026-05-01
RVJ__X04,RVJ,NORTH BRISTOL NHS TRUST,X04,Other - Paediatric Services,2021-04-01,2026-05-01,62,62,0,0.0,0,False,False,2026-05-01
RVJ__X05,RVJ,NORTH BRISTOL NHS TRUST,X05,Other - Surgical Services,2021-04-01,2026-05-01,62,62,0,0.0,0,False,False,2026-05-01
RVJ__X06,RVJ,NORTH BRISTOL NHS TRUST,X06,Other - Other Services,2021-04-01,2026-05-01,62,62,0,0.0,0,False,False,2026-05-01
RVR__X02,RVR,EPSOM AND ST HELIER UNIVERSITY HOSPITALS NHS TRUST,X02,Other - Medical Services,2021-04-01,2026-05-01,62,62,0,0.0,0,False,False,2026-05-01
RVR__X03,RVR,EPSOM AND ST HELIER UNIVERSITY HOSPITALS NHS TRUST,X03,Other - Mental Health Services,2021-04-01,2026-05-01,62,22,40,64.51612903225806,40,False,False,2026-05-01
RVR__X04,RVR,EPSOM AND ST HELIER UNIVERSITY HOSPITALS NHS TRUST,X04,Other - Paediatric Services,2021-04-01,2026-05-01,62,62,0,0.0,0,False,False,2026-05-01
RVR__X05,RVR,EPSOM AND ST HELIER UNIVERSITY HOSPITALS NHS TRUST,X05,Other - Surgical Services,2021-04-01,2026-05-01,62,62,0,0.0,0,False,False,2026-05-01
RVR__X06,RVR,EPSOM AND ST HELIER UNIVERSITY HOSPITALS NHS TRUST,X06,Other - Other Services,2021-04-01,2026-05-01,62,62,0,0.0,0,False,False,2026-05-01
RVV__X02,RVV,EAST KENT HOSPITALS UNIVERSITY NHS FOUNDATION TRUST,X02,Other - Medical Services,2021-04-01,2026-05-01,62,62,0,0.0,0,False,False,2026-05-01
RVV__X04,RVV,EAST KENT HOSPITALS UNIVERSITY NHS FOUNDATION TRUST,X04,Other - Paediatric Services,2021-04-01,2026-05-01,62,62,0,0.0,0,False,False,2026-05-01
RVV__X05,RVV,EAST KENT HOSPITALS UNIVERSITY NHS FOUNDATION TRUST,X05,Other - Surgical Services,2021-04-01,2026-05-01,62,62,0,0.0,0,False,False,2026-05-01
RVV__X06,RVV,EAST KENT HOSPITALS UNIVERSITY NHS FOUNDATION TRUST,X06,Other - Other Services,2021-04-01,2026-05-01,62,62,0,0.0,0,False,False,2026-05-01
RVW__X04,RVW,NORTH TEES AND HARTLEPOOL NHS FOUNDATION TRUST,X04,Other - Paediatric Services,2021-04-01,2026-05-01,62,62,0,0.0,0,False,False,2026-05-01
RVW__X05,RVW,NORTH TEES AND HARTLEPOOL NHS FOUNDATION TRUST,X05,Other - Surgical Services,2021-04-01,2026-05-01,62,62,0,0.0,0,False,False,2026-05-01
RVW__X06,RVW,NORTH TEES AND HARTLEPOOL NHS FOUNDATION TRUST,X06,Other - Other Services,2021-04-01,2026-05-01,62,62,0,0.0,0,False,False,2026-05-01
RVY__340,RVY,SOUTHPORT AND ORMSKIRK HOSPITAL NHS TRUST,340,Respiratory Medicine Service,2021-04-01,2023-06-01,27,27,0,0.0,0,True,True,2023-06-01
RVY__X02,RVY,SOUTHPORT AND ORMSKIRK HOSPITAL NHS TRUST,X02,Other - Medical Services,2021-04-01,2023-06-01,27,27,0,0.0,0,True,True,2023-06-01
RVY__X04,RVY,SOUTHPORT AND ORMSKIRK HOSPITAL NHS TRUST,X04,Other - Paediatric Services,2021-04-01,2023-06-01,27,27,0,0.0,0,True,True,2023-06-01
RVY__X05,RVY,SOUTHPORT AND ORMSKIRK HOSPITAL NHS TRUST,X05,Other - Surgical Services,2021-04-01,2023-06-01,27,27,0,0.0,0,True,True,2023-06-01
RVY__X06,RVY,SOUTHPORT AND ORMSKIRK HOSPITAL NHS TRUST,X06,Other - Other Services,2021-04-01,2023-06-01,27,27,0,0.0,0,True,True,2023-06-01
RW1__X02,RW1,SOUTHERN HEALTH NHS FOUNDATION TRUST,X02,Other - Medical Services,2021-04-01,2026-05-01,62,62,0,0.0,0,False,False,2026-05-01
RW1__X04,RW1,SOUTHERN HEALTH NHS FOUNDATION TRUST,X04,Other - Paediatric Services,2021-04-01,2026-05-01,62,62,0,0.0,0,False,False,2026-05-01
RW1__X05,RW1,SOUTHERN HEALTH NHS FOUNDATION TRUST,X05,Other - Surgical Services,2021-04-01,2026-05-01,62,62,0,0.0,0,False,False,2026-05-01
RW6__X02,RW6,PENNINE ACUTE HOSPITALS NHS TRUST,X02,Other - Medical Services,2021-04-01,2021-09-01,6,6,0,0.0,0,True,True,2021-09-01
RW6__X04,RW6,PENNINE ACUTE HOSPITALS NHS TRUST,X04,Other - Paediatric Services,2021-04-01,2021-09-01,6,6,0,0.0,0,True,True,2021-09-01
RW6__X05,RW6,PENNINE ACUTE HOSPITALS NHS TRUST,X05,Other - Surgical Services,2021-04-01,2021-09-01,6,6,0,0.0,0,True,True,2021-09-01
RW6__X06,RW6,PENNINE ACUTE HOSPITALS NHS TRUST,X06,Other - Other Services,2021-04-01,2021-09-01,6,6,0,0.0,0,True,True,2021-09-01
RWA__X02,RWA,HULL UNIVERSITY TEACHING HOSPITALS NHS TRUST,X02,Other - Medical Services,2021-04-01,2026-05-01,62,62,0,0.0,0,False,False,2026-05-01
RWA__X03,RWA,HULL UNIVERSITY TEACHING HOSPITALS NHS TRUST,X03,Other - Mental Health Services,2021-04-01,2026-05-01,62,62,0,0.0,0,False,False,2026-05-01
RWA__X04,RWA,HULL UNIVERSITY TEACHING HOSPITALS NHS TRUST,X04,Other - Paediatric Services,2021-04-01,2026-05-01,62,62,0,0.0,0,False,False,2026-05-01
RWA__X05,RWA,HULL UNIVERSITY TEACHING HOSPITALS NHS TRUST,X05,Other - Surgical Services,2021-04-01,2026-05-01,62,62,0,0.0,0,False,False,2026-05-01
RWA__X06,RWA,HULL UNIVERSITY TEACHING HOSPITALS NHS TRUST,X06,Other - Other Services,2021-04-01,2026-05-01,62,62,0,0.0,0,False,False,2026-05-01
RWD__X02,RWD,UNITED LINCOLNSHIRE HOSPITALS NHS TRUST,X02,Other - Medical Services,2021-04-01,2026-05-01,62,62,0,0.0,0,False,False,2026-05-01
RWD__X04,RWD,UNITED LINCOLNSHIRE HOSPITALS NHS TRUST,X04,Other - Paediatric Services,2021-04-01,2026-05-01,62,62,0,0.0,0,False,False,2026-05-01
RWD__X05,RWD,UNITED LINCOLNSHIRE HOSPITALS NHS TRUST,X05,Other - Surgical Services,2021-04-01,2026-05-01,62,62,0,0.0,0,False,False,2026-05-01
RWD__X06,RWD,UNITED LINCOLNSHIRE HOSPITALS NHS TRUST,X06,Other - Other Services,2021-04-01,2026-05-01,62,62,0,0.0,0,False,False,2026-05-01
RWE__X02,RWE,UNIVERSITY HOSPITALS OF LEICESTER NHS TRUST,X02,Other - Medical Services,2021-04-01,2026-05-01,62,62,0,0.0,0,False,False,2026-05-01
RWE__X04,RWE,UNIVERSITY HOSPITALS OF LEICESTER NHS TRUST,X04,Other - Paediatric Services,2021-04-01,2026-05-01,62,62,0,0.0,0,False,False,2026-05-01
RWE__X05,RWE,UNIVERSITY HOSPITALS OF LEICESTER NHS TRUST,X05,Other - Surgical Services,2021-04-01,2026-05-01,62,62,0,0.0,0,False,False,2026-05-01
RWE__X06,RWE,UNIVERSITY HOSPITALS OF LEICESTER NHS TRUST,X06,Other - Other Services,2021-04-01,2026-05-01,62,62,0,0.0,0,False,False,2026-05-01
RWF__X02,RWF,MAIDSTONE AND TUNBRIDGE WELLS NHS TRUST,X02,Other - Medical Services,2021-04-01,2026-05-01,62,62,0,0.0,0,False,False,2026-05-01
RWF__X04,RWF,MAIDSTONE AND TUNBRIDGE WELLS NHS TRUST,X04,Other - Paediatric Services,2021-04-01,2026-05-01,62,62,0,0.0,0,False,False,2026-05-01
RWF__X05,RWF,MAIDSTONE AND TUNBRIDGE WELLS NHS TRUST,X05,Other - Surgical Services,2021-04-01,2026-05-01,62,62,0,0.0,0,False,False,2026-05-01
RWF__X06,RWF,MAIDSTONE AND TUNBRIDGE WELLS NHS TRUST,X06,Other - Other Services,2021-04-01,2025-12-01,57,25,32,56.14035087719298,12,False,True,2025-12-01
RWG__X02,RWG,WEST HERTFORDSHIRE HOSPITALS NHS TRUST,X02,Other - Medical Services,2021-04-01,2026-05-01,62,62,0,0.0,0,False,False,2026-05-01
RWG__X04,RWG,WEST HERTFORDSHIRE HOSPITALS NHS TRUST,X04,Other - Paediatric Services,2021-04-01,2026-05-01,62,62,0,0.0,0,False,False,2026-05-01
RWG__X05,RWG,WEST HERTFORDSHIRE HOSPITALS NHS TRUST,X05,Other - Surgical Services,2021-04-01,2026-05-01,62,62,0,0.0,0,False,False,2026-05-01
RWG__X06,RWG,WEST HERTFORDSHIRE HOSPITALS NHS TRUST,X06,Other - Other Services,2021-04-01,2026-05-01,62,62,0,0.0,0,False,False,2026-05-01
RWH__X06,RWH,EAST AND NORTH HERTFORDSHIRE NHS TRUST,X06,Other - Other Services,2021-04-01,2026-05-01,62,62,0,0.0,0,False,False,2026-05-01
RWJ__301,RWJ,STOCKPORT NHS FOUNDATION TRUST,301,Gastroenterology Service,2021-04-01,2026-05-01,62,62,0,0.0,0,False,False,2026-05-01
RWJ__320,RWJ,STOCKPORT NHS FOUNDATION TRUST,320,Cardiology Service,2021-04-01,2026-05-01,62,62,0,0.0,0,False,False,2026-05-01
RWJ__340,RWJ,STOCKPORT NHS FOUNDATION TRUST,340,Respiratory Medicine Service,2021-04-01,2026-05-01,62,62,0,0.0,0,False,False,2026-05-01
RWJ__X02,RWJ,STOCKPORT NHS FOUNDATION TRUST,X02,Other - Medical Services,2021-04-01,2026-05-01,62,62,0,0.0,0,False,False,2026-05-01
RWJ__X04,RWJ,STOCKPORT NHS FOUNDATION TRUST,X04,Other - Paediatric Services,2021-04-01,2026-05-01,62,62,0,0.0,0,False,False,2026-05-01
RWJ__X05,RWJ,STOCKPORT NHS FOUNDATION TRUST,X05,Other - Surgical Services,2021-04-01,2026-05-01,62,56,6,9.67741935483871,3,False,False,2026-05-01
RWJ__X06,RWJ,STOCKPORT NHS FOUNDATION TRUST,X06,Other - Other Services,2021-04-01,2026-05-01,62,62,0,0.0,0,False,False,2026-05-01
RWP__X02,RWP,WORCESTERSHIRE ACUTE HOSPITALS NHS TRUST,X02,Other - Medical Services,2021-04-01,2026-05-01,62,62,0,0.0,0,False,False,2026-05-01
RWP__X04,RWP,WORCESTERSHIRE ACUTE HOSPITALS NHS TRUST,X04,Other - Paediatric Services,2021-04-01,2026-05-01,62,62,0,0.0,0,False,False,2026-05-01
RWP__X05,RWP,WORCESTERSHIRE ACUTE HOSPITALS NHS TRUST,X05,Other - Surgical Services,2021-04-01,2026-05-01,62,62,0,0.0,0,False,False,2026-05-01
RWP__X06,RWP,WORCESTERSHIRE ACUTE HOSPITALS NHS TRUST,X06,Other - Other Services,2021-04-01,2026-05-01,62,62,0,0.0,0,False,False,2026-05-01
RWW__X02,RWW,WARRINGTON AND HALTON TEACHING HOSPITALS NHS FOUNDATION TRUST,X02,Other - Medical Services,2021-04-01,2026-05-01,62,62,0,0.0,0,False,False,2026-05-01
RWW__X04,RWW,WARRINGTON AND HALTON TEACHING HOSPITALS NHS FOUNDATION TRUST,X04,Other - Paediatric Services,2021-04-01,2026-05-01,62,62,0,0.0,0,False,False,2026-05-01
RWW__X05,RWW,WARRINGTON AND HALTON TEACHING HOSPITALS NHS FOUNDATION TRUST,X05,Other - Surgical Services,2021-04-01,2026-05-01,62,62,0,0.0,0,False,False,2026-05-01
RWW__X06,RWW,WARRINGTON AND HALTON TEACHING HOSPITALS NHS FOUNDATION TRUST,X06,Other - Other Services,2021-04-01,2026-05-01,62,62,0,0.0,0,False,False,2026-05-01
RWX__X02,RWX,BERKSHIRE HEALTHCARE NHS FOUNDATION TRUST,X02,Other - Medical Services,2021-04-01,2026-05-01,62,62,0,0.0,0,False,False,2026-05-01
RWX__X04,RWX,BERKSHIRE HEALTHCARE NHS FOUNDATION TRUST,X04,Other - Paediatric Services,2021-04-01,2026-05-01,62,62,0,0.0,0,False,False,2026-05-01
RWY__X02,RWY,CALDERDALE AND HUDDERSFIELD NHS FOUNDATION TRUST,X02,Other - Medical Services,2021-04-01,2026-05-01,62,62,0,0.0,0,False,False,2026-05-01
RWY__X04,RWY,CALDERDALE AND HUDDERSFIELD NHS FOUNDATION TRUST,X04,Other - Paediatric Services,2021-04-01,2026-05-01,62,62,0,0.0,0,False,False,2026-05-01
RWY__X05,RWY,CALDERDALE AND HUDDERSFIELD NHS FOUNDATION TRUST,X05,Other - Surgical Services,2021-04-01,2026-05-01,62,62,0,0.0,0,False,False,2026-05-01
RWY__X06,RWY,CALDERDALE AND HUDDERSFIELD NHS FOUNDATION TRUST,X06,Other - Other Services,2021-04-01,2026-05-01,62,62,0,0.0,0,False,False,2026-05-01
RX1__X02,RX1,NOTTINGHAM UNIVERSITY HOSPITALS NHS TRUST,X02,Other - Medical Services,2021-04-01,2026-05-01,62,62,0,0.0,0,False,False,2026-05-01
RX1__X04,RX1,NOTTINGHAM UNIVERSITY HOSPITALS NHS TRUST,X04,Other - Paediatric Services,2021-04-01,2026-05-01,62,62,0,0.0,0,False,False,2026-05-01
RX1__X05,RX1,NOTTINGHAM UNIVERSITY HOSPITALS NHS TRUST,X05,Other - Surgical Services,2021-04-01,2026-05-01,62,62,0,0.0,0,False,False,2026-05-01
RX1__X06,RX1,NOTTINGHAM UNIVERSITY HOSPITALS NHS TRUST,X06,Other - Other Services,2021-04-01,2026-05-01,62,62,0,0.0,0,False,False,2026-05-01
RX4__X06,RX4,"CUMBRIA, NORTHUMBERLAND, TYNE AND WEAR NHS FOUNDATION TRUST",X06,Other - Other Services,2021-04-01,2026-05-01,62,62,0,0.0,0,False,False,2026-05-01
RXC__X02,RXC,EAST SUSSEX HEALTHCARE NHS TRUST,X02,Other - Medical Services,2021-04-01,2026-05-01,62,62,0,0.0,0,False,False,2026-05-01
RXC__X04,RXC,EAST SUSSEX HEALTHCARE NHS TRUST,X04,Other - Paediatric Services,2021-04-01,2026-05-01,62,62,0,0.0,0,False,False,2026-05-01
RXC__X05,RXC,EAST SUSSEX HEALTHCARE NHS TRUST,X05,Other - Surgical Services,2021-04-01,2026-05-01,62,62,0,0.0,0,False,False,2026-05-01
RXC__X06,RXC,EAST SUSSEX HEALTHCARE NHS TRUST,X06,Other - Other Services,2021-04-01,2026-05-01,62,62,0,0.0,0,False,False,2026-05-01
RXF__X02,RXF,MID YORKSHIRE HOSPITALS NHS TRUST,X02,Other - Medical Services,2021-04-01,2026-05-01,62,62,0,0.0,0,False,False,2026-05-01
RXF__X04,RXF,MID YORKSHIRE HOSPITALS NHS TRUST,X04,Other - Paediatric Services,2021-04-01,2026-05-01,62,62,0,0.0,0,False,False,2026-05-01
RXF__X05,RXF,MID YORKSHIRE HOSPITALS NHS TRUST,X05,Other - Surgical Services,2021-04-01,2026-05-01,62,62,0,0.0,0,False,False,2026-05-01
RXF__X06,RXF,MID YORKSHIRE HOSPITALS NHS TRUST,X06,Other - Other Services,2021-04-01,2026-05-01,62,62,0,0.0,0,False,False,2026-05-01
RXG__X06,RXG,SOUTH WEST YORKSHIRE PARTNERSHIP NHS FOUNDATION TRUST,X06,Other - Other Services,2021-04-01,2026-05-01,62,62,0,0.0,0,False,False,2026-05-01
RXK__X02,RXK,SANDWELL AND WEST BIRMINGHAM HOSPITALS NHS TRUST,X02,Other - Medical Services,2021-04-01,2026-05-01,62,62,0,0.0,0,False,False,2026-05-01
RXK__X04,RXK,SANDWELL AND WEST BIRMINGHAM HOSPITALS NHS TRUST,X04,Other - Paediatric Services,2021-04-01,2026-05-01,62,62,0,0.0,0,False,False,2026-05-01
RXK__X05,RXK,SANDWELL AND WEST BIRMINGHAM HOSPITALS NHS TRUST,X05,Other - Surgical Services,2021-04-01,2026-05-01,62,62,0,0.0,0,False,False,2026-05-01
RXK__X06,RXK,SANDWELL AND WEST BIRMINGHAM HOSPITALS NHS TRUST,X06,Other - Other Services,2021-04-01,2026-05-01,62,62,0,0.0,0,False,False,2026-05-01
RXL__X02,RXL,BLACKPOOL TEACHING HOSPITALS NHS FOUNDATION TRUST,X02,Other - Medical Services,2021-04-01,2026-05-01,62,62,0,0.0,0,False,False,2026-05-01
RXL__X03,RXL,BLACKPOOL TEACHING HOSPITALS NHS FOUNDATION TRUST,X03,Other - Mental Health Services,2021-04-01,2024-01-01,34,34,0,0.0,0,True,True,2024-01-01
RXL__X04,RXL,BLACKPOOL TEACHING HOSPITALS NHS FOUNDATION TRUST,X04,Other - Paediatric Services,2021-04-01,2026-05-01,62,62,0,0.0,0,False,False,2026-05-01
RXL__X05,RXL,BLACKPOOL TEACHING HOSPITALS NHS FOUNDATION TRUST,X05,Other - Surgical Services,2021-04-01,2026-05-01,62,62,0,0.0,0,False,False,2026-05-01
RXL__X06,RXL,BLACKPOOL TEACHING HOSPITALS NHS FOUNDATION TRUST,X06,Other - Other Services,2021-04-01,2022-03-01,12,12,0,0.0,0,True,True,2022-03-01
RXM__X03,RXM,DERBYSHIRE HEALTHCARE NHS FOUNDATION TRUST,X03,Other - Mental Health Services,2021-04-01,2024-03-01,36,36,0,0.0,0,False,True,2024-03-01
RXM__X04,RXM,DERBYSHIRE HEALTHCARE NHS FOUNDATION TRUST,X04,Other - Paediatric Services,2021-04-01,2024-01-01,34,34,0,0.0,0,True,True,2024-01-01
RXN__X02,RXN,LANCASHIRE TEACHING HOSPITALS NHS FOUNDATION TRUST,X02,Other - Medical Services,2021-04-01,2026-05-01,62,62,0,0.0,0,False,False,2026-05-01
RXN__X04,RXN,LANCASHIRE TEACHING HOSPITALS NHS FOUNDATION TRUST,X04,Other - Paediatric Services,2021-04-01,2026-05-01,62,62,0,0.0,0,False,False,2026-05-01
RXN__X06,RXN,LANCASHIRE TEACHING HOSPITALS NHS FOUNDATION TRUST,X06,Other - Other Services,2021-04-01,2026-05-01,62,62,0,0.0,0,False,False,2026-05-01
RXP__X02,RXP,COUNTY DURHAM AND DARLINGTON NHS FOUNDATION TRUST,X02,Other - Medical Services,2021-04-01,2026-05-01,62,62,0,0.0,0,False,False,2026-05-01
RXP__X03,RXP,COUNTY DURHAM AND DARLINGTON NHS FOUNDATION TRUST,X03,Other - Mental Health Services,2021-04-01,2026-05-01,62,61,1,1.6129032258064515,1,False,False,2026-05-01
RXP__X04,RXP,COUNTY DURHAM AND DARLINGTON NHS FOUNDATION TRUST,X04,Other - Paediatric Services,2021-04-01,2026-05-01,62,62,0,0.0,0,False,False,2026-05-01
RXP__X05,RXP,COUNTY DURHAM AND DARLINGTON NHS FOUNDATION TRUST,X05,Other - Surgical Services,2021-04-01,2022-09-01,18,18,0,0.0,0,True,True,2022-09-01
RXQ__X02,RXQ,BUCKINGHAMSHIRE HEALTHCARE NHS TRUST,X02,Other - Medical Services,2021-04-01,2026-05-01,62,62,0,0.0,0,False,False,2026-05-01
RXQ__X03,RXQ,BUCKINGHAMSHIRE HEALTHCARE NHS TRUST,X03,Other - Mental Health Services,2021-04-01,2024-11-01,44,14,30,68.18181818181819,8,False,True,2024-11-01
RXQ__X04,RXQ,BUCKINGHAMSHIRE HEALTHCARE NHS TRUST,X04,Other - Paediatric Services,2021-04-01,2026-05-01,62,62,0,0.0,0,False,False,2026-05-01
RXQ__X05,RXQ,BUCKINGHAMSHIRE HEALTHCARE NHS TRUST,X05,Other - Surgical Services,2021-04-01,2026-05-01,62,62,0,0.0,0,False,False,2026-05-01
RXQ__X06,RXQ,BUCKINGHAMSHIRE HEALTHCARE NHS TRUST,X06,Other - Other Services,2021-04-01,2026-05-01,62,62,0,0.0,0,False,False,2026-05-01
RXR__X02,RXR,EAST LANCASHIRE HOSPITALS NHS TRUST,X02,Other - Medical Services,2021-04-01,2026-05-01,62,62,0,0.0,0,False,False,2026-05-01
RXR__X04,RXR,EAST LANCASHIRE HOSPITALS NHS TRUST,X04,Other - Paediatric Services,2021-04-01,2026-05-01,62,62,0,0.0,0,False,False,2026-05-01
RXR__X05,RXR,EAST LANCASHIRE HOSPITALS NHS TRUST,X05,Other - Surgical Services,2021-04-01,2026-05-01,62,57,5,8.064516129032258,5,False,False,2026-05-01
RXR__X06,RXR,EAST LANCASHIRE HOSPITALS NHS TRUST,X06,Other - Other Services,2021-04-01,2026-05-01,62,62,0,0.0,0,False,False,2026-05-01
RXW__X02,RXW,THE SHREWSBURY AND TELFORD HOSPITAL NHS TRUST,X02,Other - Medical Services,2021-04-01,2026-05-01,62,62,0,0.0,0,False,False,2026-05-01
RXW__X04,RXW,THE SHREWSBURY AND TELFORD HOSPITAL NHS TRUST,X04,Other - Paediatric Services,2021-04-01,2026-05-01,62,62,0,0.0,0,False,False,2026-05-01
RXW__X05,RXW,THE SHREWSBURY AND TELFORD HOSPITAL NHS TRUST,X05,Other - Surgical Services,2021-04-01,2026-05-01,62,62,0,0.0,0,False,False,2026-05-01
RXW__X06,RXW,THE SHREWSBURY AND TELFORD HOSPITAL NHS TRUST,X06,Other - Other Services,2021-04-01,2026-05-01,62,62,0,0.0,0,False,False,2026-05-01
RY2__X04,RY2,BRIDGEWATER COMMUNITY HEALTHCARE NHS FOUNDATION TRUST,X04,Other - Paediatric Services,2021-04-01,2024-02-01,35,35,0,0.0,0,True,True,2024-02-01
RY2__X06,RY2,BRIDGEWATER COMMUNITY HEALTHCARE NHS FOUNDATION TRUST,X06,Other - Other Services,2021-04-01,2024-02-01,35,35,0,0.0,0,True,True,2024-02-01
RY3__X04,RY3,NORFOLK COMMUNITY HEALTH AND CARE NHS TRUST,X04,Other - Paediatric Services,2021-04-01,2024-02-01,35,35,0,0.0,0,True,True,2024-02-01
RY3__X06,RY3,NORFOLK COMMUNITY HEALTH AND CARE NHS TRUST,X06,Other - Other Services,2021-04-01,2024-02-01,35,35,0,0.0,0,True,True,2024-02-01
RY4__X02,RY4,HERTFORDSHIRE COMMUNITY NHS TRUST,X02,Other - Medical Services,2021-04-01,2024-01-01,34,34,0,0.0,0,True,True,2024-01-01
RY4__X04,RY4,HERTFORDSHIRE COMMUNITY NHS TRUST,X04,Other - Paediatric Services,2021-04-01,2024-01-01,34,34,0,0.0,0,True,True,2024-01-01
RY6__X04,RY6,LEEDS COMMUNITY HEALTHCARE NHS TRUST,X04,Other - Paediatric Services,2021-04-01,2024-01-01,34,34,0,0.0,0,True,True,2024-01-01
RY9__X04,RY9,HOUNSLOW AND RICHMOND COMMUNITY HEALTHCARE NHS TRUST,X04,Other - Paediatric Services,2021-04-01,2024-01-01,34,34,0,0.0,0,True,True,2024-01-01
RYG__X04,RYG,COVENTRY AND WARWICKSHIRE PARTNERSHIP NHS TRUST,X04,Other - Paediatric Services,2021-04-01,2024-01-01,34,24,10,29.41176470588235,8,True,True,2024-01-01
RYJ__X02,RYJ,IMPERIAL COLLEGE HEALTHCARE NHS TRUST,X02,Other - Medical Services,2021-04-01,2026-05-01,62,62,0,0.0,0,False,False,2026-05-01
RYJ__X04,RYJ,IMPERIAL COLLEGE HEALTHCARE NHS TRUST,X04,Other - Paediatric Services,2021-04-01,2026-05-01,62,62,0,0.0,0,False,False,2026-05-01
RYJ__X05,RYJ,IMPERIAL COLLEGE HEALTHCARE NHS TRUST,X05,Other - Surgical Services,2021-04-01,2026-05-01,62,62,0,0.0,0,False,False,2026-05-01
RYJ__X06,RYJ,IMPERIAL COLLEGE HEALTHCARE NHS TRUST,X06,Other - Other Services,2021-04-01,2026-05-01,62,62,0,0.0,0,False,False,2026-05-01
RYR__150,RYR,UNIVERSITY HOSPITALS SUSSEX NHS FOUNDATION TRUST,150,Neurosurgical Service,2021-04-01,2026-05-01,62,62,0,0.0,0,False,False,2026-05-01
RYR__X02,RYR,UNIVERSITY HOSPITALS SUSSEX NHS FOUNDATION TRUST,X02,Other - Medical Services,2021-04-01,2026-05-01,62,62,0,0.0,0,False,False,2026-05-01
RYR__X04,RYR,UNIVERSITY HOSPITALS SUSSEX NHS FOUNDATION TRUST,X04,Other - Paediatric Services,2021-04-01,2026-05-01,62,62,0,0.0,0,False,False,2026-05-01
RYR__X05,RYR,UNIVERSITY HOSPITALS SUSSEX NHS FOUNDATION TRUST,X05,Other - Surgical Services,2021-04-01,2026-05-01,62,62,0,0.0,0,False,False,2026-05-01
RYR__X06,RYR,UNIVERSITY HOSPITALS SUSSEX NHS FOUNDATION TRUST,X06,Other - Other Services,2021-04-01,2026-05-01,62,62,0,0.0,0,False,False,2026-05-01
RYV__X02,RYV,CAMBRIDGESHIRE COMMUNITY SERVICES NHS TRUST,X02,Other - Medical Services,2021-04-01,2024-01-01,34,34,0,0.0,0,True,True,2024-01-01
RYW__X02,RYW,BIRMINGHAM COMMUNITY HEALTHCARE NHS FOUNDATION TRUST,X02,Other - Medical Services,2021-04-01,2026-05-01,62,62,0,0.0,0,False,False,2026-05-01
RYW__X03,RYW,BIRMINGHAM COMMUNITY HEALTHCARE NHS FOUNDATION TRUST,X03,Other - Mental Health Services,2021-04-01,2026-05-01,62,62,0,0.0,0,False,False,2026-05-01
RYW__X04,RYW,BIRMINGHAM COMMUNITY HEALTHCARE NHS FOUNDATION TRUST,X04,Other - Paediatric Services,2021-04-01,2026-05-01,62,62,0,0.0,0,False,False,2026-05-01
RYW__X05,RYW,BIRMINGHAM COMMUNITY HEALTHCARE NHS FOUNDATION TRUST,X05,Other - Surgical Services,2021-04-01,2026-05-01,62,62,0,0.0,0,False,False,2026-05-01
RYX__X02,RYX,CENTRAL LONDON COMMUNITY HEALTHCARE NHS TRUST,X02,Other - Medical Services,2021-04-01,2024-03-01,36,33,3,8.333333333333334,2,False,True,2024-03-01
RYX__X05,RYX,CENTRAL LONDON COMMUNITY HEALTHCARE NHS TRUST,X05,Other - Surgical Services,2021-04-01,2022-10-01,19,13,6,31.57894736842105,6,True,True,2022-10-01
RYX__X06,RYX,CENTRAL LONDON COMMUNITY HEALTHCARE NHS TRUST,X06,Other - Other Services,2021-04-01,2024-03-01,36,36,0,0.0,0,False,True,2024-03-01
RYY__X02,RYY,KENT COMMUNITY HEALTH NHS FOUNDATION TRUST,X02,Other - Medical Services,2021-04-01,2026-05-01,62,62,0,0.0,0,False,False,2026-05-01
RYY__X04,RYY,KENT COMMUNITY HEALTH NHS FOUNDATION TRUST,X04,Other - Paediatric Services,2021-04-01,2021-09-01,6,6,0,0.0,0,True,True,2021-09-01
RYY__X06,RYY,KENT COMMUNITY HEALTH NHS FOUNDATION TRUST,X06,Other - Other Services,2021-04-01,2021-09-01,6,6,0,0.0,0,True,True,2021-09-01
TAD__X02,TAD,BRADFORD DISTRICT CARE NHS FOUNDATION TRUST,X02,Other - Medical Services,2021-04-01,2026-05-01,62,62,0,0.0,0,False,False,2026-05-01
NT209__301,NT209,"NUFFIELD HEALTH, CAMBRIDGE HOSPITAL",301,Gastroenterology Service,2021-05-01,2026-05-01,61,46,15,24.59016393442623,11,False,False,2026-05-01
NT209__320,NT209,"NUFFIELD HEALTH, CAMBRIDGE HOSPITAL",320,Cardiology Service,2021-05-01,2022-09-01,17,15,2,11.764705882352942,2,True,True,2022-09-01
NT209__502,NT209,"NUFFIELD HEALTH, CAMBRIDGE HOSPITAL",502,Gynaecology Service,2021-05-01,2022-01-01,9,9,0,0.0,0,True,True,2022-01-01
NT209__X06,NT209,"NUFFIELD HEALTH, CAMBRIDGE HOSPITAL",X06,Other - Other Services,2021-05-01,2025-05-01,49,25,24,48.97959183673469,20,False,True,2025-05-01
NT212__X02,NT212,"NUFFIELD HEALTH, CHICHESTER HOSPITAL",X02,Other - Medical Services,2021-05-01,2026-05-01,61,60,1,1.639344262295082,1,False,False,2026-05-01
NT215__140,NT215,"NUFFIELD HEALTH, EXETER HOSPITAL",140,Oral Surgery Service,2021-05-01,2022-04-01,12,12,0,0.0,0,True,True,2022-04-01
NT224__502,NT224,"NUFFIELD HEALTH, WARWICKSHIRE HOSPITAL",502,Gynaecology Service,2021-05-01,2021-11-01,7,7,0,0.0,0,True,True,2021-11-01
NT224__X06,NT224,"NUFFIELD HEALTH, WARWICKSHIRE HOSPITAL",X06,Other - Other Services,2021-05-01,2026-05-01,61,48,13,21.311475409836067,8,False,False,2026-05-01
NT225__400,NT225,"NUFFIELD HEALTH, LEEDS HOSPITAL",400,Neurology Service,2021-05-01,2025-11-01,55,6,49,89.0909090909091,37,False,True,2025-11-01
NT225__X02,NT225,"NUFFIELD HEALTH, LEEDS HOSPITAL",X02,Other - Medical Services,2021-05-01,2025-11-01,55,27,28,50.90909090909091,17,False,True,2025-11-01
NT327__300,NT327,SPIRE MANCHESTER HOSPITAL,300,General Internal Medicine Service,2021-05-01,2022-11-01,19,10,9,47.36842105263158,8,True,True,2022-11-01
NT343__170,NT343,SPIRE THAMES VALLEY HOSPITAL,170,Cardiothoracic Surgery Service,2021-05-01,2021-05-01,1,1,0,0.0,0,True,True,2021-05-01
NT450__X06,NT450,BMI THE LINCOLN HOSPITAL,X06,Other - Other Services,2021-05-01,2026-04-01,60,60,0,0.0,0,False,True,2026-04-01
NV302__X02,NV302,CIRCLE BATH HOSPITAL,X02,Other - Medical Services,2021-05-01,2021-05-01,1,1,0,0.0,0,True,True,2021-05-01
NVC01__X02,NVC01,ASHTEAD HOSPITAL,X02,Other - Medical Services,2021-05-01,2026-05-01,61,50,11,18.0327868852459,11,False,False,2026-05-01
NVC01__X06,NVC01,ASHTEAD HOSPITAL,X06,Other - Other Services,2021-05-01,2024-05-01,37,27,10,27.027027027027028,10,False,True,2024-05-01
NVC02__X02,NVC02,THE BERKSHIRE INDEPENDENT HOSPITAL,X02,Other - Medical Services,2021-05-01,2022-12-01,20,9,11,55.0,11,True,True,2022-12-01
NVC02__X06,NVC02,THE BERKSHIRE INDEPENDENT HOSPITAL,X06,Other - Other Services,2021-05-01,2025-12-01,56,30,26,46.42857142857143,22,False,True,2025-12-01
NVC04__140,NVC04,DUCHY HOSPITAL,140,Oral Surgery Service,2021-05-01,2021-12-01,8,8,0,0.0,0,True,True,2021-12-01
NVC04__X06,NVC04,DUCHY HOSPITAL,X06,Other - Other Services,2021-05-01,2025-11-01,55,50,5,9.090909090909092,3,False,True,2025-11-01
NVC05__X02,NVC05,EUXTON HALL HOSPITAL,X02,Other - Medical Services,2021-05-01,2026-05-01,61,61,0,0.0,0,False,False,2026-05-01
NVC05__X05,NVC05,EUXTON HALL HOSPITAL,X05,Other - Surgical Services,2021-05-01,2026-05-01,61,37,24,39.34426229508197,22,False,False,2026-05-01
NVC05__X06,NVC05,EUXTON HALL HOSPITAL,X06,Other - Other Services,2021-05-01,2026-05-01,61,37,24,39.34426229508197,16,False,False,2026-05-01
NVC06__140,NVC06,FITZWILLIAM HOSPITAL,140,Oral Surgery Service,2021-05-01,2023-12-01,32,32,0,0.0,0,True,True,2023-12-01
NVC06__X02,NVC06,FITZWILLIAM HOSPITAL,X02,Other - Medical Services,2021-05-01,2026-05-01,61,61,0,0.0,0,False,False,2026-05-01
NVC06__X06,NVC06,FITZWILLIAM HOSPITAL,X06,Other - Other Services,2021-05-01,2026-05-01,61,61,0,0.0,0,False,False,2026-05-01
NVC07__X02,NVC07,FULWOOD HALL HOSPITAL,X02,Other - Medical Services,2021-05-01,2026-05-01,61,61,0,0.0,0,False,False,2026-05-01
NVC07__X05,NVC07,FULWOOD HALL HOSPITAL,X05,Other - Surgical Services,2021-05-01,2026-05-01,61,53,8,13.114754098360656,3,False,False,2026-05-01
NVC07__X06,NVC07,FULWOOD HALL HOSPITAL,X06,Other - Other Services,2021-05-01,2026-03-01,59,19,40,67.79661016949153,27,False,True,2026-03-01
NVC08__140,NVC08,MOUNT STUART HOSPITAL,140,Oral Surgery Service,2021-05-01,2022-03-01,11,11,0,0.0,0,True,True,2022-03-01
NVC08__X06,NVC08,MOUNT STUART HOSPITAL,X06,Other - Other Services,2021-05-01,2021-12-01,8,8,0,0.0,0,True,True,2021-12-01
NVC09__X06,NVC09,NEW HALL HOSPITAL,X06,Other - Other Services,2021-05-01,2026-05-01,61,36,25,40.98360655737705,12,False,False,2026-05-01
NVC0I__X02,NVC0I,BEACON PARK HOSPITAL,X02,Other - Medical Services,2021-05-01,2026-05-01,61,61,0,0.0,0,False,False,2026-05-01
NVC0I__X06,NVC0I,BEACON PARK HOSPITAL,X06,Other - Other Services,2021-05-01,2024-02-01,34,11,23,67.6470588235294,15,True,True,2024-02-01
NVC0M__X02,NVC0M,WEST VALLEY HOSPITAL,X02,Other - Medical Services,2021-05-01,2022-09-01,17,17,0,0.0,0,True,True,2022-09-01
NVC0M__X06,NVC0M,WEST VALLEY HOSPITAL,X06,Other - Other Services,2021-05-01,2024-01-01,33,9,24,72.72727272727273,24,True,True,2024-01-01
NVC0R__130,NVC0R,TEES VALLEY HOSPITAL,130,Ophthalmology Service,2021-05-01,2021-05-01,1,1,0,0.0,0,True,True,2021-05-01
NVC0R__430,NVC0R,TEES VALLEY HOSPITAL,430,Elderly Medicine Service,2021-05-01,2021-05-01,1,1,0,0.0,0,True,True,2021-05-01
NVC0R__X02,NVC0R,TEES VALLEY HOSPITAL,X02,Other - Medical Services,2021-05-01,2021-05-01,1,1,0,0.0,0,True,True,2021-05-01
NVC0R__X06,NVC0R,TEES VALLEY HOSPITAL,X06,Other - Other Services,2021-05-01,2025-07-01,51,31,20,39.21568627450981,12,False,True,2025-07-01
NVC0Y__130,NVC0Y,EXETER MEDICAL,130,Ophthalmology Service,2021-05-01,2021-05-01,1,1,0,0.0,0,True,True,2021-05-01
NVC0Y__301,NVC0Y,EXETER MEDICAL,301,Gastroenterology Service,2021-05-01,2021-05-01,1,1,0,0.0,0,True,True,2021-05-01
NVC0Y__430,NVC0Y,EXETER MEDICAL,430,Elderly Medicine Service,2021-05-01,2021-05-01,1,1,0,0.0,0,True,True,2021-05-01
NVC0Y__502,NVC0Y,EXETER MEDICAL,502,Gynaecology Service,2021-05-01,2022-02-01,10,6,4,40.0,4,True,True,2022-02-01
NVC0Y__X02,NVC0Y,EXETER MEDICAL,X02,Other - Medical Services,2021-05-01,2021-05-01,1,1,0,0.0,0,True,True,2021-05-01
NVC0Y__X06,NVC0Y,EXETER MEDICAL,X06,Other - Other Services,2021-05-01,2023-07-01,27,20,7,25.925925925925927,7,True,True,2023-07-01
NVC11__X02,NVC11,NORTH DOWNS HOSPITAL,X02,Other - Medical Services,2021-05-01,2026-05-01,61,61,0,0.0,0,False,False,2026-05-01
NVC11__X06,NVC11,NORTH DOWNS HOSPITAL,X06,Other - Other Services,2021-05-01,2026-05-01,61,37,24,39.34426229508197,10,False,False,2026-05-01
NVC12__X05,NVC12,OAKLANDS HOSPITAL,X05,Other - Surgical Services,2021-05-01,2024-10-01,42,19,23,54.76190476190476,15,False,True,2024-10-01
NVC12__X06,NVC12,OAKLANDS HOSPITAL,X06,Other - Other Services,2021-05-01,2025-09-01,53,40,13,24.528301886792452,10,False,True,2025-09-01
NVC13__X06,NVC13,OAKS HOSPITAL,X06,Other - Other Services,2021-05-01,2026-05-01,61,37,24,39.34426229508197,19,False,False,2026-05-01
NVC14__140,NVC14,PARK HILL HOSPITAL,140,Oral Surgery Service,2021-05-01,2021-05-01,1,1,0,0.0,0,True,True,2021-05-01
NVC14__X02,NVC14,PARK HILL HOSPITAL,X02,Other - Medical Services,2021-05-01,2023-07-01,27,21,6,22.22222222222222,3,True,True,2023-07-01
NVC14__X06,NVC14,PARK HILL HOSPITAL,X06,Other - Other Services,2021-05-01,2026-01-01,57,24,33,57.89473684210526,30,False,True,2026-01-01
NVC15__140,NVC15,PINEHILL HOSPITAL,140,Oral Surgery Service,2021-05-01,2022-09-01,17,12,5,29.41176470588235,5,True,True,2022-09-01
NVC15__X02,NVC15,PINEHILL HOSPITAL,X02,Other - Medical Services,2021-05-01,2026-05-01,61,61,0,0.0,0,False,False,2026-05-01
NVC15__X06,NVC15,PINEHILL HOSPITAL,X06,Other - Other Services,2021-05-01,2026-05-01,61,60,1,1.639344262295082,1,False,False,2026-05-01
NVC16__140,NVC16,RENACRES HOSPITAL,140,Oral Surgery Service,2021-05-01,2023-02-01,22,22,0,0.0,0,True,True,2023-02-01
NVC16__X02,NVC16,RENACRES HOSPITAL,X02,Other - Medical Services,2021-05-01,2026-05-01,61,61,0,0.0,0,False,False,2026-05-01
NVC16__X05,NVC16,RENACRES HOSPITAL,X05,Other - Surgical Services,2021-05-01,2026-05-01,61,20,41,67.21311475409836,38,False,False,2026-05-01
NVC16__X06,NVC16,RENACRES HOSPITAL,X06,Other - Other Services,2021-05-01,2026-05-01,61,59,2,3.278688524590164,1,False,False,2026-05-01
NVC17__X02,NVC17,ROWLEY HALL HOSPITAL,X02,Other - Medical Services,2021-05-01,2026-05-01,61,61,0,0.0,0,False,False,2026-05-01
NVC17__X05,NVC17,ROWLEY HALL HOSPITAL,X05,Other - Surgical Services,2021-05-01,2025-12-01,56,27,29,51.785714285714285,26,False,True,2025-12-01
NVC17__X06,NVC17,ROWLEY HALL HOSPITAL,X06,Other - Other Services,2021-05-01,2026-05-01,61,61,0,0.0,0,False,False,2026-05-01
NVC18__X02,NVC18,SPRINGFIELD HOSPITAL,X02,Other - Medical Services,2021-05-01,2026-01-01,57,10,47,82.45614035087719,23,False,True,2026-01-01
NVC18__X06,NVC18,SPRINGFIELD HOSPITAL,X06,Other - Other Services,2021-05-01,2026-02-01,58,50,8,13.793103448275861,6,False,True,2026-02-01
NVC19__X02,NVC19,RIVERS HOSPITAL,X02,Other - Medical Services,2021-05-01,2026-05-01,61,60,1,1.639344262295082,1,False,False,2026-05-01
NVC19__X06,NVC19,RIVERS HOSPITAL,X06,Other - Other Services,2021-05-01,2026-05-01,61,61,0,0.0,0,False,False,2026-05-01
NVC1H__X02,NVC1H,STOURSIDE HOSPITAL,X02,Other - Medical Services,2021-05-01,2026-05-01,61,61,0,0.0,0,False,False,2026-05-01
NVC20__X02,NVC20,THE YORKSHIRE CLINIC,X02,Other - Medical Services,2021-05-01,2026-05-01,61,61,0,0.0,0,False,False,2026-05-01
NVC20__X06,NVC20,THE YORKSHIRE CLINIC,X06,Other - Other Services,2021-05-01,2026-05-01,61,51,10,16.39344262295082,6,False,False,2026-05-01
NVC21__X02,NVC21,WEST MIDLANDS HOSPITAL,X02,Other - Medical Services,2021-05-01,2026-05-01,61,60,1,1.639344262295082,1,False,False,2026-05-01
NVC21__X06,NVC21,WEST MIDLANDS HOSPITAL,X06,Other - Other Services,2021-05-01,2026-05-01,61,55,6,9.836065573770492,3,False,False,2026-05-01
NVC23__X02,NVC23,WOODLAND HOSPITAL,X02,Other - Medical Services,2021-05-01,2026-05-01,61,60,1,1.639344262295082,1,False,False,2026-05-01
NVC23__X06,NVC23,WOODLAND HOSPITAL,X06,Other - Other Services,2021-05-01,2026-02-01,58,44,14,24.137931034482758,4,False,True,2026-02-01
NVC25__130,NVC25,HORTON NHS TREATMENT CENTRE,130,Ophthalmology Service,2021-05-01,2026-05-01,61,28,33,54.09836065573771,24,False,False,2026-05-01
NVC25__X06,NVC25,HORTON NHS TREATMENT CENTRE,X06,Other - Other Services,2021-05-01,2026-05-01,61,56,5,8.19672131147541,2,False,False,2026-05-01
NVC27__X06,NVC27,BOSTON WEST HOSPITAL,X06,Other - Other Services,2021-05-01,2026-05-01,61,46,15,24.59016393442623,12,False,False,2026-05-01
NVC28__X02,NVC28,CLIFTON PARK HOSPITAL,X02,Other - Medical Services,2021-05-01,2026-05-01,61,39,22,36.0655737704918,8,False,False,2026-05-01
NVC29__X06,NVC29,COBALT HOSPITAL,X06,Other - Other Services,2021-05-01,2025-02-01,46,21,25,54.34782608695652,25,False,True,2025-02-01
NVC31__X06,NVC31,BLAKELANDS HOSPITAL,X06,Other - Other Services,2021-05-01,2026-04-01,60,54,6,10.0,5,False,True,2026-04-01
NVC40__X02,NVC40,WOODTHORPE HOSPITAL,X02,Other - Medical Services,2021-05-01,2026-05-01,61,61,0,0.0,0,False,False,2026-05-01
NVC40__X06,NVC40,WOODTHORPE HOSPITAL,X06,Other - Other Services,2021-05-01,2026-01-01,57,41,16,28.07017543859649,6,False,True,2026-01-01
NVC44__X05,NVC44,THE WESTBOURNE CENTRE,X05,Other - Surgical Services,2021-05-01,2021-05-01,1,1,0,0.0,0,True,True,2021-05-01
NVC44__X06,NVC44,THE WESTBOURNE CENTRE,X06,Other - Other Services,2021-05-01,2024-08-01,40,35,5,12.5,4,False,True,2024-08-01
Q1S8W__130,Q1S8W,NEWMEDICA - BURY ST EDMUNDS,130,Ophthalmology Service,2021-05-01,2025-08-01,52,52,0,0.0,0,False,True,2025-08-01
R1C__X05,R1C,SOLENT NHS TRUST,X05,Other - Surgical Services,2021-05-01,2021-08-01,4,2,2,50.0,2,True,True,2021-08-01
RFF__X05,RFF,BARNSLEY HOSPITAL NHS FOUNDATION TRUST,X05,Other - Surgical Services,2021-05-01,2023-01-01,21,3,18,85.71428571428571,12,True,True,2023-01-01
RGR__X05,RGR,WEST SUFFOLK NHS FOUNDATION TRUST,X05,Other - Surgical Services,2021-05-01,2026-05-01,61,60,1,1.639344262295082,1,False,False,2026-05-01
RJE__X05,RJE,UNIVERSITY HOSPITALS OF NORTH MIDLANDS NHS TRUST,X05,Other - Surgical Services,2021-05-01,2026-05-01,61,51,10,16.39344262295082,10,False,False,2026-05-01
RM1__X03,RM1,NORFOLK AND NORWICH UNIVERSITY HOSPITALS NHS FOUNDATION TRUST,X03,Other - Mental Health Services,2021-05-01,2026-04-01,60,41,19,31.666666666666668,11,False,True,2026-04-01
RQW__160,RQW,THE PRINCESS ALEXANDRA HOSPITAL NHS TRUST,160,Plastic Surgery Service,2021-05-01,2023-05-01,25,16,9,36.0,9,True,True,2023-05-01
RTK__X04,RTK,ASHFORD AND ST PETER'S HOSPITALS NHS FOUNDATION TRUST,X04,Other - Paediatric Services,2021-05-01,2026-05-01,61,58,3,4.918032786885246,3,False,False,2026-05-01
RXG__X05,RXG,SOUTH WEST YORKSHIRE PARTNERSHIP NHS FOUNDATION TRUST,X05,Other - Surgical Services,2021-05-01,2021-05-01,1,1,0,0.0,0,True,True,2021-05-01
RXW__X03,RXW,THE SHREWSBURY AND TELFORD HOSPITAL NHS TRUST,X03,Other - Mental Health Services,2021-05-01,2026-05-01,61,51,10,16.39344262295082,5,False,False,2026-05-01
ADN__X03,ADN,PRIMARY INTEGRATED COMMUNITY SERVICES LTD,X03,Other - Mental Health Services,2021-06-01,2021-06-01,1,1,0,0.0,0,True,True,2021-06-01
B4N1U__130,B4N1U,SPAMEDICA ROMFORD,130,Ophthalmology Service,2021-06-01,2026-05-01,60,60,0,0.0,0,False,False,2026-05-01
M5E1S__130,M5E1S,SPAMEDICA EXETER,130,Ophthalmology Service,2021-06-01,2026-05-01,60,60,0,0.0,0,False,False,2026-05-01
NN8__X06,NN8,SPENCER PRIVATE HOSPITALS LTD,X06,Other - Other Services,2021-06-01,2024-02-01,33,9,24,72.72727272727273,23,True,True,2024-02-01
NRP__300,NRP,BEACON MEDICAL SERVICES GROUP LIMITED,300,General Internal Medicine Service,2021-06-01,2021-06-01,1,1,0,0.0,0,True,True,2021-06-01
NT202__160,NT202,"NUFFIELD HEALTH, BOURNEMOUTH HOSPITAL",160,Plastic Surgery Service,2021-06-01,2021-09-01,4,4,0,0.0,0,True,True,2021-09-01
NT239__430,NT239,"NUFFIELD HEALTH, TUNBRIDGE WELLS HOSPITAL",430,Elderly Medicine Service,2021-06-01,2021-06-01,1,1,0,0.0,0,True,True,2021-06-01
NT241__330,NT241,"NUFFIELD HEALTH, WOKING HOSPITAL",330,Dermatology Service,2021-06-01,2021-08-01,3,3,0,0.0,0,True,True,2021-08-01
NT404__330,NT404,BMI - THE BEAUMONT HOSPITAL,330,Dermatology Service,2021-06-01,2024-02-01,33,4,29,87.87878787878788,20,True,True,2024-02-01
NT417__140,NT417,BMI - GORING HALL HOSPITAL,140,Oral Surgery Service,2021-06-01,2021-07-01,2,2,0,0.0,0,True,True,2021-07-01
NVC0I__300,NVC0I,BEACON PARK HOSPITAL,300,General Internal Medicine Service,2021-06-01,2021-12-01,7,7,0,0.0,0,True,True,2021-12-01
NVC0I__X05,NVC0I,BEACON PARK HOSPITAL,X05,Other - Surgical Services,2021-06-01,2023-04-01,23,3,20,86.95652173913044,20,True,True,2023-04-01
NVC0M__300,NVC0M,WEST VALLEY HOSPITAL,300,General Internal Medicine Service,2021-06-01,2021-12-01,7,7,0,0.0,0,True,True,2021-12-01
NVC0M__400,NVC0M,WEST VALLEY HOSPITAL,400,Neurology Service,2021-06-01,2021-12-01,7,7,0,0.0,0,True,True,2021-12-01
NVC11__300,NVC11,NORTH DOWNS HOSPITAL,300,General Internal Medicine Service,2021-06-01,2022-09-01,16,16,0,0.0,0,True,True,2022-09-01
NVC18__340,NVC18,SPRINGFIELD HOSPITAL,340,Respiratory Medicine Service,2021-06-01,2021-10-01,5,4,1,20.0,1,True,True,2021-10-01
NVC1H__X06,NVC1H,STOURSIDE HOSPITAL,X06,Other - Other Services,2021-06-01,2026-05-01,60,56,4,6.666666666666667,4,False,False,2026-05-01
NVC25__X02,NVC25,HORTON NHS TREATMENT CENTRE,X02,Other - Medical Services,2021-06-01,2021-12-01,7,7,0,0.0,0,True,True,2021-12-01
NVC28__X06,NVC28,CLIFTON PARK HOSPITAL,X06,Other - Other Services,2021-06-01,2025-12-01,55,49,6,10.909090909090908,4,False,True,2025-12-01
R0D__X03,R0D,UNIVERSITY HOSPITALS DORSET NHS FOUNDATION TRUST,X03,Other - Mental Health Services,2021-06-01,2025-07-01,50,6,44,88.0,28,False,True,2025-07-01
R1G7E__130,R1G7E,SPAMEDICA KENDAL,130,Ophthalmology Service,2021-06-01,2026-05-01,60,60,0,0.0,0,False,False,2026-05-01
RAL__X03,RAL,ROYAL FREE LONDON NHS FOUNDATION TRUST,X03,Other - Mental Health Services,2021-06-01,2026-05-01,60,51,9,15.0,2,False,False,2026-05-01
RAP__X06,RAP,NORTH MIDDLESEX UNIVERSITY HOSPITAL NHS TRUST,X06,Other - Other Services,2021-06-01,2024-12-01,43,41,2,4.651162790697675,1,False,True,2024-12-01
RD8__150,RD8,MILTON KEYNES UNIVERSITY HOSPITAL NHS FOUNDATION TRUST,150,Neurosurgical Service,2021-06-01,2022-06-01,13,2,11,84.61538461538461,11,True,True,2022-06-01
RP4__110,RP4,GREAT ORMOND STREET HOSPITAL FOR CHILDREN NHS FOUNDATION TRUST,110,Trauma and Orthopaedic Service,2021-06-01,2021-06-01,1,1,0,0.0,0,True,True,2021-06-01
RW1__X06,RW1,SOUTHERN HEALTH NHS FOUNDATION TRUST,X06,Other - Other Services,2021-06-01,2024-06-01,37,6,31,83.78378378378379,13,False,True,2024-06-01
RYG__X06,RYG,COVENTRY AND WARWICKSHIRE PARTNERSHIP NHS TRUST,X06,Other - Other Services,2021-06-01,2021-07-01,2,2,0,0.0,0,True,True,2021-07-01
B9J4U__130,B9J4U,SPAMEDICA PETERBOROUGH,130,Ophthalmology Service,2021-07-01,2026-05-01,59,59,0,0.0,0,False,False,2026-05-01
DX1__101,DX1,THE NEW FOSCOTE HOSPITAL LTD,101,Urology Service,2021-07-01,2021-12-01,6,2,4,66.66666666666667,4,True,True,2021-12-01
G3O5P__130,G3O5P,SPAMEDICA NEWARK,130,Ophthalmology Service,2021-07-01,2026-05-01,59,59,0,0.0,0,False,False,2026-05-01
M0N7E__130,M0N7E,SPAMEDICA SITTINGBOURNE,130,Ophthalmology Service,2021-07-01,2026-05-01,59,59,0,0.0,0,False,False,2026-05-01
NFH__101,NFH,SOMERSET SURGICAL SERVICES HQ,101,Urology Service,2021-07-01,2022-02-01,8,8,0,0.0,0,True,True,2022-02-01
NFH__X05,NFH,SOMERSET SURGICAL SERVICES HQ,X05,Other - Surgical Services,2021-07-01,2026-05-01,59,54,5,8.474576271186441,4,False,False,2026-05-01
NR3__X03,NR3,NOTTINGHAM CITYCARE PARTNERSHIP,X03,Other - Mental Health Services,2021-07-01,2021-07-01,1,1,0,0.0,0,True,True,2021-07-01
NT218__X06,NT218,"NUFFIELD HEALTH, HAYWARDS HEATH HOSPITAL",X06,Other - Other Services,2021-07-01,2021-10-01,4,2,2,50.0,2,True,True,2021-10-01
NT229__150,NT229,"NUFFIELD HEALTH, NEWCASTLE UPON TYNE HOSPITAL",150,Neurosurgical Service,2021-07-01,2023-01-01,19,19,0,0.0,0,True,True,2023-01-01
NT327__320,NT327,SPIRE MANCHESTER HOSPITAL,320,Cardiology Service,2021-07-01,2026-03-01,57,20,37,64.91228070175438,20,False,True,2026-03-01
NT343__300,NT343,SPIRE THAMES VALLEY HOSPITAL,300,General Internal Medicine Service,2021-07-01,2021-07-01,1,1,0,0.0,0,True,True,2021-07-01
NT351__300,NT351,SPIRE HULL AND EAST RIDING HOSPITAL,300,General Internal Medicine Service,2021-07-01,2023-02-01,20,12,8,40.0,3,True,True,2023-02-01
NT364__300,NT364,SPIRE MONTEFIORE HOSPITAL,300,General Internal Medicine Service,2021-07-01,2021-07-01,1,1,0,0.0,0,True,True,2021-07-01
NT408__400,NT408,BMI - THE CHAUCER HOSPITAL,400,Neurology Service,2021-07-01,2021-10-01,4,4,0,0.0,0,True,True,2021-10-01
NT419__X06,NT419,BMI - THE HARBOUR HOSPITAL,X06,Other - Other Services,2021-07-01,2026-05-01,59,21,38,64.40677966101696,11,False,False,2026-05-01
NVC16__160,NVC16,RENACRES HOSPITAL,160,Plastic Surgery Service,2021-07-01,2026-01-01,55,16,39,70.9090909090909,29,False,True,2026-01-01
NVC19__170,NVC19,RIVERS HOSPITAL,170,Cardiothoracic Surgery Service,2021-07-01,2021-07-01,1,1,0,0.0,0,True,True,2021-07-01
RDE__150,RDE,EAST SUFFOLK AND NORTH ESSEX NHS FOUNDATION TRUST,150,Neurosurgical Service,2021-07-01,2024-08-01,38,7,31,81.57894736842105,28,False,True,2024-08-01
RTK__170,RTK,ASHFORD AND ST PETER'S HOSPITALS NHS FOUNDATION TRUST,170,Cardiothoracic Surgery Service,2021-07-01,2026-05-01,59,48,11,18.64406779661017,10,False,False,2026-05-01
RTK__X03,RTK,ASHFORD AND ST PETER'S HOSPITALS NHS FOUNDATION TRUST,X03,Other - Mental Health Services,2021-07-01,2025-05-01,47,38,9,19.148936170212767,4,False,True,2025-05-01
RV3__X04,RV3,CENTRAL AND NORTH WEST LONDON NHS FOUNDATION TRUST,X04,Other - Paediatric Services,2021-07-01,2025-02-01,44,44,0,0.0,0,False,True,2025-02-01
RWE__X03,RWE,UNIVERSITY HOSPITALS OF LEICESTER NHS TRUST,X03,Other - Mental Health Services,2021-07-01,2026-01-01,55,22,33,60.0,9,False,True,2026-01-01
RWP__X03,RWP,WORCESTERSHIRE ACUTE HOSPITALS NHS TRUST,X03,Other - Mental Health Services,2021-07-01,2023-12-01,30,11,19,63.333333333333336,18,True,True,2023-12-01
GEC__X06,GEC,RAPID INVESTIGATION SERVICE,X06,Other - Other Services,2021-08-01,2021-09-01,2,2,0,0.0,0,True,True,2021-09-01
M3R0W__130,M3R0W,SPAMEDICA NORWICH,130,Ophthalmology Service,2021-08-01,2026-05-01,58,58,0,0.0,0,False,False,2026-05-01
NT241__410,NT241,"NUFFIELD HEALTH, WOKING HOSPITAL",410,Rheumatology Service,2021-08-01,2024-12-01,41,5,36,87.8048780487805,36,False,True,2024-12-01
NT241__X06,NT241,"NUFFIELD HEALTH, WOKING HOSPITAL",X06,Other - Other Services,2021-08-01,2025-12-01,53,17,36,67.9245283018868,17,False,True,2025-12-01
NT304__300,NT304,SPIRE SOUTHAMPTON HOSPITAL,300,General Internal Medicine Service,2021-08-01,2021-08-01,1,1,0,0.0,0,True,True,2021-08-01
NT319__301,NT319,SPIRE HARTSWOOD HOSPITAL,301,Gastroenterology Service,2021-08-01,2026-05-01,58,8,50,86.20689655172414,29,False,False,2026-05-01
NT324__320,NT324,SPIRE CHESHIRE HOSPITAL,320,Cardiology Service,2021-08-01,2021-08-01,1,1,0,0.0,0,True,True,2021-08-01
NT3X3__400,NT3X3,SPIRE ST ANTHONY'S HOSPITAL,400,Neurology Service,2021-08-01,2026-05-01,58,21,37,63.793103448275865,37,False,False,2026-05-01
NT449__101,NT449,BMI THE LANCASTER HOSPITAL,101,Urology Service,2021-08-01,2026-04-01,57,17,40,70.17543859649123,40,False,True,2026-04-01
NT449__320,NT449,BMI THE LANCASTER HOSPITAL,320,Cardiology Service,2021-08-01,2026-05-01,58,38,20,34.48275862068966,8,False,False,2026-05-01
NVC0R__340,NVC0R,TEES VALLEY HOSPITAL,340,Respiratory Medicine Service,2021-08-01,2021-10-01,3,2,1,33.333333333333336,1,True,True,2021-10-01
NVC15__X05,NVC15,PINEHILL HOSPITAL,X05,Other - Surgical Services,2021-08-01,2026-02-01,55,5,50,90.9090909090909,50,False,True,2026-02-01
NVG01__160,NVG01,FAIRFIELD HOSPITAL,160,Plastic Surgery Service,2021-08-01,2021-09-01,2,2,0,0.0,0,True,True,2021-09-01
NYW03__160,NYW03,ASPEN - HIGHGATE HOSPITAL,160,Plastic Surgery Service,2021-08-01,2022-08-01,13,13,0,0.0,0,True,True,2022-08-01
RAT__X06,RAT,NORTH EAST LONDON NHS FOUNDATION TRUST,X06,Other - Other Services,2021-08-01,2023-04-01,21,3,18,85.71428571428571,17,True,True,2023-04-01
RFS__X06,RFS,CHESTERFIELD ROYAL HOSPITAL NHS FOUNDATION TRUST,X06,Other - Other Services,2021-08-01,2025-06-01,47,16,31,65.95744680851064,31,False,True,2025-06-01
RW1__X03,RW1,SOUTHERN HEALTH NHS FOUNDATION TRUST,X03,Other - Mental Health Services,2021-08-01,2026-03-01,56,10,46,82.14285714285714,31,False,True,2026-03-01
RX1__X03,RX1,NOTTINGHAM UNIVERSITY HOSPITALS NHS TRUST,X03,Other - Mental Health Services,2021-08-01,2026-05-01,58,35,23,39.6551724137931,11,False,False,2026-05-01
RXN__X03,RXN,LANCASHIRE TEACHING HOSPITALS NHS FOUNDATION TRUST,X03,Other - Mental Health Services,2021-08-01,2026-04-01,57,4,53,92.98245614035088,53,False,True,2026-04-01
G3Z1Q__100,G3Z1Q,SULIS HOSPITAL BATH (FOXCOTE AVENUE),100,General Surgery Service,2021-09-01,2026-05-01,57,57,0,0.0,0,False,False,2026-05-01
G3Z1Q__101,G3Z1Q,SULIS HOSPITAL BATH (FOXCOTE AVENUE),101,Urology Service,2021-09-01,2026-05-01,57,57,0,0.0,0,False,False,2026-05-01
G3Z1Q__110,G3Z1Q,SULIS HOSPITAL BATH (FOXCOTE AVENUE),110,Trauma and Orthopaedic Service,2021-09-01,2026-05-01,57,57,0,0.0,0,False,False,2026-05-01
G3Z1Q__120,G3Z1Q,SULIS HOSPITAL BATH (FOXCOTE AVENUE),120,Ear Nose and Throat Service,2021-09-01,2026-05-01,57,57,0,0.0,0,False,False,2026-05-01
G3Z1Q__130,G3Z1Q,SULIS HOSPITAL BATH (FOXCOTE AVENUE),130,Ophthalmology Service,2021-09-01,2026-05-01,57,57,0,0.0,0,False,False,2026-05-01
G3Z1Q__301,G3Z1Q,SULIS HOSPITAL BATH (FOXCOTE AVENUE),301,Gastroenterology Service,2021-09-01,2026-05-01,57,57,0,0.0,0,False,False,2026-05-01
G3Z1Q__502,G3Z1Q,SULIS HOSPITAL BATH (FOXCOTE AVENUE),502,Gynaecology Service,2021-09-01,2026-05-01,57,57,0,0.0,0,False,False,2026-05-01
G3Z1Q__X06,G3Z1Q,SULIS HOSPITAL BATH (FOXCOTE AVENUE),X06,Other - Other Services,2021-09-01,2026-03-01,55,50,5,9.090909090909092,3,False,True,2026-03-01
L9D3Z__130,L9D3Z,SPAMEDICA LEICESTER,130,Ophthalmology Service,2021-09-01,2026-05-01,57,57,0,0.0,0,False,False,2026-05-01
NNH05__130,NNH05,OPTEGRA (BIRMINGHAM EYE HOSPITAL),130,Ophthalmology Service,2021-09-01,2026-05-01,57,4,53,92.98245614035088,53,False,False,2026-05-01
NT202__400,NT202,"NUFFIELD HEALTH, BOURNEMOUTH HOSPITAL",400,Neurology Service,2021-09-01,2022-01-01,5,5,0,0.0,0,True,True,2022-01-01
NT302__340,NT302,SPIRE BRISTOL HOSPITAL,340,Respiratory Medicine Service,2021-09-01,2021-09-01,1,1,0,0.0,0,True,True,2021-09-01
NT313__330,NT313,SPIRE WELLESLEY HOSPITAL,330,Dermatology Service,2021-09-01,2023-04-01,20,4,16,80.0,16,True,True,2023-04-01
NT424__130,NT424,BMI - THE MERIDEN HOSPITAL,130,Ophthalmology Service,2021-09-01,2021-12-01,4,4,0,0.0,0,True,True,2021-12-01
NT433__130,NT433,BMI - SARUM ROAD HOSPITAL,130,Ophthalmology Service,2021-09-01,2025-03-01,43,43,0,0.0,0,False,True,2025-03-01
NT434__120,NT434,BMI - THE SAXON CLINIC,120,Ear Nose and Throat Service,2021-09-01,2021-09-01,1,1,0,0.0,0,True,True,2021-09-01
NT455__320,NT455,BMI MOUNT ALVERNIA HOSPITAL,320,Cardiology Service,2021-09-01,2021-10-01,2,2,0,0.0,0,True,True,2021-10-01
NVC06__X05,NVC06,FITZWILLIAM HOSPITAL,X05,Other - Surgical Services,2021-09-01,2026-05-01,57,23,34,59.64912280701754,22,False,False,2026-05-01
NVC22__430,NVC22,WINFIELD HOSPITAL,430,Elderly Medicine Service,2021-09-01,2021-10-01,2,2,0,0.0,0,True,True,2021-10-01
NVC23__140,NVC23,WOODLAND HOSPITAL,140,Oral Surgery Service,2021-09-01,2021-10-01,2,2,0,0.0,0,True,True,2021-10-01
RGM__X06,RGM,ROYAL PAPWORTH HOSPITAL NHS FOUNDATION TRUST,X06,Other - Other Services,2021-09-01,2022-10-01,14,2,12,85.71428571428571,12,True,True,2022-10-01
RPY__X03,RPY,THE ROYAL MARSDEN NHS FOUNDATION TRUST,X03,Other - Mental Health Services,2021-09-01,2026-02-01,54,7,47,87.03703703703704,18,False,True,2026-02-01
RY3__X05,RY3,NORFOLK COMMUNITY HEALTH AND CARE NHS TRUST,X05,Other - Surgical Services,2021-09-01,2021-11-01,3,2,1,33.333333333333336,1,True,True,2021-11-01
Z9Z1G__130,Z9Z1G,SPAMEDICA GATESHEAD,130,Ophthalmology Service,2021-09-01,2026-05-01,57,57,0,0.0,0,False,False,2026-05-01
M7C9Q__130,M7C9Q,SPAMEDICA EPSOM,130,Ophthalmology Service,2021-10-01,2026-05-01,56,56,0,0.0,0,False,False,2026-05-01
NT404__320,NT404,BMI - THE BEAUMONT HOSPITAL,320,Cardiology Service,2021-10-01,2025-06-01,45,5,40,88.88888888888889,40,False,True,2025-06-01
NT410__330,NT410,BMI - THE CHILTERN HOSPITAL,330,Dermatology Service,2021-10-01,2025-02-01,41,18,23,56.09756097560975,11,False,True,2025-02-01
NT427__330,NT427,BMI - THE PARK HOSPITAL,330,Dermatology Service,2021-10-01,2026-03-01,54,6,48,88.88888888888889,41,False,True,2026-03-01
NT433__400,NT433,BMI - SARUM ROAD HOSPITAL,400,Neurology Service,2021-10-01,2023-05-01,20,9,11,55.0,11,True,True,2023-05-01
NTP11__330,NTP11,PRACTICE PLUS GROUP HOSPITAL - SOUTHAMPTON,330,Dermatology Service,2021-10-01,2023-04-01,19,4,15,78.94736842105263,15,True,True,2023-04-01
NV323__400,NV323,CIRCLE READING HOSPITAL,400,Neurology Service,2021-10-01,2023-03-01,18,18,0,0.0,0,True,True,2023-03-01
NVC12__X02,NVC12,OAKLANDS HOSPITAL,X02,Other - Medical Services,2021-10-01,2024-03-01,30,13,17,56.666666666666664,17,True,True,2024-03-01
NVC21__140,NVC21,WEST MIDLANDS HOSPITAL,140,Oral Surgery Service,2021-10-01,2021-10-01,1,1,0,0.0,0,True,True,2021-10-01
NVC22__X06,NVC22,WINFIELD HOSPITAL,X06,Other - Other Services,2021-10-01,2025-07-01,46,8,38,82.6086956521739,31,False,True,2025-07-01
NVC28__140,NVC28,CLIFTON PARK HOSPITAL,140,Oral Surgery Service,2021-10-01,2022-04-01,7,7,0,0.0,0,True,True,2022-04-01
NYW03__X02,NYW03,ASPEN - HIGHGATE HOSPITAL,X02,Other - Medical Services,2021-10-01,2022-05-01,8,5,3,37.5,3,True,True,2022-05-01
RBK__X05,RBK,WALSALL HEALTHCARE NHS TRUST,X05,Other - Surgical Services,2021-10-01,2026-05-01,56,56,0,0.0,0,False,False,2026-05-01
RBT__140,RBT,MID CHESHIRE HOSPITALS NHS FOUNDATION TRUST,140,Oral Surgery Service,2021-10-01,2025-09-01,48,6,42,87.5,29,False,True,2025-09-01
RDE__X03,RDE,EAST SUFFOLK AND NORTH ESSEX NHS FOUNDATION TRUST,X03,Other - Mental Health Services,2021-10-01,2026-05-01,56,25,31,55.357142857142854,23,False,False,2026-05-01
RJR__X02,RJR,COUNTESS OF CHESTER HOSPITAL NHS FOUNDATION TRUST,X02,Other - Medical Services,2021-10-01,2026-05-01,56,56,0,0.0,0,False,False,2026-05-01
RJR__X03,RJR,COUNTESS OF CHESTER HOSPITAL NHS FOUNDATION TRUST,X03,Other - Mental Health Services,2021-10-01,2022-05-01,8,8,0,0.0,0,True,True,2022-05-01
RJR__X05,RJR,COUNTESS OF CHESTER HOSPITAL NHS FOUNDATION TRUST,X05,Other - Surgical Services,2021-10-01,2026-05-01,56,56,0,0.0,0,False,False,2026-05-01
RL1__X04,RL1,THE ROBERT JONES AND AGNES HUNT ORTHOPAEDIC HOSPITAL NHS FOUNDATION TRUST,X04,Other - Paediatric Services,2021-10-01,2026-05-01,56,23,33,58.92857142857143,10,False,False,2026-05-01
RM3__130,RM3,NORTHERN CARE ALLIANCE NHS FOUNDATION TRUST,130,Ophthalmology Service,2021-10-01,2026-05-01,56,56,0,0.0,0,False,False,2026-05-01
RM3__170,RM3,NORTHERN CARE ALLIANCE NHS FOUNDATION TRUST,170,Cardiothoracic Surgery Service,2021-10-01,2026-04-01,55,52,3,5.454545454545454,3,False,True,2026-04-01
RW4__X03,RW4,MERSEY CARE NHS FOUNDATION TRUST,X03,Other - Mental Health Services,2021-10-01,2026-03-01,54,54,0,0.0,0,False,True,2026-03-01
RXN__340,RXN,LANCASHIRE TEACHING HOSPITALS NHS FOUNDATION TRUST,340,Respiratory Medicine Service,2021-10-01,2026-05-01,56,56,0,0.0,0,False,False,2026-05-01
RXN__X05,RXN,LANCASHIRE TEACHING HOSPITALS NHS FOUNDATION TRUST,X05,Other - Surgical Services,2021-10-01,2026-05-01,56,56,0,0.0,0,False,False,2026-05-01
RYX__X04,RYX,CENTRAL LONDON COMMUNITY HEALTHCARE NHS TRUST,X04,Other - Paediatric Services,2021-10-01,2024-03-01,30,25,5,16.666666666666668,5,True,True,2024-03-01
ACM__140,ACM,EYE CARE MEDICAL LTD,140,Oral Surgery Service,2021-11-01,2022-06-01,8,2,6,75.0,6,True,True,2022-06-01
B5M7B__130,B5M7B,NEWMEDICA - NORWICH,130,Ophthalmology Service,2021-11-01,2026-05-01,55,55,0,0.0,0,False,False,2026-05-01
DX1__120,DX1,THE NEW FOSCOTE HOSPITAL LTD,120,Ear Nose and Throat Service,2021-11-01,2021-11-01,1,1,0,0.0,0,True,True,2021-11-01
DX1__X03,DX1,THE NEW FOSCOTE HOSPITAL LTD,X03,Other - Mental Health Services,2021-11-01,2022-03-01,5,2,3,60.0,3,True,True,2022-03-01
G3Z1Q__X02,G3Z1Q,SULIS HOSPITAL BATH (FOXCOTE AVENUE),X02,Other - Medical Services,2021-11-01,2026-05-01,55,41,14,25.454545454545453,4,False,False,2026-05-01
N6Z0R__130,N6Z0R,NEWMEDICA - LINCOLN,130,Ophthalmology Service,2021-11-01,2026-05-01,55,55,0,0.0,0,False,False,2026-05-01
NT322__150,NT322,SPIRE LEICESTER HOSPITAL,150,Neurosurgical Service,2021-11-01,2022-08-01,10,9,1,10.0,1,True,True,2022-08-01
NT437__140,NT437,BMI - THE SLOANE HOSPITAL,140,Oral Surgery Service,2021-11-01,2021-11-01,1,1,0,0.0,0,True,True,2021-11-01
NT441__130,NT441,BMI - THREE SHIRES HOSPITAL,130,Ophthalmology Service,2021-11-01,2025-03-01,41,3,38,92.6829268292683,38,False,True,2025-03-01
NT441__320,NT441,BMI - THREE SHIRES HOSPITAL,320,Cardiology Service,2021-11-01,2026-04-01,54,3,51,94.44444444444444,40,False,True,2026-04-01
NT450__140,NT450,BMI THE LINCOLN HOSPITAL,140,Oral Surgery Service,2021-11-01,2021-11-01,1,1,0,0.0,0,True,True,2021-11-01
NT457__410,NT457,BMI WOODLANDS HOSPITAL,410,Rheumatology Service,2021-11-01,2022-02-01,4,4,0,0.0,0,True,True,2022-02-01
NV323__150,NV323,CIRCLE READING HOSPITAL,150,Neurosurgical Service,2021-11-01,2021-11-01,1,1,0,0.0,0,True,True,2021-11-01
NVC19__X05,NVC19,RIVERS HOSPITAL,X05,Other - Surgical Services,2021-11-01,2021-12-01,2,2,0,0.0,0,True,True,2021-12-01
NVC1H__300,NVC1H,STOURSIDE HOSPITAL,300,General Internal Medicine Service,2021-11-01,2023-11-01,25,11,14,56.0,14,True,True,2023-11-01
NVC22__170,NVC22,WINFIELD HOSPITAL,170,Cardiothoracic Surgery Service,2021-11-01,2021-12-01,2,2,0,0.0,0,True,True,2021-12-01
NVC23__430,NVC23,WOODLAND HOSPITAL,430,Elderly Medicine Service,2021-11-01,2021-12-01,2,2,0,0.0,0,True,True,2021-12-01
NVC23__X05,NVC23,WOODLAND HOSPITAL,X05,Other - Surgical Services,2021-11-01,2024-03-01,29,17,12,41.37931034482759,8,True,True,2024-03-01
NVC25__X05,NVC25,THE CHERWELL HOSPITAL,X05,Other - Surgical Services,2021-11-01,2021-11-01,1,1,0,0.0,0,True,True,2021-11-01
NVC27__300,NVC27,BOSTON WEST HOSPITAL,300,General Internal Medicine Service,2021-11-01,2025-09-01,47,27,20,42.5531914893617,7,False,True,2025-09-01
NVC28__101,NVC28,CLIFTON PARK HOSPITAL,101,Urology Service,2021-11-01,2023-02-01,16,16,0,0.0,0,True,True,2023-02-01
NVC29__300,NVC29,COBALT HOSPITAL,300,General Internal Medicine Service,2021-11-01,2022-11-01,13,13,0,0.0,0,True,True,2022-11-01
NVC44__300,NVC44,THE WESTBOURNE CENTRE,300,General Internal Medicine Service,2021-11-01,2021-12-01,2,2,0,0.0,0,True,True,2021-12-01
P5Y6K__130,P5Y6K,NEWMEDICA - SHREWSBURY,130,Ophthalmology Service,2021-11-01,2026-05-01,55,55,0,0.0,0,False,False,2026-05-01
RBQ__300,RBQ,LIVERPOOL HEART AND CHEST HOSPITAL NHS FOUNDATION TRUST,300,General Internal Medicine Service,2021-11-01,2023-05-01,19,2,17,89.47368421052632,17,True,True,2023-05-01
RNS__X03,RNS,NORTHAMPTON GENERAL HOSPITAL NHS TRUST,X03,Other - Mental Health Services,2021-11-01,2021-11-01,1,1,0,0.0,0,True,True,2021-11-01
RP4__330,RP4,GREAT ORMOND STREET HOSPITAL FOR CHILDREN NHS FOUNDATION TRUST,330,Dermatology Service,2021-11-01,2021-11-01,1,1,0,0.0,0,True,True,2021-11-01
RQX__140,RQX,HOMERTON UNIVERSITY HOSPITAL NHS FOUNDATION TRUST,140,Oral Surgery Service,2021-11-01,2026-05-01,55,55,0,0.0,0,False,False,2026-05-01
AAH__X04,AAH,TETBURY HOSPITAL TRUST LTD,X04,Other - Paediatric Services,2021-12-01,2021-12-01,1,1,0,0.0,0,True,True,2021-12-01
G3Z1Q__X05,G3Z1Q,SULIS HOSPITAL BATH (FOXCOTE AVENUE),X05,Other - Surgical Services,2021-12-01,2024-06-01,31,7,24,77.41935483870968,13,True,True,2024-06-01
NEY__100,NEY,PIONEER HEALTHCARE LIMITED,100,General Surgery Service,2021-12-01,2026-03-01,52,52,0,0.0,0,False,True,2026-03-01
NEY__101,NEY,PIONEER HEALTHCARE LIMITED,101,Urology Service,2021-12-01,2026-01-01,50,47,3,6.0,2,False,True,2026-01-01
NEY__120,NEY,PIONEER HEALTHCARE LIMITED,120,Ear Nose and Throat Service,2021-12-01,2026-03-01,52,52,0,0.0,0,False,True,2026-03-01
NEY__130,NEY,PIONEER HEALTHCARE LIMITED,130,Ophthalmology Service,2021-12-01,2026-01-01,50,32,18,36.0,13,False,True,2026-01-01
NEY__140,NEY,PIONEER HEALTHCARE LIMITED,140,Oral Surgery Service,2021-12-01,2026-03-01,52,25,27,51.92307692307692,16,False,True,2026-03-01
NEY__502,NEY,PIONEER HEALTHCARE LIMITED,502,Gynaecology Service,2021-12-01,2026-03-01,52,52,0,0.0,0,False,True,2026-03-01
NEY__X02,NEY,PIONEER HEALTHCARE LIMITED,X02,Other - Medical Services,2021-12-01,2026-02-01,51,33,18,35.294117647058826,12,False,True,2026-02-01
NT319__140,NT319,SPIRE HARTSWOOD HOSPITAL,140,Oral Surgery Service,2021-12-01,2021-12-01,1,1,0,0.0,0,True,True,2021-12-01
NT435__150,NT435,BMI - THE SHELBURNE HOSPITAL,150,Neurosurgical Service,2021-12-01,2021-12-01,1,1,0,0.0,0,True,True,2021-12-01
NVC02__430,NVC02,THE BERKSHIRE INDEPENDENT HOSPITAL,430,Elderly Medicine Service,2021-12-01,2021-12-01,1,1,0,0.0,0,True,True,2021-12-01
NVC09__X05,NVC09,NEW HALL HOSPITAL,X05,Other - Surgical Services,2021-12-01,2021-12-01,1,1,0,0.0,0,True,True,2021-12-01
NVC0Y__300,NVC0Y,EXETER MEDICAL,300,General Internal Medicine Service,2021-12-01,2021-12-01,1,1,0,0.0,0,True,True,2021-12-01
NVC14__X05,NVC14,PARK HILL HOSPITAL,X05,Other - Surgical Services,2021-12-01,2021-12-01,1,1,0,0.0,0,True,True,2021-12-01
NVC18__X05,NVC18,SPRINGFIELD HOSPITAL,X05,Other - Surgical Services,2021-12-01,2025-05-01,42,31,11,26.19047619047619,5,False,True,2025-05-01
NVC1H__400,NVC1H,STOURSIDE HOSPITAL,400,Neurology Service,2021-12-01,2023-12-01,25,3,22,88.0,22,True,True,2023-12-01
NVC21__X05,NVC21,WEST MIDLANDS HOSPITAL,X05,Other - Surgical Services,2021-12-01,2021-12-01,1,1,0,0.0,0,True,True,2021-12-01
NVC27__400,NVC27,BOSTON WEST HOSPITAL,400,Neurology Service,2021-12-01,2021-12-01,1,1,0,0.0,0,True,True,2021-12-01
NVC40__X05,NVC40,WOODTHORPE HOSPITAL,X05,Other - Surgical Services,2021-12-01,2021-12-01,1,1,0,0.0,0,True,True,2021-12-01
NYW03__X03,NYW03,ASPEN - HIGHGATE HOSPITAL,X03,Other - Mental Health Services,2021-12-01,2021-12-01,1,1,0,0.0,0,True,True,2021-12-01
R1H__X03,R1H,BARTS HEALTH NHS TRUST,X03,Other - Mental Health Services,2021-12-01,2026-05-01,54,13,41,75.92592592592592,39,False,False,2026-05-01
RET__X05,RET,THE WALTON CENTRE NHS FOUNDATION TRUST,X05,Other - Surgical Services,2021-12-01,2026-05-01,54,54,0,0.0,0,False,False,2026-05-01
RWG__X03,RWG,WEST HERTFORDSHIRE TEACHING HOSPITALS NHS TRUST,X03,Other - Mental Health Services,2021-12-01,2026-05-01,54,51,3,5.555555555555555,2,False,False,2026-05-01
A4M8P__100,A4M8P,BUCKSHAW HOSPITAL,100,General Surgery Service,2022-01-01,2026-05-01,53,53,0,0.0,0,False,False,2026-05-01
A4M8P__101,A4M8P,BUCKSHAW HOSPITAL,101,Urology Service,2022-01-01,2026-05-01,53,53,0,0.0,0,False,False,2026-05-01
A4M8P__110,A4M8P,BUCKSHAW HOSPITAL,110,Trauma and Orthopaedic Service,2022-01-01,2026-05-01,53,53,0,0.0,0,False,False,2026-05-01
A4M8P__120,A4M8P,BUCKSHAW HOSPITAL,120,Ear Nose and Throat Service,2022-01-01,2026-05-01,53,53,0,0.0,0,False,False,2026-05-01
A4M8P__160,A4M8P,BUCKSHAW HOSPITAL,160,Plastic Surgery Service,2022-01-01,2026-02-01,50,31,19,38.0,12,False,True,2026-02-01
A4M8P__301,A4M8P,BUCKSHAW HOSPITAL,301,Gastroenterology Service,2022-01-01,2026-05-01,53,53,0,0.0,0,False,False,2026-05-01
A4M8P__340,A4M8P,BUCKSHAW HOSPITAL,340,Respiratory Medicine Service,2022-01-01,2022-07-01,7,4,3,42.857142857142854,3,True,True,2022-07-01
A4M8P__502,A4M8P,BUCKSHAW HOSPITAL,502,Gynaecology Service,2022-01-01,2026-05-01,53,53,0,0.0,0,False,False,2026-05-01
A4M8P__X02,A4M8P,BUCKSHAW HOSPITAL,X02,Other - Medical Services,2022-01-01,2026-05-01,53,51,2,3.7735849056603774,2,False,False,2026-05-01
A4M8P__X06,A4M8P,BUCKSHAW HOSPITAL,X06,Other - Other Services,2022-01-01,2026-05-01,53,49,4,7.547169811320755,2,False,False,2026-05-01
NEQ__400,NEQ,PHOENIX HEALTH SOLUTIONS LIMITED HQ,400,Neurology Service,2022-01-01,2023-06-01,18,4,14,77.77777777777777,11,True,True,2023-06-01
NN4__X05,NN4,TYNESIDE SURGICAL SERVICES LTD,X05,Other - Surgical Services,2022-01-01,2023-04-01,16,11,5,31.25,5,True,True,2023-04-01
NN5__101,NN5,MANCHESTER SURGICAL SERVICES LTD,101,Urology Service,2022-01-01,2024-07-01,31,31,0,0.0,0,True,True,2024-07-01
NN5__X02,NN5,MANCHESTER SURGICAL SERVICES LTD,X02,Other - Medical Services,2022-01-01,2022-04-01,4,4,0,0.0,0,True,True,2022-04-01
NN5__X05,NN5,MANCHESTER SURGICAL SERVICES LTD,X05,Other - Surgical Services,2022-01-01,2022-01-01,1,1,0,0.0,0,True,True,2022-01-01
NT239__140,NT239,"NUFFIELD HEALTH, TUNBRIDGE WELLS HOSPITAL",140,Oral Surgery Service,2022-01-01,2025-01-01,37,4,33,89.1891891891892,30,False,True,2025-01-01
NT245__101,NT245,"NUFFIELD HEALTH, YORK HOSPITAL",101,Urology Service,2022-01-01,2026-05-01,53,21,32,60.37735849056604,32,False,False,2026-05-01
NT30A__301,NT30A,SPIRE NOTTINGHAM HOSPITAL,301,Gastroenterology Service,2022-01-01,2026-05-01,53,5,48,90.56603773584905,40,False,False,2026-05-01
NT319__170,NT319,SPIRE HARTSWOOD HOSPITAL,170,Cardiothoracic Surgery Service,2022-01-01,2022-12-01,12,2,10,83.33333333333333,10,True,True,2022-12-01
NT333__400,NT333,SPIRE WASHINGTON HOSPITAL,400,Neurology Service,2022-01-01,2026-02-01,50,13,37,74.0,16,False,True,2026-02-01
NT443__502,NT443,BMI - THE WINTERBOURNE HOSPITAL,502,Gynaecology Service,2022-01-01,2022-01-01,1,1,0,0.0,0,True,True,2022-01-01
NVC02__X03,NVC02,THE BERKSHIRE INDEPENDENT HOSPITAL,X03,Other - Mental Health Services,2022-01-01,2022-01-01,1,1,0,0.0,0,True,True,2022-01-01
NVC07__140,NVC07,FULWOOD HALL HOSPITAL,140,Oral Surgery Service,2022-01-01,2023-05-01,17,17,0,0.0,0,True,True,2023-05-01
NVC08__X03,NVC08,MOUNT STUART HOSPITAL,X03,Other - Mental Health Services,2022-01-01,2022-02-01,2,2,0,0.0,0,True,True,2022-02-01
NVC09__X02,NVC09,NEW HALL HOSPITAL,X02,Other - Medical Services,2022-01-01,2023-05-01,17,4,13,76.47058823529412,13,True,True,2023-05-01
NVC0I__330,NVC0I,BEACON PARK HOSPITAL,330,Dermatology Service,2022-01-01,2022-01-01,1,1,0,0.0,0,True,True,2022-01-01
NVC13__X02,NVC13,OAKS HOSPITAL,X02,Other - Medical Services,2022-01-01,2026-05-01,53,53,0,0.0,0,False,False,2026-05-01
NVC16__340,NVC16,RENACRES HOSPITAL,340,Respiratory Medicine Service,2022-01-01,2022-06-01,6,5,1,16.666666666666668,1,True,True,2022-06-01
NVC17__330,NVC17,ROWLEY HALL HOSPITAL,330,Dermatology Service,2022-01-01,2025-01-01,37,21,16,43.24324324324324,9,False,True,2025-01-01
NVC19__140,NVC19,RIVERS HOSPITAL,140,Oral Surgery Service,2022-01-01,2023-05-01,17,17,0,0.0,0,True,True,2023-05-01
NVC19__340,NVC19,RIVERS HOSPITAL,340,Respiratory Medicine Service,2022-01-01,2022-03-01,3,3,0,0.0,0,True,True,2022-03-01
NVC20__170,NVC20,THE YORKSHIRE CLINIC,170,Cardiothoracic Surgery Service,2022-01-01,2022-03-01,3,3,0,0.0,0,True,True,2022-03-01
NVC27__X02,NVC27,BOSTON WEST HOSPITAL,X02,Other - Medical Services,2022-01-01,2026-05-01,53,30,23,43.39622641509434,6,False,False,2026-05-01
NVC28__410,NVC28,CLIFTON PARK HOSPITAL,410,Rheumatology Service,2022-01-01,2025-12-01,48,14,34,70.83333333333333,16,False,True,2025-12-01
NVC29__330,NVC29,COBALT HOSPITAL,330,Dermatology Service,2022-01-01,2024-07-01,31,20,11,35.483870967741936,11,True,True,2024-07-01
NVC29__X02,NVC29,COBALT HOSPITAL,X02,Other - Medical Services,2022-01-01,2022-02-01,2,2,0,0.0,0,True,True,2022-02-01
RP7__X02,RP7,LINCOLNSHIRE PARTNERSHIP NHS FOUNDATION TRUST,X02,Other - Medical Services,2022-01-01,2026-04-01,52,7,45,86.53846153846153,22,False,True,2026-04-01
A4M8P__400,A4M8P,BUCKSHAW HOSPITAL,400,Neurology Service,2022-02-01,2022-02-01,1,1,0,0.0,0,True,True,2022-02-01
NEQ__X06,NEQ,PHOENIX HEALTH SOLUTIONS LIMITED HQ,X06,Other - Other Services,2022-02-01,2025-04-01,39,13,26,66.66666666666667,22,False,True,2025-04-01
NEY__X04,NEY,PIONEER HEALTHCARE LIMITED,X04,Other - Paediatric Services,2022-02-01,2026-03-01,50,41,9,18.0,4,False,True,2026-03-01
NT211__X06,NT211,"NUFFIELD HEALTH, CHELTENHAM HOSPITAL",X06,Other - Other Services,2022-02-01,2026-05-01,52,19,33,63.46153846153846,27,False,False,2026-05-01
NT233__502,NT233,"NUFFIELD HEALTH, PLYMOUTH HOSPITAL",502,Gynaecology Service,2022-02-01,2024-05-01,28,25,3,10.714285714285714,2,True,True,2024-05-01
NTP13__100,NTP13,PRACTICE PLUS GROUP HOSPITAL - BARLBOROUGH,100,General Surgery Service,2022-02-01,2026-05-01,52,52,0,0.0,0,False,False,2026-05-01
NVC05__410,NVC05,EUXTON HALL HOSPITAL,410,Rheumatology Service,2022-02-01,2026-05-01,52,23,29,55.76923076923077,26,False,False,2026-05-01
NVC14__320,NVC14,PARK HILL HOSPITAL,320,Cardiology Service,2022-02-01,2022-02-01,1,1,0,0.0,0,True,True,2022-02-01
NVC1H__X05,NVC1H,STOURSIDE HOSPITAL,X05,Other - Surgical Services,2022-02-01,2022-03-01,2,2,0,0.0,0,True,True,2022-03-01
NEY__301,NEY,PIONEER HEALTHCARE LIMITED,301,Gastroenterology Service,2022-03-01,2025-11-01,45,9,36,80.0,19,False,True,2025-11-01
NT448__130,NT448,HUDDERSFIELD HOSPITAL,130,Ophthalmology Service,2022-03-01,2022-03-01,1,1,0,0.0,0,True,True,2022-03-01
NTX__X02,NTX,THE ONE HEALTH GROUP LTD,X02,Other - Medical Services,2022-03-01,2022-03-01,1,1,0,0.0,0,True,True,2022-03-01
RFF__X04,RFF,BARNSLEY HOSPITAL NHS FOUNDATION TRUST,X04,Other - Paediatric Services,2022-03-01,2026-05-01,51,51,0,0.0,0,False,False,2026-05-01
RN3__X03,RN3,GREAT WESTERN HOSPITALS NHS FOUNDATION TRUST,X03,Other - Mental Health Services,2022-03-01,2023-01-01,11,11,0,0.0,0,True,True,2023-01-01
A4M8P__X05,A4M8P,BUCKSHAW HOSPITAL,X05,Other - Surgical Services,2022-04-01,2022-04-01,1,1,0,0.0,0,True,True,2022-04-01
AAV__130,AAV,COMMUNITY HEALTH AND EYECARE LIMITED,130,Ophthalmology Service,2022-04-01,2026-05-01,50,50,0,0.0,0,False,False,2026-05-01
ACG26__130,ACG26,NEWMEDICA - NORTH DERBYSHIRE - MIDLAND COURT,130,Ophthalmology Service,2022-04-01,2026-05-01,50,50,0,0.0,0,False,False,2026-05-01
M4C5R__130,M4C5R,NEWMEDICA - NORTHAMPTON,130,Ophthalmology Service,2022-04-01,2026-05-01,50,50,0,0.0,0,False,False,2026-05-01
NEY__160,NEY,PIONEER HEALTHCARE LIMITED,160,Plastic Surgery Service,2022-04-01,2024-06-01,27,21,6,22.22222222222222,3,True,True,2024-06-01
NQT5K__X02,NQT5K,ST MARTINS HOSPITAL,X02,Other - Medical Services,2022-04-01,2022-04-01,1,1,0,0.0,0,True,True,2022-04-01
NT302__140,NT302,SPIRE BRISTOL HOSPITAL,140,Oral Surgery Service,2022-04-01,2022-06-01,3,3,0,0.0,0,True,True,2022-06-01
NVC0M__140,NVC0M,WEST VALLEY HOSPITAL,140,Oral Surgery Service,2022-04-01,2022-04-01,1,1,0,0.0,0,True,True,2022-04-01
NVC11__320,NVC11,NORTH DOWNS HOSPITAL,320,Cardiology Service,2022-04-01,2022-05-01,2,2,0,0.0,0,True,True,2022-05-01
RP5__301,RP5,DONCASTER AND BASSETLAW TEACHING HOSPITALS NHS FOUNDATION TRUST,301,Gastroenterology Service,2022-04-01,2026-05-01,50,50,0,0.0,0,False,False,2026-05-01
DX1__X06,DX1,THE NEW FOSCOTE HOSPITAL LTD,X06,Other - Other Services,2022-05-01,2023-11-01,19,8,11,57.89473684210526,11,True,True,2023-11-01
NT319__400,NT319,SPIRE HARTSWOOD HOSPITAL,400,Neurology Service,2022-05-01,2022-05-01,1,1,0,0.0,0,True,True,2022-05-01
NTE02__150,NTE02,ST HUGH'S HOSPITAL,150,Neurosurgical Service,2022-05-01,2025-06-01,38,15,23,60.526315789473685,9,False,True,2025-06-01
RD8__X03,RD8,MILTON KEYNES UNIVERSITY HOSPITAL NHS FOUNDATION TRUST,X03,Other - Mental Health Services,2022-05-01,2026-04-01,48,19,29,60.416666666666664,28,False,True,2026-04-01
RFF__X02,RFF,BARNSLEY HOSPITAL NHS FOUNDATION TRUST,X02,Other - Medical Services,2022-05-01,2026-05-01,49,49,0,0.0,0,False,False,2026-05-01
H4J9P__130,H4J9P,NEWMEDICA AZTEC WEST,130,Ophthalmology Service,2022-06-01,2026-05-01,48,48,0,0.0,0,False,False,2026-05-01
NTPAD__140,NTPAD,PRACTICE PLUS GROUP SURGICAL CENTRE - ST MARYS PORTSMOUTH,140,Oral Surgery Service,2022-06-01,2022-12-01,7,2,5,71.42857142857143,5,True,True,2022-12-01
NX1__130,NX1,OPEROSE HEALTH (GROUP) UK LIMITED,130,Ophthalmology Service,2022-06-01,2023-05-01,12,12,0,0.0,0,True,True,2023-05-01
R7W2O__130,R7W2O,NEWCASTLE NEWMEDICA LTD,130,Ophthalmology Service,2022-06-01,2026-05-01,48,48,0,0.0,0,False,False,2026-05-01
RFF__X03,RFF,BARNSLEY HOSPITAL NHS FOUNDATION TRUST,X03,Other - Mental Health Services,2022-06-01,2023-01-01,8,2,6,75.0,6,True,True,2023-01-01
RJR__X04,RJR,COUNTESS OF CHESTER HOSPITAL NHS FOUNDATION TRUST,X04,Other - Paediatric Services,2022-06-01,2024-01-01,20,20,0,0.0,0,True,True,2024-01-01
AAH__430,AAH,TETBURY HOSPITAL TRUST LTD,430,Elderly Medicine Service,2022-07-01,2025-10-01,40,2,38,95.0,38,False,True,2025-10-01
D3O0Z__130,D3O0Z,PLYMOUTH NEWMEDICA LTD,130,Ophthalmology Service,2022-07-01,2026-05-01,47,47,0,0.0,0,False,False,2026-05-01
E3D4A__130,E3D4A,SPAMEDICA TRURO,130,Ophthalmology Service,2022-07-01,2026-05-01,47,47,0,0.0,0,False,False,2026-05-01
J7V1N__130,J7V1N,SPAMEDICA SOLIHULL,130,Ophthalmology Service,2022-07-01,2026-05-01,47,47,0,0.0,0,False,False,2026-05-01
NEY__X06,NEY,PIONEER HEALTHCARE LIMITED,X06,Other - Other Services,2022-07-01,2026-03-01,45,43,2,4.444444444444445,2,False,True,2026-03-01
NT312__150,NT312,SPIRE ALEXANDRA HOSPITAL,150,Neurosurgical Service,2022-07-01,2025-01-01,31,8,23,74.19354838709677,19,True,True,2025-01-01
NT327__400,NT327,SPIRE MANCHESTER HOSPITAL,400,Neurology Service,2022-07-01,2026-04-01,46,11,35,76.08695652173913,14,False,True,2026-04-01
NT351__140,NT351,SPIRE HULL AND EAST RIDING HOSPITAL,140,Oral Surgery Service,2022-07-01,2023-01-01,7,7,0,0.0,0,True,True,2023-01-01
NT433__140,NT433,SARUM ROAD HOSPITAL,140,Oral Surgery Service,2022-07-01,2023-02-01,8,8,0,0.0,0,True,True,2023-02-01
NTP13__130,NTP13,PRACTICE PLUS GROUP HOSPITAL - BARLBOROUGH,130,Ophthalmology Service,2022-07-01,2026-05-01,47,47,0,0.0,0,False,False,2026-05-01
NVC40__330,NVC40,WOODTHORPE HOSPITAL,330,Dermatology Service,2022-07-01,2023-02-01,8,8,0,0.0,0,True,True,2023-02-01
NWF01__X06,NWF01,BENENDEN HOSPITAL,X06,Other - Other Services,2022-07-01,2025-08-01,38,16,22,57.89473684210526,14,False,True,2025-08-01
O1P6X__130,O1P6X,SPAMEDICA OLDHAM,130,Ophthalmology Service,2022-07-01,2026-05-01,47,47,0,0.0,0,False,False,2026-05-01
O5Y9D__130,O5Y9D,SPAMEDICA OXFORD,130,Ophthalmology Service,2022-07-01,2026-05-01,47,47,0,0.0,0,False,False,2026-05-01
P0C3F__130,P0C3F,SPAMEDICA LEEDS,130,Ophthalmology Service,2022-07-01,2026-05-01,47,47,0,0.0,0,False,False,2026-05-01
RA2__150,RA2,ROYAL SURREY COUNTY HOSPITAL NHS FOUNDATION TRUST,150,Neurosurgical Service,2022-07-01,2023-10-01,16,14,2,12.5,2,True,True,2023-10-01
RJL__170,RJL,NORTHERN LINCOLNSHIRE AND GOOLE NHS FOUNDATION TRUST,170,Cardiothoracic Surgery Service,2022-07-01,2026-05-01,47,17,30,63.829787234042556,16,False,False,2026-05-01
T8V3L__130,T8V3L,SPAMEDICA DONCASTER,130,Ophthalmology Service,2022-07-01,2026-05-01,47,47,0,0.0,0,False,False,2026-05-01
NLE01__170,NLE01,LANCASTER HOUSE CONSULTING DIAGNOSTICS SURGICAL LTD HQ,170,Cardiothoracic Surgery Service,2022-08-01,2022-08-01,1,1,0,0.0,0,True,True,2022-08-01
NQTF7__X02,NQTF7,VCL WILTSHIRE CHILDRENS SERVICES,X02,Other - Medical Services,2022-08-01,2022-11-01,4,4,0,0.0,0,True,True,2022-11-01
NT302__410,NT302,SPIRE BRISTOL HOSPITAL,410,Rheumatology Service,2022-08-01,2022-08-01,1,1,0,0.0,0,True,True,2022-08-01
NT348__400,NT348,SPIRE ELLAND HOSPITAL,400,Neurology Service,2022-08-01,2026-04-01,45,20,25,55.55555555555556,5,False,True,2026-04-01
NT423__130,NT423,MANOR HOSPITAL,130,Ophthalmology Service,2022-08-01,2023-06-01,11,11,0,0.0,0,True,True,2023-06-01
NVC18__140,NVC18,SPRINGFIELD HOSPITAL,140,Oral Surgery Service,2022-08-01,2022-08-01,1,1,0,0.0,0,True,True,2022-08-01
NVC27__410,NVC27,BOSTON WEST HOSPITAL,410,Rheumatology Service,2022-08-01,2025-08-01,37,11,26,70.27027027027027,26,False,True,2025-08-01
RP4__340,RP4,GREAT ORMOND STREET HOSPITAL FOR CHILDREN NHS FOUNDATION TRUST,340,Respiratory Medicine Service,2022-08-01,2023-01-01,6,6,0,0.0,0,True,True,2023-01-01
RTK__150,RTK,ASHFORD AND ST PETER'S HOSPITALS NHS FOUNDATION TRUST,150,Neurosurgical Service,2022-08-01,2025-01-01,30,13,17,56.666666666666664,11,True,True,2025-01-01
G3Q3Z__110,G3Q3Z,NUFFIELD HEALTH HIGHGATE HOSPITAL,110,Trauma and Orthopaedic Service,2022-09-01,2026-05-01,45,45,0,0.0,0,False,False,2026-05-01
G3Q3Z__120,G3Q3Z,NUFFIELD HEALTH HIGHGATE HOSPITAL,120,Ear Nose and Throat Service,2022-09-01,2026-05-01,45,45,0,0.0,0,False,False,2026-05-01
G3Q3Z__X05,G3Q3Z,NUFFIELD HEALTH HIGHGATE HOSPITAL,X05,Other - Surgical Services,2022-09-01,2026-05-01,45,45,0,0.0,0,False,False,2026-05-01
H4I8B__100,H4I8B,NUFFIELD HEALTH THE HOLLY HOSPITAL,100,General Surgery Service,2022-09-01,2026-05-01,45,45,0,0.0,0,False,False,2026-05-01
H4I8B__110,H4I8B,NUFFIELD HEALTH THE HOLLY HOSPITAL,110,Trauma and Orthopaedic Service,2022-09-01,2026-05-01,45,45,0,0.0,0,False,False,2026-05-01
H4I8B__120,H4I8B,NUFFIELD HEALTH THE HOLLY HOSPITAL,120,Ear Nose and Throat Service,2022-09-01,2026-05-01,45,45,0,0.0,0,False,False,2026-05-01
H4I8B__130,H4I8B,NUFFIELD HEALTH THE HOLLY HOSPITAL,130,Ophthalmology Service,2022-09-01,2026-05-01,45,45,0,0.0,0,False,False,2026-05-01
H4I8B__150,H4I8B,NUFFIELD HEALTH THE HOLLY HOSPITAL,150,Neurosurgical Service,2022-09-01,2025-01-01,29,22,7,24.137931034482758,6,True,True,2025-01-01
H4I8B__320,H4I8B,NUFFIELD HEALTH THE HOLLY HOSPITAL,320,Cardiology Service,2022-09-01,2026-05-01,45,45,0,0.0,0,False,False,2026-05-01
H4I8B__410,H4I8B,NUFFIELD HEALTH THE HOLLY HOSPITAL,410,Rheumatology Service,2022-09-01,2026-05-01,45,45,0,0.0,0,False,False,2026-05-01
H4I8B__502,H4I8B,NUFFIELD HEALTH THE HOLLY HOSPITAL,502,Gynaecology Service,2022-09-01,2026-05-01,45,22,23,51.111111111111114,23,False,False,2026-05-01
H4I8B__X02,H4I8B,NUFFIELD HEALTH THE HOLLY HOSPITAL,X02,Other - Medical Services,2022-09-01,2026-05-01,45,45,0,0.0,0,False,False,2026-05-01
H4I8B__X05,H4I8B,NUFFIELD HEALTH THE HOLLY HOSPITAL,X05,Other - Surgical Services,2022-09-01,2026-05-01,45,45,0,0.0,0,False,False,2026-05-01
H4I8B__X06,H4I8B,NUFFIELD HEALTH THE HOLLY HOSPITAL,X06,Other - Other Services,2022-09-01,2026-05-01,45,45,0,0.0,0,False,False,2026-05-01
NT219__X02,NT219,"NUFFIELD HEALTH, HEREFORD HOSPITAL",X02,Other - Medical Services,2022-09-01,2024-06-01,22,4,18,81.81818181818181,9,True,True,2024-06-01
NT224__X02,NT224,"NUFFIELD HEALTH, WARWICKSHIRE HOSPITAL",X02,Other - Medical Services,2022-09-01,2022-09-01,1,1,0,0.0,0,True,True,2022-09-01
NT314__140,NT314,SPIRE LONDON EAST,140,Oral Surgery Service,2022-09-01,2022-09-01,1,1,0,0.0,0,True,True,2022-09-01
NT429__150,NT429,PRIORY HOSPITAL,150,Neurosurgical Service,2022-09-01,2026-02-01,42,6,36,85.71428571428571,20,False,True,2026-02-01
R0F4N__100,R0F4N,NUFFIELD HEALTH PARKSIDE HOSPITAL,100,General Surgery Service,2022-09-01,2026-05-01,45,45,0,0.0,0,False,False,2026-05-01
R0F4N__101,R0F4N,NUFFIELD HEALTH PARKSIDE HOSPITAL,101,Urology Service,2022-09-01,2026-05-01,45,45,0,0.0,0,False,False,2026-05-01
R0F4N__110,R0F4N,NUFFIELD HEALTH PARKSIDE HOSPITAL,110,Trauma and Orthopaedic Service,2022-09-01,2026-05-01,45,45,0,0.0,0,False,False,2026-05-01
R0F4N__120,R0F4N,NUFFIELD HEALTH PARKSIDE HOSPITAL,120,Ear Nose and Throat Service,2022-09-01,2026-05-01,45,45,0,0.0,0,False,False,2026-05-01
R0F4N__160,R0F4N,NUFFIELD HEALTH PARKSIDE HOSPITAL,160,Plastic Surgery Service,2022-09-01,2026-05-01,45,45,0,0.0,0,False,False,2026-05-01
R0F4N__X05,R0F4N,NUFFIELD HEALTH PARKSIDE HOSPITAL,X05,Other - Surgical Services,2022-09-01,2026-05-01,45,45,0,0.0,0,False,False,2026-05-01
R0F4N__X06,R0F4N,NUFFIELD HEALTH PARKSIDE HOSPITAL,X06,Other - Other Services,2022-09-01,2026-05-01,45,43,2,4.444444444444445,2,False,False,2026-05-01
RWD__150,RWD,UNITED LINCOLNSHIRE HOSPITALS NHS TRUST,150,Neurosurgical Service,2022-09-01,2025-11-01,39,21,18,46.15384615384615,16,False,True,2025-11-01
AJ8__320,AJ8,THE GRANGE MEDICAL CENTRE HQ,320,Cardiology Service,2022-10-01,2022-10-01,1,1,0,0.0,0,True,True,2022-10-01
AQK__X02,AQK,VERNOVA HEALTHCARE COMMUNITY INTEREST COMPANY,X02,Other - Medical Services,2022-10-01,2026-05-01,44,44,0,0.0,0,False,False,2026-05-01
D5P5H__130,D5P5H,SPAMEDICA BEXHILL,130,Ophthalmology Service,2022-10-01,2026-05-01,44,43,1,2.272727272727273,1,False,False,2026-05-01
G3Q3Z__100,G3Q3Z,NUFFIELD HEALTH HIGHGATE HOSPITAL,100,General Surgery Service,2022-10-01,2026-05-01,44,44,0,0.0,0,False,False,2026-05-01
G3Q3Z__160,G3Q3Z,NUFFIELD HEALTH HIGHGATE HOSPITAL,160,Plastic Surgery Service,2022-10-01,2026-05-01,44,42,2,4.545454545454546,2,False,False,2026-05-01
G3Q3Z__301,G3Q3Z,NUFFIELD HEALTH HIGHGATE HOSPITAL,301,Gastroenterology Service,2022-10-01,2026-05-01,44,44,0,0.0,0,False,False,2026-05-01
NDL01__X06,NDL01,SUFFOLK GP FEDERATION,X06,Other - Other Services,2022-10-01,2026-03-01,42,42,0,0.0,0,False,True,2026-03-01
NEY__300,NEY,PIONEER HEALTHCARE LIMITED,300,General Internal Medicine Service,2022-10-01,2023-01-01,4,2,2,50.0,2,True,True,2023-01-01
NEY__X05,NEY,PIONEER HEALTHCARE LIMITED,X05,Other - Surgical Services,2022-10-01,2026-03-01,42,42,0,0.0,0,False,True,2026-03-01
NVC1H__330,NVC1H,STOURSIDE HOSPITAL,330,Dermatology Service,2022-10-01,2024-03-01,18,18,0,0.0,0,True,True,2024-03-01
NVC22__X02,NVC22,WINFIELD HOSPITAL,X02,Other - Medical Services,2022-10-01,2026-02-01,41,2,39,95.1219512195122,39,False,True,2026-02-01
NX1__140,NX1,OPEROSE HEALTH (GROUP) UK LIMITED,140,Oral Surgery Service,2022-10-01,2022-10-01,1,1,0,0.0,0,True,True,2022-10-01
RD8__160,RD8,MILTON KEYNES UNIVERSITY HOSPITAL NHS FOUNDATION TRUST,160,Plastic Surgery Service,2022-10-01,2022-10-01,1,1,0,0.0,0,True,True,2022-10-01
RWG__160,RWG,WEST HERTFORDSHIRE TEACHING HOSPITALS NHS TRUST,160,Plastic Surgery Service,2022-10-01,2025-09-01,36,13,23,63.888888888888886,15,False,True,2025-09-01
AAH__X02,AAH,TETBURY HOSPITAL TRUST LTD,X02,Other - Medical Services,2022-11-01,2024-02-01,16,2,14,87.5,14,True,True,2024-02-01
G3Q3Z__X06,G3Q3Z,NUFFIELD HEALTH HIGHGATE HOSPITAL,X06,Other - Other Services,2022-11-01,2026-05-01,43,11,32,74.4186046511628,31,False,False,2026-05-01
NN8__X04,NN8,SPENCER PRIVATE HOSPITALS LTD,X04,Other - Paediatric Services,2022-11-01,2026-03-01,41,17,24,58.53658536585366,21,False,True,2026-03-01
NT214__X06,NT214,"NUFFIELD HEALTH, WESSEX HOSPITAL",X06,Other - Other Services,2022-11-01,2026-05-01,43,32,11,25.58139534883721,6,False,False,2026-05-01
NT229__400,NT229,"NUFFIELD HEALTH, NEWCASTLE UPON TYNE HOSPITAL",400,Neurology Service,2022-11-01,2022-11-01,1,1,0,0.0,0,True,True,2022-11-01
NT3X3__160,NT3X3,SPIRE ST ANTHONY'S HOSPITAL,160,Plastic Surgery Service,2022-11-01,2022-11-01,1,1,0,0.0,0,True,True,2022-11-01
NT445__150,NT445,EDGBASTON HOSPITAL,150,Neurosurgical Service,2022-11-01,2022-11-01,1,1,0,0.0,0,True,True,2022-11-01
NWF01__X05,NWF01,BENENDEN HOSPITAL,X05,Other - Surgical Services,2022-11-01,2022-11-01,1,1,0,0.0,0,True,True,2022-11-01
R0F4N__300,R0F4N,NUFFIELD HEALTH PARKSIDE HOSPITAL,300,General Internal Medicine Service,2022-11-01,2023-01-01,3,3,0,0.0,0,True,True,2023-01-01
RAP__X03,RAP,NORTH MIDDLESEX UNIVERSITY HOSPITAL NHS TRUST,X03,Other - Mental Health Services,2022-11-01,2024-11-01,25,15,10,40.0,4,True,True,2024-11-01
RP4__170,RP4,GREAT ORMOND STREET HOSPITAL FOR CHILDREN NHS FOUNDATION TRUST,170,Cardiothoracic Surgery Service,2022-11-01,2023-03-01,5,5,0,0.0,0,True,True,2023-03-01
NT308__320,NT308,SPIRE GATWICK PARK HOSPITAL,320,Cardiology Service,2022-12-01,2022-12-01,1,1,0,0.0,0,True,True,2022-12-01
NEQ__160,NEQ,PHOENIX HEALTH SOLUTIONS LIMITED HQ,160,Plastic Surgery Service,2023-01-01,2023-10-01,10,2,8,80.0,8,True,True,2023-10-01
NL3__320,NL3,CARE PLUS GROUP,320,Cardiology Service,2023-01-01,2026-05-01,41,41,0,0.0,0,False,False,2026-05-01
NN4__X06,NN4,TYNESIDE SURGICAL SERVICES LTD,X06,Other - Other Services,2023-01-01,2026-03-01,39,28,11,28.205128205128204,11,False,True,2026-03-01
NT324__400,NT324,SPIRE CHESHIRE HOSPITAL,400,Neurology Service,2023-01-01,2024-08-01,20,3,17,85.0,14,True,True,2024-08-01
NT325__150,NT325,SPIRE MURRAYFIELD HOSPITAL,150,Neurosurgical Service,2023-01-01,2023-01-01,1,1,0,0.0,0,True,True,2023-01-01
NT337__160,NT337,SPIRE LIVERPOOL HOSPITAL,160,Plastic Surgery Service,2023-01-01,2026-05-01,41,24,17,41.46341463414634,13,False,False,2026-05-01
NV323__330,NV323,CIRCLE READING HOSPITAL,330,Dermatology Service,2023-01-01,2023-03-01,3,3,0,0.0,0,True,True,2023-03-01
NVC09__X03,NVC09,NEW HALL HOSPITAL,X03,Other - Mental Health Services,2023-01-01,2023-01-01,1,1,0,0.0,0,True,True,2023-01-01
NVC19__160,NVC19,RIVERS HOSPITAL,160,Plastic Surgery Service,2023-01-01,2023-03-01,3,2,1,33.333333333333336,1,True,True,2023-03-01
S1Z4X__130,S1Z4X,NEWMEDICA - BIRMINGHAM,130,Ophthalmology Service,2023-01-01,2026-05-01,41,41,0,0.0,0,False,False,2026-05-01
B3M1X__100,B3M1X,CLAREMONT PRIVATE HOSPITAL,100,General Surgery Service,2023-02-01,2026-05-01,40,40,0,0.0,0,False,False,2026-05-01
B3M1X__101,B3M1X,CLAREMONT PRIVATE HOSPITAL,101,Urology Service,2023-02-01,2026-05-01,40,40,0,0.0,0,False,False,2026-05-01
B3M1X__110,B3M1X,CLAREMONT PRIVATE HOSPITAL,110,Trauma and Orthopaedic Service,2023-02-01,2026-05-01,40,40,0,0.0,0,False,False,2026-05-01
B3M1X__120,B3M1X,CLAREMONT PRIVATE HOSPITAL,120,Ear Nose and Throat Service,2023-02-01,2026-05-01,40,40,0,0.0,0,False,False,2026-05-01
B3M1X__130,B3M1X,CLAREMONT PRIVATE HOSPITAL,130,Ophthalmology Service,2023-02-01,2026-05-01,40,40,0,0.0,0,False,False,2026-05-01
B3M1X__150,B3M1X,CLAREMONT PRIVATE HOSPITAL,150,Neurosurgical Service,2023-02-01,2026-05-01,40,40,0,0.0,0,False,False,2026-05-01
B3M1X__502,B3M1X,CLAREMONT PRIVATE HOSPITAL,502,Gynaecology Service,2023-02-01,2026-05-01,40,40,0,0.0,0,False,False,2026-05-01
NT313__301,NT313,SPIRE WELLESLEY HOSPITAL,301,Gastroenterology Service,2023-02-01,2025-11-01,34,12,22,64.70588235294117,22,True,True,2025-11-01
NT317__400,NT317,SPIRE CAMBRIDGE LEA HOSPITAL,400,Neurology Service,2023-02-01,2023-07-01,6,6,0,0.0,0,True,True,2023-07-01
NVC13__410,NVC13,OAKS HOSPITAL,410,Rheumatology Service,2023-02-01,2023-09-01,8,3,5,62.5,5,True,True,2023-09-01
NVC1H__410,NVC1H,STOURSIDE HOSPITAL,410,Rheumatology Service,2023-02-01,2024-01-01,12,12,0,0.0,0,True,True,2024-01-01
R1L__X04,R1L,ESSEX PARTNERSHIP UNIVERSITY NHS FOUNDATION TRUST,X04,Other - Paediatric Services,2023-02-01,2024-12-01,23,23,0,0.0,0,True,True,2024-12-01
RY9__X05,RY9,HOUNSLOW AND RICHMOND COMMUNITY HEALTHCARE NHS TRUST,X05,Other - Surgical Services,2023-02-01,2023-04-01,3,3,0,0.0,0,True,True,2023-04-01
B3M1X__330,B3M1X,CLAREMONT PRIVATE HOSPITAL,330,Dermatology Service,2023-03-01,2025-09-01,31,11,20,64.51612903225806,7,True,True,2025-09-01
B3M1X__400,B3M1X,CLAREMONT PRIVATE HOSPITAL,400,Neurology Service,2023-03-01,2025-06-01,28,15,13,46.42857142857143,5,True,True,2025-06-01
NT433__330,NT433,SARUM ROAD HOSPITAL,330,Dermatology Service,2023-03-01,2026-05-01,39,8,31,79.48717948717949,31,False,False,2026-05-01
NVM__X02,NVM,EPSOMEDICAL GROUP,X02,Other - Medical Services,2023-03-01,2025-11-01,33,11,22,66.66666666666667,10,True,True,2025-11-01
RJZ__X03,RJZ,KING'S COLLEGE HOSPITAL NHS FOUNDATION TRUST,X03,Other - Mental Health Services,2023-03-01,2026-05-01,39,33,6,15.384615384615385,6,False,False,2026-05-01
RPY__320,RPY,THE ROYAL MARSDEN NHS FOUNDATION TRUST,320,Cardiology Service,2023-03-01,2025-05-01,27,26,1,3.7037037037037037,1,True,True,2025-05-01
V4U1Y__130,V4U1Y,SPAMEDICA CHESTER,130,Ophthalmology Service,2023-03-01,2026-05-01,39,39,0,0.0,0,False,False,2026-05-01
DFY01__330,DFY01,COTSWOLDS SURGICAL PARTNERS,330,Dermatology Service,2023-04-01,2026-05-01,38,36,2,5.2631578947368425,1,False,False,2026-05-01
DFY02__330,DFY02,COTSWOLDS SURGICAL PARTNERS (MELKSHAM),330,Dermatology Service,2023-04-01,2023-08-01,5,5,0,0.0,0,True,True,2023-08-01
I2C7H__130,I2C7H,SPAMEDICA BRADFORD,130,Ophthalmology Service,2023-04-01,2026-05-01,38,38,0,0.0,0,False,False,2026-05-01
NT411__410,NT411,CLEMENTINE CHURCHILL HOSPITAL,410,Rheumatology Service,2023-04-01,2025-09-01,30,12,18,60.0,9,True,True,2025-09-01
NT427__410,NT427,PARK HOSPITAL,410,Rheumatology Service,2023-04-01,2023-06-01,3,3,0,0.0,0,True,True,2023-06-01
NVC07__340,NVC07,FULWOOD HALL HOSPITAL,340,Respiratory Medicine Service,2023-04-01,2023-04-01,1,1,0,0.0,0,True,True,2023-04-01
RNA__X03,RNA,THE DUDLEY GROUP NHS FOUNDATION TRUST,X03,Other - Mental Health Services,2023-04-01,2026-05-01,38,8,30,78.94736842105263,18,False,False,2026-05-01
B3M1X__X06,B3M1X,CLAREMONT PRIVATE HOSPITAL,X06,Other - Other Services,2023-05-01,2024-09-01,17,2,15,88.23529411764706,15,True,True,2024-09-01
G3Q3Z__X02,G3Q3Z,NUFFIELD HEALTH HIGHGATE HOSPITAL,X02,Other - Medical Services,2023-05-01,2026-03-01,35,25,10,28.571428571428573,6,True,True,2026-03-01
K8I4X__130,K8I4X,GLENDON WOOD HOSPITAL,130,Ophthalmology Service,2023-05-01,2026-05-01,37,37,0,0.0,0,False,False,2026-05-01
NT206__X05,NT206,"NUFFIELD HEALTH, BRISTOL HOSPITAL (CHESTERFIELD)",X05,Other - Surgical Services,2023-05-01,2023-05-01,1,1,0,0.0,0,True,True,2023-05-01
F9Z4V__100,F9Z4V,CIRCLE READING HOSPITAL,100,General Surgery Service,2023-06-01,2026-05-01,36,36,0,0.0,0,False,False,2026-05-01
F9Z4V__110,F9Z4V,CIRCLE READING HOSPITAL,110,Trauma and Orthopaedic Service,2023-06-01,2026-05-01,36,36,0,0.0,0,False,False,2026-05-01
F9Z4V__120,F9Z4V,CIRCLE READING HOSPITAL,120,Ear Nose and Throat Service,2023-06-01,2026-05-01,36,36,0,0.0,0,False,False,2026-05-01
F9Z4V__130,F9Z4V,CIRCLE READING HOSPITAL,130,Ophthalmology Service,2023-06-01,2026-05-01,36,36,0,0.0,0,False,False,2026-05-01
F9Z4V__301,F9Z4V,CIRCLE READING HOSPITAL,301,Gastroenterology Service,2023-06-01,2026-05-01,36,36,0,0.0,0,False,False,2026-05-01
F9Z4V__502,F9Z4V,CIRCLE READING HOSPITAL,502,Gynaecology Service,2023-06-01,2026-05-01,36,36,0,0.0,0,False,False,2026-05-01
F9Z4V__X06,F9Z4V,CIRCLE READING HOSPITAL,X06,Other - Other Services,2023-06-01,2026-05-01,36,36,0,0.0,0,False,False,2026-05-01
K8I4X__100,K8I4X,GLENDON WOOD HOSPITAL,100,General Surgery Service,2023-06-01,2026-05-01,36,36,0,0.0,0,False,False,2026-05-01
K8I4X__110,K8I4X,GLENDON WOOD HOSPITAL,110,Trauma and Orthopaedic Service,2023-06-01,2026-05-01,36,36,0,0.0,0,False,False,2026-05-01
K8I4X__300,K8I4X,GLENDON WOOD HOSPITAL,300,General Internal Medicine Service,2023-06-01,2024-12-01,19,9,10,52.63157894736842,8,True,True,2024-12-01
K8I4X__301,K8I4X,GLENDON WOOD HOSPITAL,301,Gastroenterology Service,2023-06-01,2026-05-01,36,36,0,0.0,0,False,False,2026-05-01
K8I4X__X02,K8I4X,GLENDON WOOD HOSPITAL,X02,Other - Medical Services,2023-06-01,2026-05-01,36,36,0,0.0,0,False,False,2026-05-01
NRP__110,NRP,BEACON MEDICAL SERVICES GROUP LIMITED,110,Trauma and Orthopaedic Service,2023-06-01,2023-06-01,1,1,0,0.0,0,True,True,2023-06-01
NT233__300,NT233,"NUFFIELD HEALTH, PLYMOUTH HOSPITAL",300,General Internal Medicine Service,2023-06-01,2023-06-01,1,1,0,0.0,0,True,True,2023-06-01
NT304__330,NT304,SPIRE SOUTHAMPTON HOSPITAL,330,Dermatology Service,2023-06-01,2023-06-01,1,1,0,0.0,0,True,True,2023-06-01
NT416__150,NT416,HENDON HOSPITAL,150,Neurosurgical Service,2023-06-01,2023-12-01,7,2,5,71.42857142857143,5,True,True,2023-12-01
NTP11__150,NTP11,PRACTICE PLUS GROUP HOSPITAL - SOUTHAMPTON,150,Neurosurgical Service,2023-06-01,2023-08-01,3,3,0,0.0,0,True,True,2023-08-01
NVC28__120,NVC28,CLIFTON PARK HOSPITAL,120,Ear Nose and Throat Service,2023-06-01,2025-12-01,31,5,26,83.87096774193549,25,True,True,2025-12-01
B1A5K__130,B1A5K,NEWMEDICA - NOTTINGHAM,130,Ophthalmology Service,2023-07-01,2026-05-01,35,35,0,0.0,0,True,False,2026-05-01
C3Y0A__130,C3Y0A,SPAMEDICA BLACKPOOL,130,Ophthalmology Service,2023-07-01,2026-05-01,35,35,0,0.0,0,True,False,2026-05-01
DFY01__160,DFY01,COTSWOLDS SURGICAL PARTNERS,160,Plastic Surgery Service,2023-07-01,2026-05-01,35,35,0,0.0,0,True,False,2026-05-01
DFY01__X06,DFY01,COTSWOLDS SURGICAL PARTNERS,X06,Other - Other Services,2023-07-01,2023-12-01,6,4,2,33.333333333333336,1,True,True,2023-12-01
K8I4X__120,K8I4X,GLENDON WOOD HOSPITAL,120,Ear Nose and Throat Service,2023-07-01,2026-05-01,35,30,5,14.285714285714286,3,True,False,2026-05-01
NT364__150,NT364,SPIRE MONTEFIORE HOSPITAL,150,Neurosurgical Service,2023-07-01,2025-03-01,21,21,0,0.0,0,True,True,2025-03-01
NTP11__320,NTP11,PRACTICE PLUS GROUP HOSPITAL - SOUTHAMPTON,320,Cardiology Service,2023-07-01,2023-07-01,1,1,0,0.0,0,True,True,2023-07-01
NVC08__410,NVC08,MOUNT STUART HOSPITAL,410,Rheumatology Service,2023-07-01,2023-12-01,6,6,0,0.0,0,True,True,2023-12-01
NVC12__320,NVC12,OAKLANDS HOSPITAL,320,Cardiology Service,2023-07-01,2026-05-01,35,35,0,0.0,0,True,False,2026-05-01
RJ7__X03,RJ7,ST GEORGE'S UNIVERSITY HOSPITALS NHS FOUNDATION TRUST,X03,Other - Mental Health Services,2023-07-01,2023-07-01,1,1,0,0.0,0,True,True,2023-07-01
V5F1D__130,V5F1D,SPAMEDICA TELFORD,130,Ophthalmology Service,2023-07-01,2026-05-01,35,35,0,0.0,0,True,False,2026-05-01
DFY01__X05,DFY01,COTSWOLDS SURGICAL PARTNERS,X05,Other - Surgical Services,2023-08-01,2024-01-01,6,3,3,50.0,2,True,True,2024-01-01
DLG__101,DLG,MAYFLOWER HEALTHCARE ALLIANCE,101,Urology Service,2023-08-01,2024-01-01,6,6,0,0.0,0,True,True,2024-01-01
DLG__330,DLG,MAYFLOWER HEALTHCARE ALLIANCE,330,Dermatology Service,2023-08-01,2024-01-01,6,6,0,0.0,0,True,True,2024-01-01
DLG__502,DLG,MAYFLOWER HEALTHCARE ALLIANCE,502,Gynaecology Service,2023-08-01,2024-01-01,6,6,0,0.0,0,True,True,2024-01-01
L4R3R__130,L4R3R,NEWMEDICA - HAMPSHIRE,130,Ophthalmology Service,2023-08-01,2026-05-01,34,34,0,0.0,0,True,False,2026-05-01
NLX__X04,NLX,SIRONA CARE & HEALTH,X04,Other - Paediatric Services,2023-08-01,2023-09-01,2,2,0,0.0,0,True,True,2023-09-01
NT224__320,NT224,"NUFFIELD HEALTH, WARWICKSHIRE HOSPITAL",320,Cardiology Service,2023-08-01,2023-09-01,2,2,0,0.0,0,True,True,2023-09-01
NT229__160,NT229,"NUFFIELD HEALTH, NEWCASTLE UPON TYNE HOSPITAL",160,Plastic Surgery Service,2023-08-01,2026-05-01,34,34,0,0.0,0,True,False,2026-05-01
NT233__X06,NT233,"NUFFIELD HEALTH, PLYMOUTH HOSPITAL",X06,Other - Other Services,2023-08-01,2026-05-01,34,34,0,0.0,0,True,False,2026-05-01
NT411__150,NT411,CLEMENTINE CHURCHILL HOSPITAL,150,Neurosurgical Service,2023-08-01,2025-02-01,19,10,9,47.36842105263158,6,True,True,2025-02-01
NVC01__320,NVC01,ASHTEAD HOSPITAL,320,Cardiology Service,2023-08-01,2023-09-01,2,2,0,0.0,0,True,True,2023-09-01
NVC04__170,NVC04,DUCHY HOSPITAL,170,Cardiothoracic Surgery Service,2023-08-01,2023-08-01,1,1,0,0.0,0,True,True,2023-08-01
R1K__X03,R1K,LONDON NORTH WEST UNIVERSITY HEALTHCARE NHS TRUST,X03,Other - Mental Health Services,2023-08-01,2026-05-01,34,34,0,0.0,0,True,False,2026-05-01
R1K__X05,R1K,LONDON NORTH WEST UNIVERSITY HEALTHCARE NHS TRUST,X05,Other - Surgical Services,2023-08-01,2026-05-01,34,34,0,0.0,0,True,False,2026-05-01
DFY01__320,DFY01,COTSWOLDS SURGICAL PARTNERS,320,Cardiology Service,2023-09-01,2023-09-01,1,1,0,0.0,0,True,True,2023-09-01
DXV__120,DXV,OMNES HEALTHCARE LTD,120,Ear Nose and Throat Service,2023-09-01,2026-05-01,33,33,0,0.0,0,True,False,2026-05-01
DXV__330,DXV,OMNES HEALTHCARE LTD,330,Dermatology Service,2023-09-01,2026-05-01,33,33,0,0.0,0,True,False,2026-05-01
G5X2Q__130,G5X2Q,SPAMEDICA NORTH TYNESIDE,130,Ophthalmology Service,2023-09-01,2026-05-01,33,33,0,0.0,0,True,False,2026-05-01
J3J8Z__130,J3J8Z,NEWMEDICA - OXFORDSHIRE,130,Ophthalmology Service,2023-09-01,2026-05-01,33,33,0,0.0,0,True,False,2026-05-01
K8I4X__101,K8I4X,GLENDON WOOD HOSPITAL,101,Urology Service,2023-09-01,2026-05-01,33,33,0,0.0,0,True,False,2026-05-01
K8I4X__X06,K8I4X,GLENDON WOOD HOSPITAL,X06,Other - Other Services,2023-09-01,2026-05-01,33,31,2,6.0606060606060606,1,True,False,2026-05-01
NVC14__410,NVC14,PARK HILL HOSPITAL,410,Rheumatology Service,2023-09-01,2024-09-01,13,11,2,15.384615384615385,2,True,True,2024-09-01
B3M1X__301,B3M1X,CLAREMONT PRIVATE HOSPITAL,301,Gastroenterology Service,2023-10-01,2026-05-01,32,10,22,68.75,22,True,False,2026-05-01
E1U4T__130,E1U4T,SPAMEDICA CARLISLE,130,Ophthalmology Service,2023-10-01,2026-05-01,32,32,0,0.0,0,True,False,2026-05-01
K8I4X__502,K8I4X,GLENDON WOOD HOSPITAL,502,Gynaecology Service,2023-10-01,2026-05-01,32,30,2,6.25,1,True,False,2026-05-01
NEQ__X05,NEQ,PHOENIX HEALTH SOLUTIONS LIMITED HQ,X05,Other - Surgical Services,2023-10-01,2023-10-01,1,1,0,0.0,0,True,True,2023-10-01
RJ1__150,RJ1,GUY'S AND ST THOMAS' NHS FOUNDATION TRUST,150,Neurosurgical Service,2023-10-01,2025-09-01,24,24,0,0.0,0,True,True,2025-09-01
A4M8P__X03,A4M8P,BUCKSHAW HOSPITAL,X03,Other - Mental Health Services,2023-11-01,2024-07-01,9,9,0,0.0,0,True,True,2024-07-01
AY1__100,AY1,MEDEFER,100,General Surgery Service,2023-11-01,2025-08-01,22,21,1,4.545454545454546,1,True,True,2025-08-01
AY1__301,AY1,MEDEFER,301,Gastroenterology Service,2023-11-01,2026-05-01,31,31,0,0.0,0,True,False,2026-05-01
DXV__320,DXV,OMNES HEALTHCARE LTD,320,Cardiology Service,2023-11-01,2026-01-01,27,5,22,81.48148148148148,17,True,True,2026-01-01
NT320__330,NT320,SPIRE PARKWAY HOSPITAL,330,Dermatology Service,2023-11-01,2023-11-01,1,1,0,0.0,0,True,True,2023-11-01
RAS__X03,RAS,THE HILLINGDON HOSPITALS NHS FOUNDATION TRUST,X03,Other - Mental Health Services,2023-11-01,2025-08-01,22,12,10,45.45454545454545,4,True,True,2025-08-01
A4Q9X__130,A4Q9X,NEWMEDICA LEICESTER,130,Ophthalmology Service,2023-12-01,2026-05-01,30,30,0,0.0,0,True,False,2026-05-01
AY1__X02,AY1,MEDEFER,X02,Other - Medical Services,2023-12-01,2026-05-01,30,30,0,0.0,0,True,False,2026-05-01
AY1__X05,AY1,MEDEFER,X05,Other - Surgical Services,2023-12-01,2025-07-01,20,20,0,0.0,0,True,True,2025-07-01
F9Z4V__400,F9Z4V,CIRCLE READING HOSPITAL,400,Neurology Service,2023-12-01,2025-12-01,25,7,18,72.0,10,True,True,2025-12-01
NT213__X06,NT213,"NUFFIELD HEALTH, DERBY HOSPITAL",X06,Other - Other Services,2023-12-01,2024-01-01,2,2,0,0.0,0,True,True,2024-01-01
NT308__101,NT308,SPIRE GATWICK PARK HOSPITAL,101,Urology Service,2023-12-01,2024-01-01,2,2,0,0.0,0,True,True,2024-01-01
NT347__340,NT347,SPIRE FYLDE COAST HOSPITAL,340,Respiratory Medicine Service,2023-12-01,2023-12-01,1,1,0,0.0,0,True,True,2023-12-01
RP1__X05,RP1,NORTHAMPTONSHIRE HEALTHCARE NHS FOUNDATION TRUST,X05,Other - Surgical Services,2023-12-01,2024-01-01,2,2,0,0.0,0,True,True,2024-01-01
RWD__140,RWD,UNITED LINCOLNSHIRE HOSPITALS NHS TRUST,140,Oral Surgery Service,2023-12-01,2026-05-01,30,30,0,0.0,0,True,False,2026-05-01
G3Q3Z__130,G3Q3Z,NUFFIELD HEALTH HIGHGATE HOSPITAL,130,Ophthalmology Service,2024-01-01,2024-01-01,1,1,0,0.0,0,True,True,2024-01-01
NT204__X02,NT204,"NUFFIELD HEALTH, BRENTWOOD HOSPITAL",X02,Other - Medical Services,2024-01-01,2025-10-01,22,4,18,81.81818181818181,18,True,True,2025-10-01
NVC09__330,NVC09,NEW HALL HOSPITAL,330,Dermatology Service,2024-01-01,2024-01-01,1,1,0,0.0,0,True,True,2024-01-01
R0F4N__X02,R0F4N,NUFFIELD HEALTH PARKSIDE HOSPITAL,X02,Other - Medical Services,2024-01-01,2026-05-01,29,20,9,31.03448275862069,3,True,False,2026-05-01
RCB__170,RCB,YORK AND SCARBOROUGH TEACHING HOSPITALS NHS FOUNDATION TRUST,170,Cardiothoracic Surgery Service,2024-01-01,2024-07-01,7,7,0,0.0,0,True,True,2024-07-01
RJC__150,RJC,SOUTH WARWICKSHIRE UNIVERSITY NHS FOUNDATION TRUST,150,Neurosurgical Service,2024-01-01,2024-04-01,4,4,0,0.0,0,True,True,2024-04-01
RL1__101,RL1,THE ROBERT JONES AND AGNES HUNT ORTHOPAEDIC HOSPITAL NHS FOUNDATION TRUST,101,Urology Service,2024-01-01,2024-01-01,1,1,0,0.0,0,True,True,2024-01-01
J2H6H__130,J2H6H,SPAMEDICA COLCHESTER,130,Ophthalmology Service,2024-02-01,2026-05-01,28,28,0,0.0,0,True,False,2026-05-01
NNE__X03,NNE,DORKING HEALTHCARE LIMITED (DHC),X03,Other - Mental Health Services,2024-02-01,2026-05-01,28,27,1,3.5714285714285716,1,True,False,2026-05-01
NNE__X04,NNE,DORKING HEALTHCARE LIMITED (DHC),X04,Other - Paediatric Services,2024-02-01,2026-05-01,28,28,0,0.0,0,True,False,2026-05-01
NNE__X05,NNE,DORKING HEALTHCARE LIMITED (DHC),X05,Other - Surgical Services,2024-02-01,2026-05-01,28,28,0,0.0,0,True,False,2026-05-01
NNE__X06,NNE,DORKING HEALTHCARE LIMITED (DHC),X06,Other - Other Services,2024-02-01,2026-05-01,28,28,0,0.0,0,True,False,2026-05-01
NYR__101,NYR,HEALTHSHARE DIAGNOSTICS,101,Urology Service,2024-02-01,2026-05-01,28,28,0,0.0,0,True,False,2026-05-01
NYR__130,NYR,HEALTHSHARE DIAGNOSTICS,130,Ophthalmology Service,2024-02-01,2026-05-01,28,28,0,0.0,0,True,False,2026-05-01
NYR__160,NYR,HEALTHSHARE DIAGNOSTICS,160,Plastic Surgery Service,2024-02-01,2026-05-01,28,28,0,0.0,0,True,False,2026-05-01
NYR__410,NYR,HEALTHSHARE DIAGNOSTICS,410,Rheumatology Service,2024-02-01,2026-05-01,28,28,0,0.0,0,True,False,2026-05-01
NYR__502,NYR,HEALTHSHARE DIAGNOSTICS,502,Gynaecology Service,2024-02-01,2026-05-01,28,28,0,0.0,0,True,False,2026-05-01
RJL__150,RJL,NORTHERN LINCOLNSHIRE AND GOOLE NHS FOUNDATION TRUST,150,Neurosurgical Service,2024-02-01,2026-05-01,28,22,6,21.428571428571427,2,True,False,2026-05-01
Z5J5V__130,Z5J5V,SPAMEDICA HAYDOCK,130,Ophthalmology Service,2024-02-01,2026-05-01,28,28,0,0.0,0,True,False,2026-05-01
J3X4C__130,J3X4C,SPAMEDICA WORCESTER,130,Ophthalmology Service,2024-03-01,2026-05-01,27,27,0,0.0,0,True,False,2026-05-01
NDJ__101,NDJ,FIRST COMMUNITY HEALTH AND CARE CIC,101,Urology Service,2024-03-01,2026-02-01,24,2,22,91.66666666666667,22,True,True,2026-02-01
NEY__X03,NEY,PIONEER HEALTHCARE LIMITED,X03,Other - Mental Health Services,2024-03-01,2024-03-01,1,1,0,0.0,0,True,True,2024-03-01
NT423__120,NT423,MANOR HOSPITAL,120,Ear Nose and Throat Service,2024-03-01,2024-03-01,1,1,0,0.0,0,True,True,2024-03-01
NT423__150,NT423,MANOR HOSPITAL,150,Neurosurgical Service,2024-03-01,2024-03-01,1,1,0,0.0,0,True,True,2024-03-01
NT423__400,NT423,MANOR HOSPITAL,400,Neurology Service,2024-03-01,2024-03-01,1,1,0,0.0,0,True,True,2024-03-01
NYR__330,NYR,HEALTHSHARE DIAGNOSTICS,330,Dermatology Service,2024-03-01,2026-05-01,27,27,0,0.0,0,True,False,2026-05-01
V8N5R__130,V8N5R,SPAMEDICA DALSTON,130,Ophthalmology Service,2024-03-01,2026-05-01,27,27,0,0.0,0,True,False,2026-05-01
A4M8P__170,A4M8P,BUCKSHAW HOSPITAL,170,Cardiothoracic Surgery Service,2024-04-01,2024-07-01,4,4,0,0.0,0,True,True,2024-07-01
AY1__330,AY1,MEDEFER,330,Dermatology Service,2024-04-01,2025-08-01,17,17,0,0.0,0,True,True,2025-08-01
AY1__410,AY1,MEDEFER,410,Rheumatology Service,2024-04-01,2026-05-01,26,26,0,0.0,0,True,False,2026-05-01
G3Z1Q__320,G3Z1Q,SULIS HOSPITAL BATH (FOXCOTE AVENUE),320,Cardiology Service,2024-04-01,2025-06-01,15,3,12,80.0,11,True,True,2025-06-01
NT215__301,NT215,"NUFFIELD HEALTH, EXETER HOSPITAL",301,Gastroenterology Service,2024-04-01,2024-04-01,1,1,0,0.0,0,True,True,2024-04-01
NT325__400,NT325,SPIRE MURRAYFIELD HOSPITAL,400,Neurology Service,2024-04-01,2026-04-01,25,5,20,80.0,8,True,True,2026-04-01
NT337__330,NT337,SPIRE LIVERPOOL HOSPITAL,330,Dermatology Service,2024-04-01,2024-05-01,2,2,0,0.0,0,True,True,2024-05-01
NT490__120,NT490,SOUTHEND PRIVATE HOSPITAL,120,Ear Nose and Throat Service,2024-04-01,2024-09-01,6,6,0,0.0,0,True,True,2024-09-01
NT490__X06,NT490,SOUTHEND PRIVATE HOSPITAL,X06,Other - Other Services,2024-04-01,2026-05-01,26,26,0,0.0,0,True,False,2026-05-01
NVC13__400,NVC13,OAKS HOSPITAL,400,Neurology Service,2024-04-01,2026-03-01,24,8,16,66.66666666666667,14,True,True,2026-03-01
NVC28__400,NVC28,CLIFTON PARK HOSPITAL,400,Neurology Service,2024-04-01,2025-12-01,21,7,14,66.66666666666667,14,True,True,2025-12-01
NVC28__X05,NVC28,CLIFTON PARK HOSPITAL,X05,Other - Surgical Services,2024-04-01,2026-04-01,25,12,13,52.0,12,True,True,2026-04-01
R3I5E__130,R3I5E,NEWMEDICA -TELFORD,130,Ophthalmology Service,2024-04-01,2025-06-01,15,15,0,0.0,0,True,True,2025-06-01
RJ8__X02,RJ8,CORNWALL PARTNERSHIP NHS FOUNDATION TRUST,X02,Other - Medical Services,2024-04-01,2026-05-01,26,26,0,0.0,0,True,False,2026-05-01
K8I4X__160,K8I4X,GLENDON WOOD HOSPITAL,160,Plastic Surgery Service,2024-05-01,2025-02-01,10,7,3,30.0,3,True,True,2025-02-01
NT239__400,NT239,"NUFFIELD HEALTH, TUNBRIDGE WELLS HOSPITAL",400,Neurology Service,2024-05-01,2025-07-01,15,15,0,0.0,0,True,True,2025-07-01
NT239__X05,NT239,"NUFFIELD HEALTH, TUNBRIDGE WELLS HOSPITAL",X05,Other - Surgical Services,2024-05-01,2024-10-01,6,6,0,0.0,0,True,True,2024-10-01
NT490__330,NT490,SOUTHEND PRIVATE HOSPITAL,330,Dermatology Service,2024-05-01,2025-12-01,20,20,0,0.0,0,True,True,2025-12-01
RJ8__110,RJ8,CORNWALL PARTNERSHIP NHS FOUNDATION TRUST,110,Trauma and Orthopaedic Service,2024-05-01,2026-05-01,25,25,0,0.0,0,True,False,2026-05-01
8KL73__301,8KL73,ENDOCARE DIAGNOSTICS,301,Gastroenterology Service,2024-06-01,2024-08-01,3,3,0,0.0,0,True,True,2024-08-01
NPR01__330,NPR01,ABOUT HEALTH HQ,330,Dermatology Service,2024-06-01,2026-05-01,24,24,0,0.0,0,True,False,2026-05-01
NQM01__100,NQM01,ORTHOPAEDICS & SPINE SPECIALIST HOSPITAL SITE,100,General Surgery Service,2024-06-01,2024-06-01,1,1,0,0.0,0,True,True,2024-06-01
T4I8V__130,T4I8V,SPAMEDICA CHESTERFIELD,130,Ophthalmology Service,2024-06-01,2026-05-01,24,24,0,0.0,0,True,False,2026-05-01
F0R0W__130,F0R0W,NEWMEDICA - DARLINGTON,130,Ophthalmology Service,2024-07-01,2026-05-01,23,23,0,0.0,0,True,False,2026-05-01
N8R1N__130,N8R1N,NEWMEDICA - BERKSHIRE,130,Ophthalmology Service,2024-07-01,2026-05-01,23,23,0,0.0,0,True,False,2026-05-01
NT216__100,NT216,"NUFFIELD HEALTH, GUILDFORD HOSPITAL",100,General Surgery Service,2024-07-01,2026-05-01,23,21,2,8.695652173913043,2,True,False,2026-05-01
NT216__101,NT216,"NUFFIELD HEALTH, GUILDFORD HOSPITAL",101,Urology Service,2024-07-01,2026-05-01,23,21,2,8.695652173913043,2,True,False,2026-05-01
NT216__110,NT216,"NUFFIELD HEALTH, GUILDFORD HOSPITAL",110,Trauma and Orthopaedic Service,2024-07-01,2026-05-01,23,21,2,8.695652173913043,2,True,False,2026-05-01
NT216__120,NT216,"NUFFIELD HEALTH, GUILDFORD HOSPITAL",120,Ear Nose and Throat Service,2024-07-01,2026-04-01,22,20,2,9.090909090909092,2,True,True,2026-04-01
NT216__140,NT216,"NUFFIELD HEALTH, GUILDFORD HOSPITAL",140,Oral Surgery Service,2024-07-01,2026-01-01,19,10,9,47.36842105263158,4,True,True,2026-01-01
NT216__400,NT216,"NUFFIELD HEALTH, GUILDFORD HOSPITAL",400,Neurology Service,2024-07-01,2024-07-01,1,1,0,0.0,0,True,True,2024-07-01
NT216__502,NT216,"NUFFIELD HEALTH, GUILDFORD HOSPITAL",502,Gynaecology Service,2024-07-01,2026-05-01,23,20,3,13.043478260869565,2,True,False,2026-05-01
NT216__X02,NT216,"NUFFIELD HEALTH, GUILDFORD HOSPITAL",X02,Other - Medical Services,2024-07-01,2026-05-01,23,21,2,8.695652173913043,2,True,False,2026-05-01
NT401__330,NT401,ALEXANDRA HOSPITAL,330,Dermatology Service,2024-07-01,2024-07-01,1,1,0,0.0,0,True,True,2024-07-01
RJC__X03,RJC,SOUTH WARWICKSHIRE UNIVERSITY NHS FOUNDATION TRUST,X03,Other - Mental Health Services,2024-07-01,2025-01-01,7,5,2,28.571428571428573,2,True,True,2025-01-01
RJL__160,RJL,NORTHERN LINCOLNSHIRE AND GOOLE NHS FOUNDATION TRUST,160,Plastic Surgery Service,2024-07-01,2026-05-01,23,19,4,17.391304347826086,2,True,False,2026-05-01
RP4__400,RP4,GREAT ORMOND STREET HOSPITAL FOR CHILDREN NHS FOUNDATION TRUST,400,Neurology Service,2024-07-01,2024-11-01,5,5,0,0.0,0,True,True,2024-11-01
A1U4J__130,A1U4J,SPAMEDICA PORTSMOUTH,130,Ophthalmology Service,2024-08-01,2026-05-01,22,22,0,0.0,0,True,False,2026-05-01
AAV__301,AAV,COMMUNITY HEALTH AND EYECARE LIMITED,301,Gastroenterology Service,2024-08-01,2026-05-01,22,22,0,0.0,0,True,False,2026-05-01
G6S7A__130,G6S7A,SPAMEDICA TAUNTON,130,Ophthalmology Service,2024-08-01,2026-05-01,22,22,0,0.0,0,True,False,2026-05-01
NEY__170,NEY,PIONEER HEALTHCARE LIMITED,170,Cardiothoracic Surgery Service,2024-08-01,2024-08-01,1,1,0,0.0,0,True,True,2024-08-01
NT214__X05,NT214,"NUFFIELD HEALTH, WESSEX HOSPITAL",X05,Other - Surgical Services,2024-08-01,2026-05-01,22,12,10,45.45454545454545,5,True,False,2026-05-01
NT305__320,NT305,SPIRE PORTSMOUTH HOSPITAL,320,Cardiology Service,2024-08-01,2024-08-01,1,1,0,0.0,0,True,True,2024-08-01
NT315__400,NT315,SPIRE BUSHEY HOSPITAL,400,Neurology Service,2024-08-01,2026-03-01,20,7,13,65.0,9,True,True,2026-03-01
R1K__170,R1K,LONDON NORTH WEST UNIVERSITY HEALTHCARE NHS TRUST,170,Cardiothoracic Surgery Service,2024-08-01,2024-09-01,2,2,0,0.0,0,True,True,2024-09-01
RWG__150,RWG,WEST HERTFORDSHIRE TEACHING HOSPITALS NHS TRUST,150,Neurosurgical Service,2024-08-01,2025-10-01,15,6,9,60.0,6,True,True,2025-10-01
DJH01__100,DJH01,THE ROYAL BUCKINGHAMSHIRE HOSPITAL LTD,100,General Surgery Service,2024-09-01,2026-05-01,21,15,6,28.571428571428573,3,True,False,2026-05-01
DJH01__X05,DJH01,THE ROYAL BUCKINGHAMSHIRE HOSPITAL LTD,X05,Other - Surgical Services,2024-09-01,2025-08-01,12,12,0,0.0,0,True,True,2025-08-01
K9J3O__130,K9J3O,SPAMEDICA LUTON,130,Ophthalmology Service,2024-09-01,2026-05-01,21,21,0,0.0,0,True,False,2026-05-01
M9U8M__301,M9U8M,ENDOCARE DIAGNOSTICS LTD,301,Gastroenterology Service,2024-09-01,2026-05-01,21,21,0,0.0,0,True,False,2026-05-01
NRL__320,NRL,HEART NETWORKS,320,Cardiology Service,2024-09-01,2026-05-01,21,17,4,19.047619047619047,4,True,False,2026-05-01
NT428__400,NT428,PRINCESS MARGARET HOSPITAL,400,Neurology Service,2024-09-01,2024-10-01,2,2,0,0.0,0,True,True,2024-10-01
NT457__150,NT457,WOODLANDS HOSPITAL,150,Neurosurgical Service,2024-09-01,2026-05-01,21,18,3,14.285714285714286,1,True,False,2026-05-01
NVL__330,NVL,DMC DERMATOLOGY,330,Dermatology Service,2024-09-01,2025-09-01,13,13,0,0.0,0,True,True,2025-09-01
RP4__120,RP4,GREAT ORMOND STREET HOSPITAL FOR CHILDREN NHS FOUNDATION TRUST,120,Ear Nose and Throat Service,2024-09-01,2024-09-01,1,1,0,0.0,0,True,True,2024-09-01
RPG__X05,RPG,OXLEAS NHS FOUNDATION TRUST,X05,Other - Surgical Services,2024-09-01,2024-09-01,1,1,0,0.0,0,True,True,2024-09-01
RQW__X03,RQW,THE PRINCESS ALEXANDRA HOSPITAL NHS TRUST,X03,Other - Mental Health Services,2024-09-01,2025-01-01,5,5,0,0.0,0,True,True,2025-01-01
RVV__X03,RVV,EAST KENT HOSPITALS UNIVERSITY NHS FOUNDATION TRUST,X03,Other - Mental Health Services,2024-09-01,2024-10-01,2,2,0,0.0,0,True,True,2024-10-01
S3H9L__100,S3H9L,THE HAMPTONS HOSPITAL LTD,100,General Surgery Service,2024-09-01,2026-05-01,21,21,0,0.0,0,True,False,2026-05-01
S3H9L__101,S3H9L,THE HAMPTONS HOSPITAL LTD,101,Urology Service,2024-09-01,2026-05-01,21,21,0,0.0,0,True,False,2026-05-01
S3H9L__110,S3H9L,THE HAMPTONS HOSPITAL LTD,110,Trauma and Orthopaedic Service,2024-09-01,2026-05-01,21,21,0,0.0,0,True,False,2026-05-01
S3H9L__120,S3H9L,THE HAMPTONS HOSPITAL LTD,120,Ear Nose and Throat Service,2024-09-01,2026-05-01,21,21,0,0.0,0,True,False,2026-05-01
S3H9L__130,S3H9L,THE HAMPTONS HOSPITAL LTD,130,Ophthalmology Service,2024-09-01,2025-03-01,7,7,0,0.0,0,True,True,2025-03-01
S3H9L__301,S3H9L,THE HAMPTONS HOSPITAL LTD,301,Gastroenterology Service,2024-09-01,2026-05-01,21,21,0,0.0,0,True,False,2026-05-01
S3H9L__330,S3H9L,THE HAMPTONS HOSPITAL LTD,330,Dermatology Service,2024-09-01,2025-08-01,12,12,0,0.0,0,True,True,2025-08-01
S3H9L__502,S3H9L,THE HAMPTONS HOSPITAL LTD,502,Gynaecology Service,2024-09-01,2026-05-01,21,21,0,0.0,0,True,False,2026-05-01
S3H9L__X02,S3H9L,THE HAMPTONS HOSPITAL LTD,X02,Other - Medical Services,2024-09-01,2025-09-01,13,13,0,0.0,0,True,True,2025-09-01
S3H9L__X05,S3H9L,THE HAMPTONS HOSPITAL LTD,X05,Other - Surgical Services,2024-09-01,2025-10-01,14,14,0,0.0,0,True,True,2025-10-01
S3H9L__X06,S3H9L,THE HAMPTONS HOSPITAL LTD,X06,Other - Other Services,2024-09-01,2025-06-01,10,10,0,0.0,0,True,True,2025-06-01
Z2L9B__130,Z2L9B,NEWMEDICA - MANCHESTER WEST,130,Ophthalmology Service,2024-09-01,2026-05-01,21,21,0,0.0,0,True,False,2026-05-01
A4M8P__140,A4M8P,BUCKSHAW HOSPITAL,140,Oral Surgery Service,2024-10-01,2025-05-01,8,8,0,0.0,0,True,True,2025-05-01
H1T2P__130,H1T2P,SPAMEDICA SWINDON,130,Ophthalmology Service,2024-10-01,2026-05-01,20,20,0,0.0,0,True,False,2026-05-01
I1H7K__130,I1H7K,SPAMEDICA SALE,130,Ophthalmology Service,2024-10-01,2026-05-01,20,20,0,0.0,0,True,False,2026-05-01
NT211__X02,NT211,"NUFFIELD HEALTH, CHELTENHAM HOSPITAL",X02,Other - Medical Services,2024-10-01,2026-05-01,20,20,0,0.0,0,True,False,2026-05-01
NT212__X03,NT212,"NUFFIELD HEALTH, CHICHESTER HOSPITAL",X03,Other - Mental Health Services,2024-10-01,2025-04-01,7,2,5,71.42857142857143,5,True,True,2025-04-01
NT215__130,NT215,"NUFFIELD HEALTH, EXETER HOSPITAL",130,Ophthalmology Service,2024-10-01,2024-10-01,1,1,0,0.0,0,True,True,2024-10-01
NT216__X06,NT216,"NUFFIELD HEALTH, GUILDFORD HOSPITAL",X06,Other - Other Services,2024-10-01,2026-04-01,19,17,2,10.526315789473685,2,True,True,2026-04-01
NT226__330,NT226,"NUFFIELD HEALTH, LEICESTER HOSPITAL",330,Dermatology Service,2024-10-01,2024-10-01,1,1,0,0.0,0,True,True,2024-10-01
NT318__X05,NT318,SPIRE NORWICH HOSPITAL,X05,Other - Surgical Services,2024-10-01,2025-10-01,13,8,5,38.46153846153846,5,True,True,2025-10-01
NT412__320,NT412,DROITWICH SPA HOSPITAL,320,Cardiology Service,2024-10-01,2026-05-01,20,18,2,10.0,2,True,False,2026-05-01
RPC__340,RPC,QUEEN VICTORIA HOSPITAL NHS FOUNDATION TRUST,340,Respiratory Medicine Service,2024-10-01,2026-05-01,20,20,0,0.0,0,True,False,2026-05-01
RVR__150,RVR,EPSOM AND ST HELIER UNIVERSITY HOSPITALS NHS TRUST,150,Neurosurgical Service,2024-10-01,2026-04-01,19,8,11,57.89473684210526,7,True,True,2026-04-01
RW1__330,RW1,HAMPSHIRE AND ISLE OF WIGHT HEALTHCARE NHS FOUNDATION TRUST,330,Dermatology Service,2024-10-01,2025-09-01,12,3,9,75.0,5,True,True,2025-09-01
ADF01__330,ADF01,NORTHWEST DIAGNOSTIC & TREATMENT SERVICES (MANOR HOUSE SURGERY),330,Dermatology Service,2024-11-01,2025-02-01,4,4,0,0.0,0,True,True,2025-02-01
C9A7J__130,C9A7J,NEWMEDICA - BRADFORD & HUDDERSFIELD,130,Ophthalmology Service,2024-11-01,2026-05-01,19,19,0,0.0,0,True,False,2026-05-01
DTT__X05,DTT,PHOENIX PUBLIC HEALTH LTD,X05,Other - Surgical Services,2024-11-01,2026-05-01,19,19,0,0.0,0,True,False,2026-05-01
G4H0I__130,G4H0I,NEWMEDICA SUFFOLK - BURY ST EDMUNDS - CLARITY HOUSE,130,Ophthalmology Service,2024-11-01,2026-05-01,19,19,0,0.0,0,True,False,2026-05-01
H2K1G__130,H2K1G,NEWMEDICA - BROMSGROVE,130,Ophthalmology Service,2024-11-01,2026-05-01,19,19,0,0.0,0,True,False,2026-05-01
NLG__120,NLG,COMMUNITAS CLINICS,120,Ear Nose and Throat Service,2024-11-01,2026-05-01,19,19,0,0.0,0,True,False,2026-05-01
NT205__130,NT205,"NUFFIELD HEALTH, BRIGHTON HOSPITAL",130,Ophthalmology Service,2024-11-01,2025-11-01,13,13,0,0.0,0,True,True,2025-11-01
NT216__301,NT216,"NUFFIELD HEALTH, GUILDFORD HOSPITAL",301,Gastroenterology Service,2024-11-01,2026-01-01,15,12,3,20.0,2,True,True,2026-01-01
NT230__170,NT230,"NUFFIELD HEALTH, NORTH STAFFORDSHIRE HOSPITAL",170,Cardiothoracic Surgery Service,2024-11-01,2024-11-01,1,1,0,0.0,0,True,True,2024-11-01
NT440__140,NT440,THORNBURY HOSPITAL,140,Oral Surgery Service,2024-11-01,2025-07-01,9,9,0,0.0,0,True,True,2025-07-01
RL1__X03,RL1,THE ROBERT JONES AND AGNES HUNT ORTHOPAEDIC HOSPITAL NHS FOUNDATION TRUST,X03,Other - Mental Health Services,2024-11-01,2024-12-01,2,2,0,0.0,0,True,True,2024-12-01
RW1__170,RW1,HAMPSHIRE AND ISLE OF WIGHT HEALTHCARE NHS FOUNDATION TRUST,170,Cardiothoracic Surgery Service,2024-11-01,2024-11-01,1,1,0,0.0,0,True,True,2024-11-01
S3H9L__320,S3H9L,THE HAMPTONS HOSPITAL LTD,320,Cardiology Service,2024-11-01,2026-05-01,19,19,0,0.0,0,True,False,2026-05-01
S3H9L__400,S3H9L,THE HAMPTONS HOSPITAL LTD,400,Neurology Service,2024-11-01,2024-11-01,1,1,0,0.0,0,True,True,2024-11-01
AY1__502,AY1,MEDEFER,502,Gynaecology Service,2024-12-01,2025-04-01,5,5,0,0.0,0,True,True,2025-04-01
C5Y9L__130,C5Y9L,NEWMEDICA - BERKSHIRE - BRACKNELL,130,Ophthalmology Service,2024-12-01,2026-05-01,18,18,0,0.0,0,True,False,2026-05-01
F1Y1H__130,F1Y1H,NEWMEDICA - CHESHIRE OAKS,130,Ophthalmology Service,2024-12-01,2026-05-01,18,18,0,0.0,0,True,False,2026-05-01
NNH__130,NNH,OPTEGRA UK,130,Ophthalmology Service,2024-12-01,2026-02-01,15,15,0,0.0,0,True,True,2026-02-01
NT333__330,NT333,SPIRE WASHINGTON HOSPITAL,330,Dermatology Service,2024-12-01,2024-12-01,1,1,0,0.0,0,True,True,2024-12-01
NT429__330,NT429,PRIORY HOSPITAL,330,Dermatology Service,2024-12-01,2024-12-01,1,1,0,0.0,0,True,True,2024-12-01
RJL__X03,RJL,NORTHERN LINCOLNSHIRE AND GOOLE NHS FOUNDATION TRUST,X03,Other - Mental Health Services,2024-12-01,2025-02-01,3,3,0,0.0,0,True,True,2025-02-01
AQK__X05,AQK,VERNOVA HEALTHCARE COMMUNITY INTEREST COMPANY,X05,Other - Surgical Services,2025-01-01,2026-05-01,17,17,0,0.0,0,True,False,2026-05-01
NT343__330,NT343,SPIRE THAMES VALLEY HOSPITAL,330,Dermatology Service,2025-01-01,2025-01-01,1,1,0,0.0,0,True,True,2025-01-01
NT431__120,NT431,RUNNYMEDE HOSPITAL,120,Ear Nose and Throat Service,2025-01-01,2025-01-01,1,1,0,0.0,0,True,True,2025-01-01
NVC31__X02,NVC31,BLAKELANDS HOSPITAL,X02,Other - Medical Services,2025-01-01,2026-05-01,17,17,0,0.0,0,True,False,2026-05-01
Q8X0X__130,Q8X0X,SPAMEDICA ISLE OF WIGHT,130,Ophthalmology Service,2025-01-01,2026-05-01,17,17,0,0.0,0,True,False,2026-05-01
S3H9L__340,S3H9L,THE HAMPTONS HOSPITAL LTD,340,Respiratory Medicine Service,2025-01-01,2026-05-01,17,17,0,0.0,0,True,False,2026-05-01
S5E5Y__330,S5E5Y,HCRG CARE DERMATOLOGY THE IRONSTONE CENTRE,330,Dermatology Service,2025-01-01,2026-03-01,15,11,4,26.666666666666668,4,True,True,2026-03-01
M2Y6D__100,M2Y6D,PRACTICE PLUS GROUP HOSPITAL BIRMINGHAM,100,General Surgery Service,2025-02-01,2026-05-01,16,16,0,0.0,0,True,False,2026-05-01
M2Y6D__110,M2Y6D,PRACTICE PLUS GROUP HOSPITAL BIRMINGHAM,110,Trauma and Orthopaedic Service,2025-02-01,2026-05-01,16,16,0,0.0,0,True,False,2026-05-01
M2Y6D__130,M2Y6D,PRACTICE PLUS GROUP HOSPITAL BIRMINGHAM,130,Ophthalmology Service,2025-02-01,2026-05-01,16,16,0,0.0,0,True,False,2026-05-01
NT211__101,NT211,"NUFFIELD HEALTH, CHELTENHAM HOSPITAL",101,Urology Service,2025-02-01,2025-10-01,9,9,0,0.0,0,True,True,2025-10-01
O6X7Z__130,O6X7Z,SPAMEDICA CAMBRIDGE,130,Ophthalmology Service,2025-02-01,2026-05-01,16,16,0,0.0,0,True,False,2026-05-01
RDU__150,RDU,FRIMLEY HEALTH NHS FOUNDATION TRUST,150,Neurosurgical Service,2025-02-01,2025-03-01,2,2,0,0.0,0,True,True,2025-03-01
RLT__X03,RLT,GEORGE ELIOT HOSPITAL NHS TRUST,X03,Other - Mental Health Services,2025-02-01,2025-04-01,3,3,0,0.0,0,True,True,2025-04-01
S4E3I__130,S4E3I,MIDLAND EYE (EYE-DOCS LTD),130,Ophthalmology Service,2025-02-01,2026-05-01,16,16,0,0.0,0,True,False,2026-05-01
F7F6D__130,F7F6D,NEWMEDICA - HERTFORSHIRE - WELWYN GARDEN CITY,130,Ophthalmology Service,2025-03-01,2026-05-01,15,15,0,0.0,0,True,False,2026-05-01
K8I4X__330,K8I4X,GLENDON WOOD HOSPITAL,330,Dermatology Service,2025-03-01,2025-03-01,1,1,0,0.0,0,True,True,2025-03-01
NLG__130,NLG,COMMUNITAS CLINICS,130,Ophthalmology Service,2025-03-01,2025-03-01,1,1,0,0.0,0,True,True,2025-03-01
NT225__301,NT225,"NUFFIELD HEALTH, LEEDS HOSPITAL",301,Gastroenterology Service,2025-03-01,2025-11-01,9,7,2,22.22222222222222,2,True,True,2025-11-01
NT318__301,NT318,SPIRE NORWICH HOSPITAL,301,Gastroenterology Service,2025-03-01,2025-03-01,1,1,0,0.0,0,True,True,2025-03-01
NT348__300,NT348,SPIRE ELLAND HOSPITAL,300,General Internal Medicine Service,2025-03-01,2025-07-01,5,5,0,0.0,0,True,True,2025-07-01
NVC40__410,NVC40,WOODTHORPE HOSPITAL,410,Rheumatology Service,2025-03-01,2025-03-01,1,1,0,0.0,0,True,True,2025-03-01
NVC44__X02,NVC44,THE WESTBOURNE CENTRE,X02,Other - Medical Services,2025-03-01,2025-03-01,1,1,0,0.0,0,True,True,2025-03-01
Z1E5F__130,Z1E5F,NEWMEDICA - HARROGATE,130,Ophthalmology Service,2025-03-01,2026-05-01,15,15,0,0.0,0,True,False,2026-05-01
A1D1B__130,A1D1B,SPAMEDICA WEMBLEY,130,Ophthalmology Service,2025-04-01,2026-05-01,14,14,0,0.0,0,True,False,2026-05-01
J0M7P__130,J0M7P,SPAMEDICA HEREFORD DIAGNOSTIC AND TREATMENT CENTRE,130,Ophthalmology Service,2025-04-01,2026-05-01,14,14,0,0.0,0,True,False,2026-05-01
NID__120,NID,THE LIVING CARE GROUP,120,Ear Nose and Throat Service,2025-04-01,2026-05-01,14,14,0,0.0,0,True,False,2026-05-01
NID__130,NID,THE LIVING CARE GROUP,130,Ophthalmology Service,2025-04-01,2026-05-01,14,14,0,0.0,0,True,False,2026-05-01
NID__301,NID,THE LIVING CARE GROUP,301,Gastroenterology Service,2025-04-01,2026-05-01,14,14,0,0.0,0,True,False,2026-05-01
NID__330,NID,THE LIVING CARE GROUP,330,Dermatology Service,2025-04-01,2026-01-01,10,8,2,20.0,2,True,True,2026-01-01
NQX__110,NQX,PROVIDE ENTERPRISES,110,Trauma and Orthopaedic Service,2025-04-01,2026-05-01,14,14,0,0.0,0,True,False,2026-05-01
NR5__X03,NR5,LIVEWELL SOUTHWEST,X03,Other - Mental Health Services,2025-04-01,2025-04-01,1,1,0,0.0,0,True,True,2025-04-01
NRF__120,NRF,UNIVERSITY OF SOUTHAMPTON AUDITORY IMPLANT SERVICE,120,Ear Nose and Throat Service,2025-04-01,2026-05-01,14,14,0,0.0,0,True,False,2026-05-01
NRL__130,NRL,HEART NETWORKS,130,Ophthalmology Service,2025-04-01,2025-04-01,1,1,0,0.0,0,True,True,2025-04-01
NT214__X02,NT214,"NUFFIELD HEALTH, WESSEX HOSPITAL",X02,Other - Medical Services,2025-04-01,2025-04-01,1,1,0,0.0,0,True,True,2025-04-01
NT244__101,NT244,NUFFIELD HOSPITAL OXFORD (THE MANOR),101,Urology Service,2025-04-01,2026-05-01,14,12,2,14.285714285714286,2,True,False,2026-05-01
NT405__320,NT405,BISHOPS WOOD HOSPITAL,320,Cardiology Service,2025-04-01,2025-04-01,1,1,0,0.0,0,True,True,2025-04-01
NT431__400,NT431,RUNNYMEDE HOSPITAL,400,Neurology Service,2025-04-01,2025-04-01,1,1,0,0.0,0,True,True,2025-04-01
Q2Y5H__X02,Q2Y5H,OVIVA UK LTD,X02,Other - Medical Services,2025-04-01,2026-05-01,14,14,0,0.0,0,True,False,2026-05-01
RD1__170,RD1,ROYAL UNITED HOSPITALS BATH NHS FOUNDATION TRUST,170,Cardiothoracic Surgery Service,2025-04-01,2025-04-01,1,1,0,0.0,0,True,True,2025-04-01
Y9S1N__100,Y9S1N,FAIRFIELD INDEPENDENT HOSPITAL,100,General Surgery Service,2025-04-01,2026-05-01,14,14,0,0.0,0,True,False,2026-05-01
Y9S1N__101,Y9S1N,FAIRFIELD INDEPENDENT HOSPITAL,101,Urology Service,2025-04-01,2026-05-01,14,14,0,0.0,0,True,False,2026-05-01
Y9S1N__110,Y9S1N,FAIRFIELD INDEPENDENT HOSPITAL,110,Trauma and Orthopaedic Service,2025-04-01,2026-05-01,14,14,0,0.0,0,True,False,2026-05-01
Y9S1N__120,Y9S1N,FAIRFIELD INDEPENDENT HOSPITAL,120,Ear Nose and Throat Service,2025-04-01,2026-05-01,14,14,0,0.0,0,True,False,2026-05-01
Y9S1N__130,Y9S1N,FAIRFIELD INDEPENDENT HOSPITAL,130,Ophthalmology Service,2025-04-01,2026-05-01,14,14,0,0.0,0,True,False,2026-05-01
Y9S1N__301,Y9S1N,FAIRFIELD INDEPENDENT HOSPITAL,301,Gastroenterology Service,2025-04-01,2026-05-01,14,14,0,0.0,0,True,False,2026-05-01
F9Z4V__320,F9Z4V,CIRCLE READING HOSPITAL,320,Cardiology Service,2025-05-01,2026-05-01,13,8,5,38.46153846153846,5,True,False,2026-05-01
K8I4X__410,K8I4X,GLENDON WOOD HOSPITAL,410,Rheumatology Service,2025-05-01,2026-03-01,11,2,9,81.81818181818181,9,True,True,2026-03-01
N1N0Y__130,N1N0Y,SPAMEDICA CROYDON,130,Ophthalmology Service,2025-05-01,2026-05-01,13,13,0,0.0,0,True,False,2026-05-01
NRL__170,NRL,HEART NETWORKS,170,Cardiothoracic Surgery Service,2025-05-01,2025-12-01,8,3,5,62.5,5,True,True,2025-12-01
NT211__320,NT211,"NUFFIELD HEALTH, CHELTENHAM HOSPITAL",320,Cardiology Service,2025-05-01,2026-02-01,10,10,0,0.0,0,True,True,2026-02-01
NT441__410,NT441,THREE SHIRES HOSPITAL,410,Rheumatology Service,2025-05-01,2025-06-01,2,2,0,0.0,0,True,True,2025-06-01
RQ3__100,RQ3,BIRMINGHAM WOMEN'S AND CHILDREN'S NHS FOUNDATION TRUST,100,General Surgery Service,2025-05-01,2025-06-01,2,2,0,0.0,0,True,True,2025-06-01
RQ3__160,RQ3,BIRMINGHAM WOMEN'S AND CHILDREN'S NHS FOUNDATION TRUST,160,Plastic Surgery Service,2025-05-01,2025-10-01,6,6,0,0.0,0,True,True,2025-10-01
RQ3__X02,RQ3,BIRMINGHAM WOMEN'S AND CHILDREN'S NHS FOUNDATION TRUST,X02,Other - Medical Services,2025-05-01,2026-05-01,13,13,0,0.0,0,True,False,2026-05-01
RQ3__X05,RQ3,BIRMINGHAM WOMEN'S AND CHILDREN'S NHS FOUNDATION TRUST,X05,Other - Surgical Services,2025-05-01,2026-05-01,13,13,0,0.0,0,True,False,2026-05-01
B3M1X__X02,B3M1X,CLAREMONT PRIVATE HOSPITAL,X02,Other - Medical Services,2025-06-01,2026-02-01,9,2,7,77.77777777777777,7,True,True,2026-02-01
DPK__130,DPK,THE STONEYGATE EYE HOSPITAL,130,Ophthalmology Service,2025-06-01,2026-05-01,12,12,0,0.0,0,True,False,2026-05-01
NT318__400,NT318,SPIRE NORWICH HOSPITAL,400,Neurology Service,2025-06-01,2025-06-01,1,1,0,0.0,0,True,True,2025-06-01
NT321__400,NT321,SPIRE LITTLE ASTON HOSPITAL,400,Neurology Service,2025-06-01,2025-07-01,2,2,0,0.0,0,True,True,2025-07-01
NT402__400,NT402,BATH CLINIC,400,Neurology Service,2025-06-01,2025-06-01,1,1,0,0.0,0,True,True,2025-06-01
NVC14__301,NVC14,PARK HILL HOSPITAL,301,Gastroenterology Service,2025-06-01,2025-08-01,3,3,0,0.0,0,True,True,2025-08-01
R1F__X04,R1F,ISLE OF WIGHT NHS TRUST,X04,Other - Paediatric Services,2025-06-01,2026-05-01,12,12,0,0.0,0,True,False,2026-05-01
RQ3__130,RQ3,BIRMINGHAM WOMEN'S AND CHILDREN'S NHS FOUNDATION TRUST,130,Ophthalmology Service,2025-06-01,2026-03-01,10,10,0,0.0,0,True,True,2026-03-01
RQ3__X03,RQ3,BIRMINGHAM WOMEN'S AND CHILDREN'S NHS FOUNDATION TRUST,X03,Other - Mental Health Services,2025-06-01,2026-05-01,12,12,0,0.0,0,True,False,2026-05-01
AWR__100,AWR,ONE STOP DOCTORS LIMITED,100,General Surgery Service,2025-07-01,2026-05-01,11,11,0,0.0,0,True,False,2026-05-01
AWR__301,AWR,ONE STOP DOCTORS LIMITED,301,Gastroenterology Service,2025-07-01,2026-05-01,11,11,0,0.0,0,True,False,2026-05-01
NT337__320,NT337,SPIRE LIVERPOOL HOSPITAL,320,Cardiology Service,2025-07-01,2025-07-01,1,1,0,0.0,0,True,True,2025-07-01
R5J3Z__130,R5J3Z,BORDER HEALTH ALLIANCE LIMITED,130,Ophthalmology Service,2025-07-01,2026-05-01,11,11,0,0.0,0,True,False,2026-05-01
RFS__160,RFS,CHESTERFIELD ROYAL HOSPITAL NHS FOUNDATION TRUST,160,Plastic Surgery Service,2025-07-01,2025-07-01,1,1,0,0.0,0,True,True,2025-07-01
RQ3__140,RQ3,BIRMINGHAM WOMEN'S AND CHILDREN'S NHS FOUNDATION TRUST,140,Oral Surgery Service,2025-07-01,2025-07-01,1,1,0,0.0,0,True,True,2025-07-01
RRE__320,RRE,MIDLANDS PARTNERSHIP UNIVERSITY NHS FOUNDATION TRUST,320,Cardiology Service,2025-07-01,2025-07-01,1,1,0,0.0,0,True,True,2025-07-01
RRE__330,RRE,MIDLANDS PARTNERSHIP UNIVERSITY NHS FOUNDATION TRUST,330,Dermatology Service,2025-07-01,2025-07-01,1,1,0,0.0,0,True,True,2025-07-01
V8A3H__130,V8A3H,SPAMEDICA SHEFFIELD COMMUNITY DIAGNOSTIC & TREATMENT CENTRE,130,Ophthalmology Service,2025-07-01,2026-05-01,11,8,3,27.272727272727273,2,True,False,2026-05-01
D0V5X__130,D0V5X,NEWMEDICA - SWINDON MURDOCK ROAD,130,Ophthalmology Service,2025-08-01,2026-05-01,10,10,0,0.0,0,True,False,2026-05-01
M6L9D__130,M6L9D,NEWMEDICA - NOTTINGHAM - KEYWORTH,130,Ophthalmology Service,2025-08-01,2026-05-01,10,10,0,0.0,0,True,False,2026-05-01
NT205__120,NT205,"NUFFIELD HEALTH, BRIGHTON HOSPITAL",120,Ear Nose and Throat Service,2025-08-01,2025-08-01,1,1,0,0.0,0,True,True,2025-08-01
NT322__140,NT322,SPIRE LEICESTER HOSPITAL,140,Oral Surgery Service,2025-08-01,2025-08-01,1,1,0,0.0,0,True,True,2025-08-01
NT327__150,NT327,SPIRE MANCHESTER HOSPITAL,150,Neurosurgical Service,2025-08-01,2025-08-01,1,1,0,0.0,0,True,True,2025-08-01
NT332__330,NT332,SPIRE LEEDS HOSPITAL,330,Dermatology Service,2025-08-01,2025-10-01,3,3,0,0.0,0,True,True,2025-10-01
NT403__410,NT403,BEARDWOOD HOSPITAL,410,Rheumatology Service,2025-08-01,2025-12-01,5,5,0,0.0,0,True,True,2025-12-01
U0K8N__130,U0K8N,CES MEDICAL,130,Ophthalmology Service,2025-08-01,2026-05-01,10,10,0,0.0,0,True,False,2026-05-01
AWR__101,AWR,ONE STOP DOCTORS LIMITED,101,Urology Service,2025-09-01,2026-05-01,9,9,0,0.0,0,True,False,2026-05-01
AWR__110,AWR,ONE STOP DOCTORS LIMITED,110,Trauma and Orthopaedic Service,2025-09-01,2026-05-01,9,9,0,0.0,0,True,False,2026-05-01
B3M1X__160,B3M1X,CLAREMONT PRIVATE HOSPITAL,160,Plastic Surgery Service,2025-09-01,2025-09-01,1,1,0,0.0,0,True,True,2025-09-01
H4Y7F__130,H4Y7F,SPAMEDICA DORCHESTER,130,Ophthalmology Service,2025-09-01,2026-05-01,9,9,0,0.0,0,True,False,2026-05-01
NEQ__X03,NEQ,PHOENIX HEALTH SOLUTIONS LIMITED HQ,X03,Other - Mental Health Services,2025-09-01,2025-09-01,1,1,0,0.0,0,True,True,2025-09-01
NP9__400,NP9,BESPOKE HEALTHCARE LTD,400,Neurology Service,2025-09-01,2026-05-01,9,9,0,0.0,0,True,False,2026-05-01
NT304__320,NT304,SPIRE SOUTHAMPTON HOSPITAL,320,Cardiology Service,2025-09-01,2025-11-01,3,3,0,0.0,0,True,True,2025-11-01
RBQ__X02,RBQ,LIVERPOOL HEART AND CHEST HOSPITAL NHS FOUNDATION TRUST,X02,Other - Medical Services,2025-09-01,2026-05-01,9,9,0,0.0,0,True,False,2026-05-01
RP4__160,RP4,GREAT ORMOND STREET HOSPITAL FOR CHILDREN NHS FOUNDATION TRUST,160,Plastic Surgery Service,2025-09-01,2026-02-01,6,6,0,0.0,0,True,True,2026-02-01
AVQ03__100,AVQ03,ONE HATFIELD HOSPITAL,100,General Surgery Service,2025-10-01,2026-05-01,8,8,0,0.0,0,True,False,2026-05-01
AVQ03__110,AVQ03,ONE HATFIELD HOSPITAL,110,Trauma and Orthopaedic Service,2025-10-01,2026-05-01,8,8,0,0.0,0,True,False,2026-05-01
AVQ03__320,AVQ03,ONE HATFIELD HOSPITAL,320,Cardiology Service,2025-10-01,2026-05-01,8,8,0,0.0,0,True,False,2026-05-01
AWR__502,AWR,ONE STOP DOCTORS LIMITED,502,Gynaecology Service,2025-10-01,2026-05-01,8,8,0,0.0,0,True,False,2026-05-01
NHW__110,NHW,STANDARD HEALTH LTD,110,Trauma and Orthopaedic Service,2025-10-01,2026-05-01,8,8,0,0.0,0,True,False,2026-05-01
NT339__400,NT339,SPIRE REGENCY HOSPITAL,400,Neurology Service,2025-10-01,2025-10-01,1,1,0,0.0,0,True,True,2025-10-01
NT410__320,NT410,CHILTERN HOSPITAL,320,Cardiology Service,2025-10-01,2026-04-01,7,7,0,0.0,0,True,True,2026-04-01
RQ3__120,RQ3,BIRMINGHAM WOMEN'S AND CHILDREN'S NHS FOUNDATION TRUST,120,Ear Nose and Throat Service,2025-10-01,2026-05-01,8,8,0,0.0,0,True,False,2026-05-01
RTF__X03,RTF,NORTHUMBRIA HEALTHCARE NHS FOUNDATION TRUST,X03,Other - Mental Health Services,2025-10-01,2026-05-01,8,8,0,0.0,0,True,False,2026-05-01
RTF__X04,RTF,NORTHUMBRIA HEALTHCARE NHS FOUNDATION TRUST,X04,Other - Paediatric Services,2025-10-01,2026-05-01,8,8,0,0.0,0,True,False,2026-05-01
V3J9W__X02,V3J9W,PASTEL HEALTH,X02,Other - Medical Services,2025-10-01,2026-05-01,8,8,0,0.0,0,True,False,2026-05-01
A4Y8X__130,A4Y8X,ACES NOTTINGHAM,130,Ophthalmology Service,2025-11-01,2026-05-01,7,7,0,0.0,0,True,False,2026-05-01
A9P5F__130,A9P5F,ACES WHITE CITY,130,Ophthalmology Service,2025-11-01,2026-05-01,7,7,0,0.0,0,True,False,2026-05-01
AVQ01__100,AVQ01,ONE ASHFORD HOSPITAL,100,General Surgery Service,2025-11-01,2026-05-01,7,7,0,0.0,0,True,False,2026-05-01
AVQ01__101,AVQ01,ONE ASHFORD HOSPITAL,101,Urology Service,2025-11-01,2026-05-01,7,7,0,0.0,0,True,False,2026-05-01
AVQ01__110,AVQ01,ONE ASHFORD HOSPITAL,110,Trauma and Orthopaedic Service,2025-11-01,2026-05-01,7,7,0,0.0,0,True,False,2026-05-01
AWR__X02,AWR,ONE STOP DOCTORS LIMITED,X02,Other - Medical Services,2025-11-01,2026-05-01,7,7,0,0.0,0,True,False,2026-05-01
D2L5T__130,D2L5T,ACES LIVERPOOL,130,Ophthalmology Service,2025-11-01,2026-05-01,7,7,0,0.0,0,True,False,2026-05-01
F7B2B__130,F7B2B,ANGLIA COMMUNITY EYE SERVICE - BURY ST EDMUNDS,130,Ophthalmology Service,2025-11-01,2026-05-01,7,7,0,0.0,0,True,False,2026-05-01
H3W7Q__130,H3W7Q,ACES CHELMSFORD,130,Ophthalmology Service,2025-11-01,2026-05-01,7,7,0,0.0,0,True,False,2026-05-01
H4I8B__330,H4I8B,NUFFIELD HEALTH THE HOLLY HOSPITAL,330,Dermatology Service,2025-11-01,2026-05-01,7,7,0,0.0,0,True,False,2026-05-01
H7X1I__130,H7X1I,ANGLIA COMMUNITY EYE SERVICE - CAMBRIDGE,130,Ophthalmology Service,2025-11-01,2026-05-01,7,7,0,0.0,0,True,False,2026-05-01
I7G8X__130,I7G8X,ACES NEWCASTLE,130,Ophthalmology Service,2025-11-01,2026-05-01,7,7,0,0.0,0,True,False,2026-05-01
K7J9E__130,K7J9E,ANGLIA COMMUNITY EYE SERVICE - NORWICH,130,Ophthalmology Service,2025-11-01,2026-05-01,7,7,0,0.0,0,True,False,2026-05-01
N1L8R__130,N1L8R,ACES MANCHESTER ST JOHNS STREET,130,Ophthalmology Service,2025-11-01,2026-05-01,7,7,0,0.0,0,True,False,2026-05-01
N1M9Z__130,N1M9Z,ACES EXETER,130,Ophthalmology Service,2025-11-01,2026-05-01,7,7,0,0.0,0,True,False,2026-05-01
NT216__320,NT216,"NUFFIELD HEALTH, GUILDFORD HOSPITAL",320,Cardiology Service,2025-11-01,2025-11-01,1,1,0,0.0,0,True,True,2025-11-01
NT436__410,NT436,SHIRLEY OAKS HOSPITAL,410,Rheumatology Service,2025-11-01,2026-05-01,7,7,0,0.0,0,True,False,2026-05-01
NVC40__X04,NVC40,WOODTHORPE HOSPITAL,X04,Other - Paediatric Services,2025-11-01,2025-11-01,1,1,0,0.0,0,True,True,2025-11-01
NX501__130,NX501,ANGLIA COMMUNITY EYE SERVICE LTD,130,Ophthalmology Service,2025-11-01,2026-05-01,7,7,0,0.0,0,True,False,2026-05-01
NX504__130,NX504,ANGLIA COMMUNITY EYE SERVICES FAKENHAM,130,Ophthalmology Service,2025-11-01,2026-05-01,7,7,0,0.0,0,True,False,2026-05-01
NX505__130,NX505,ANGLIA COMMUNITY EYE SERVICE - FAKENHAM MEDICAL PRACTICE,130,Ophthalmology Service,2025-11-01,2026-05-01,7,7,0,0.0,0,True,False,2026-05-01
NX507__130,NX507,ANGLIA COMMUNITY EYE SERVICE - THETFORD HEALTHY LIVING CENTRE,130,Ophthalmology Service,2025-11-01,2026-05-01,7,7,0,0.0,0,True,False,2026-05-01
O9Q4E__130,O9Q4E,ANGLIA COMMUNITY EYE SERVICE - PETERBOROUGH,130,Ophthalmology Service,2025-11-01,2026-05-01,7,7,0,0.0,0,True,False,2026-05-01
Q4W9A__130,Q4W9A,ACES SOUTHAMPTON,130,Ophthalmology Service,2025-11-01,2026-05-01,7,7,0,0.0,0,True,False,2026-05-01
S0L9O__130,S0L9O,ACES BIRMINGHAM,130,Ophthalmology Service,2025-11-01,2026-05-01,7,7,0,0.0,0,True,False,2026-05-01
T1T4S__130,T1T4S,ACES BRISTOL,130,Ophthalmology Service,2025-11-01,2026-05-01,7,7,0,0.0,0,True,False,2026-05-01
U1P4Z__130,U1P4Z,ACES MILTON KEYNES,130,Ophthalmology Service,2025-11-01,2026-05-01,7,7,0,0.0,0,True,False,2026-05-01
U6A5N__130,U6A5N,ACES CHISWICK,130,Ophthalmology Service,2025-11-01,2026-05-01,7,7,0,0.0,0,True,False,2026-05-01
W7J4C__130,W7J4C,ACES MANCHESTER,130,Ophthalmology Service,2025-11-01,2026-05-01,7,7,0,0.0,0,True,False,2026-05-01
X7Y2H__130,X7Y2H,ACES WILMSLOW,130,Ophthalmology Service,2025-11-01,2026-05-01,7,7,0,0.0,0,True,False,2026-05-01
Y7W8F__130,Y7W8F,ACES SOUTHAMPTON - EAST ST,130,Ophthalmology Service,2025-11-01,2026-05-01,7,7,0,0.0,0,True,False,2026-05-01
Z4F8Y__130,Z4F8Y,ACES DARTFORD,130,Ophthalmology Service,2025-11-01,2026-05-01,7,7,0,0.0,0,True,False,2026-05-01
F4B0R__130,F4B0R,SPAMEDICA GUILDFORD,130,Ophthalmology Service,2025-12-01,2026-05-01,6,6,0,0.0,0,True,False,2026-05-01
K3V9U__130,K3V9U,SPAMEDICA STEVENAGE COMMUNITY DIAGNOSTIC & TREATMENT CENTRE,130,Ophthalmology Service,2025-12-01,2026-05-01,6,6,0,0.0,0,True,False,2026-05-01
M2Y6D__101,M2Y6D,PRACTICE PLUS GROUP HOSPITAL BIRMINGHAM,101,Urology Service,2025-12-01,2026-05-01,6,6,0,0.0,0,True,False,2026-05-01
NT206__X02,NT206,"NUFFIELD HEALTH, BRISTOL HOSPITAL (CHESTERFIELD)",X02,Other - Medical Services,2025-12-01,2026-05-01,6,5,1,16.666666666666668,1,True,False,2026-05-01
NT210__X05,NT210,"NUFFIELD HEALTH, THE GROSVENOR HOSPITAL, CHESTER",X05,Other - Surgical Services,2025-12-01,2025-12-01,1,1,0,0.0,0,True,True,2025-12-01
R6X7C__130,R6X7C,SPAMEDICA MACCLESFIELD COMMUNITY DIAGNOSTIC & TREATMENT CENTRE,130,Ophthalmology Service,2025-12-01,2026-05-01,6,6,0,0.0,0,True,False,2026-05-01
RAN__X05,RAN,ROYAL NATIONAL ORTHOPAEDIC HOSPITAL NHS TRUST,X05,Other - Surgical Services,2025-12-01,2026-05-01,6,6,0,0.0,0,True,False,2026-05-01
RAS__170,RAS,THE HILLINGDON HOSPITALS NHS FOUNDATION TRUST,170,Cardiothoracic Surgery Service,2025-12-01,2025-12-01,1,1,0,0.0,0,True,True,2025-12-01
RQ3__300,RQ3,BIRMINGHAM WOMEN'S AND CHILDREN'S NHS FOUNDATION TRUST,300,General Internal Medicine Service,2025-12-01,2026-01-01,2,2,0,0.0,0,True,True,2026-01-01
RQ3__320,RQ3,BIRMINGHAM WOMEN'S AND CHILDREN'S NHS FOUNDATION TRUST,320,Cardiology Service,2025-12-01,2025-12-01,1,1,0,0.0,0,True,True,2025-12-01
RQ3__400,RQ3,BIRMINGHAM WOMEN'S AND CHILDREN'S NHS FOUNDATION TRUST,400,Neurology Service,2025-12-01,2025-12-01,1,1,0,0.0,0,True,True,2025-12-01
X7M7U__130,X7M7U,ACES LAKESIDE,130,Ophthalmology Service,2025-12-01,2026-05-01,6,6,0,0.0,0,True,False,2026-05-01
D1V5N__130,D1V5N,ACES BOLTON,130,Ophthalmology Service,2026-01-01,2026-05-01,5,3,2,40.0,2,True,False,2026-05-01
E6F9I__130,E6F9I,ACES BRADFORD,130,Ophthalmology Service,2026-01-01,2026-05-01,5,5,0,0.0,0,True,False,2026-05-01
F2C9F__130,F2C9F,ACES HARLEY STREET,130,Ophthalmology Service,2026-01-01,2026-04-01,4,4,0,0.0,0,True,True,2026-04-01
H4I8B__300,H4I8B,NUFFIELD HEALTH THE HOLLY HOSPITAL,300,General Internal Medicine Service,2026-01-01,2026-04-01,4,4,0,0.0,0,True,True,2026-04-01
N8Z8E__130,N8Z8E,ACES TORQUAY,130,Ophthalmology Service,2026-01-01,2026-05-01,5,5,0,0.0,0,True,False,2026-05-01
O1B1P__130,O1B1P,ACES PLYMOUTH,130,Ophthalmology Service,2026-01-01,2026-03-01,3,3,0,0.0,0,True,True,2026-03-01
P1G3N__130,P1G3N,ACES LEEDS WHITE ROSE,130,Ophthalmology Service,2026-01-01,2026-05-01,5,5,0,0.0,0,True,False,2026-05-01
RF4__X03,RF4,"BARKING, HAVERING AND REDBRIDGE UNIVERSITY HOSPITALS NHS TRUST",X03,Other - Mental Health Services,2026-01-01,2026-05-01,5,5,0,0.0,0,True,False,2026-05-01
RP4__301,RP4,GREAT ORMOND STREET HOSPITAL FOR CHILDREN NHS FOUNDATION TRUST,301,Gastroenterology Service,2026-01-01,2026-04-01,4,4,0,0.0,0,True,True,2026-04-01
S8O6A__130,S8O6A,ACES MANCHESTER TRAFFORD,130,Ophthalmology Service,2026-01-01,2026-05-01,5,5,0,0.0,0,True,False,2026-05-01
T1I9W__130,T1I9W,ACES LINCOLN,130,Ophthalmology Service,2026-01-01,2026-05-01,5,5,0,0.0,0,True,False,2026-05-01
X0R3Y__130,X0R3Y,ACES LEEDS KING STREET,130,Ophthalmology Service,2026-01-01,2026-05-01,5,5,0,0.0,0,True,False,2026-05-01
X1M4L__130,X1M4L,ACES MAIDSTONE,130,Ophthalmology Service,2026-01-01,2026-05-01,5,5,0,0.0,0,True,False,2026-05-01
NT237__120,NT237,"NUFFIELD HEALTH, TEES HOSPITAL",120,Ear Nose and Throat Service,2026-02-01,2026-05-01,4,4,0,0.0,0,True,False,2026-05-01
NT314__170,NT314,SPIRE LONDON EAST,170,Cardiothoracic Surgery Service,2026-02-01,2026-02-01,1,1,0,0.0,0,True,True,2026-02-01
NT337__170,NT337,SPIRE LIVERPOOL HOSPITAL,170,Cardiothoracic Surgery Service,2026-02-01,2026-02-01,1,1,0,0.0,0,True,True,2026-02-01
RWW__330,RWW,WARRINGTON AND HALTON TEACHING HOSPITALS NHS FOUNDATION TRUST,330,Dermatology Service,2026-02-01,2026-02-01,1,1,0,0.0,0,True,True,2026-02-01
A1S9E__130,A1S9E,OPTEGRA EYE HOSPITAL YORK,130,Ophthalmology Service,2026-03-01,2026-05-01,3,3,0,0.0,0,True,False,2026-05-01
A5E1F__130,A5E1F,OPTEGRA EYE HOSPITAL PRESTON,130,Ophthalmology Service,2026-03-01,2026-05-01,3,3,0,0.0,0,True,False,2026-05-01
A6U7U__130,A6U7U,OPTEGRA EYE HOSPITAL NOTTINGHAM,130,Ophthalmology Service,2026-03-01,2026-05-01,3,3,0,0.0,0,True,False,2026-05-01
A8L1O__130,A8L1O,OPTEGRA EYE HOSPITAL LEICESTER,130,Ophthalmology Service,2026-03-01,2026-05-01,3,3,0,0.0,0,True,False,2026-05-01
B6Z0N__130,B6Z0N,OPTEGRA EYE HOSPITAL UTTOXETER,130,Ophthalmology Service,2026-03-01,2026-05-01,3,3,0,0.0,0,True,False,2026-05-01
D0Y2J__130,D0Y2J,OPTEGRA AT HAVANT HEALTH CENTRE (HAVANT),130,Ophthalmology Service,2026-03-01,2026-05-01,3,3,0,0.0,0,True,False,2026-05-01
D9E5L__130,D9E5L,OPTEGRA EYE HOSPITAL BRIGHTON,130,Ophthalmology Service,2026-03-01,2026-05-01,3,3,0,0.0,0,True,False,2026-05-01
DFY01__170,DFY01,COTSWOLDS SURGICAL PARTNERS,170,Cardiothoracic Surgery Service,2026-03-01,2026-03-01,1,1,0,0.0,0,True,True,2026-03-01
DXN__120,DXN,MODALITY LLP,120,Ear Nose and Throat Service,2026-03-01,2026-05-01,3,3,0,0.0,0,True,False,2026-05-01
DXN__330,DXN,MODALITY LLP,330,Dermatology Service,2026-03-01,2026-05-01,3,3,0,0.0,0,True,False,2026-05-01
DXN__410,DXN,MODALITY LLP,410,Rheumatology Service,2026-03-01,2026-05-01,3,3,0,0.0,0,True,False,2026-05-01
E4K5T__130,E4K5T,OPTEGRA EYE HOSPITAL NEWCASTLE,130,Ophthalmology Service,2026-03-01,2026-05-01,3,3,0,0.0,0,True,False,2026-05-01
G3E7R__130,G3E7R,OPTEGRA EYE HOSPITAL MAIDSTONE,130,Ophthalmology Service,2026-03-01,2026-05-01,3,3,0,0.0,0,True,False,2026-05-01
I7Q4A__130,I7Q4A,OPTEGRA EYE HOSPITAL WEST LONDON,130,Ophthalmology Service,2026-03-01,2026-05-01,3,3,0,0.0,0,True,False,2026-05-01
M2O7D__130,M2O7D,OPTEGRA EYE HOSPITAL COLCHESTER,130,Ophthalmology Service,2026-03-01,2026-05-01,3,3,0,0.0,0,True,False,2026-05-01
NHW__120,NHW,STANDARD HEALTH LTD,120,Ear Nose and Throat Service,2026-03-01,2026-03-01,1,1,0,0.0,0,True,True,2026-03-01
NNH02__130,NNH02,OPTEGRA YORKSHIRE EYE HOSPITAL,130,Ophthalmology Service,2026-03-01,2026-05-01,3,3,0,0.0,0,True,False,2026-05-01
NNH03__130,NNH03,OPTEGRA (SURREY EYE HOSPITAL),130,Ophthalmology Service,2026-03-01,2026-05-01,3,3,0,0.0,0,True,False,2026-05-01
NNH04__130,NNH04,OPTEGRA (MANCHESTER EYE HOSPITAL),130,Ophthalmology Service,2026-03-01,2026-05-01,3,3,0,0.0,0,True,False,2026-05-01
NNH06__130,NNH06,OPTEGRA (SOLENT EYE HOSPITAL),130,Ophthalmology Service,2026-03-01,2026-05-01,3,3,0,0.0,0,True,False,2026-05-01
NNH07__130,NNH07,OPTEGRA LONDON EYE HOSPITAL,130,Ophthalmology Service,2026-03-01,2026-05-01,3,3,0,0.0,0,True,False,2026-05-01
NT347__140,NT347,SPIRE FYLDE COAST HOSPITAL,140,Oral Surgery Service,2026-03-01,2026-03-01,1,1,0,0.0,0,True,True,2026-03-01
Q6V1S__130,Q6V1S,OPTEGRA EYE HOSPITAL SHEFFIELD,130,Ophthalmology Service,2026-03-01,2026-05-01,3,3,0,0.0,0,True,False,2026-05-01
RQ3__101,RQ3,BIRMINGHAM WOMEN'S AND CHILDREN'S NHS FOUNDATION TRUST,101,Urology Service,2026-03-01,2026-05-01,3,3,0,0.0,0,True,False,2026-05-01
RQ3__110,RQ3,BIRMINGHAM WOMEN'S AND CHILDREN'S NHS FOUNDATION TRUST,110,Trauma and Orthopaedic Service,2026-03-01,2026-05-01,3,3,0,0.0,0,True,False,2026-05-01
DJH01__110,DJH01,THE ROYAL BUCKINGHAMSHIRE HOSPITAL LTD,110,Trauma and Orthopaedic Service,2026-04-01,2026-05-01,2,2,0,0.0,0,True,False,2026-05-01
DXN__100,DXN,MODALITY LLP,100,General Surgery Service,2026-04-01,2026-05-01,2,2,0,0.0,0,True,False,2026-05-01
DXN__101,DXN,MODALITY LLP,101,Urology Service,2026-04-01,2026-05-01,2,2,0,0.0,0,True,False,2026-05-01
DXN__110,DXN,MODALITY LLP,110,Trauma and Orthopaedic Service,2026-04-01,2026-05-01,2,2,0,0.0,0,True,False,2026-05-01
DXN__130,DXN,MODALITY LLP,130,Ophthalmology Service,2026-04-01,2026-05-01,2,2,0,0.0,0,True,False,2026-05-01
DXN__502,DXN,MODALITY LLP,502,Gynaecology Service,2026-04-01,2026-05-01,2,2,0,0.0,0,True,False,2026-05-01
DXN__X05,DXN,MODALITY LLP,X05,Other - Surgical Services,2026-04-01,2026-05-01,2,2,0,0.0,0,True,False,2026-05-01
G3Q3Z__300,G3Q3Z,NUFFIELD HEALTH HIGHGATE HOSPITAL,300,General Internal Medicine Service,2026-04-01,2026-05-01,2,2,0,0.0,0,True,False,2026-05-01
NPR01__320,NPR01,ABOUT HEALTH HQ,320,Cardiology Service,2026-04-01,2026-04-01,1,1,0,0.0,0,True,True,2026-04-01
NT206__101,NT206,"NUFFIELD HEALTH, BRISTOL HOSPITAL (CHESTERFIELD)",101,Urology Service,2026-04-01,2026-04-01,1,1,0,0.0,0,True,True,2026-04-01
R6B6E__130,R6B6E,ACES DARLINGTON,130,Ophthalmology Service,2026-04-01,2026-05-01,2,2,0,0.0,0,True,False,2026-05-01
RET__X06,RET,THE WALTON CENTRE NHS FOUNDATION TRUST,X06,Other - Other Services,2026-04-01,2026-05-01,2,2,0,0.0,0,True,False,2026-05-01
A9T5Y__120,A9T5Y,RSA (ATHENA SURGICAL CENTRE),120,Ear Nose and Throat Service,2026-05-01,2026-05-01,1,1,0,0.0,0,True,False,2026-05-01
NT312__400,NT312,SPIRE ALEXANDRA HOSPITAL,400,Neurology Service,2026-05-01,2026-05-01,1,1,0,0.0,0,True,False,2026-05-01
NT316__301,NT316,SPIRE HARPENDEN HOSPITAL,301,Gastroenterology Service,2026-05-01,2026-05-01,1,1,0,0.0,0,True,False,2026-05-01
NT317__301,NT317,SPIRE CAMBRIDGE LEA HOSPITAL,301,Gastroenterology Service,2026-05-01,2026-05-01,1,1,0,0.0,0,True,False,2026-05-01
P1N3Z__130,P1N3Z,DEEPING SURGICAL,130,Ophthalmology Service,2026-05-01,2026-05-01,1,1,0,0.0,0,True,False,2026-05-01
S5D8W__130,S5D8W,ACES MIDDLESBOROUGH,130,Ophthalmology Service,2026-05-01,2026-05-01,1,1,0,0.0,0,True,False,2026-05-01
